id,firstname,lastname,email,email2,profession
100,Rosene,Dorine,Rosene.Dorine@dummymail.com,Rosene.Dorine@dummymail.com,police officer
101,Bertine,Angelis,Bertine.Angelis@dummymail.com,Bertine.Angelis@dummymail.com,doctor
102,Emmey,Even,Emmey.Even@dummymail.com,Emmey.Even@dummymail.com,firefighter
103,Hollie,Sikorski,Hollie.Sikorski@dummymail.com,Hollie.Sikorski@dummymail.com,firefighter
104,Arabel,Edison,Arabel.Edison@dummymail.com,Arabel.Edison@dummymail.com,worker
105,Nataline,Virgin,Nataline.Virgin@dummymail.com,Nataline.Virgin@dummymail.com,doctor
106,Kimberley,August,Kimberley.August@dummymail.com,Kimberley.August@dummymail.com,doctor
107,Valli,Sperling,Valli.Sperling@dummymail.com,Valli.Sperling@dummymail.com,doctor
108,Dede,Toffic,Dede.Toffic@dummymail.com,Dede.Toffic@dummymail.com,doctor
109,Giustina,Rosalba,Giustina.Rosalba@dummymail.com,Giustina.Rosalba@dummymail.com,doctor
110,Elsie,Aloise,Elsie.Aloise@dummymail.com,Elsie.Aloise@dummymail.com,firefighter
111,Patricia,Tillford,Patricia.Tillford@dummymail.com,Patricia.Tillford@dummymail.com,worker
112,Misha,Konyn,Misha.Konyn@dummymail.com,Misha.Konyn@dummymail.com,worker
113,Dode,Jary,Dode.Jary@dummymail.com,Dode.Jary@dummymail.com,doctor
114,Ruthe,Hurley,Ruthe.Hurley@dummymail.com,Ruthe.Hurley@dummymail.com,police officer
115,Lauryn,Bergman,Lauryn.Bergman@dummymail.com,Lauryn.Bergman@dummymail.com,firefighter
116,Tamqrah,Darrell,Tamqrah.Darrell@dummymail.com,Tamqrah.Darrell@dummymail.com,developer
117,Nataline,Belanger,Nataline.Belanger@dummymail.com,Nataline.Belanger@dummymail.com,police officer
118,Ardys,Sandye,Ardys.Sandye@dummymail.com,Ardys.Sandye@dummymail.com,worker
119,Amara,Berne,Amara.Berne@dummymail.com,Amara.Berne@dummymail.com,worker
120,Robbi,Pond,Robbi.Pond@dummymail.com,Robbi.Pond@dummymail.com,worker
121,Letizia,Socha,Letizia.Socha@dummymail.com,Letizia.Socha@dummymail.com,worker
122,Judy,Oster,Judy.Oster@dummymail.com,Judy.Oster@dummymail.com,developer
123,Minne,Milde,Minne.Milde@dummymail.com,Minne.Milde@dummymail.com,police officer
124,Dorene,Thornburg,Dorene.Thornburg@dummymail.com,Dorene.Thornburg@dummymail.com,developer
125,Marinna,Henrie,Marinna.Henrie@dummymail.com,Marinna.Henrie@dummymail.com,police officer
126,Thalia,Milson,Thalia.Milson@dummymail.com,Thalia.Milson@dummymail.com,developer
127,Nollie,Lia,Nollie.Lia@dummymail.com,Nollie.Lia@dummymail.com,developer
128,Vanessa,Honoria,Vanessa.Honoria@dummymail.com,Vanessa.Honoria@dummymail.com,worker
129,Celene,Nicoline,Celene.Nicoline@dummymail.com,Celene.Nicoline@dummymail.com,worker
130,Alex,Weide,Alex.Weide@dummymail.com,Alex.Weide@dummymail.com,doctor
131,Marita,Hertzfeld,Marita.Hertzfeld@dummymail.com,Marita.Hertzfeld@dummymail.com,firefighter
132,Laure,Hoenack,Laure.Hoenack@dummymail.com,Laure.Hoenack@dummymail.com,firefighter
133,Nadine,Avi,Nadine.Avi@dummymail.com,Nadine.Avi@dummymail.com,police officer
134,Andree,Miru,Andree.Miru@dummymail.com,Andree.Miru@dummymail.com,doctor
135,Jessamyn,Capello,Jessamyn.Capello@dummymail.com,Jessamyn.Capello@dummymail.com,police officer
136,Jackie,Candy,Jackie.Candy@dummymail.com,Jackie.Candy@dummymail.com,worker
137,Nanete,Hedve,Nanete.Hedve@dummymail.com,Nanete.Hedve@dummymail.com,developer
138,Jorry,Salvidor,Jorry.Salvidor@dummymail.com,Jorry.Salvidor@dummymail.com,worker
139,Genovera,Schenck,Genovera.Schenck@dummymail.com,Genovera.Schenck@dummymail.com,developer
140,Viki,Hewitt,Viki.Hewitt@dummymail.com,Viki.Hewitt@dummymail.com,firefighter
141,Lanna,Simmonds,Lanna.Simmonds@dummymail.com,Lanna.Simmonds@dummymail.com,police officer
142,Antonietta,Shelba,Antonietta.Shelba@dummymail.com,Antonietta.Shelba@dummymail.com,developer
143,Susette,Lory,Susette.Lory@dummymail.com,Susette.Lory@dummymail.com,firefighter
144,Basia,Zitvaa,Basia.Zitvaa@dummymail.com,Basia.Zitvaa@dummymail.com,developer
145,Emma,Pulsifer,Emma.Pulsifer@dummymail.com,Emma.Pulsifer@dummymail.com,firefighter
146,Jerry,Toffic,Jerry.Toffic@dummymail.com,Jerry.Toffic@dummymail.com,firefighter
147,Genovera,Noam,Genovera.Noam@dummymail.com,Genovera.Noam@dummymail.com,doctor
148,Bernardine,Doig,Bernardine.Doig@dummymail.com,Bernardine.Doig@dummymail.com,developer
149,Brena,Richers,Brena.Richers@dummymail.com,Brena.Richers@dummymail.com,firefighter
150,Karina,Martsen,Karina.Martsen@dummymail.com,Karina.Martsen@dummymail.com,developer
151,Hermione,Raffo,Hermione.Raffo@dummymail.com,Hermione.Raffo@dummymail.com,police officer
152,Flory,Loeb,Flory.Loeb@dummymail.com,Flory.Loeb@dummymail.com,firefighter
153,Bernardine,Suzetta,Bernardine.Suzetta@dummymail.com,Bernardine.Suzetta@dummymail.com,doctor
154,Aimil,Blake,Aimil.Blake@dummymail.com,Aimil.Blake@dummymail.com,firefighter
155,Sidoney,McLaughlin,Sidoney.McLaughlin@dummymail.com,Sidoney.McLaughlin@dummymail.com,developer
156,Linzy,Blake,Linzy.Blake@dummymail.com,Linzy.Blake@dummymail.com,worker
157,Melanie,Oriana,Melanie.Oriana@dummymail.com,Melanie.Oriana@dummymail.com,doctor
158,Ninnetta,Penelopa,Ninnetta.Penelopa@dummymail.com,Ninnetta.Penelopa@dummymail.com,police officer
159,Averyl,Elephus,Averyl.Elephus@dummymail.com,Averyl.Elephus@dummymail.com,firefighter
160,Mignon,Nadia,Mignon.Nadia@dummymail.com,Mignon.Nadia@dummymail.com,police officer
161,Kassey,Hilbert,Kassey.Hilbert@dummymail.com,Kassey.Hilbert@dummymail.com,firefighter
162,Fanny,Lareena,Fanny.Lareena@dummymail.com,Fanny.Lareena@dummymail.com,worker
163,Raina,Tice,Raina.Tice@dummymail.com,Raina.Tice@dummymail.com,worker
164,Veda,Shanley,Veda.Shanley@dummymail.com,Veda.Shanley@dummymail.com,worker
165,Linet,Septima,Linet.Septima@dummymail.com,Linet.Septima@dummymail.com,police officer
166,Joy,Fontana,Joy.Fontana@dummymail.com,Joy.Fontana@dummymail.com,police officer
167,Halette,Hurley,Halette.Hurley@dummymail.com,Halette.Hurley@dummymail.com,police officer
168,Vivia,Kannry,Vivia.Kannry@dummymail.com,Vivia.Kannry@dummymail.com,firefighter
169,Ira,Joli,Ira.Joli@dummymail.com,Ira.Joli@dummymail.com,police officer
170,Jennica,Berl,Jennica.Berl@dummymail.com,Jennica.Berl@dummymail.com,police officer
171,Carly,Woodberry,Carly.Woodberry@dummymail.com,Carly.Woodberry@dummymail.com,firefighter
172,Ketti,Philoo,Ketti.Philoo@dummymail.com,Ketti.Philoo@dummymail.com,developer
173,Mallory,Lemuela,Mallory.Lemuela@dummymail.com,Mallory.Lemuela@dummymail.com,worker
174,Rosene,Hermes,Rosene.Hermes@dummymail.com,Rosene.Hermes@dummymail.com,firefighter
175,Zaria,Alrich,Zaria.Alrich@dummymail.com,Zaria.Alrich@dummymail.com,police officer
176,Teddie,Bivins,Teddie.Bivins@dummymail.com,Teddie.Bivins@dummymail.com,doctor
177,Fawne,Cleavland,Fawne.Cleavland@dummymail.com,Fawne.Cleavland@dummymail.com,worker
178,Melina,Joli,Melina.Joli@dummymail.com,Melina.Joli@dummymail.com,doctor
179,Kittie,Darbie,Kittie.Darbie@dummymail.com,Kittie.Darbie@dummymail.com,police officer
180,Feliza,Stelle,Feliza.Stelle@dummymail.com,Feliza.Stelle@dummymail.com,worker
181,Sabina,Alarise,Sabina.Alarise@dummymail.com,Sabina.Alarise@dummymail.com,worker
182,Larine,Lia,Larine.Lia@dummymail.com,Larine.Lia@dummymail.com,doctor
183,Raina,Frendel,Raina.Frendel@dummymail.com,Raina.Frendel@dummymail.com,doctor
184,Kathy,Edee,Kathy.Edee@dummymail.com,Kathy.Edee@dummymail.com,firefighter
185,Amara,Ivens,Amara.Ivens@dummymail.com,Amara.Ivens@dummymail.com,developer
186,Ariela,Granoff,Ariela.Granoff@dummymail.com,Ariela.Granoff@dummymail.com,worker
187,Rebeca,Larochelle,Rebeca.Larochelle@dummymail.com,Rebeca.Larochelle@dummymail.com,firefighter
188,Carree,Gamaliel,Carree.Gamaliel@dummymail.com,Carree.Gamaliel@dummymail.com,police officer
189,Doralynne,Rurik,Doralynne.Rurik@dummymail.com,Doralynne.Rurik@dummymail.com,police officer
190,Pamella,Israeli,Pamella.Israeli@dummymail.com,Pamella.Israeli@dummymail.com,police officer
191,Dania,Johnsson,Dania.Johnsson@dummymail.com,Dania.Johnsson@dummymail.com,doctor
192,Adore,Alwin,Adore.Alwin@dummymail.com,Adore.Alwin@dummymail.com,worker
193,Marguerite,Kristi,Marguerite.Kristi@dummymail.com,Marguerite.Kristi@dummymail.com,worker
194,Hildegaard,Krystle,Hildegaard.Krystle@dummymail.com,Hildegaard.Krystle@dummymail.com,firefighter
195,Berget,Othilia,Berget.Othilia@dummymail.com,Berget.Othilia@dummymail.com,worker
196,Raquela,Arne,Raquela.Arne@dummymail.com,Raquela.Arne@dummymail.com,firefighter
197,Orsola,Demitria,Orsola.Demitria@dummymail.com,Orsola.Demitria@dummymail.com,worker
198,Ninnetta,Gusella,Ninnetta.Gusella@dummymail.com,Ninnetta.Gusella@dummymail.com,worker
199,Dale,Ambrosia,Dale.Ambrosia@dummymail.com,Dale.Ambrosia@dummymail.com,worker
200,Lusa,Riordan,Lusa.Riordan@dummymail.com,Lusa.Riordan@dummymail.com,firefighter
201,Kamilah,Gibbeon,Kamilah.Gibbeon@dummymail.com,Kamilah.Gibbeon@dummymail.com,police officer
202,Belva,Saunderson,Belva.Saunderson@dummymail.com,Belva.Saunderson@dummymail.com,worker
203,Tarra,Natalia,Tarra.Natalia@dummymail.com,Tarra.Natalia@dummymail.com,firefighter
204,Dode,Franza,Dode.Franza@dummymail.com,Dode.Franza@dummymail.com,police officer
205,Mallory,Maroney,Mallory.Maroney@dummymail.com,Mallory.Maroney@dummymail.com,worker
206,Devina,Rosemary,Devina.Rosemary@dummymail.com,Devina.Rosemary@dummymail.com,developer
207,Margalo,Nedrud,Margalo.Nedrud@dummymail.com,Margalo.Nedrud@dummymail.com,police officer
208,Hope,Poppy,Hope.Poppy@dummymail.com,Hope.Poppy@dummymail.com,worker
209,Nannie,Astra,Nannie.Astra@dummymail.com,Nannie.Astra@dummymail.com,firefighter
210,Dulcinea,Ellord,Dulcinea.Ellord@dummymail.com,Dulcinea.Ellord@dummymail.com,worker
211,Catharine,Arathorn,Catharine.Arathorn@dummymail.com,Catharine.Arathorn@dummymail.com,developer
212,Kalina,Jess,Kalina.Jess@dummymail.com,Kalina.Jess@dummymail.com,doctor
213,Tatiania,Raffo,Tatiania.Raffo@dummymail.com,Tatiania.Raffo@dummymail.com,worker
214,Karena,Thomasina,Karena.Thomasina@dummymail.com,Karena.Thomasina@dummymail.com,worker
215,Cathie,Wesle,Cathie.Wesle@dummymail.com,Cathie.Wesle@dummymail.com,firefighter
216,Elie,Janith,Elie.Janith@dummymail.com,Elie.Janith@dummymail.com,developer
217,Carol-Jean,Moseley,Carol-Jean.Moseley@dummymail.com,Carol-Jean.Moseley@dummymail.com,firefighter
218,Nerta,Edvard,Nerta.Edvard@dummymail.com,Nerta.Edvard@dummymail.com,firefighter
219,Joelly,Irmine,Joelly.Irmine@dummymail.com,Joelly.Irmine@dummymail.com,developer
220,Shell,Ranjiv,Shell.Ranjiv@dummymail.com,Shell.Ranjiv@dummymail.com,doctor
221,Lily,Daveta,Lily.Daveta@dummymail.com,Lily.Daveta@dummymail.com,doctor
222,Elsie,Rosette,Elsie.Rosette@dummymail.com,Elsie.Rosette@dummymail.com,firefighter
223,Alyssa,Artie,Alyssa.Artie@dummymail.com,Alyssa.Artie@dummymail.com,worker
224,Annaliese,Frodi,Annaliese.Frodi@dummymail.com,Annaliese.Frodi@dummymail.com,developer
225,Robinia,Allys,Robinia.Allys@dummymail.com,Robinia.Allys@dummymail.com,developer
226,Wilma,Constancy,Wilma.Constancy@dummymail.com,Wilma.Constancy@dummymail.com,firefighter
227,Lanae,Fontana,Lanae.Fontana@dummymail.com,Lanae.Fontana@dummymail.com,worker
228,Iseabal,Goerke,Iseabal.Goerke@dummymail.com,Iseabal.Goerke@dummymail.com,developer
229,Frieda,Breed,Frieda.Breed@dummymail.com,Frieda.Breed@dummymail.com,firefighter
230,Roslyn,Letsou,Roslyn.Letsou@dummymail.com,Roslyn.Letsou@dummymail.com,developer
231,Nikki,Nedrud,Nikki.Nedrud@dummymail.com,Nikki.Nedrud@dummymail.com,firefighter
232,Edee,Rhu,Edee.Rhu@dummymail.com,Edee.Rhu@dummymail.com,developer
233,Sibella,Natica,Sibella.Natica@dummymail.com,Sibella.Natica@dummymail.com,worker
234,Wendi,Evvie,Wendi.Evvie@dummymail.com,Wendi.Evvie@dummymail.com,police officer
235,Ardys,Dawkins,Ardys.Dawkins@dummymail.com,Ardys.Dawkins@dummymail.com,worker
236,Anthia,Chobot,Anthia.Chobot@dummymail.com,Anthia.Chobot@dummymail.com,worker
237,Riannon,Croix,Riannon.Croix@dummymail.com,Riannon.Croix@dummymail.com,developer
238,Sindee,Sprage,Sindee.Sprage@dummymail.com,Sindee.Sprage@dummymail.com,police officer
239,Mahalia,Wyn,Mahalia.Wyn@dummymail.com,Mahalia.Wyn@dummymail.com,worker
240,Anallese,Medrek,Anallese.Medrek@dummymail.com,Anallese.Medrek@dummymail.com,developer
241,Hope,Japeth,Hope.Japeth@dummymail.com,Hope.Japeth@dummymail.com,developer
242,Kristan,Kunin,Kristan.Kunin@dummymail.com,Kristan.Kunin@dummymail.com,worker
243,Kerrin,Secrest,Kerrin.Secrest@dummymail.com,Kerrin.Secrest@dummymail.com,doctor
244,Marleah,Sibyls,Marleah.Sibyls@dummymail.com,Marleah.Sibyls@dummymail.com,developer
245,Laure,Quinn,Laure.Quinn@dummymail.com,Laure.Quinn@dummymail.com,doctor
246,Adele,Buttaro,Adele.Buttaro@dummymail.com,Adele.Buttaro@dummymail.com,doctor
247,Angelique,Kenney,Angelique.Kenney@dummymail.com,Angelique.Kenney@dummymail.com,police officer
248,Adele,Johnsson,Adele.Johnsson@dummymail.com,Adele.Johnsson@dummymail.com,police officer
249,Tani,Wind,Tani.Wind@dummymail.com,Tani.Wind@dummymail.com,doctor
250,Britte,Bakerman,Britte.Bakerman@dummymail.com,Britte.Bakerman@dummymail.com,worker
251,Mariann,Fax,Mariann.Fax@dummymail.com,Mariann.Fax@dummymail.com,worker
252,Allis,Lubin,Allis.Lubin@dummymail.com,Allis.Lubin@dummymail.com,firefighter
253,Misha,Forrer,Misha.Forrer@dummymail.com,Misha.Forrer@dummymail.com,developer
254,Jasmina,Thomasina,Jasmina.Thomasina@dummymail.com,Jasmina.Thomasina@dummymail.com,doctor
255,Elie,Lane,Elie.Lane@dummymail.com,Elie.Lane@dummymail.com,police officer
256,Clementine,Trace,Clementine.Trace@dummymail.com,Clementine.Trace@dummymail.com,developer
257,Rochette,Eben,Rochette.Eben@dummymail.com,Rochette.Eben@dummymail.com,police officer
258,Yetty,Taima,Yetty.Taima@dummymail.com,Yetty.Taima@dummymail.com,doctor
259,Kittie,Oscar,Kittie.Oscar@dummymail.com,Kittie.Oscar@dummymail.com,worker
260,Allis,Santoro,Allis.Santoro@dummymail.com,Allis.Santoro@dummymail.com,firefighter
261,Shaylyn,Merriott,Shaylyn.Merriott@dummymail.com,Shaylyn.Merriott@dummymail.com,doctor
262,Marinna,Deegan,Marinna.Deegan@dummymail.com,Marinna.Deegan@dummymail.com,police officer
263,Briney,Harriman,Briney.Harriman@dummymail.com,Briney.Harriman@dummymail.com,firefighter
264,Althea,Alejoa,Althea.Alejoa@dummymail.com,Althea.Alejoa@dummymail.com,police officer
265,Grier,Wolfgram,Grier.Wolfgram@dummymail.com,Grier.Wolfgram@dummymail.com,doctor
266,Ardenia,Sibyls,Ardenia.Sibyls@dummymail.com,Ardenia.Sibyls@dummymail.com,worker
267,Alex,Wolfgram,Alex.Wolfgram@dummymail.com,Alex.Wolfgram@dummymail.com,police officer
268,Orelia,Ardra,Orelia.Ardra@dummymail.com,Orelia.Ardra@dummymail.com,firefighter
269,Ulrike,Zachary,Ulrike.Zachary@dummymail.com,Ulrike.Zachary@dummymail.com,worker
270,Yetty,Publia,Yetty.Publia@dummymail.com,Yetty.Publia@dummymail.com,doctor
271,Morganica,Abernon,Morganica.Abernon@dummymail.com,Morganica.Abernon@dummymail.com,worker
272,Dacia,Toffic,Dacia.Toffic@dummymail.com,Dacia.Toffic@dummymail.com,police officer
273,Joleen,Christine,Joleen.Christine@dummymail.com,Joleen.Christine@dummymail.com,developer
274,Gwyneth,Faso,Gwyneth.Faso@dummymail.com,Gwyneth.Faso@dummymail.com,developer
275,Marcelline,Cyrie,Marcelline.Cyrie@dummymail.com,Marcelline.Cyrie@dummymail.com,doctor
276,Vinita,Parsaye,Vinita.Parsaye@dummymail.com,Vinita.Parsaye@dummymail.com,police officer
277,Madalyn,Penelopa,Madalyn.Penelopa@dummymail.com,Madalyn.Penelopa@dummymail.com,firefighter
278,Vita,Keily,Vita.Keily@dummymail.com,Vita.Keily@dummymail.com,developer
279,Aurore,Pillsbury,Aurore.Pillsbury@dummymail.com,Aurore.Pillsbury@dummymail.com,firefighter
280,Ulrike,Thornburg,Ulrike.Thornburg@dummymail.com,Ulrike.Thornburg@dummymail.com,developer
281,Daphne,Lattie,Daphne.Lattie@dummymail.com,Daphne.Lattie@dummymail.com,worker
282,Michaelina,Fleeta,Michaelina.Fleeta@dummymail.com,Michaelina.Fleeta@dummymail.com,developer
283,Christian,Wooster,Christian.Wooster@dummymail.com,Christian.Wooster@dummymail.com,worker
284,Mamie,Lumbard,Mamie.Lumbard@dummymail.com,Mamie.Lumbard@dummymail.com,firefighter
285,Briney,Rosemary,Briney.Rosemary@dummymail.com,Briney.Rosemary@dummymail.com,firefighter
286,Babita,Ball,Babita.Ball@dummymail.com,Babita.Ball@dummymail.com,worker
287,Raquela,Sammons,Raquela.Sammons@dummymail.com,Raquela.Sammons@dummymail.com,worker
288,Basia,Jeanne,Basia.Jeanne@dummymail.com,Basia.Jeanne@dummymail.com,doctor
289,Frieda,Llovera,Frieda.Llovera@dummymail.com,Frieda.Llovera@dummymail.com,firefighter
290,Rori,Hutchison,Rori.Hutchison@dummymail.com,Rori.Hutchison@dummymail.com,firefighter
291,Imojean,Hebner,Imojean.Hebner@dummymail.com,Imojean.Hebner@dummymail.com,doctor
292,Katuscha,Kaete,Katuscha.Kaete@dummymail.com,Katuscha.Kaete@dummymail.com,doctor
293,Felice,Klemperer,Felice.Klemperer@dummymail.com,Felice.Klemperer@dummymail.com,doctor
294,Concettina,Jary,Concettina.Jary@dummymail.com,Concettina.Jary@dummymail.com,firefighter
295,Penelopa,Kenney,Penelopa.Kenney@dummymail.com,Penelopa.Kenney@dummymail.com,worker
296,Corina,Argus,Corina.Argus@dummymail.com,Corina.Argus@dummymail.com,firefighter
297,Jillayne,Bibi,Jillayne.Bibi@dummymail.com,Jillayne.Bibi@dummymail.com,doctor
298,Halette,Kravits,Halette.Kravits@dummymail.com,Halette.Kravits@dummymail.com,doctor
299,Teriann,Gordon,Teriann.Gordon@dummymail.com,Teriann.Gordon@dummymail.com,doctor
300,Romona,Callista,Romona.Callista@dummymail.com,Romona.Callista@dummymail.com,developer
301,Gale,Vastah,Gale.Vastah@dummymail.com,Gale.Vastah@dummymail.com,worker
302,Janenna,Wesle,Janenna.Wesle@dummymail.com,Janenna.Wesle@dummymail.com,developer
303,Margette,Mich,Margette.Mich@dummymail.com,Margette.Mich@dummymail.com,firefighter
304,Louella,Clarissa,Louella.Clarissa@dummymail.com,Louella.Clarissa@dummymail.com,firefighter
305,Nikki,Tjon,Nikki.Tjon@dummymail.com,Nikki.Tjon@dummymail.com,doctor
306,Lila,Vanni,Lila.Vanni@dummymail.com,Lila.Vanni@dummymail.com,firefighter
307,Hyacinthe,Bari,Hyacinthe.Bari@dummymail.com,Hyacinthe.Bari@dummymail.com,developer
308,Jemie,Lowry,Jemie.Lowry@dummymail.com,Jemie.Lowry@dummymail.com,police officer
309,Elsie,Himelman,Elsie.Himelman@dummymail.com,Elsie.Himelman@dummymail.com,police officer
310,Helena,Raffo,Helena.Raffo@dummymail.com,Helena.Raffo@dummymail.com,police officer
311,Atlanta,Podvin,Atlanta.Podvin@dummymail.com,Atlanta.Podvin@dummymail.com,doctor
312,Hyacinthe,Cleo,Hyacinthe.Cleo@dummymail.com,Hyacinthe.Cleo@dummymail.com,worker
313,Aurore,Afton,Aurore.Afton@dummymail.com,Aurore.Afton@dummymail.com,doctor
314,Ardys,Chem,Ardys.Chem@dummymail.com,Ardys.Chem@dummymail.com,doctor
315,Sindee,Janith,Sindee.Janith@dummymail.com,Sindee.Janith@dummymail.com,doctor
316,Daphne,Susannah,Daphne.Susannah@dummymail.com,Daphne.Susannah@dummymail.com,developer
317,Tina,Sandye,Tina.Sandye@dummymail.com,Tina.Sandye@dummymail.com,firefighter
318,Halette,Parsaye,Halette.Parsaye@dummymail.com,Halette.Parsaye@dummymail.com,doctor
319,Doralynne,Bahr,Doralynne.Bahr@dummymail.com,Doralynne.Bahr@dummymail.com,police officer
320,Mallory,Wenoa,Mallory.Wenoa@dummymail.com,Mallory.Wenoa@dummymail.com,firefighter
321,Wilma,Truc,Wilma.Truc@dummymail.com,Wilma.Truc@dummymail.com,firefighter
322,Luci,Kirstin,Luci.Kirstin@dummymail.com,Luci.Kirstin@dummymail.com,worker
323,Florie,Gibbeon,Florie.Gibbeon@dummymail.com,Florie.Gibbeon@dummymail.com,worker
324,Kittie,Darian,Kittie.Darian@dummymail.com,Kittie.Darian@dummymail.com,worker
325,Suzette,Dulciana,Suzette.Dulciana@dummymail.com,Suzette.Dulciana@dummymail.com,worker
326,Marnia,Mathilde,Marnia.Mathilde@dummymail.com,Marnia.Mathilde@dummymail.com,police officer
327,Rosanne,Elvyn,Rosanne.Elvyn@dummymail.com,Rosanne.Elvyn@dummymail.com,worker
328,Queenie,Halsey,Queenie.Halsey@dummymail.com,Queenie.Halsey@dummymail.com,developer
329,Nikki,Calhoun,Nikki.Calhoun@dummymail.com,Nikki.Calhoun@dummymail.com,worker
330,Georgetta,Atcliffe,Georgetta.Atcliffe@dummymail.com,Georgetta.Atcliffe@dummymail.com,doctor
331,Judy,Ulphia,Judy.Ulphia@dummymail.com,Judy.Ulphia@dummymail.com,doctor
332,Tatiania,Carvey,Tatiania.Carvey@dummymail.com,Tatiania.Carvey@dummymail.com,firefighter
333,Jsandye,Zetta,Jsandye.Zetta@dummymail.com,Jsandye.Zetta@dummymail.com,police officer
334,Kayla,Brian,Kayla.Brian@dummymail.com,Kayla.Brian@dummymail.com,doctor
335,Sibella,Sandye,Sibella.Sandye@dummymail.com,Sibella.Sandye@dummymail.com,worker
336,Keelia,Trinetta,Keelia.Trinetta@dummymail.com,Keelia.Trinetta@dummymail.com,worker
337,Mellicent,Eno,Mellicent.Eno@dummymail.com,Mellicent.Eno@dummymail.com,developer
338,Wileen,Telfer,Wileen.Telfer@dummymail.com,Wileen.Telfer@dummymail.com,worker
339,Ariela,Pelagias,Ariela.Pelagias@dummymail.com,Ariela.Pelagias@dummymail.com,firefighter
340,Lynde,Germann,Lynde.Germann@dummymail.com,Lynde.Germann@dummymail.com,doctor
341,Wendi,Maples,Wendi.Maples@dummymail.com,Wendi.Maples@dummymail.com,doctor
342,Jacquetta,Bord,Jacquetta.Bord@dummymail.com,Jacquetta.Bord@dummymail.com,firefighter
343,Noelle,Turne,Noelle.Turne@dummymail.com,Noelle.Turne@dummymail.com,police officer
344,Marcy,Bennie,Marcy.Bennie@dummymail.com,Marcy.Bennie@dummymail.com,police officer
345,Carly,Suk,Carly.Suk@dummymail.com,Carly.Suk@dummymail.com,worker
346,Roxane,Kaete,Roxane.Kaete@dummymail.com,Roxane.Kaete@dummymail.com,police officer
347,Cyb,Lea,Cyb.Lea@dummymail.com,Cyb.Lea@dummymail.com,doctor
348,Ursulina,Zola,Ursulina.Zola@dummymail.com,Ursulina.Zola@dummymail.com,worker
349,Fidelia,Sammons,Fidelia.Sammons@dummymail.com,Fidelia.Sammons@dummymail.com,firefighter
350,Angelique,Raychel,Angelique.Raychel@dummymail.com,Angelique.Raychel@dummymail.com,police officer
351,Noelle,Couture,Noelle.Couture@dummymail.com,Noelle.Couture@dummymail.com,firefighter
352,Lesly,Aurelio,Lesly.Aurelio@dummymail.com,Lesly.Aurelio@dummymail.com,firefighter
353,Concettina,Ade,Concettina.Ade@dummymail.com,Concettina.Ade@dummymail.com,police officer
354,Tilly,Flita,Tilly.Flita@dummymail.com,Tilly.Flita@dummymail.com,developer
355,Susan,Candy,Susan.Candy@dummymail.com,Susan.Candy@dummymail.com,police officer
356,Tabbatha,Palocz,Tabbatha.Palocz@dummymail.com,Tabbatha.Palocz@dummymail.com,doctor
357,Mary,Justinn,Mary.Justinn@dummymail.com,Mary.Justinn@dummymail.com,doctor
358,Adelle,Brunell,Adelle.Brunell@dummymail.com,Adelle.Brunell@dummymail.com,doctor
359,Lusa,Matthew,Lusa.Matthew@dummymail.com,Lusa.Matthew@dummymail.com,firefighter
360,Asia,Catie,Asia.Catie@dummymail.com,Asia.Catie@dummymail.com,developer
361,Kristan,Franza,Kristan.Franza@dummymail.com,Kristan.Franza@dummymail.com,developer
362,Chandra,Schenck,Chandra.Schenck@dummymail.com,Chandra.Schenck@dummymail.com,worker
363,Gisela,Larochelle,Gisela.Larochelle@dummymail.com,Gisela.Larochelle@dummymail.com,worker
364,Tracey,Prober,Tracey.Prober@dummymail.com,Tracey.Prober@dummymail.com,police officer
365,Ilse,Smitt,Ilse.Smitt@dummymail.com,Ilse.Smitt@dummymail.com,worker
366,Maud,Gillan,Maud.Gillan@dummymail.com,Maud.Gillan@dummymail.com,worker
367,Marinna,Gilmour,Marinna.Gilmour@dummymail.com,Marinna.Gilmour@dummymail.com,developer
368,Sharai,Isacco,Sharai.Isacco@dummymail.com,Sharai.Isacco@dummymail.com,worker
369,Livvyy,Joseph,Livvyy.Joseph@dummymail.com,Livvyy.Joseph@dummymail.com,worker
370,Devina,Halla,Devina.Halla@dummymail.com,Devina.Halla@dummymail.com,doctor
371,Aeriela,Rillings,Aeriela.Rillings@dummymail.com,Aeriela.Rillings@dummymail.com,worker
372,Allyce,Sidonius,Allyce.Sidonius@dummymail.com,Allyce.Sidonius@dummymail.com,firefighter
373,Dennie,Bury,Dennie.Bury@dummymail.com,Dennie.Bury@dummymail.com,worker
374,Ricky,Arne,Ricky.Arne@dummymail.com,Ricky.Arne@dummymail.com,developer
375,Gabi,Bennie,Gabi.Bennie@dummymail.com,Gabi.Bennie@dummymail.com,doctor
376,Dorene,Felizio,Dorene.Felizio@dummymail.com,Dorene.Felizio@dummymail.com,developer
377,Helena,Rubie,Helena.Rubie@dummymail.com,Helena.Rubie@dummymail.com,worker
378,Fanny,Toffic,Fanny.Toffic@dummymail.com,Fanny.Toffic@dummymail.com,police officer
379,Xylina,Bergman,Xylina.Bergman@dummymail.com,Xylina.Bergman@dummymail.com,firefighter
380,Farrah,Rolf,Farrah.Rolf@dummymail.com,Farrah.Rolf@dummymail.com,firefighter
381,Sashenka,Haerr,Sashenka.Haerr@dummymail.com,Sashenka.Haerr@dummymail.com,police officer
382,Layla,Paine,Layla.Paine@dummymail.com,Layla.Paine@dummymail.com,worker
383,Larine,Tannie,Larine.Tannie@dummymail.com,Larine.Tannie@dummymail.com,worker
384,Olivette,Bigner,Olivette.Bigner@dummymail.com,Olivette.Bigner@dummymail.com,doctor
385,Liana,Wesle,Liana.Wesle@dummymail.com,Liana.Wesle@dummymail.com,doctor
386,Atlanta,Manolo,Atlanta.Manolo@dummymail.com,Atlanta.Manolo@dummymail.com,developer
387,Morganica,Eckblad,Morganica.Eckblad@dummymail.com,Morganica.Eckblad@dummymail.com,developer
388,Kamilah,Edison,Kamilah.Edison@dummymail.com,Kamilah.Edison@dummymail.com,firefighter
389,Ronna,Heidt,Ronna.Heidt@dummymail.com,Ronna.Heidt@dummymail.com,firefighter
390,Micheline,Dahlia,Micheline.Dahlia@dummymail.com,Micheline.Dahlia@dummymail.com,firefighter
391,Corina,Anestassia,Corina.Anestassia@dummymail.com,Corina.Anestassia@dummymail.com,doctor
392,Mara,Germann,Mara.Germann@dummymail.com,Mara.Germann@dummymail.com,firefighter
393,Shaine,Astra,Shaine.Astra@dummymail.com,Shaine.Astra@dummymail.com,police officer
394,Merci,Montgomery,Merci.Montgomery@dummymail.com,Merci.Montgomery@dummymail.com,firefighter
395,Felice,Oneida,Felice.Oneida@dummymail.com,Felice.Oneida@dummymail.com,firefighter
396,Bettine,Henrie,Bettine.Henrie@dummymail.com,Bettine.Henrie@dummymail.com,worker
397,Larine,Lymann,Larine.Lymann@dummymail.com,Larine.Lymann@dummymail.com,doctor
398,Darlleen,Xerxes,Darlleen.Xerxes@dummymail.com,Darlleen.Xerxes@dummymail.com,doctor
399,Gilda,Roxanna,Gilda.Roxanna@dummymail.com,Gilda.Roxanna@dummymail.com,firefighter
400,Jean,Estella,Jean.Estella@dummymail.com,Jean.Estella@dummymail.com,firefighter
401,Debee,Constancy,Debee.Constancy@dummymail.com,Debee.Constancy@dummymail.com,worker
402,Meghann,Cath,Meghann.Cath@dummymail.com,Meghann.Cath@dummymail.com,worker
403,Ariela,Fulmer,Ariela.Fulmer@dummymail.com,Ariela.Fulmer@dummymail.com,doctor
404,Verla,Lemuela,Verla.Lemuela@dummymail.com,Verla.Lemuela@dummymail.com,firefighter
405,Cindelyn,Tice,Cindelyn.Tice@dummymail.com,Cindelyn.Tice@dummymail.com,doctor
406,Britte,Arvo,Britte.Arvo@dummymail.com,Britte.Arvo@dummymail.com,police officer
407,Talya,Colyer,Talya.Colyer@dummymail.com,Talya.Colyer@dummymail.com,doctor
408,Rosabelle,Haymes,Rosabelle.Haymes@dummymail.com,Rosabelle.Haymes@dummymail.com,police officer
409,Tera,Schonfeld,Tera.Schonfeld@dummymail.com,Tera.Schonfeld@dummymail.com,worker
410,Leeanne,Camden,Leeanne.Camden@dummymail.com,Leeanne.Camden@dummymail.com,developer
411,Lauryn,Gordon,Lauryn.Gordon@dummymail.com,Lauryn.Gordon@dummymail.com,firefighter
412,Ricky,Longfellow,Ricky.Longfellow@dummymail.com,Ricky.Longfellow@dummymail.com,doctor
413,Lorie,Odell,Lorie.Odell@dummymail.com,Lorie.Odell@dummymail.com,developer
414,Florie,Noman,Florie.Noman@dummymail.com,Florie.Noman@dummymail.com,police officer
415,Keelia,Casimir,Keelia.Casimir@dummymail.com,Keelia.Casimir@dummymail.com,firefighter
416,Tierney,Kauppi,Tierney.Kauppi@dummymail.com,Tierney.Kauppi@dummymail.com,doctor
417,Jaime,Kunin,Jaime.Kunin@dummymail.com,Jaime.Kunin@dummymail.com,doctor
418,Frances,Xerxes,Frances.Xerxes@dummymail.com,Frances.Xerxes@dummymail.com,doctor
419,Aryn,Uund,Aryn.Uund@dummymail.com,Aryn.Uund@dummymail.com,doctor
420,Fernande,Jerald,Fernande.Jerald@dummymail.com,Fernande.Jerald@dummymail.com,police officer
421,Fanchon,Justinn,Fanchon.Justinn@dummymail.com,Fanchon.Justinn@dummymail.com,doctor
422,Dennie,Naor,Dennie.Naor@dummymail.com,Dennie.Naor@dummymail.com,developer
423,Rosene,Greyson,Rosene.Greyson@dummymail.com,Rosene.Greyson@dummymail.com,doctor
424,Jasmina,Bollay,Jasmina.Bollay@dummymail.com,Jasmina.Bollay@dummymail.com,doctor
425,Shaine,Jagir,Shaine.Jagir@dummymail.com,Shaine.Jagir@dummymail.com,police officer
426,Margette,Travax,Margette.Travax@dummymail.com,Margette.Travax@dummymail.com,firefighter
427,Vevay,Seumas,Vevay.Seumas@dummymail.com,Vevay.Seumas@dummymail.com,developer
428,Renie,Douglass,Renie.Douglass@dummymail.com,Renie.Douglass@dummymail.com,doctor
429,Wendi,Donell,Wendi.Donell@dummymail.com,Wendi.Donell@dummymail.com,developer
430,Brooks,Krystle,Brooks.Krystle@dummymail.com,Brooks.Krystle@dummymail.com,worker
431,Lonnie,Lacombe,Lonnie.Lacombe@dummymail.com,Lonnie.Lacombe@dummymail.com,police officer
432,Caressa,Vale,Caressa.Vale@dummymail.com,Caressa.Vale@dummymail.com,firefighter
433,Collen,Ferino,Collen.Ferino@dummymail.com,Collen.Ferino@dummymail.com,developer
434,Gui,Kaete,Gui.Kaete@dummymail.com,Gui.Kaete@dummymail.com,firefighter
435,Corene,Hedve,Corene.Hedve@dummymail.com,Corene.Hedve@dummymail.com,firefighter
436,Jacenta,Pond,Jacenta.Pond@dummymail.com,Jacenta.Pond@dummymail.com,police officer
437,Trudie,Saree,Trudie.Saree@dummymail.com,Trudie.Saree@dummymail.com,worker
438,Meriel,Israeli,Meriel.Israeli@dummymail.com,Meriel.Israeli@dummymail.com,police officer
439,Ruthe,Fiann,Ruthe.Fiann@dummymail.com,Ruthe.Fiann@dummymail.com,firefighter
440,Berta,Azeria,Berta.Azeria@dummymail.com,Berta.Azeria@dummymail.com,developer
441,Valli,Cherianne,Valli.Cherianne@dummymail.com,Valli.Cherianne@dummymail.com,worker
442,Phedra,Cassius,Phedra.Cassius@dummymail.com,Phedra.Cassius@dummymail.com,firefighter
443,Zsa Zsa,Vorster,Zsa Zsa.Vorster@dummymail.com,Zsa Zsa.Vorster@dummymail.com,worker
444,Marita,Burnside,Marita.Burnside@dummymail.com,Marita.Burnside@dummymail.com,firefighter
445,Molli,Argus,Molli.Argus@dummymail.com,Molli.Argus@dummymail.com,police officer
446,Gloria,Kauppi,Gloria.Kauppi@dummymail.com,Gloria.Kauppi@dummymail.com,worker
447,Lizzie,Jacobah,Lizzie.Jacobah@dummymail.com,Lizzie.Jacobah@dummymail.com,doctor
448,Anestassia,Charmine,Anestassia.Charmine@dummymail.com,Anestassia.Charmine@dummymail.com,developer
449,Yetty,Matthew,Yetty.Matthew@dummymail.com,Yetty.Matthew@dummymail.com,firefighter
450,Doro,Etom,Doro.Etom@dummymail.com,Doro.Etom@dummymail.com,doctor
451,Nyssa,Carlson,Nyssa.Carlson@dummymail.com,Nyssa.Carlson@dummymail.com,firefighter
452,Kylynn,Korey,Kylynn.Korey@dummymail.com,Kylynn.Korey@dummymail.com,worker
453,Verla,Joseph,Verla.Joseph@dummymail.com,Verla.Joseph@dummymail.com,firefighter
454,Selia,Hachmin,Selia.Hachmin@dummymail.com,Selia.Hachmin@dummymail.com,developer
455,Andree,Lubin,Andree.Lubin@dummymail.com,Andree.Lubin@dummymail.com,doctor
456,Brynna,Garek,Brynna.Garek@dummymail.com,Brynna.Garek@dummymail.com,developer
457,Giustina,Arathorn,Giustina.Arathorn@dummymail.com,Giustina.Arathorn@dummymail.com,developer
458,Sindee,Gabrielli,Sindee.Gabrielli@dummymail.com,Sindee.Gabrielli@dummymail.com,doctor
459,Verla,Yuille,Verla.Yuille@dummymail.com,Verla.Yuille@dummymail.com,firefighter
460,Corly,Zachary,Corly.Zachary@dummymail.com,Corly.Zachary@dummymail.com,firefighter
461,Gertrud,Rozanna,Gertrud.Rozanna@dummymail.com,Gertrud.Rozanna@dummymail.com,doctor
462,Johna,Hoenack,Johna.Hoenack@dummymail.com,Johna.Hoenack@dummymail.com,developer
463,Stacey,Dawkins,Stacey.Dawkins@dummymail.com,Stacey.Dawkins@dummymail.com,firefighter
464,Rivalee,Anderea,Rivalee.Anderea@dummymail.com,Rivalee.Anderea@dummymail.com,police officer
465,Ketti,Annabella,Ketti.Annabella@dummymail.com,Ketti.Annabella@dummymail.com,doctor
466,Tiffie,Lorenz,Tiffie.Lorenz@dummymail.com,Tiffie.Lorenz@dummymail.com,doctor
467,Peri,Sikorski,Peri.Sikorski@dummymail.com,Peri.Sikorski@dummymail.com,worker
468,Winifred,Germann,Winifred.Germann@dummymail.com,Winifred.Germann@dummymail.com,doctor
469,Ethel,Leary,Ethel.Leary@dummymail.com,Ethel.Leary@dummymail.com,firefighter
470,Marita,Japeth,Marita.Japeth@dummymail.com,Marita.Japeth@dummymail.com,doctor
471,Sybille,Magdalen,Sybille.Magdalen@dummymail.com,Sybille.Magdalen@dummymail.com,worker
472,Brana,Ophelia,Brana.Ophelia@dummymail.com,Brana.Ophelia@dummymail.com,police officer
473,Hettie,Fadiman,Hettie.Fadiman@dummymail.com,Hettie.Fadiman@dummymail.com,firefighter
474,Regina,Craggie,Regina.Craggie@dummymail.com,Regina.Craggie@dummymail.com,police officer
475,Odessa,Marisa,Odessa.Marisa@dummymail.com,Odessa.Marisa@dummymail.com,developer
476,Evaleen,Stilwell,Evaleen.Stilwell@dummymail.com,Evaleen.Stilwell@dummymail.com,worker
477,Juliane,O'Rourke,Juliane.O'Rourke@dummymail.com,Juliane.O'Rourke@dummymail.com,worker
478,Doralynne,Monk,Doralynne.Monk@dummymail.com,Doralynne.Monk@dummymail.com,firefighter
479,Steffane,Papageno,Steffane.Papageno@dummymail.com,Steffane.Papageno@dummymail.com,developer
480,Fawne,Krystle,Fawne.Krystle@dummymail.com,Fawne.Krystle@dummymail.com,police officer
481,Krystle,Bakerman,Krystle.Bakerman@dummymail.com,Krystle.Bakerman@dummymail.com,developer
482,Laurene,Telfer,Laurene.Telfer@dummymail.com,Laurene.Telfer@dummymail.com,doctor
483,Estell,Ivens,Estell.Ivens@dummymail.com,Estell.Ivens@dummymail.com,firefighter
484,Ada,Thornburg,Ada.Thornburg@dummymail.com,Ada.Thornburg@dummymail.com,developer
485,Fred,Beniamino,Fred.Beniamino@dummymail.com,Fred.Beniamino@dummymail.com,worker
486,Kimberley,Ball,Kimberley.Ball@dummymail.com,Kimberley.Ball@dummymail.com,doctor
487,Karolina,Ardra,Karolina.Ardra@dummymail.com,Karolina.Ardra@dummymail.com,developer
488,Celene,Baudin,Celene.Baudin@dummymail.com,Celene.Baudin@dummymail.com,doctor
489,Caryl,Burnside,Caryl.Burnside@dummymail.com,Caryl.Burnside@dummymail.com,worker
490,Dawn,Sallyann,Dawn.Sallyann@dummymail.com,Dawn.Sallyann@dummymail.com,developer
491,Celestyna,Tillford,Celestyna.Tillford@dummymail.com,Celestyna.Tillford@dummymail.com,worker
492,Correy,Angelis,Correy.Angelis@dummymail.com,Correy.Angelis@dummymail.com,developer
493,Rosanne,Thornburg,Rosanne.Thornburg@dummymail.com,Rosanne.Thornburg@dummymail.com,worker
494,Karly,Dunkin,Karly.Dunkin@dummymail.com,Karly.Dunkin@dummymail.com,doctor
495,Corly,Nedrud,Corly.Nedrud@dummymail.com,Corly.Nedrud@dummymail.com,firefighter
496,Millie,Phyllis,Millie.Phyllis@dummymail.com,Millie.Phyllis@dummymail.com,firefighter
497,Sheelagh,My,Sheelagh.My@dummymail.com,Sheelagh.My@dummymail.com,worker
498,Aubrie,Hepsibah,Aubrie.Hepsibah@dummymail.com,Aubrie.Hepsibah@dummymail.com,worker
499,Romona,Telfer,Romona.Telfer@dummymail.com,Romona.Telfer@dummymail.com,police officer
500,Emelina,Lea,Emelina.Lea@dummymail.com,Emelina.Lea@dummymail.com,worker
501,Oona,Gavrila,Oona.Gavrila@dummymail.com,Oona.Gavrila@dummymail.com,police officer
502,Dorothy,Hailee,Dorothy.Hailee@dummymail.com,Dorothy.Hailee@dummymail.com,doctor
503,Hermione,Kevon,Hermione.Kevon@dummymail.com,Hermione.Kevon@dummymail.com,police officer
504,Joelly,Gahl,Joelly.Gahl@dummymail.com,Joelly.Gahl@dummymail.com,police officer
505,Luci,Howlyn,Luci.Howlyn@dummymail.com,Luci.Howlyn@dummymail.com,worker
506,Carol-Jean,Sinegold,Carol-Jean.Sinegold@dummymail.com,Carol-Jean.Sinegold@dummymail.com,firefighter
507,Micheline,Allys,Micheline.Allys@dummymail.com,Micheline.Allys@dummymail.com,police officer
508,Mamie,Sperling,Mamie.Sperling@dummymail.com,Mamie.Sperling@dummymail.com,worker
509,Sashenka,Wu,Sashenka.Wu@dummymail.com,Sashenka.Wu@dummymail.com,doctor
510,Ronna,Kelula,Ronna.Kelula@dummymail.com,Ronna.Kelula@dummymail.com,firefighter
511,Flo,Zeeba,Flo.Zeeba@dummymail.com,Flo.Zeeba@dummymail.com,developer
512,Marti,Dorothy,Marti.Dorothy@dummymail.com,Marti.Dorothy@dummymail.com,doctor
513,Goldie,Aprile,Goldie.Aprile@dummymail.com,Goldie.Aprile@dummymail.com,firefighter
514,Jessy,Brodench,Jessy.Brodench@dummymail.com,Jessy.Brodench@dummymail.com,worker
515,Roslyn,Rosemary,Roslyn.Rosemary@dummymail.com,Roslyn.Rosemary@dummymail.com,doctor
516,Nannie,Gombach,Nannie.Gombach@dummymail.com,Nannie.Gombach@dummymail.com,police officer
517,Britte,Sadowski,Britte.Sadowski@dummymail.com,Britte.Sadowski@dummymail.com,developer
518,Yetty,Trey,Yetty.Trey@dummymail.com,Yetty.Trey@dummymail.com,police officer
519,Wynne,Frendel,Wynne.Frendel@dummymail.com,Wynne.Frendel@dummymail.com,police officer
520,Nelle,Gaal,Nelle.Gaal@dummymail.com,Nelle.Gaal@dummymail.com,police officer
521,Rosanne,Neva,Rosanne.Neva@dummymail.com,Rosanne.Neva@dummymail.com,worker
522,Mireielle,Janith,Mireielle.Janith@dummymail.com,Mireielle.Janith@dummymail.com,worker
523,Bobbi,Brandice,Bobbi.Brandice@dummymail.com,Bobbi.Brandice@dummymail.com,doctor
524,Elora,Yorick,Elora.Yorick@dummymail.com,Elora.Yorick@dummymail.com,police officer
525,Albertina,Urias,Albertina.Urias@dummymail.com,Albertina.Urias@dummymail.com,developer
526,Fayre,Yorick,Fayre.Yorick@dummymail.com,Fayre.Yorick@dummymail.com,worker
527,Dione,Alfons,Dione.Alfons@dummymail.com,Dione.Alfons@dummymail.com,firefighter
528,Hildegaard,Schlosser,Hildegaard.Schlosser@dummymail.com,Hildegaard.Schlosser@dummymail.com,worker
529,Dorthy,Wesle,Dorthy.Wesle@dummymail.com,Dorthy.Wesle@dummymail.com,developer
530,Gertrud,Grobe,Gertrud.Grobe@dummymail.com,Gertrud.Grobe@dummymail.com,firefighter
531,Lexine,Pierette,Lexine.Pierette@dummymail.com,Lexine.Pierette@dummymail.com,doctor
532,Danny,Septima,Danny.Septima@dummymail.com,Danny.Septima@dummymail.com,developer
533,Hyacinthe,Seagraves,Hyacinthe.Seagraves@dummymail.com,Hyacinthe.Seagraves@dummymail.com,developer
534,Roxane,Durware,Roxane.Durware@dummymail.com,Roxane.Durware@dummymail.com,firefighter
535,Violet,Muriel,Violet.Muriel@dummymail.com,Violet.Muriel@dummymail.com,doctor
536,Delilah,Flita,Delilah.Flita@dummymail.com,Delilah.Flita@dummymail.com,developer
537,Patricia,Dannye,Patricia.Dannye@dummymail.com,Patricia.Dannye@dummymail.com,doctor
538,Kassey,Baptlsta,Kassey.Baptlsta@dummymail.com,Kassey.Baptlsta@dummymail.com,firefighter
539,Orelia,Kaete,Orelia.Kaete@dummymail.com,Orelia.Kaete@dummymail.com,developer
540,Clarice,Marcellus,Clarice.Marcellus@dummymail.com,Clarice.Marcellus@dummymail.com,doctor
541,Anica,Kaja,Anica.Kaja@dummymail.com,Anica.Kaja@dummymail.com,police officer
542,Jackie,Wenoa,Jackie.Wenoa@dummymail.com,Jackie.Wenoa@dummymail.com,worker
543,Lacie,Travax,Lacie.Travax@dummymail.com,Lacie.Travax@dummymail.com,worker
544,Chloris,Ackerley,Chloris.Ackerley@dummymail.com,Chloris.Ackerley@dummymail.com,doctor
545,Sheree,August,Sheree.August@dummymail.com,Sheree.August@dummymail.com,developer
546,Kaia,Melan,Kaia.Melan@dummymail.com,Kaia.Melan@dummymail.com,worker
547,Ana,Lay,Ana.Lay@dummymail.com,Ana.Lay@dummymail.com,developer
548,Cherilyn,Estella,Cherilyn.Estella@dummymail.com,Cherilyn.Estella@dummymail.com,doctor
549,June,Infield,June.Infield@dummymail.com,June.Infield@dummymail.com,doctor
550,Phedra,Maryanne,Phedra.Maryanne@dummymail.com,Phedra.Maryanne@dummymail.com,worker
551,Riannon,Kauppi,Riannon.Kauppi@dummymail.com,Riannon.Kauppi@dummymail.com,firefighter
552,Paulita,Ball,Paulita.Ball@dummymail.com,Paulita.Ball@dummymail.com,worker
553,Fidelia,Toni,Fidelia.Toni@dummymail.com,Fidelia.Toni@dummymail.com,worker
554,Ermengarde,Egbert,Ermengarde.Egbert@dummymail.com,Ermengarde.Egbert@dummymail.com,worker
555,Alyda,Papageno,Alyda.Papageno@dummymail.com,Alyda.Papageno@dummymail.com,doctor
556,Darci,Daegal,Darci.Daegal@dummymail.com,Darci.Daegal@dummymail.com,doctor
557,Shel,Hanshaw,Shel.Hanshaw@dummymail.com,Shel.Hanshaw@dummymail.com,police officer
558,Tybie,Meter,Tybie.Meter@dummymail.com,Tybie.Meter@dummymail.com,firefighter
559,Raina,Taima,Raina.Taima@dummymail.com,Raina.Taima@dummymail.com,developer
560,Marinna,Swanhildas,Marinna.Swanhildas@dummymail.com,Marinna.Swanhildas@dummymail.com,firefighter
561,Kittie,Drisko,Kittie.Drisko@dummymail.com,Kittie.Drisko@dummymail.com,worker
562,Caritta,Martguerita,Caritta.Martguerita@dummymail.com,Caritta.Martguerita@dummymail.com,firefighter
563,Deane,Tarrant,Deane.Tarrant@dummymail.com,Deane.Tarrant@dummymail.com,developer
564,Gaylene,Screens,Gaylene.Screens@dummymail.com,Gaylene.Screens@dummymail.com,worker
565,Olivette,Bergman,Olivette.Bergman@dummymail.com,Olivette.Bergman@dummymail.com,doctor
566,Regina,Vharat,Regina.Vharat@dummymail.com,Regina.Vharat@dummymail.com,police officer
567,Michaelina,Gregrory,Michaelina.Gregrory@dummymail.com,Michaelina.Gregrory@dummymail.com,developer
568,Jan,Skurnik,Jan.Skurnik@dummymail.com,Jan.Skurnik@dummymail.com,doctor
569,Letizia,Suk,Letizia.Suk@dummymail.com,Letizia.Suk@dummymail.com,doctor
570,Doralynne,Bartlett,Doralynne.Bartlett@dummymail.com,Doralynne.Bartlett@dummymail.com,firefighter
571,Tori,Jary,Tori.Jary@dummymail.com,Tori.Jary@dummymail.com,doctor
572,Vevay,Granoff,Vevay.Granoff@dummymail.com,Vevay.Granoff@dummymail.com,worker
573,Jemie,Deegan,Jemie.Deegan@dummymail.com,Jemie.Deegan@dummymail.com,doctor
574,Rhoda,Susannah,Rhoda.Susannah@dummymail.com,Rhoda.Susannah@dummymail.com,police officer
575,Wanda,LaRue,Wanda.LaRue@dummymail.com,Wanda.LaRue@dummymail.com,developer
576,Robbi,Swigart,Robbi.Swigart@dummymail.com,Robbi.Swigart@dummymail.com,police officer
577,Ana,Hanshaw,Ana.Hanshaw@dummymail.com,Ana.Hanshaw@dummymail.com,doctor
578,Kristina,Carri,Kristina.Carri@dummymail.com,Kristina.Carri@dummymail.com,police officer
579,Annecorinne,Clie,Annecorinne.Clie@dummymail.com,Annecorinne.Clie@dummymail.com,developer
580,Dulcinea,Tryck,Dulcinea.Tryck@dummymail.com,Dulcinea.Tryck@dummymail.com,firefighter
581,Alameda,Stelle,Alameda.Stelle@dummymail.com,Alameda.Stelle@dummymail.com,developer
582,Cordi,Plato,Cordi.Plato@dummymail.com,Cordi.Plato@dummymail.com,developer
583,Carree,Hunfredo,Carree.Hunfredo@dummymail.com,Carree.Hunfredo@dummymail.com,police officer
584,Lynea,Bluh,Lynea.Bluh@dummymail.com,Lynea.Bluh@dummymail.com,worker
585,Alexine,Lutero,Alexine.Lutero@dummymail.com,Alexine.Lutero@dummymail.com,police officer
586,Susan,Macey,Susan.Macey@dummymail.com,Susan.Macey@dummymail.com,police officer
587,Rivalee,Michella,Rivalee.Michella@dummymail.com,Rivalee.Michella@dummymail.com,doctor
588,Nannie,Dowski,Nannie.Dowski@dummymail.com,Nannie.Dowski@dummymail.com,police officer
589,Wileen,Latini,Wileen.Latini@dummymail.com,Wileen.Latini@dummymail.com,firefighter
590,Lucille,Raychel,Lucille.Raychel@dummymail.com,Lucille.Raychel@dummymail.com,doctor
591,Ezmeralda,Socha,Ezmeralda.Socha@dummymail.com,Ezmeralda.Socha@dummymail.com,doctor
592,Natka,Johnsson,Natka.Johnsson@dummymail.com,Natka.Johnsson@dummymail.com,police officer
593,Lorenza,Yerkovich,Lorenza.Yerkovich@dummymail.com,Lorenza.Yerkovich@dummymail.com,developer
594,Florie,Alejoa,Florie.Alejoa@dummymail.com,Florie.Alejoa@dummymail.com,firefighter
595,Cristabel,Tryck,Cristabel.Tryck@dummymail.com,Cristabel.Tryck@dummymail.com,worker
596,Joy,Mathilde,Joy.Mathilde@dummymail.com,Joy.Mathilde@dummymail.com,developer
597,Vivia,Jaylene,Vivia.Jaylene@dummymail.com,Vivia.Jaylene@dummymail.com,worker
598,Molli,Kunin,Molli.Kunin@dummymail.com,Molli.Kunin@dummymail.com,worker
599,Vinita,Pyle,Vinita.Pyle@dummymail.com,Vinita.Pyle@dummymail.com,police officer
600,Julieta,Maroney,Julieta.Maroney@dummymail.com,Julieta.Maroney@dummymail.com,firefighter
601,Vevay,Connelly,Vevay.Connelly@dummymail.com,Vevay.Connelly@dummymail.com,firefighter
602,Fanchon,Wu,Fanchon.Wu@dummymail.com,Fanchon.Wu@dummymail.com,worker
603,Dari,Gahl,Dari.Gahl@dummymail.com,Dari.Gahl@dummymail.com,police officer
604,Molli,Kendrick,Molli.Kendrick@dummymail.com,Molli.Kendrick@dummymail.com,worker
605,Deane,Vins,Deane.Vins@dummymail.com,Deane.Vins@dummymail.com,firefighter
606,Myriam,Stefa,Myriam.Stefa@dummymail.com,Myriam.Stefa@dummymail.com,worker
607,Brana,Pond,Brana.Pond@dummymail.com,Brana.Pond@dummymail.com,doctor
608,Perry,Thunell,Perry.Thunell@dummymail.com,Perry.Thunell@dummymail.com,worker
609,Wynne,Konyn,Wynne.Konyn@dummymail.com,Wynne.Konyn@dummymail.com,police officer
610,Christian,Sallyann,Christian.Sallyann@dummymail.com,Christian.Sallyann@dummymail.com,firefighter
611,Luci,Pierette,Luci.Pierette@dummymail.com,Luci.Pierette@dummymail.com,police officer
612,Jolyn,Alarise,Jolyn.Alarise@dummymail.com,Jolyn.Alarise@dummymail.com,firefighter
613,Queenie,Garek,Queenie.Garek@dummymail.com,Queenie.Garek@dummymail.com,worker
614,Brianna,Alwin,Brianna.Alwin@dummymail.com,Brianna.Alwin@dummymail.com,doctor
615,Fanchon,Gerge,Fanchon.Gerge@dummymail.com,Fanchon.Gerge@dummymail.com,doctor
616,Georgina,Hamil,Georgina.Hamil@dummymail.com,Georgina.Hamil@dummymail.com,worker
617,Viki,Jehu,Viki.Jehu@dummymail.com,Viki.Jehu@dummymail.com,firefighter
618,Christian,Miru,Christian.Miru@dummymail.com,Christian.Miru@dummymail.com,worker
619,Elsie,Oscar,Elsie.Oscar@dummymail.com,Elsie.Oscar@dummymail.com,police officer
620,Glynnis,Tristram,Glynnis.Tristram@dummymail.com,Glynnis.Tristram@dummymail.com,police officer
621,Amelia,Gaulin,Amelia.Gaulin@dummymail.com,Amelia.Gaulin@dummymail.com,worker
622,Daphne,Alejoa,Daphne.Alejoa@dummymail.com,Daphne.Alejoa@dummymail.com,doctor
623,Antonietta,Annabella,Antonietta.Annabella@dummymail.com,Antonietta.Annabella@dummymail.com,police officer
624,Nadine,Lauraine,Nadine.Lauraine@dummymail.com,Nadine.Lauraine@dummymail.com,doctor
625,Jacquetta,Torray,Jacquetta.Torray@dummymail.com,Jacquetta.Torray@dummymail.com,worker
626,Melanie,Dudley,Melanie.Dudley@dummymail.com,Melanie.Dudley@dummymail.com,developer
627,Ardenia,Hebner,Ardenia.Hebner@dummymail.com,Ardenia.Hebner@dummymail.com,doctor
628,Jenilee,Redmond,Jenilee.Redmond@dummymail.com,Jenilee.Redmond@dummymail.com,worker
629,Oona,Sawtelle,Oona.Sawtelle@dummymail.com,Oona.Sawtelle@dummymail.com,doctor
630,Adore,Daegal,Adore.Daegal@dummymail.com,Adore.Daegal@dummymail.com,doctor
631,Amalie,Krystle,Amalie.Krystle@dummymail.com,Amalie.Krystle@dummymail.com,worker
632,Willetta,Harl,Willetta.Harl@dummymail.com,Willetta.Harl@dummymail.com,police officer
633,Adriana,Fax,Adriana.Fax@dummymail.com,Adriana.Fax@dummymail.com,doctor
634,Chastity,Ietta,Chastity.Ietta@dummymail.com,Chastity.Ietta@dummymail.com,doctor
635,Cassondra,Kare,Cassondra.Kare@dummymail.com,Cassondra.Kare@dummymail.com,developer
636,Alameda,MacIntosh,Alameda.MacIntosh@dummymail.com,Alameda.MacIntosh@dummymail.com,police officer
637,Doralynne,Cherianne,Doralynne.Cherianne@dummymail.com,Doralynne.Cherianne@dummymail.com,police officer
638,Giustina,Aldric,Giustina.Aldric@dummymail.com,Giustina.Aldric@dummymail.com,worker
639,Iseabal,Harriman,Iseabal.Harriman@dummymail.com,Iseabal.Harriman@dummymail.com,police officer
640,Gale,Morgun,Gale.Morgun@dummymail.com,Gale.Morgun@dummymail.com,police officer
641,Kirstin,Toni,Kirstin.Toni@dummymail.com,Kirstin.Toni@dummymail.com,police officer
642,Hannis,Rudolph,Hannis.Rudolph@dummymail.com,Hannis.Rudolph@dummymail.com,worker
643,Caryl,Papageno,Caryl.Papageno@dummymail.com,Caryl.Papageno@dummymail.com,developer
644,Elka,Killigrew,Elka.Killigrew@dummymail.com,Elka.Killigrew@dummymail.com,developer
645,Sidoney,Estella,Sidoney.Estella@dummymail.com,Sidoney.Estella@dummymail.com,developer
646,Dolli,Birdella,Dolli.Birdella@dummymail.com,Dolli.Birdella@dummymail.com,police officer
647,Gerrie,Jethro,Gerrie.Jethro@dummymail.com,Gerrie.Jethro@dummymail.com,worker
648,Catharine,Dowski,Catharine.Dowski@dummymail.com,Catharine.Dowski@dummymail.com,police officer
649,Jolyn,Malvino,Jolyn.Malvino@dummymail.com,Jolyn.Malvino@dummymail.com,worker
650,Charlena,Stevy,Charlena.Stevy@dummymail.com,Charlena.Stevy@dummymail.com,developer
651,Jackie,Vastah,Jackie.Vastah@dummymail.com,Jackie.Vastah@dummymail.com,worker
652,Lynde,Sabella,Lynde.Sabella@dummymail.com,Lynde.Sabella@dummymail.com,developer
653,Joleen,Palocz,Joleen.Palocz@dummymail.com,Joleen.Palocz@dummymail.com,developer
654,Barbara,Sasnett,Barbara.Sasnett@dummymail.com,Barbara.Sasnett@dummymail.com,developer
655,Andree,Greenwald,Andree.Greenwald@dummymail.com,Andree.Greenwald@dummymail.com,developer
656,Dorthy,Ralfston,Dorthy.Ralfston@dummymail.com,Dorthy.Ralfston@dummymail.com,developer
657,Rosabelle,Maiah,Rosabelle.Maiah@dummymail.com,Rosabelle.Maiah@dummymail.com,firefighter
658,Lyssa,Persse,Lyssa.Persse@dummymail.com,Lyssa.Persse@dummymail.com,doctor
659,Brana,Madox,Brana.Madox@dummymail.com,Brana.Madox@dummymail.com,police officer
660,Nollie,Lalitta,Nollie.Lalitta@dummymail.com,Nollie.Lalitta@dummymail.com,doctor
661,Fredericka,Old,Fredericka.Old@dummymail.com,Fredericka.Old@dummymail.com,worker
662,Magdalena,Trey,Magdalena.Trey@dummymail.com,Magdalena.Trey@dummymail.com,doctor
663,Dorice,Bari,Dorice.Bari@dummymail.com,Dorice.Bari@dummymail.com,doctor
664,Kara-Lynn,Rhu,Kara-Lynn.Rhu@dummymail.com,Kara-Lynn.Rhu@dummymail.com,firefighter
665,Amara,Koziara,Amara.Koziara@dummymail.com,Amara.Koziara@dummymail.com,police officer
666,Annecorinne,Colyer,Annecorinne.Colyer@dummymail.com,Annecorinne.Colyer@dummymail.com,doctor
667,Corly,Audly,Corly.Audly@dummymail.com,Corly.Audly@dummymail.com,developer
668,Kerrin,Zrike,Kerrin.Zrike@dummymail.com,Kerrin.Zrike@dummymail.com,developer
669,Grier,Germann,Grier.Germann@dummymail.com,Grier.Germann@dummymail.com,police officer
670,Roslyn,Linehan,Roslyn.Linehan@dummymail.com,Roslyn.Linehan@dummymail.com,developer
671,Averyl,Cordi,Averyl.Cordi@dummymail.com,Averyl.Cordi@dummymail.com,police officer
672,Stephanie,Morehouse,Stephanie.Morehouse@dummymail.com,Stephanie.Morehouse@dummymail.com,developer
673,Kelly,Kenwood,Kelly.Kenwood@dummymail.com,Kelly.Kenwood@dummymail.com,worker
674,Daphne,Buckler,Daphne.Buckler@dummymail.com,Daphne.Buckler@dummymail.com,police officer
675,Melisent,Doig,Melisent.Doig@dummymail.com,Melisent.Doig@dummymail.com,firefighter
676,Myrtice,Fairweather,Myrtice.Fairweather@dummymail.com,Myrtice.Fairweather@dummymail.com,police officer
677,Ilse,Yoko,Ilse.Yoko@dummymail.com,Ilse.Yoko@dummymail.com,police officer
678,Therine,Esmaria,Therine.Esmaria@dummymail.com,Therine.Esmaria@dummymail.com,doctor
679,Gilligan,Barbey,Gilligan.Barbey@dummymail.com,Gilligan.Barbey@dummymail.com,worker
680,Kamilah,Sikorski,Kamilah.Sikorski@dummymail.com,Kamilah.Sikorski@dummymail.com,worker
681,Ana,Loeb,Ana.Loeb@dummymail.com,Ana.Loeb@dummymail.com,developer
682,Briney,Jorgan,Briney.Jorgan@dummymail.com,Briney.Jorgan@dummymail.com,doctor
683,Susette,Norrie,Susette.Norrie@dummymail.com,Susette.Norrie@dummymail.com,developer
684,Jenilee,Allina,Jenilee.Allina@dummymail.com,Jenilee.Allina@dummymail.com,doctor
685,Nessie,Tippets,Nessie.Tippets@dummymail.com,Nessie.Tippets@dummymail.com,firefighter
686,Lorne,Sheedy,Lorne.Sheedy@dummymail.com,Lorne.Sheedy@dummymail.com,police officer
687,Joy,Arley,Joy.Arley@dummymail.com,Joy.Arley@dummymail.com,firefighter
688,Belva,Irmine,Belva.Irmine@dummymail.com,Belva.Irmine@dummymail.com,doctor
689,Doralynne,Mauer,Doralynne.Mauer@dummymail.com,Doralynne.Mauer@dummymail.com,doctor
690,Mildrid,Dowski,Mildrid.Dowski@dummymail.com,Mildrid.Dowski@dummymail.com,firefighter
691,Jordan,Riva,Jordan.Riva@dummymail.com,Jordan.Riva@dummymail.com,police officer
692,Merry,Tybald,Merry.Tybald@dummymail.com,Merry.Tybald@dummymail.com,doctor
693,Phylis,Elbertina,Phylis.Elbertina@dummymail.com,Phylis.Elbertina@dummymail.com,doctor
694,Belinda,Poppy,Belinda.Poppy@dummymail.com,Belinda.Poppy@dummymail.com,firefighter
695,Berta,Emmy,Berta.Emmy@dummymail.com,Berta.Emmy@dummymail.com,developer
696,Gale,Monk,Gale.Monk@dummymail.com,Gale.Monk@dummymail.com,worker
697,Clo,Keelia,Clo.Keelia@dummymail.com,Clo.Keelia@dummymail.com,developer
698,Kamilah,Pillsbury,Kamilah.Pillsbury@dummymail.com,Kamilah.Pillsbury@dummymail.com,firefighter
699,Marcelline,Rebecka,Marcelline.Rebecka@dummymail.com,Marcelline.Rebecka@dummymail.com,firefighter
700,Correy,Francene,Correy.Francene@dummymail.com,Correy.Francene@dummymail.com,firefighter
701,Petronia,Ackerley,Petronia.Ackerley@dummymail.com,Petronia.Ackerley@dummymail.com,police officer
702,Moyna,Schroth,Moyna.Schroth@dummymail.com,Moyna.Schroth@dummymail.com,worker
703,Pamella,Greyson,Pamella.Greyson@dummymail.com,Pamella.Greyson@dummymail.com,worker
704,Frances,Cavan,Frances.Cavan@dummymail.com,Frances.Cavan@dummymail.com,police officer
705,Jere,Jacinda,Jere.Jacinda@dummymail.com,Jere.Jacinda@dummymail.com,worker
706,Arabel,Roscoe,Arabel.Roscoe@dummymail.com,Arabel.Roscoe@dummymail.com,firefighter
707,Hope,Ochs,Hope.Ochs@dummymail.com,Hope.Ochs@dummymail.com,police officer
708,Wanda,Zachary,Wanda.Zachary@dummymail.com,Wanda.Zachary@dummymail.com,firefighter
709,Meg,Middleton,Meg.Middleton@dummymail.com,Meg.Middleton@dummymail.com,police officer
710,Yetty,Tamar,Yetty.Tamar@dummymail.com,Yetty.Tamar@dummymail.com,firefighter
711,Bibby,Tacye,Bibby.Tacye@dummymail.com,Bibby.Tacye@dummymail.com,firefighter
712,Gavrielle,Gower,Gavrielle.Gower@dummymail.com,Gavrielle.Gower@dummymail.com,doctor
713,Tabbatha,Moseley,Tabbatha.Moseley@dummymail.com,Tabbatha.Moseley@dummymail.com,police officer
714,Blinni,Yate,Blinni.Yate@dummymail.com,Blinni.Yate@dummymail.com,doctor
715,Albertina,Concha,Albertina.Concha@dummymail.com,Albertina.Concha@dummymail.com,worker
716,Atlanta,Breed,Atlanta.Breed@dummymail.com,Atlanta.Breed@dummymail.com,worker
717,Judy,Colyer,Judy.Colyer@dummymail.com,Judy.Colyer@dummymail.com,doctor
718,Randa,Cleavland,Randa.Cleavland@dummymail.com,Randa.Cleavland@dummymail.com,firefighter
719,Sara-Ann,Cyrie,Sara-Ann.Cyrie@dummymail.com,Sara-Ann.Cyrie@dummymail.com,worker
720,Barbi,Monaco,Barbi.Monaco@dummymail.com,Barbi.Monaco@dummymail.com,worker
721,Kristina,Dreda,Kristina.Dreda@dummymail.com,Kristina.Dreda@dummymail.com,firefighter
722,Frieda,Georas,Frieda.Georas@dummymail.com,Frieda.Georas@dummymail.com,doctor
723,Sheree,Poll,Sheree.Poll@dummymail.com,Sheree.Poll@dummymail.com,police officer
724,Eolanda,Anderea,Eolanda.Anderea@dummymail.com,Eolanda.Anderea@dummymail.com,developer
725,Elise,Saunderson,Elise.Saunderson@dummymail.com,Elise.Saunderson@dummymail.com,developer
726,Dyann,Dash,Dyann.Dash@dummymail.com,Dyann.Dash@dummymail.com,firefighter
727,Melanie,Boycey,Melanie.Boycey@dummymail.com,Melanie.Boycey@dummymail.com,police officer
728,Carlie,Cimbura,Carlie.Cimbura@dummymail.com,Carlie.Cimbura@dummymail.com,developer
729,Ruthe,Magnolia,Ruthe.Magnolia@dummymail.com,Ruthe.Magnolia@dummymail.com,worker
730,Cindelyn,Sparhawk,Cindelyn.Sparhawk@dummymail.com,Cindelyn.Sparhawk@dummymail.com,police officer
731,Zaria,Vernier,Zaria.Vernier@dummymail.com,Zaria.Vernier@dummymail.com,worker
732,Dyann,Tayib,Dyann.Tayib@dummymail.com,Dyann.Tayib@dummymail.com,doctor
733,Stacey,Alejoa,Stacey.Alejoa@dummymail.com,Stacey.Alejoa@dummymail.com,developer
734,Sybille,Tamar,Sybille.Tamar@dummymail.com,Sybille.Tamar@dummymail.com,firefighter
735,Gabi,Jacinda,Gabi.Jacinda@dummymail.com,Gabi.Jacinda@dummymail.com,police officer
736,Barbi,Caitlin,Barbi.Caitlin@dummymail.com,Barbi.Caitlin@dummymail.com,developer
737,Madelle,Romelda,Madelle.Romelda@dummymail.com,Madelle.Romelda@dummymail.com,worker
738,Valera,Kaja,Valera.Kaja@dummymail.com,Valera.Kaja@dummymail.com,doctor
739,Rhea,Liebermann,Rhea.Liebermann@dummymail.com,Rhea.Liebermann@dummymail.com,doctor
740,Jeanna,Fairweather,Jeanna.Fairweather@dummymail.com,Jeanna.Fairweather@dummymail.com,doctor
741,Felice,Thunell,Felice.Thunell@dummymail.com,Felice.Thunell@dummymail.com,developer
742,Kamilah,Voletta,Kamilah.Voletta@dummymail.com,Kamilah.Voletta@dummymail.com,firefighter
743,Bobinette,Bow,Bobinette.Bow@dummymail.com,Bobinette.Bow@dummymail.com,worker
744,Kaja,Keelia,Kaja.Keelia@dummymail.com,Kaja.Keelia@dummymail.com,firefighter
745,Kate,Stephie,Kate.Stephie@dummymail.com,Kate.Stephie@dummymail.com,developer
746,Shandie,Jarib,Shandie.Jarib@dummymail.com,Shandie.Jarib@dummymail.com,firefighter
747,Edee,Rugen,Edee.Rugen@dummymail.com,Edee.Rugen@dummymail.com,doctor
748,Mignon,Herrera,Mignon.Herrera@dummymail.com,Mignon.Herrera@dummymail.com,firefighter
749,Nicoli,Cleo,Nicoli.Cleo@dummymail.com,Nicoli.Cleo@dummymail.com,doctor
750,Shannah,Cath,Shannah.Cath@dummymail.com,Shannah.Cath@dummymail.com,police officer
751,Babita,Francene,Babita.Francene@dummymail.com,Babita.Francene@dummymail.com,worker
752,Clementine,Xerxes,Clementine.Xerxes@dummymail.com,Clementine.Xerxes@dummymail.com,police officer
753,Fayre,Libna,Fayre.Libna@dummymail.com,Fayre.Libna@dummymail.com,doctor
754,Karolina,Faso,Karolina.Faso@dummymail.com,Karolina.Faso@dummymail.com,firefighter
755,Fanchon,Viddah,Fanchon.Viddah@dummymail.com,Fanchon.Viddah@dummymail.com,developer
756,Joeann,Delacourt,Joeann.Delacourt@dummymail.com,Joeann.Delacourt@dummymail.com,doctor
757,Larine,Darbie,Larine.Darbie@dummymail.com,Larine.Darbie@dummymail.com,worker
758,Marylou,Annabella,Marylou.Annabella@dummymail.com,Marylou.Annabella@dummymail.com,worker
759,Atlanta,Kristi,Atlanta.Kristi@dummymail.com,Atlanta.Kristi@dummymail.com,police officer
760,Teddie,Sancho,Teddie.Sancho@dummymail.com,Teddie.Sancho@dummymail.com,developer
761,Madeleine,Pauly,Madeleine.Pauly@dummymail.com,Madeleine.Pauly@dummymail.com,firefighter
762,Marti,Rebecka,Marti.Rebecka@dummymail.com,Marti.Rebecka@dummymail.com,firefighter
763,Cindelyn,Rheingold,Cindelyn.Rheingold@dummymail.com,Cindelyn.Rheingold@dummymail.com,firefighter
764,Jillayne,Hurley,Jillayne.Hurley@dummymail.com,Jillayne.Hurley@dummymail.com,developer
765,Fawne,Chick,Fawne.Chick@dummymail.com,Fawne.Chick@dummymail.com,firefighter
766,Aryn,Yerkovich,Aryn.Yerkovich@dummymail.com,Aryn.Yerkovich@dummymail.com,worker
767,Oralee,Danby,Oralee.Danby@dummymail.com,Oralee.Danby@dummymail.com,firefighter
768,Micheline,Quinn,Micheline.Quinn@dummymail.com,Micheline.Quinn@dummymail.com,firefighter
769,Roberta,McNully,Roberta.McNully@dummymail.com,Roberta.McNully@dummymail.com,police officer
770,Wendi,Miru,Wendi.Miru@dummymail.com,Wendi.Miru@dummymail.com,developer
771,Addia,Aaberg,Addia.Aaberg@dummymail.com,Addia.Aaberg@dummymail.com,developer
772,Barbi,Corilla,Barbi.Corilla@dummymail.com,Barbi.Corilla@dummymail.com,developer
773,Danika,Prouty,Danika.Prouty@dummymail.com,Danika.Prouty@dummymail.com,doctor
774,Ayn,Pozzy,Ayn.Pozzy@dummymail.com,Ayn.Pozzy@dummymail.com,police officer
775,Leona,Dorine,Leona.Dorine@dummymail.com,Leona.Dorine@dummymail.com,worker
776,Vonny,Nickola,Vonny.Nickola@dummymail.com,Vonny.Nickola@dummymail.com,police officer
777,Therine,Gaal,Therine.Gaal@dummymail.com,Therine.Gaal@dummymail.com,doctor
778,Lexine,Rooney,Lexine.Rooney@dummymail.com,Lexine.Rooney@dummymail.com,developer
779,Nita,Libna,Nita.Libna@dummymail.com,Nita.Libna@dummymail.com,police officer
780,Zia,Gaynor,Zia.Gaynor@dummymail.com,Zia.Gaynor@dummymail.com,firefighter
781,Cassondra,Corabella,Cassondra.Corabella@dummymail.com,Cassondra.Corabella@dummymail.com,worker
782,Frieda,Sekofski,Frieda.Sekofski@dummymail.com,Frieda.Sekofski@dummymail.com,developer
783,Lyssa,Saunderson,Lyssa.Saunderson@dummymail.com,Lyssa.Saunderson@dummymail.com,worker
784,Jaime,Sholley,Jaime.Sholley@dummymail.com,Jaime.Sholley@dummymail.com,worker
785,Christian,Anis,Christian.Anis@dummymail.com,Christian.Anis@dummymail.com,developer
786,Carmencita,Gahl,Carmencita.Gahl@dummymail.com,Carmencita.Gahl@dummymail.com,developer
787,Winny,Kirbee,Winny.Kirbee@dummymail.com,Winny.Kirbee@dummymail.com,firefighter
788,Xylina,Brittani,Xylina.Brittani@dummymail.com,Xylina.Brittani@dummymail.com,firefighter
789,Michaelina,Wyn,Michaelina.Wyn@dummymail.com,Michaelina.Wyn@dummymail.com,police officer
790,Eve,Hull,Eve.Hull@dummymail.com,Eve.Hull@dummymail.com,worker
791,Chloris,Podvin,Chloris.Podvin@dummymail.com,Chloris.Podvin@dummymail.com,doctor
792,Nerta,Silvan,Nerta.Silvan@dummymail.com,Nerta.Silvan@dummymail.com,worker
793,Jasmina,Lattie,Jasmina.Lattie@dummymail.com,Jasmina.Lattie@dummymail.com,doctor
794,Lanna,Vale,Lanna.Vale@dummymail.com,Lanna.Vale@dummymail.com,firefighter
795,Ottilie,Parsaye,Ottilie.Parsaye@dummymail.com,Ottilie.Parsaye@dummymail.com,worker
796,Lizzie,Means,Lizzie.Means@dummymail.com,Lizzie.Means@dummymail.com,firefighter
797,Joceline,Ursulette,Joceline.Ursulette@dummymail.com,Joceline.Ursulette@dummymail.com,firefighter
798,Daryl,Kussell,Daryl.Kussell@dummymail.com,Daryl.Kussell@dummymail.com,doctor
799,Kimmy,Lattie,Kimmy.Lattie@dummymail.com,Kimmy.Lattie@dummymail.com,police officer
800,Marcy,Masao,Marcy.Masao@dummymail.com,Marcy.Masao@dummymail.com,worker
801,Alameda,Goth,Alameda.Goth@dummymail.com,Alameda.Goth@dummymail.com,police officer
802,Deedee,Meter,Deedee.Meter@dummymail.com,Deedee.Meter@dummymail.com,doctor
803,Chloris,Syd,Chloris.Syd@dummymail.com,Chloris.Syd@dummymail.com,worker
804,Ana,Rolf,Ana.Rolf@dummymail.com,Ana.Rolf@dummymail.com,firefighter
805,Layla,Roscoe,Layla.Roscoe@dummymail.com,Layla.Roscoe@dummymail.com,firefighter
806,Beatriz,Viddah,Beatriz.Viddah@dummymail.com,Beatriz.Viddah@dummymail.com,police officer
807,Joane,Cookie,Joane.Cookie@dummymail.com,Joane.Cookie@dummymail.com,firefighter
808,Rosene,Sperling,Rosene.Sperling@dummymail.com,Rosene.Sperling@dummymail.com,firefighter
809,Daryl,Maribeth,Daryl.Maribeth@dummymail.com,Daryl.Maribeth@dummymail.com,police officer
810,Peri,Sekofski,Peri.Sekofski@dummymail.com,Peri.Sekofski@dummymail.com,firefighter
811,Roseline,Shama,Roseline.Shama@dummymail.com,Roseline.Shama@dummymail.com,worker
812,Elena,Ehrman,Elena.Ehrman@dummymail.com,Elena.Ehrman@dummymail.com,police officer
813,Imojean,Lia,Imojean.Lia@dummymail.com,Imojean.Lia@dummymail.com,worker
814,Mellicent,Japeth,Mellicent.Japeth@dummymail.com,Mellicent.Japeth@dummymail.com,worker
815,Tani,Ehrman,Tani.Ehrman@dummymail.com,Tani.Ehrman@dummymail.com,doctor
816,Carly,Ader,Carly.Ader@dummymail.com,Carly.Ader@dummymail.com,worker
817,Britni,Rogerio,Britni.Rogerio@dummymail.com,Britni.Rogerio@dummymail.com,developer
818,Adore,Euridice,Adore.Euridice@dummymail.com,Adore.Euridice@dummymail.com,firefighter
819,Claresta,Marden,Claresta.Marden@dummymail.com,Claresta.Marden@dummymail.com,developer
820,Chrystel,Mehalek,Chrystel.Mehalek@dummymail.com,Chrystel.Mehalek@dummymail.com,developer
821,Fernande,Magdalen,Fernande.Magdalen@dummymail.com,Fernande.Magdalen@dummymail.com,police officer
822,Tybie,Mayeda,Tybie.Mayeda@dummymail.com,Tybie.Mayeda@dummymail.com,worker
823,Andeee,Burkle,Andeee.Burkle@dummymail.com,Andeee.Burkle@dummymail.com,worker
824,Eugine,Fleeta,Eugine.Fleeta@dummymail.com,Eugine.Fleeta@dummymail.com,police officer
825,Augustine,Weitman,Augustine.Weitman@dummymail.com,Augustine.Weitman@dummymail.com,worker
826,Damaris,Edmund,Damaris.Edmund@dummymail.com,Damaris.Edmund@dummymail.com,developer
827,Elise,Whiffen,Elise.Whiffen@dummymail.com,Elise.Whiffen@dummymail.com,firefighter
828,Marinna,Greenwald,Marinna.Greenwald@dummymail.com,Marinna.Greenwald@dummymail.com,police officer
829,Jenilee,Pettiford,Jenilee.Pettiford@dummymail.com,Jenilee.Pettiford@dummymail.com,police officer
830,Cacilie,Vastah,Cacilie.Vastah@dummymail.com,Cacilie.Vastah@dummymail.com,worker
831,Adele,Shelba,Adele.Shelba@dummymail.com,Adele.Shelba@dummymail.com,police officer
832,Lynea,Sophronia,Lynea.Sophronia@dummymail.com,Lynea.Sophronia@dummymail.com,worker
833,Cissiee,Hoenack,Cissiee.Hoenack@dummymail.com,Cissiee.Hoenack@dummymail.com,worker
834,Rozele,Havens,Rozele.Havens@dummymail.com,Rozele.Havens@dummymail.com,police officer
835,Roz,Shuler,Roz.Shuler@dummymail.com,Roz.Shuler@dummymail.com,worker
836,Chrystel,Ashok,Chrystel.Ashok@dummymail.com,Chrystel.Ashok@dummymail.com,firefighter
837,Marita,Orelee,Marita.Orelee@dummymail.com,Marita.Orelee@dummymail.com,police officer
838,Amii,Warthman,Amii.Warthman@dummymail.com,Amii.Warthman@dummymail.com,firefighter
839,Fanchon,Poppy,Fanchon.Poppy@dummymail.com,Fanchon.Poppy@dummymail.com,worker
840,Nonnah,Dorine,Nonnah.Dorine@dummymail.com,Nonnah.Dorine@dummymail.com,worker
841,Moyna,Parsaye,Moyna.Parsaye@dummymail.com,Moyna.Parsaye@dummymail.com,firefighter
842,Marguerite,Magdalen,Marguerite.Magdalen@dummymail.com,Marguerite.Magdalen@dummymail.com,police officer
843,Collen,Ochs,Collen.Ochs@dummymail.com,Collen.Ochs@dummymail.com,developer
844,Almeta,Grayce,Almeta.Grayce@dummymail.com,Almeta.Grayce@dummymail.com,firefighter
845,Asia,Anis,Asia.Anis@dummymail.com,Asia.Anis@dummymail.com,worker
846,Latisha,Tippets,Latisha.Tippets@dummymail.com,Latisha.Tippets@dummymail.com,worker
847,Minne,Oster,Minne.Oster@dummymail.com,Minne.Oster@dummymail.com,developer
848,Sibella,Mendez,Sibella.Mendez@dummymail.com,Sibella.Mendez@dummymail.com,worker
849,Lynnea,Ax,Lynnea.Ax@dummymail.com,Lynnea.Ax@dummymail.com,police officer
850,Minda,Dunkin,Minda.Dunkin@dummymail.com,Minda.Dunkin@dummymail.com,police officer
851,Frieda,Wareing,Frieda.Wareing@dummymail.com,Frieda.Wareing@dummymail.com,firefighter
852,Shaylyn,Prober,Shaylyn.Prober@dummymail.com,Shaylyn.Prober@dummymail.com,firefighter
853,Dari,Keily,Dari.Keily@dummymail.com,Dari.Keily@dummymail.com,police officer
854,Corene,Shields,Corene.Shields@dummymail.com,Corene.Shields@dummymail.com,police officer
855,Paola,Jary,Paola.Jary@dummymail.com,Paola.Jary@dummymail.com,police officer
856,Rivalee,Chobot,Rivalee.Chobot@dummymail.com,Rivalee.Chobot@dummymail.com,doctor
857,Gloria,Heisel,Gloria.Heisel@dummymail.com,Gloria.Heisel@dummymail.com,firefighter
858,Jean,Izaak,Jean.Izaak@dummymail.com,Jean.Izaak@dummymail.com,police officer
859,Hope,Stuart,Hope.Stuart@dummymail.com,Hope.Stuart@dummymail.com,developer
860,Carlie,Maisey,Carlie.Maisey@dummymail.com,Carlie.Maisey@dummymail.com,doctor
861,Mathilda,Ries,Mathilda.Ries@dummymail.com,Mathilda.Ries@dummymail.com,developer
862,Misha,Melony,Misha.Melony@dummymail.com,Misha.Melony@dummymail.com,firefighter
863,Marita,Guthrie,Marita.Guthrie@dummymail.com,Marita.Guthrie@dummymail.com,police officer
864,Blinni,Vharat,Blinni.Vharat@dummymail.com,Blinni.Vharat@dummymail.com,developer
865,Constance,Dunkin,Constance.Dunkin@dummymail.com,Constance.Dunkin@dummymail.com,worker
866,Ardys,Giff,Ardys.Giff@dummymail.com,Ardys.Giff@dummymail.com,worker
867,Betta,Ricarda,Betta.Ricarda@dummymail.com,Betta.Ricarda@dummymail.com,doctor
868,Gilligan,Malanie,Gilligan.Malanie@dummymail.com,Gilligan.Malanie@dummymail.com,developer
869,Krystle,Boehike,Krystle.Boehike@dummymail.com,Krystle.Boehike@dummymail.com,police officer
870,Nerta,Alrich,Nerta.Alrich@dummymail.com,Nerta.Alrich@dummymail.com,worker
871,Rayna,Creamer,Rayna.Creamer@dummymail.com,Rayna.Creamer@dummymail.com,police officer
872,Taffy,Kronfeld,Taffy.Kronfeld@dummymail.com,Taffy.Kronfeld@dummymail.com,worker
873,Edith,Friede,Edith.Friede@dummymail.com,Edith.Friede@dummymail.com,worker
874,Renie,Magnolia,Renie.Magnolia@dummymail.com,Renie.Magnolia@dummymail.com,police officer
875,Ira,Tice,Ira.Tice@dummymail.com,Ira.Tice@dummymail.com,doctor
876,Albertina,Zeeba,Albertina.Zeeba@dummymail.com,Albertina.Zeeba@dummymail.com,firefighter
877,Ethel,Merriott,Ethel.Merriott@dummymail.com,Ethel.Merriott@dummymail.com,developer
878,Kirbee,Ietta,Kirbee.Ietta@dummymail.com,Kirbee.Ietta@dummymail.com,worker
879,Amalie,Vernier,Amalie.Vernier@dummymail.com,Amalie.Vernier@dummymail.com,firefighter
880,Zia,Center,Zia.Center@dummymail.com,Zia.Center@dummymail.com,worker
881,Harmonia,Fitzsimmons,Harmonia.Fitzsimmons@dummymail.com,Harmonia.Fitzsimmons@dummymail.com,police officer
882,Mallory,Telfer,Mallory.Telfer@dummymail.com,Mallory.Telfer@dummymail.com,firefighter
883,Melina,Flyn,Melina.Flyn@dummymail.com,Melina.Flyn@dummymail.com,doctor
884,Ezmeralda,Cynar,Ezmeralda.Cynar@dummymail.com,Ezmeralda.Cynar@dummymail.com,doctor
885,Adelle,Payson,Adelle.Payson@dummymail.com,Adelle.Payson@dummymail.com,doctor
886,Dennie,Buffum,Dennie.Buffum@dummymail.com,Dennie.Buffum@dummymail.com,doctor
887,Drucie,Ilka,Drucie.Ilka@dummymail.com,Drucie.Ilka@dummymail.com,police officer
888,Beatriz,Leonard,Beatriz.Leonard@dummymail.com,Beatriz.Leonard@dummymail.com,worker
889,Bobinette,Thar,Bobinette.Thar@dummymail.com,Bobinette.Thar@dummymail.com,police officer
890,Sophia,Kevon,Sophia.Kevon@dummymail.com,Sophia.Kevon@dummymail.com,doctor
891,Leeanne,Valoniah,Leeanne.Valoniah@dummymail.com,Leeanne.Valoniah@dummymail.com,developer
892,Tilly,Wadell,Tilly.Wadell@dummymail.com,Tilly.Wadell@dummymail.com,police officer
893,Rhoda,Eugenia,Rhoda.Eugenia@dummymail.com,Rhoda.Eugenia@dummymail.com,developer
894,Desirae,Bevin,Desirae.Bevin@dummymail.com,Desirae.Bevin@dummymail.com,worker
895,Lonnie,Durante,Lonnie.Durante@dummymail.com,Lonnie.Durante@dummymail.com,developer
896,Dorothy,Brian,Dorothy.Brian@dummymail.com,Dorothy.Brian@dummymail.com,doctor
897,Jerry,Pearse,Jerry.Pearse@dummymail.com,Jerry.Pearse@dummymail.com,firefighter
898,Vere,Magnolia,Vere.Magnolia@dummymail.com,Vere.Magnolia@dummymail.com,firefighter
899,Tabbatha,Erlandson,Tabbatha.Erlandson@dummymail.com,Tabbatha.Erlandson@dummymail.com,firefighter
900,Michaelina,Terrence,Michaelina.Terrence@dummymail.com,Michaelina.Terrence@dummymail.com,worker
901,Meghann,Cadmar,Meghann.Cadmar@dummymail.com,Meghann.Cadmar@dummymail.com,worker
902,Thalia,Bury,Thalia.Bury@dummymail.com,Thalia.Bury@dummymail.com,doctor
903,Mureil,Stacy,Mureil.Stacy@dummymail.com,Mureil.Stacy@dummymail.com,firefighter
904,Mara,Tound,Mara.Tound@dummymail.com,Mara.Tound@dummymail.com,police officer
905,Janey,Afton,Janey.Afton@dummymail.com,Janey.Afton@dummymail.com,police officer
906,Corry,Lucienne,Corry.Lucienne@dummymail.com,Corry.Lucienne@dummymail.com,developer
907,Evita,McCutcheon,Evita.McCutcheon@dummymail.com,Evita.McCutcheon@dummymail.com,doctor
908,Lisette,Sholley,Lisette.Sholley@dummymail.com,Lisette.Sholley@dummymail.com,doctor
909,Joelly,Vilma,Joelly.Vilma@dummymail.com,Joelly.Vilma@dummymail.com,worker
910,Annecorinne,Wolfgram,Annecorinne.Wolfgram@dummymail.com,Annecorinne.Wolfgram@dummymail.com,doctor
911,Beverley,Willie,Beverley.Willie@dummymail.com,Beverley.Willie@dummymail.com,police officer
912,Phedra,Wilkinson,Phedra.Wilkinson@dummymail.com,Phedra.Wilkinson@dummymail.com,firefighter
913,Gilligan,Pelagias,Gilligan.Pelagias@dummymail.com,Gilligan.Pelagias@dummymail.com,firefighter
914,Nonnah,Pyle,Nonnah.Pyle@dummymail.com,Nonnah.Pyle@dummymail.com,police officer
915,Elvira,Earlie,Elvira.Earlie@dummymail.com,Elvira.Earlie@dummymail.com,doctor
916,Belva,Francyne,Belva.Francyne@dummymail.com,Belva.Francyne@dummymail.com,worker
917,Bibby,Chapland,Bibby.Chapland@dummymail.com,Bibby.Chapland@dummymail.com,developer
918,Romona,McAdams,Romona.McAdams@dummymail.com,Romona.McAdams@dummymail.com,doctor
919,Willetta,Daegal,Willetta.Daegal@dummymail.com,Willetta.Daegal@dummymail.com,police officer
920,Liana,Kenwood,Liana.Kenwood@dummymail.com,Liana.Kenwood@dummymail.com,firefighter
921,Joeann,Bandeen,Joeann.Bandeen@dummymail.com,Joeann.Bandeen@dummymail.com,worker
922,Cassandra,Larochelle,Cassandra.Larochelle@dummymail.com,Cassandra.Larochelle@dummymail.com,developer
923,Shaine,Socha,Shaine.Socha@dummymail.com,Shaine.Socha@dummymail.com,doctor
924,Bobinette,Yerkovich,Bobinette.Yerkovich@dummymail.com,Bobinette.Yerkovich@dummymail.com,police officer
925,Tilly,Himelman,Tilly.Himelman@dummymail.com,Tilly.Himelman@dummymail.com,police officer
926,Fayre,Neils,Fayre.Neils@dummymail.com,Fayre.Neils@dummymail.com,firefighter
927,Augustine,Alcott,Augustine.Alcott@dummymail.com,Augustine.Alcott@dummymail.com,firefighter
928,Pamella,Girardo,Pamella.Girardo@dummymail.com,Pamella.Girardo@dummymail.com,worker
929,June,Goerke,June.Goerke@dummymail.com,June.Goerke@dummymail.com,doctor
930,Belinda,Erich,Belinda.Erich@dummymail.com,Belinda.Erich@dummymail.com,police officer
931,Candi,Jammal,Candi.Jammal@dummymail.com,Candi.Jammal@dummymail.com,firefighter
932,Pierette,Brunell,Pierette.Brunell@dummymail.com,Pierette.Brunell@dummymail.com,firefighter
933,Robinia,Eliathas,Robinia.Eliathas@dummymail.com,Robinia.Eliathas@dummymail.com,worker
934,Dede,Hartnett,Dede.Hartnett@dummymail.com,Dede.Hartnett@dummymail.com,doctor
935,Georgetta,Noelyn,Georgetta.Noelyn@dummymail.com,Georgetta.Noelyn@dummymail.com,worker
936,Giustina,Lia,Giustina.Lia@dummymail.com,Giustina.Lia@dummymail.com,worker
937,Tiffie,Harl,Tiffie.Harl@dummymail.com,Tiffie.Harl@dummymail.com,developer
938,Nelle,Mandler,Nelle.Mandler@dummymail.com,Nelle.Mandler@dummymail.com,doctor
939,Aurelie,Bouchard,Aurelie.Bouchard@dummymail.com,Aurelie.Bouchard@dummymail.com,developer
940,Winny,Lorain,Winny.Lorain@dummymail.com,Winny.Lorain@dummymail.com,firefighter
941,Karlee,Taam,Karlee.Taam@dummymail.com,Karlee.Taam@dummymail.com,doctor
942,Yetty,Emanuel,Yetty.Emanuel@dummymail.com,Yetty.Emanuel@dummymail.com,worker
943,Genevra,Zuzana,Genevra.Zuzana@dummymail.com,Genevra.Zuzana@dummymail.com,doctor
944,Hannis,Latini,Hannis.Latini@dummymail.com,Hannis.Latini@dummymail.com,firefighter
945,Georgetta,Yate,Georgetta.Yate@dummymail.com,Georgetta.Yate@dummymail.com,worker
946,Tiffie,Constancy,Tiffie.Constancy@dummymail.com,Tiffie.Constancy@dummymail.com,firefighter
947,Marcelline,Carmena,Marcelline.Carmena@dummymail.com,Marcelline.Carmena@dummymail.com,developer
948,Ricky,Shaddock,Ricky.Shaddock@dummymail.com,Ricky.Shaddock@dummymail.com,police officer
949,Rhoda,Kamaria,Rhoda.Kamaria@dummymail.com,Rhoda.Kamaria@dummymail.com,worker
950,Loree,Seumas,Loree.Seumas@dummymail.com,Loree.Seumas@dummymail.com,firefighter
951,Randa,Amasa,Randa.Amasa@dummymail.com,Randa.Amasa@dummymail.com,firefighter
952,Gianina,Ezar,Gianina.Ezar@dummymail.com,Gianina.Ezar@dummymail.com,police officer
953,Aurelie,Chaing,Aurelie.Chaing@dummymail.com,Aurelie.Chaing@dummymail.com,police officer
954,Ida,Estella,Ida.Estella@dummymail.com,Ida.Estella@dummymail.com,firefighter
955,Noelle,Hertzfeld,Noelle.Hertzfeld@dummymail.com,Noelle.Hertzfeld@dummymail.com,police officer
956,Shannah,Birdella,Shannah.Birdella@dummymail.com,Shannah.Birdella@dummymail.com,worker
957,Zondra,Montgomery,Zondra.Montgomery@dummymail.com,Zondra.Montgomery@dummymail.com,worker
958,Wanda,Honoria,Wanda.Honoria@dummymail.com,Wanda.Honoria@dummymail.com,developer
959,Caritta,Screens,Caritta.Screens@dummymail.com,Caritta.Screens@dummymail.com,police officer
960,Dode,Kronfeld,Dode.Kronfeld@dummymail.com,Dode.Kronfeld@dummymail.com,developer
961,Felice,Martguerita,Felice.Martguerita@dummymail.com,Felice.Martguerita@dummymail.com,developer
962,Kimberley,Wesle,Kimberley.Wesle@dummymail.com,Kimberley.Wesle@dummymail.com,firefighter
963,Dagmar,Whittaker,Dagmar.Whittaker@dummymail.com,Dagmar.Whittaker@dummymail.com,doctor
964,Bee,Mathilde,Bee.Mathilde@dummymail.com,Bee.Mathilde@dummymail.com,worker
965,Darlleen,Blisse,Darlleen.Blisse@dummymail.com,Darlleen.Blisse@dummymail.com,developer
966,Agathe,Yam,Agathe.Yam@dummymail.com,Agathe.Yam@dummymail.com,worker
967,Hayley,Ortrude,Hayley.Ortrude@dummymail.com,Hayley.Ortrude@dummymail.com,firefighter
968,Aaren,Braun,Aaren.Braun@dummymail.com,Aaren.Braun@dummymail.com,developer
969,Marcelline,Sikorski,Marcelline.Sikorski@dummymail.com,Marcelline.Sikorski@dummymail.com,worker
970,Daphne,Han,Daphne.Han@dummymail.com,Daphne.Han@dummymail.com,doctor
971,Elsie,Pozzy,Elsie.Pozzy@dummymail.com,Elsie.Pozzy@dummymail.com,police officer
972,Rochette,Malanie,Rochette.Malanie@dummymail.com,Rochette.Malanie@dummymail.com,developer
973,Elena,Yuille,Elena.Yuille@dummymail.com,Elena.Yuille@dummymail.com,firefighter
974,Dolli,Brotherson,Dolli.Brotherson@dummymail.com,Dolli.Brotherson@dummymail.com,doctor
975,Feliza,Bettine,Feliza.Bettine@dummymail.com,Feliza.Bettine@dummymail.com,police officer
976,Annaliese,Sidonius,Annaliese.Sidonius@dummymail.com,Annaliese.Sidonius@dummymail.com,worker
977,Willetta,Johnsson,Willetta.Johnsson@dummymail.com,Willetta.Johnsson@dummymail.com,firefighter
978,Hayley,Tippets,Hayley.Tippets@dummymail.com,Hayley.Tippets@dummymail.com,developer
979,Elmira,Hourigan,Elmira.Hourigan@dummymail.com,Elmira.Hourigan@dummymail.com,developer
980,Elbertina,Cleavland,Elbertina.Cleavland@dummymail.com,Elbertina.Cleavland@dummymail.com,firefighter
981,Almeta,Maribeth,Almeta.Maribeth@dummymail.com,Almeta.Maribeth@dummymail.com,police officer
982,Danny,Blisse,Danny.Blisse@dummymail.com,Danny.Blisse@dummymail.com,police officer
983,Elka,Johnsson,Elka.Johnsson@dummymail.com,Elka.Johnsson@dummymail.com,doctor
984,Camile,Lissi,Camile.Lissi@dummymail.com,Camile.Lissi@dummymail.com,firefighter
985,Brena,Shaver,Brena.Shaver@dummymail.com,Brena.Shaver@dummymail.com,developer
986,Shaine,Lilybelle,Shaine.Lilybelle@dummymail.com,Shaine.Lilybelle@dummymail.com,worker
987,Gavrielle,Gilmour,Gavrielle.Gilmour@dummymail.com,Gavrielle.Gilmour@dummymail.com,police officer
988,Hope,Bettine,Hope.Bettine@dummymail.com,Hope.Bettine@dummymail.com,worker
989,Marjie,Kirstin,Marjie.Kirstin@dummymail.com,Marjie.Kirstin@dummymail.com,police officer
990,Kore,Merell,Kore.Merell@dummymail.com,Kore.Merell@dummymail.com,developer
991,Shaine,Hurley,Shaine.Hurley@dummymail.com,Shaine.Hurley@dummymail.com,police officer
992,Cristine,Brittani,Cristine.Brittani@dummymail.com,Cristine.Brittani@dummymail.com,worker
993,Jolyn,Eben,Jolyn.Eben@dummymail.com,Jolyn.Eben@dummymail.com,firefighter
994,Marjie,Sprage,Marjie.Sprage@dummymail.com,Marjie.Sprage@dummymail.com,police officer
995,Kamilah,Berriman,Kamilah.Berriman@dummymail.com,Kamilah.Berriman@dummymail.com,developer
996,Louella,Dannye,Louella.Dannye@dummymail.com,Louella.Dannye@dummymail.com,doctor
997,Babita,Ulphia,Babita.Ulphia@dummymail.com,Babita.Ulphia@dummymail.com,firefighter
998,Bernie,Mata,Bernie.Mata@dummymail.com,Bernie.Mata@dummymail.com,developer
999,Barbi,Moseley,Barbi.Moseley@dummymail.com,Barbi.Moseley@dummymail.com,worker
1000,Eve,Agle,Eve.Agle@dummymail.com,Eve.Agle@dummymail.com,doctor
1001,Mara,Justinn,Mara.Justinn@dummymail.com,Mara.Justinn@dummymail.com,doctor
1002,Cordi,Terrence,Cordi.Terrence@dummymail.com,Cordi.Terrence@dummymail.com,firefighter
1003,Pierette,Blisse,Pierette.Blisse@dummymail.com,Pierette.Blisse@dummymail.com,doctor
1004,Janeczka,Manolo,Janeczka.Manolo@dummymail.com,Janeczka.Manolo@dummymail.com,developer
1005,Micheline,Jeanne,Micheline.Jeanne@dummymail.com,Micheline.Jeanne@dummymail.com,police officer
1006,Shirlee,Jena,Shirlee.Jena@dummymail.com,Shirlee.Jena@dummymail.com,firefighter
1007,Luci,Woodberry,Luci.Woodberry@dummymail.com,Luci.Woodberry@dummymail.com,worker
1008,Brena,Hull,Brena.Hull@dummymail.com,Brena.Hull@dummymail.com,doctor
1009,Kimmy,Alexandr,Kimmy.Alexandr@dummymail.com,Kimmy.Alexandr@dummymail.com,doctor
1010,Damaris,Hubert,Damaris.Hubert@dummymail.com,Damaris.Hubert@dummymail.com,worker
1011,Modestia,Meter,Modestia.Meter@dummymail.com,Modestia.Meter@dummymail.com,developer
1012,Suzette,Smitt,Suzette.Smitt@dummymail.com,Suzette.Smitt@dummymail.com,doctor
1013,Dominga,Sholley,Dominga.Sholley@dummymail.com,Dominga.Sholley@dummymail.com,police officer
1014,Caritta,Codding,Caritta.Codding@dummymail.com,Caritta.Codding@dummymail.com,police officer
1015,Meghann,Briney,Meghann.Briney@dummymail.com,Meghann.Briney@dummymail.com,worker
1016,June,Imelida,June.Imelida@dummymail.com,June.Imelida@dummymail.com,firefighter
1017,Marika,Goode,Marika.Goode@dummymail.com,Marika.Goode@dummymail.com,developer
1018,Nanete,Weinreb,Nanete.Weinreb@dummymail.com,Nanete.Weinreb@dummymail.com,developer
1019,Kathy,Drisko,Kathy.Drisko@dummymail.com,Kathy.Drisko@dummymail.com,developer
1020,Rori,Whiffen,Rori.Whiffen@dummymail.com,Rori.Whiffen@dummymail.com,doctor
1021,Mireielle,Dash,Mireielle.Dash@dummymail.com,Mireielle.Dash@dummymail.com,worker
1022,Korrie,Eben,Korrie.Eben@dummymail.com,Korrie.Eben@dummymail.com,worker
1023,Nita,Brenn,Nita.Brenn@dummymail.com,Nita.Brenn@dummymail.com,doctor
1024,Aeriela,Hieronymus,Aeriela.Hieronymus@dummymail.com,Aeriela.Hieronymus@dummymail.com,firefighter
1025,Oona,Cleo,Oona.Cleo@dummymail.com,Oona.Cleo@dummymail.com,police officer
1026,Elora,An,Elora.An@dummymail.com,Elora.An@dummymail.com,firefighter
1027,Hallie,Laverne,Hallie.Laverne@dummymail.com,Hallie.Laverne@dummymail.com,developer
1028,Louella,Zina,Louella.Zina@dummymail.com,Louella.Zina@dummymail.com,firefighter
1029,Madeleine,Cordi,Madeleine.Cordi@dummymail.com,Madeleine.Cordi@dummymail.com,police officer
1030,Orsola,Scammon,Orsola.Scammon@dummymail.com,Orsola.Scammon@dummymail.com,firefighter
1031,Almeta,Raul,Almeta.Raul@dummymail.com,Almeta.Raul@dummymail.com,firefighter
1032,Amalie,Jarib,Amalie.Jarib@dummymail.com,Amalie.Jarib@dummymail.com,police officer
1033,Rani,Howlyn,Rani.Howlyn@dummymail.com,Rani.Howlyn@dummymail.com,police officer
1034,Ernesta,Neva,Ernesta.Neva@dummymail.com,Ernesta.Neva@dummymail.com,developer
1035,Lynnea,Genna,Lynnea.Genna@dummymail.com,Lynnea.Genna@dummymail.com,police officer
1036,Sharlene,Ingra,Sharlene.Ingra@dummymail.com,Sharlene.Ingra@dummymail.com,police officer
1037,June,Kylander,June.Kylander@dummymail.com,June.Kylander@dummymail.com,firefighter
1038,Viki,Toffic,Viki.Toffic@dummymail.com,Viki.Toffic@dummymail.com,police officer
1039,Eadie,Azeria,Eadie.Azeria@dummymail.com,Eadie.Azeria@dummymail.com,firefighter
1040,Cathyleen,Kathie,Cathyleen.Kathie@dummymail.com,Cathyleen.Kathie@dummymail.com,worker
1041,Babita,Mott,Babita.Mott@dummymail.com,Babita.Mott@dummymail.com,doctor
1042,Merci,Ajay,Merci.Ajay@dummymail.com,Merci.Ajay@dummymail.com,worker
1043,Rhoda,Keelia,Rhoda.Keelia@dummymail.com,Rhoda.Keelia@dummymail.com,police officer
1044,Karolina,Guildroy,Karolina.Guildroy@dummymail.com,Karolina.Guildroy@dummymail.com,doctor
1045,Elsie,Modie,Elsie.Modie@dummymail.com,Elsie.Modie@dummymail.com,developer
1046,Marcelline,Thema,Marcelline.Thema@dummymail.com,Marcelline.Thema@dummymail.com,doctor
1047,Tani,Esmaria,Tani.Esmaria@dummymail.com,Tani.Esmaria@dummymail.com,doctor
1048,Lenna,Madaih,Lenna.Madaih@dummymail.com,Lenna.Madaih@dummymail.com,firefighter
1049,Perry,Ax,Perry.Ax@dummymail.com,Perry.Ax@dummymail.com,worker
1050,Desirae,Iiette,Desirae.Iiette@dummymail.com,Desirae.Iiette@dummymail.com,firefighter
1051,Valli,Germann,Valli.Germann@dummymail.com,Valli.Germann@dummymail.com,firefighter
1052,Britte,Zenas,Britte.Zenas@dummymail.com,Britte.Zenas@dummymail.com,worker
1053,Ingrid,Fleeta,Ingrid.Fleeta@dummymail.com,Ingrid.Fleeta@dummymail.com,worker
1054,Bobinette,Wind,Bobinette.Wind@dummymail.com,Bobinette.Wind@dummymail.com,police officer
1055,Vita,Edmund,Vita.Edmund@dummymail.com,Vita.Edmund@dummymail.com,developer
1056,Dawn,Johanna,Dawn.Johanna@dummymail.com,Dawn.Johanna@dummymail.com,worker
1057,Glenda,Seessel,Glenda.Seessel@dummymail.com,Glenda.Seessel@dummymail.com,firefighter
1058,Marcelline,Rolf,Marcelline.Rolf@dummymail.com,Marcelline.Rolf@dummymail.com,firefighter
1059,Michaelina,Karna,Michaelina.Karna@dummymail.com,Michaelina.Karna@dummymail.com,worker
1060,Aubrie,Reinke,Aubrie.Reinke@dummymail.com,Aubrie.Reinke@dummymail.com,firefighter
1061,Siana,Earlie,Siana.Earlie@dummymail.com,Siana.Earlie@dummymail.com,doctor
1062,Miquela,Pip,Miquela.Pip@dummymail.com,Miquela.Pip@dummymail.com,doctor
1063,Louella,Braun,Louella.Braun@dummymail.com,Louella.Braun@dummymail.com,developer
1064,Fred,Colp,Fred.Colp@dummymail.com,Fred.Colp@dummymail.com,police officer
1065,Sidoney,Barrus,Sidoney.Barrus@dummymail.com,Sidoney.Barrus@dummymail.com,doctor
1066,Paule,Liva,Paule.Liva@dummymail.com,Paule.Liva@dummymail.com,worker
1067,Beatriz,Sothena,Beatriz.Sothena@dummymail.com,Beatriz.Sothena@dummymail.com,developer
1068,Helena,Jacobah,Helena.Jacobah@dummymail.com,Helena.Jacobah@dummymail.com,police officer
1069,Yetty,Avi,Yetty.Avi@dummymail.com,Yetty.Avi@dummymail.com,firefighter
1070,Mary,Waite,Mary.Waite@dummymail.com,Mary.Waite@dummymail.com,developer
1071,Lila,Sheedy,Lila.Sheedy@dummymail.com,Lila.Sheedy@dummymail.com,firefighter
1072,Dorthy,Erich,Dorthy.Erich@dummymail.com,Dorthy.Erich@dummymail.com,developer
1073,Frank,Bach,Frank.Bach@dummymail.com,Frank.Bach@dummymail.com,firefighter
1074,Aryn,Norvol,Aryn.Norvol@dummymail.com,Aryn.Norvol@dummymail.com,doctor
1075,Hermione,Roumell,Hermione.Roumell@dummymail.com,Hermione.Roumell@dummymail.com,worker
1076,Calla,Alarise,Calla.Alarise@dummymail.com,Calla.Alarise@dummymail.com,firefighter
1077,Bill,Yusuk,Bill.Yusuk@dummymail.com,Bill.Yusuk@dummymail.com,developer
1078,Wynne,Yorick,Wynne.Yorick@dummymail.com,Wynne.Yorick@dummymail.com,worker
1079,Livvyy,Ezar,Livvyy.Ezar@dummymail.com,Livvyy.Ezar@dummymail.com,doctor
1080,Ekaterina,Darbie,Ekaterina.Darbie@dummymail.com,Ekaterina.Darbie@dummymail.com,developer
1081,Zia,Marisa,Zia.Marisa@dummymail.com,Zia.Marisa@dummymail.com,police officer
1082,Cam,Bahr,Cam.Bahr@dummymail.com,Cam.Bahr@dummymail.com,doctor
1083,Monika,Khorma,Monika.Khorma@dummymail.com,Monika.Khorma@dummymail.com,worker
1084,Jany,Wooster,Jany.Wooster@dummymail.com,Jany.Wooster@dummymail.com,police officer
1085,Karolina,Prouty,Karolina.Prouty@dummymail.com,Karolina.Prouty@dummymail.com,worker
1086,Madelle,Zachary,Madelle.Zachary@dummymail.com,Madelle.Zachary@dummymail.com,worker
1087,Coral,Boycey,Coral.Boycey@dummymail.com,Coral.Boycey@dummymail.com,doctor
1088,Olwen,Faust,Olwen.Faust@dummymail.com,Olwen.Faust@dummymail.com,firefighter
1089,Helena,Sidonius,Helena.Sidonius@dummymail.com,Helena.Sidonius@dummymail.com,firefighter
1090,Gabriellia,Uird,Gabriellia.Uird@dummymail.com,Gabriellia.Uird@dummymail.com,developer
1091,Rebeca,Thad,Rebeca.Thad@dummymail.com,Rebeca.Thad@dummymail.com,police officer
1092,Anestassia,Louanna,Anestassia.Louanna@dummymail.com,Anestassia.Louanna@dummymail.com,firefighter
1093,Laure,Phi,Laure.Phi@dummymail.com,Laure.Phi@dummymail.com,worker
1094,Joeann,Jehu,Joeann.Jehu@dummymail.com,Joeann.Jehu@dummymail.com,worker
1095,Codie,Carbo,Codie.Carbo@dummymail.com,Codie.Carbo@dummymail.com,firefighter
1096,Rubie,Niles,Rubie.Niles@dummymail.com,Rubie.Niles@dummymail.com,doctor
1097,Angela,Vins,Angela.Vins@dummymail.com,Angela.Vins@dummymail.com,firefighter
1098,Wanda,Sothena,Wanda.Sothena@dummymail.com,Wanda.Sothena@dummymail.com,firefighter
1099,Jsandye,Ietta,Jsandye.Ietta@dummymail.com,Jsandye.Ietta@dummymail.com,doctor