id,firstname,lastname,email,email2,profession
100,Ernesta,Taam,Ernesta.Taam@dummymail.com,Ernesta.Taam@dummymail.com,developer
101,Danika,Moseley,Danika.Moseley@dummymail.com,Danika.Moseley@dummymail.com,firefighter
102,Jessy,Ailyn,Jessy.Ailyn@dummymail.com,Jessy.Ailyn@dummymail.com,developer
103,Bill,Vivle,Bill.Vivle@dummymail.com,Bill.Vivle@dummymail.com,worker
104,Codie,Naashom,Codie.Naashom@dummymail.com,Codie.Naashom@dummymail.com,doctor
105,Yetty,Maples,Yetty.Maples@dummymail.com,Yetty.Maples@dummymail.com,developer
106,Claudina,Masao,Claudina.Masao@dummymail.com,Claudina.Masao@dummymail.com,police officer
107,Rosabelle,Natica,Rosabelle.Natica@dummymail.com,Rosabelle.Natica@dummymail.com,worker
108,Oralee,Cressida,Oralee.Cressida@dummymail.com,Oralee.Cressida@dummymail.com,firefighter
109,Leontine,Anton,Leontine.Anton@dummymail.com,Leontine.Anton@dummymail.com,worker
110,Tybie,Jethro,Tybie.Jethro@dummymail.com,Tybie.Jethro@dummymail.com,firefighter
111,Wilma,Loleta,Wilma.Loleta@dummymail.com,Wilma.Loleta@dummymail.com,developer
112,Meriel,Grobe,Meriel.Grobe@dummymail.com,Meriel.Grobe@dummymail.com,doctor
113,Verla,Tjon,Verla.Tjon@dummymail.com,Verla.Tjon@dummymail.com,police officer
114,Madelle,Allina,Madelle.Allina@dummymail.com,Madelle.Allina@dummymail.com,firefighter
115,Shaylyn,Valoniah,Shaylyn.Valoniah@dummymail.com,Shaylyn.Valoniah@dummymail.com,firefighter
116,Sandie,Alejoa,Sandie.Alejoa@dummymail.com,Sandie.Alejoa@dummymail.com,doctor
117,Lesly,MacIntosh,Lesly.MacIntosh@dummymail.com,Lesly.MacIntosh@dummymail.com,developer
118,Katleen,Craggie,Katleen.Craggie@dummymail.com,Katleen.Craggie@dummymail.com,police officer
119,Nerta,Maples,Nerta.Maples@dummymail.com,Nerta.Maples@dummymail.com,firefighter
120,Larine,Lemuela,Larine.Lemuela@dummymail.com,Larine.Lemuela@dummymail.com,doctor
121,Frieda,Sekofski,Frieda.Sekofski@dummymail.com,Frieda.Sekofski@dummymail.com,developer
122,Elvira,Gherardo,Elvira.Gherardo@dummymail.com,Elvira.Gherardo@dummymail.com,police officer
123,Kaia,Sisile,Kaia.Sisile@dummymail.com,Kaia.Sisile@dummymail.com,worker
124,Laure,Zachary,Laure.Zachary@dummymail.com,Laure.Zachary@dummymail.com,developer
125,Lynde,Borrell,Lynde.Borrell@dummymail.com,Lynde.Borrell@dummymail.com,doctor
126,Carilyn,Travax,Carilyn.Travax@dummymail.com,Carilyn.Travax@dummymail.com,firefighter
127,Hermione,Christal,Hermione.Christal@dummymail.com,Hermione.Christal@dummymail.com,doctor
128,Sherrie,Chapland,Sherrie.Chapland@dummymail.com,Sherrie.Chapland@dummymail.com,police officer
129,Helsa,Sidonius,Helsa.Sidonius@dummymail.com,Helsa.Sidonius@dummymail.com,firefighter
130,Nelle,Kathie,Nelle.Kathie@dummymail.com,Nelle.Kathie@dummymail.com,developer
131,Dede,Simmonds,Dede.Simmonds@dummymail.com,Dede.Simmonds@dummymail.com,doctor
132,Annice,Kress,Annice.Kress@dummymail.com,Annice.Kress@dummymail.com,developer
133,Leona,Concha,Leona.Concha@dummymail.com,Leona.Concha@dummymail.com,doctor
134,Renae,Rese,Renae.Rese@dummymail.com,Renae.Rese@dummymail.com,police officer
135,Harmonia,Wilona,Harmonia.Wilona@dummymail.com,Harmonia.Wilona@dummymail.com,doctor
136,Jsandye,Tyson,Jsandye.Tyson@dummymail.com,Jsandye.Tyson@dummymail.com,developer
137,Cissiee,Drisko,Cissiee.Drisko@dummymail.com,Cissiee.Drisko@dummymail.com,doctor
138,Tonia,Hoban,Tonia.Hoban@dummymail.com,Tonia.Hoban@dummymail.com,police officer
139,Veda,Stanwood,Veda.Stanwood@dummymail.com,Veda.Stanwood@dummymail.com,developer
140,Mallory,Holbrook,Mallory.Holbrook@dummymail.com,Mallory.Holbrook@dummymail.com,worker
141,Henriette,Kimmie,Henriette.Kimmie@dummymail.com,Henriette.Kimmie@dummymail.com,worker
142,Bobbi,Ellerey,Bobbi.Ellerey@dummymail.com,Bobbi.Ellerey@dummymail.com,firefighter
143,Dorthy,Lynn,Dorthy.Lynn@dummymail.com,Dorthy.Lynn@dummymail.com,firefighter
144,Annabela,Hutchison,Annabela.Hutchison@dummymail.com,Annabela.Hutchison@dummymail.com,developer
145,Dotty,Weide,Dotty.Weide@dummymail.com,Dotty.Weide@dummymail.com,firefighter
146,Gianina,Valoniah,Gianina.Valoniah@dummymail.com,Gianina.Valoniah@dummymail.com,worker
147,Elise,Cath,Elise.Cath@dummymail.com,Elise.Cath@dummymail.com,police officer
148,Madalyn,Callista,Madalyn.Callista@dummymail.com,Madalyn.Callista@dummymail.com,developer
149,Jean,Chinua,Jean.Chinua@dummymail.com,Jean.Chinua@dummymail.com,developer
150,Elka,Belldas,Elka.Belldas@dummymail.com,Elka.Belldas@dummymail.com,doctor
151,Alia,Hepsibah,Alia.Hepsibah@dummymail.com,Alia.Hepsibah@dummymail.com,firefighter
152,Elfreda,Lucienne,Elfreda.Lucienne@dummymail.com,Elfreda.Lucienne@dummymail.com,worker
153,Kerrin,Sholley,Kerrin.Sholley@dummymail.com,Kerrin.Sholley@dummymail.com,firefighter
154,Lory,Lia,Lory.Lia@dummymail.com,Lory.Lia@dummymail.com,developer
155,Gilda,Lalitta,Gilda.Lalitta@dummymail.com,Gilda.Lalitta@dummymail.com,developer
156,Nollie,Salchunas,Nollie.Salchunas@dummymail.com,Nollie.Salchunas@dummymail.com,police officer
157,Kore,Couture,Kore.Couture@dummymail.com,Kore.Couture@dummymail.com,firefighter
158,Christy,Maryanne,Christy.Maryanne@dummymail.com,Christy.Maryanne@dummymail.com,firefighter
159,Ekaterina,Aaberg,Ekaterina.Aaberg@dummymail.com,Ekaterina.Aaberg@dummymail.com,worker
160,Dacia,Hepsibah,Dacia.Hepsibah@dummymail.com,Dacia.Hepsibah@dummymail.com,police officer
161,Kalina,Irmine,Kalina.Irmine@dummymail.com,Kalina.Irmine@dummymail.com,doctor
162,Marnia,Crudden,Marnia.Crudden@dummymail.com,Marnia.Crudden@dummymail.com,police officer
163,Valli,Ashely,Valli.Ashely@dummymail.com,Valli.Ashely@dummymail.com,developer
164,Barbi,Lipson,Barbi.Lipson@dummymail.com,Barbi.Lipson@dummymail.com,doctor
165,Alex,Hoenack,Alex.Hoenack@dummymail.com,Alex.Hoenack@dummymail.com,doctor
166,Jaime,Millda,Jaime.Millda@dummymail.com,Jaime.Millda@dummymail.com,police officer
167,Lindie,Honoria,Lindie.Honoria@dummymail.com,Lindie.Honoria@dummymail.com,police officer
168,Shauna,Haymes,Shauna.Haymes@dummymail.com,Shauna.Haymes@dummymail.com,police officer
169,Lolita,Bashemeth,Lolita.Bashemeth@dummymail.com,Lolita.Bashemeth@dummymail.com,worker
170,Frieda,Mozelle,Frieda.Mozelle@dummymail.com,Frieda.Mozelle@dummymail.com,developer
171,Fanchon,Marisa,Fanchon.Marisa@dummymail.com,Fanchon.Marisa@dummymail.com,developer
172,Lisette,Cookie,Lisette.Cookie@dummymail.com,Lisette.Cookie@dummymail.com,police officer
173,Cordi,Mathilde,Cordi.Mathilde@dummymail.com,Cordi.Mathilde@dummymail.com,doctor
174,Belinda,Berne,Belinda.Berne@dummymail.com,Belinda.Berne@dummymail.com,worker
175,Margette,Gahl,Margette.Gahl@dummymail.com,Margette.Gahl@dummymail.com,firefighter
176,Di,Mayeda,Di.Mayeda@dummymail.com,Di.Mayeda@dummymail.com,worker
177,Hollie,Garek,Hollie.Garek@dummymail.com,Hollie.Garek@dummymail.com,doctor
178,Brietta,Chinua,Brietta.Chinua@dummymail.com,Brietta.Chinua@dummymail.com,firefighter
179,Sashenka,Laurianne,Sashenka.Laurianne@dummymail.com,Sashenka.Laurianne@dummymail.com,doctor
180,Ursulina,Annice,Ursulina.Annice@dummymail.com,Ursulina.Annice@dummymail.com,firefighter
181,Liana,Rona,Liana.Rona@dummymail.com,Liana.Rona@dummymail.com,firefighter
182,Collen,Weitman,Collen.Weitman@dummymail.com,Collen.Weitman@dummymail.com,police officer
183,Arabel,Keily,Arabel.Keily@dummymail.com,Arabel.Keily@dummymail.com,developer
184,Noelle,Fitzsimmons,Noelle.Fitzsimmons@dummymail.com,Noelle.Fitzsimmons@dummymail.com,doctor
185,Cordi,Hartnett,Cordi.Hartnett@dummymail.com,Cordi.Hartnett@dummymail.com,police officer
186,Carolina,Weinreb,Carolina.Weinreb@dummymail.com,Carolina.Weinreb@dummymail.com,worker
187,Gerrie,Peonir,Gerrie.Peonir@dummymail.com,Gerrie.Peonir@dummymail.com,developer
188,Marsiella,Judye,Marsiella.Judye@dummymail.com,Marsiella.Judye@dummymail.com,developer
189,Angelique,Ledah,Angelique.Ledah@dummymail.com,Angelique.Ledah@dummymail.com,police officer
190,Florencia,Letsou,Florencia.Letsou@dummymail.com,Florencia.Letsou@dummymail.com,worker
191,Raquela,Autrey,Raquela.Autrey@dummymail.com,Raquela.Autrey@dummymail.com,developer
192,Tybie,Alisia,Tybie.Alisia@dummymail.com,Tybie.Alisia@dummymail.com,worker
193,Nananne,Kat,Nananne.Kat@dummymail.com,Nananne.Kat@dummymail.com,developer
194,Rosabelle,Dudley,Rosabelle.Dudley@dummymail.com,Rosabelle.Dudley@dummymail.com,police officer
195,Britni,Sholley,Britni.Sholley@dummymail.com,Britni.Sholley@dummymail.com,doctor
196,Shirlee,Sibyls,Shirlee.Sibyls@dummymail.com,Shirlee.Sibyls@dummymail.com,police officer
197,Diena,Kiyoshi,Diena.Kiyoshi@dummymail.com,Diena.Kiyoshi@dummymail.com,worker
198,Mady,Rugen,Mady.Rugen@dummymail.com,Mady.Rugen@dummymail.com,developer
199,Allyce,Liebermann,Allyce.Liebermann@dummymail.com,Allyce.Liebermann@dummymail.com,firefighter
200,Harrietta,O'Rourke,Harrietta.O'Rourke@dummymail.com,Harrietta.O'Rourke@dummymail.com,doctor
201,Wynne,Astra,Wynne.Astra@dummymail.com,Wynne.Astra@dummymail.com,doctor
202,Jacquetta,Olin,Jacquetta.Olin@dummymail.com,Jacquetta.Olin@dummymail.com,doctor
203,Neila,Merell,Neila.Merell@dummymail.com,Neila.Merell@dummymail.com,police officer
204,Susette,Capello,Susette.Capello@dummymail.com,Susette.Capello@dummymail.com,police officer
205,Calla,Darian,Calla.Darian@dummymail.com,Calla.Darian@dummymail.com,doctor
206,Tami,Karl,Tami.Karl@dummymail.com,Tami.Karl@dummymail.com,worker
207,Heddie,Primalia,Heddie.Primalia@dummymail.com,Heddie.Primalia@dummymail.com,doctor
208,Pierette,Mott,Pierette.Mott@dummymail.com,Pierette.Mott@dummymail.com,firefighter
209,Catrina,Garrison,Catrina.Garrison@dummymail.com,Catrina.Garrison@dummymail.com,worker
210,Clementine,Diogenes,Clementine.Diogenes@dummymail.com,Clementine.Diogenes@dummymail.com,worker
211,Carmela,Stav,Carmela.Stav@dummymail.com,Carmela.Stav@dummymail.com,developer
212,Loree,Lemuela,Loree.Lemuela@dummymail.com,Loree.Lemuela@dummymail.com,worker
213,Dale,Jagir,Dale.Jagir@dummymail.com,Dale.Jagir@dummymail.com,developer
214,Stephanie,Gordon,Stephanie.Gordon@dummymail.com,Stephanie.Gordon@dummymail.com,firefighter
215,Jackie,Wadell,Jackie.Wadell@dummymail.com,Jackie.Wadell@dummymail.com,developer
216,Cecile,Revkah,Cecile.Revkah@dummymail.com,Cecile.Revkah@dummymail.com,police officer
217,Karlee,Brenn,Karlee.Brenn@dummymail.com,Karlee.Brenn@dummymail.com,police officer
218,Monika,Rosemary,Monika.Rosemary@dummymail.com,Monika.Rosemary@dummymail.com,doctor
219,Harrietta,Ammann,Harrietta.Ammann@dummymail.com,Harrietta.Ammann@dummymail.com,police officer
220,Myrtice,Sharl,Myrtice.Sharl@dummymail.com,Myrtice.Sharl@dummymail.com,developer
221,Alie,Kussell,Alie.Kussell@dummymail.com,Alie.Kussell@dummymail.com,doctor
222,Carly,Guthrie,Carly.Guthrie@dummymail.com,Carly.Guthrie@dummymail.com,police officer
223,Ebonee,Ludewig,Ebonee.Ludewig@dummymail.com,Ebonee.Ludewig@dummymail.com,police officer
224,Minda,Hamil,Minda.Hamil@dummymail.com,Minda.Hamil@dummymail.com,firefighter
225,Debee,Margret,Debee.Margret@dummymail.com,Debee.Margret@dummymail.com,doctor
226,Karina,Bohlin,Karina.Bohlin@dummymail.com,Karina.Bohlin@dummymail.com,developer
227,Raquela,Dimitris,Raquela.Dimitris@dummymail.com,Raquela.Dimitris@dummymail.com,developer
228,Marylou,Bury,Marylou.Bury@dummymail.com,Marylou.Bury@dummymail.com,doctor
229,Sam,Ingra,Sam.Ingra@dummymail.com,Sam.Ingra@dummymail.com,worker
230,Dede,Docilla,Dede.Docilla@dummymail.com,Dede.Docilla@dummymail.com,developer
231,Kore,Byrne,Kore.Byrne@dummymail.com,Kore.Byrne@dummymail.com,developer
232,Corina,Maples,Corina.Maples@dummymail.com,Corina.Maples@dummymail.com,developer
233,Sindee,Garek,Sindee.Garek@dummymail.com,Sindee.Garek@dummymail.com,worker
234,Sissy,Oster,Sissy.Oster@dummymail.com,Sissy.Oster@dummymail.com,developer
235,Louella,Moseley,Louella.Moseley@dummymail.com,Louella.Moseley@dummymail.com,developer
236,Marinna,Alisia,Marinna.Alisia@dummymail.com,Marinna.Alisia@dummymail.com,doctor
237,Taffy,Judye,Taffy.Judye@dummymail.com,Taffy.Judye@dummymail.com,doctor
238,Carol-Jean,Poppy,Carol-Jean.Poppy@dummymail.com,Carol-Jean.Poppy@dummymail.com,firefighter
239,Amalie,Deegan,Amalie.Deegan@dummymail.com,Amalie.Deegan@dummymail.com,developer
240,Vonny,Tengdin,Vonny.Tengdin@dummymail.com,Vonny.Tengdin@dummymail.com,worker
241,Flo,Darbie,Flo.Darbie@dummymail.com,Flo.Darbie@dummymail.com,police officer
242,Silvana,Sherfield,Silvana.Sherfield@dummymail.com,Silvana.Sherfield@dummymail.com,firefighter
243,Nannie,Sisile,Nannie.Sisile@dummymail.com,Nannie.Sisile@dummymail.com,worker
244,Ursulina,Couture,Ursulina.Couture@dummymail.com,Ursulina.Couture@dummymail.com,doctor
245,Leeanne,Haerr,Leeanne.Haerr@dummymail.com,Leeanne.Haerr@dummymail.com,firefighter
246,Allis,Raseda,Allis.Raseda@dummymail.com,Allis.Raseda@dummymail.com,doctor
247,Mary,Tomasina,Mary.Tomasina@dummymail.com,Mary.Tomasina@dummymail.com,police officer
248,Stephanie,Jerold,Stephanie.Jerold@dummymail.com,Stephanie.Jerold@dummymail.com,worker
249,Alleen,Giule,Alleen.Giule@dummymail.com,Alleen.Giule@dummymail.com,developer
250,Catrina,Arvo,Catrina.Arvo@dummymail.com,Catrina.Arvo@dummymail.com,doctor
251,Marika,Merat,Marika.Merat@dummymail.com,Marika.Merat@dummymail.com,worker
252,Kathi,Abram,Kathi.Abram@dummymail.com,Kathi.Abram@dummymail.com,doctor
253,Sadie,Nickola,Sadie.Nickola@dummymail.com,Sadie.Nickola@dummymail.com,doctor
254,Jordan,Kimmie,Jordan.Kimmie@dummymail.com,Jordan.Kimmie@dummymail.com,doctor
255,Giustina,Annabella,Giustina.Annabella@dummymail.com,Giustina.Annabella@dummymail.com,developer
256,Lory,Phaidra,Lory.Phaidra@dummymail.com,Lory.Phaidra@dummymail.com,doctor
257,Shandie,Berne,Shandie.Berne@dummymail.com,Shandie.Berne@dummymail.com,firefighter
258,Charlena,Granoff,Charlena.Granoff@dummymail.com,Charlena.Granoff@dummymail.com,firefighter
259,Veda,Lane,Veda.Lane@dummymail.com,Veda.Lane@dummymail.com,doctor
260,Eolanda,O'Rourke,Eolanda.O'Rourke@dummymail.com,Eolanda.O'Rourke@dummymail.com,doctor
261,Konstance,Niccolo,Konstance.Niccolo@dummymail.com,Konstance.Niccolo@dummymail.com,worker
262,Carilyn,Goerke,Carilyn.Goerke@dummymail.com,Carilyn.Goerke@dummymail.com,police officer
263,Josephine,Isacco,Josephine.Isacco@dummymail.com,Josephine.Isacco@dummymail.com,doctor
264,Caryl,Ax,Caryl.Ax@dummymail.com,Caryl.Ax@dummymail.com,police officer
265,Claudina,Elo,Claudina.Elo@dummymail.com,Claudina.Elo@dummymail.com,developer
266,Melisent,Obed,Melisent.Obed@dummymail.com,Melisent.Obed@dummymail.com,police officer
267,Florie,Ranjiv,Florie.Ranjiv@dummymail.com,Florie.Ranjiv@dummymail.com,police officer
268,Fanchon,Ellerey,Fanchon.Ellerey@dummymail.com,Fanchon.Ellerey@dummymail.com,worker
269,Elvira,Agle,Elvira.Agle@dummymail.com,Elvira.Agle@dummymail.com,police officer
270,Nerta,Beniamino,Nerta.Beniamino@dummymail.com,Nerta.Beniamino@dummymail.com,doctor
271,Max,Merna,Max.Merna@dummymail.com,Max.Merna@dummymail.com,developer
272,Karina,Levey,Karina.Levey@dummymail.com,Karina.Levey@dummymail.com,police officer
273,Darci,Thomasina,Darci.Thomasina@dummymail.com,Darci.Thomasina@dummymail.com,police officer
274,Sonni,Harriman,Sonni.Harriman@dummymail.com,Sonni.Harriman@dummymail.com,worker
275,Aubrie,Ventre,Aubrie.Ventre@dummymail.com,Aubrie.Ventre@dummymail.com,firefighter
276,Catharine,Suk,Catharine.Suk@dummymail.com,Catharine.Suk@dummymail.com,doctor
277,Marylou,Bohlin,Marylou.Bohlin@dummymail.com,Marylou.Bohlin@dummymail.com,police officer
278,Fawne,Dalli,Fawne.Dalli@dummymail.com,Fawne.Dalli@dummymail.com,worker
279,Carly,Zamora,Carly.Zamora@dummymail.com,Carly.Zamora@dummymail.com,firefighter
280,Tera,Dunkin,Tera.Dunkin@dummymail.com,Tera.Dunkin@dummymail.com,police officer
281,Etta,Fontana,Etta.Fontana@dummymail.com,Etta.Fontana@dummymail.com,worker
282,Joane,Rossner,Joane.Rossner@dummymail.com,Joane.Rossner@dummymail.com,developer
283,Ermengarde,Elisha,Ermengarde.Elisha@dummymail.com,Ermengarde.Elisha@dummymail.com,developer
284,Amara,Nadia,Amara.Nadia@dummymail.com,Amara.Nadia@dummymail.com,doctor
285,Sashenka,Aprile,Sashenka.Aprile@dummymail.com,Sashenka.Aprile@dummymail.com,developer
286,Riannon,Warthman,Riannon.Warthman@dummymail.com,Riannon.Warthman@dummymail.com,firefighter
287,Amalie,Kaete,Amalie.Kaete@dummymail.com,Amalie.Kaete@dummymail.com,doctor
288,Lizzie,Lymann,Lizzie.Lymann@dummymail.com,Lizzie.Lymann@dummymail.com,police officer
289,Willetta,Oneida,Willetta.Oneida@dummymail.com,Willetta.Oneida@dummymail.com,police officer
290,Caryl,Madaih,Caryl.Madaih@dummymail.com,Caryl.Madaih@dummymail.com,developer
291,Cherrita,Hartnett,Cherrita.Hartnett@dummymail.com,Cherrita.Hartnett@dummymail.com,police officer
292,Cassondra,Weaks,Cassondra.Weaks@dummymail.com,Cassondra.Weaks@dummymail.com,firefighter
293,Cherilyn,Dominy,Cherilyn.Dominy@dummymail.com,Cherilyn.Dominy@dummymail.com,firefighter
294,Dorthy,Earlie,Dorthy.Earlie@dummymail.com,Dorthy.Earlie@dummymail.com,worker
295,Dania,Jethro,Dania.Jethro@dummymail.com,Dania.Jethro@dummymail.com,worker
296,Dari,Bartlett,Dari.Bartlett@dummymail.com,Dari.Bartlett@dummymail.com,firefighter
297,Pollyanna,O'Carroll,Pollyanna.O'Carroll@dummymail.com,Pollyanna.O'Carroll@dummymail.com,doctor
298,Lilith,Naor,Lilith.Naor@dummymail.com,Lilith.Naor@dummymail.com,doctor
299,Giustina,Ietta,Giustina.Ietta@dummymail.com,Giustina.Ietta@dummymail.com,police officer
300,Mamie,Quinn,Mamie.Quinn@dummymail.com,Mamie.Quinn@dummymail.com,firefighter
301,Starla,Darrell,Starla.Darrell@dummymail.com,Starla.Darrell@dummymail.com,firefighter
302,Brana,Ivens,Brana.Ivens@dummymail.com,Brana.Ivens@dummymail.com,police officer
303,Kayla,Luhe,Kayla.Luhe@dummymail.com,Kayla.Luhe@dummymail.com,police officer
304,Mariann,Strephon,Mariann.Strephon@dummymail.com,Mariann.Strephon@dummymail.com,doctor
305,Marnia,Joni,Marnia.Joni@dummymail.com,Marnia.Joni@dummymail.com,police officer
306,Camile,Yusuk,Camile.Yusuk@dummymail.com,Camile.Yusuk@dummymail.com,firefighter
307,Florencia,Montgomery,Florencia.Montgomery@dummymail.com,Florencia.Montgomery@dummymail.com,police officer
308,Vanessa,Thilda,Vanessa.Thilda@dummymail.com,Vanessa.Thilda@dummymail.com,firefighter
309,Vita,Zetta,Vita.Zetta@dummymail.com,Vita.Zetta@dummymail.com,worker
310,Lizzie,Smitt,Lizzie.Smitt@dummymail.com,Lizzie.Smitt@dummymail.com,developer
311,Vere,Kylander,Vere.Kylander@dummymail.com,Vere.Kylander@dummymail.com,worker
312,Elmira,Erskine,Elmira.Erskine@dummymail.com,Elmira.Erskine@dummymail.com,doctor
313,Stacey,Shuler,Stacey.Shuler@dummymail.com,Stacey.Shuler@dummymail.com,police officer
314,Minne,Fiester,Minne.Fiester@dummymail.com,Minne.Fiester@dummymail.com,doctor
315,Teriann,Aaberg,Teriann.Aaberg@dummymail.com,Teriann.Aaberg@dummymail.com,doctor
316,Corry,Dulciana,Corry.Dulciana@dummymail.com,Corry.Dulciana@dummymail.com,firefighter
317,Mady,Linehan,Mady.Linehan@dummymail.com,Mady.Linehan@dummymail.com,police officer
318,Shell,Berne,Shell.Berne@dummymail.com,Shell.Berne@dummymail.com,police officer
319,Britte,Brittani,Britte.Brittani@dummymail.com,Britte.Brittani@dummymail.com,doctor
320,Nita,Kiyoshi,Nita.Kiyoshi@dummymail.com,Nita.Kiyoshi@dummymail.com,doctor
321,Taffy,Rese,Taffy.Rese@dummymail.com,Taffy.Rese@dummymail.com,doctor
322,Camile,Wadell,Camile.Wadell@dummymail.com,Camile.Wadell@dummymail.com,worker
323,Elsie,Dyche,Elsie.Dyche@dummymail.com,Elsie.Dyche@dummymail.com,worker
324,Deedee,Autrey,Deedee.Autrey@dummymail.com,Deedee.Autrey@dummymail.com,police officer
325,Kaja,Fiester,Kaja.Fiester@dummymail.com,Kaja.Fiester@dummymail.com,developer
326,Ardenia,Mike,Ardenia.Mike@dummymail.com,Ardenia.Mike@dummymail.com,police officer
327,Maye,Saunderson,Maye.Saunderson@dummymail.com,Maye.Saunderson@dummymail.com,worker
328,Fina,Henrie,Fina.Henrie@dummymail.com,Fina.Henrie@dummymail.com,firefighter
329,Karina,McAdams,Karina.McAdams@dummymail.com,Karina.McAdams@dummymail.com,firefighter
330,Hermione,Chandler,Hermione.Chandler@dummymail.com,Hermione.Chandler@dummymail.com,worker
331,Leia,Willie,Leia.Willie@dummymail.com,Leia.Willie@dummymail.com,doctor
332,Adele,An,Adele.An@dummymail.com,Adele.An@dummymail.com,firefighter
333,Claresta,Schalles,Claresta.Schalles@dummymail.com,Claresta.Schalles@dummymail.com,firefighter
334,Gwenneth,Birdella,Gwenneth.Birdella@dummymail.com,Gwenneth.Birdella@dummymail.com,developer
335,Cristabel,Rodmann,Cristabel.Rodmann@dummymail.com,Cristabel.Rodmann@dummymail.com,worker
336,Kassey,Constancy,Kassey.Constancy@dummymail.com,Kassey.Constancy@dummymail.com,developer
337,Stephanie,Weitman,Stephanie.Weitman@dummymail.com,Stephanie.Weitman@dummymail.com,worker
338,Clary,Marlie,Clary.Marlie@dummymail.com,Clary.Marlie@dummymail.com,developer
339,Merrie,Shama,Merrie.Shama@dummymail.com,Merrie.Shama@dummymail.com,firefighter
340,Clary,Kiersten,Clary.Kiersten@dummymail.com,Clary.Kiersten@dummymail.com,worker
341,Micheline,Salchunas,Micheline.Salchunas@dummymail.com,Micheline.Salchunas@dummymail.com,police officer
342,Dominga,Allys,Dominga.Allys@dummymail.com,Dominga.Allys@dummymail.com,doctor
343,Almeta,Shields,Almeta.Shields@dummymail.com,Almeta.Shields@dummymail.com,firefighter
344,Wileen,Ovid,Wileen.Ovid@dummymail.com,Wileen.Ovid@dummymail.com,worker
345,Rori,Hashim,Rori.Hashim@dummymail.com,Rori.Hashim@dummymail.com,firefighter
346,Laurene,Scammon,Laurene.Scammon@dummymail.com,Laurene.Scammon@dummymail.com,firefighter
347,Rivalee,Anyah,Rivalee.Anyah@dummymail.com,Rivalee.Anyah@dummymail.com,developer
348,Lanae,Fadiman,Lanae.Fadiman@dummymail.com,Lanae.Fadiman@dummymail.com,doctor
349,Janey,Tremayne,Janey.Tremayne@dummymail.com,Janey.Tremayne@dummymail.com,firefighter
350,Netty,Lumbard,Netty.Lumbard@dummymail.com,Netty.Lumbard@dummymail.com,doctor
351,Yetty,Prouty,Yetty.Prouty@dummymail.com,Yetty.Prouty@dummymail.com,developer
352,Elmira,Natalia,Elmira.Natalia@dummymail.com,Elmira.Natalia@dummymail.com,doctor
353,Drucie,Faria,Drucie.Faria@dummymail.com,Drucie.Faria@dummymail.com,police officer
354,Arlena,Cecile,Arlena.Cecile@dummymail.com,Arlena.Cecile@dummymail.com,worker
355,Frank,Juan,Frank.Juan@dummymail.com,Frank.Juan@dummymail.com,developer
356,Gilligan,Loleta,Gilligan.Loleta@dummymail.com,Gilligan.Loleta@dummymail.com,developer
357,Lulita,Charity,Lulita.Charity@dummymail.com,Lulita.Charity@dummymail.com,firefighter
358,Roz,Loeb,Roz.Loeb@dummymail.com,Roz.Loeb@dummymail.com,police officer
359,Calla,Lumbard,Calla.Lumbard@dummymail.com,Calla.Lumbard@dummymail.com,worker
360,Lorenza,Simmonds,Lorenza.Simmonds@dummymail.com,Lorenza.Simmonds@dummymail.com,police officer
361,Cherrita,Kimmie,Cherrita.Kimmie@dummymail.com,Cherrita.Kimmie@dummymail.com,police officer
362,Blondelle,Margret,Blondelle.Margret@dummymail.com,Blondelle.Margret@dummymail.com,doctor
363,Perry,Fredi,Perry.Fredi@dummymail.com,Perry.Fredi@dummymail.com,police officer
364,Meg,Japeth,Meg.Japeth@dummymail.com,Meg.Japeth@dummymail.com,developer
365,Maridel,Poppy,Maridel.Poppy@dummymail.com,Maridel.Poppy@dummymail.com,firefighter
366,Fredericka,Jary,Fredericka.Jary@dummymail.com,Fredericka.Jary@dummymail.com,firefighter
367,Silvana,Tatianas,Silvana.Tatianas@dummymail.com,Silvana.Tatianas@dummymail.com,developer
368,Harrietta,Sundin,Harrietta.Sundin@dummymail.com,Harrietta.Sundin@dummymail.com,firefighter
369,Regina,Radu,Regina.Radu@dummymail.com,Regina.Radu@dummymail.com,doctor
370,Modestia,Annice,Modestia.Annice@dummymail.com,Modestia.Annice@dummymail.com,developer
371,Cyb,Therine,Cyb.Therine@dummymail.com,Cyb.Therine@dummymail.com,firefighter
372,Elfreda,Nahum,Elfreda.Nahum@dummymail.com,Elfreda.Nahum@dummymail.com,doctor
373,Susette,Joseph,Susette.Joseph@dummymail.com,Susette.Joseph@dummymail.com,developer
374,Talya,Dulciana,Talya.Dulciana@dummymail.com,Talya.Dulciana@dummymail.com,doctor
375,Robinia,Alabaster,Robinia.Alabaster@dummymail.com,Robinia.Alabaster@dummymail.com,police officer
376,Addia,Jarib,Addia.Jarib@dummymail.com,Addia.Jarib@dummymail.com,doctor
377,Mariele,Tremayne,Mariele.Tremayne@dummymail.com,Mariele.Tremayne@dummymail.com,firefighter
378,Nyssa,Ogren,Nyssa.Ogren@dummymail.com,Nyssa.Ogren@dummymail.com,worker
379,Suzette,Bergman,Suzette.Bergman@dummymail.com,Suzette.Bergman@dummymail.com,worker
380,Goldie,Howlyn,Goldie.Howlyn@dummymail.com,Goldie.Howlyn@dummymail.com,worker
381,Gretal,Delp,Gretal.Delp@dummymail.com,Gretal.Delp@dummymail.com,firefighter
382,Deirdre,Gunn,Deirdre.Gunn@dummymail.com,Deirdre.Gunn@dummymail.com,firefighter
383,Gwenneth,Wiener,Gwenneth.Wiener@dummymail.com,Gwenneth.Wiener@dummymail.com,police officer
384,Jorry,Janene,Jorry.Janene@dummymail.com,Jorry.Janene@dummymail.com,doctor
385,Shaylyn,Alrich,Shaylyn.Alrich@dummymail.com,Shaylyn.Alrich@dummymail.com,police officer
386,Gui,Pond,Gui.Pond@dummymail.com,Gui.Pond@dummymail.com,doctor
387,Raina,Rozanna,Raina.Rozanna@dummymail.com,Raina.Rozanna@dummymail.com,police officer
388,Rebeca,Saunderson,Rebeca.Saunderson@dummymail.com,Rebeca.Saunderson@dummymail.com,developer
389,Frieda,Hachmin,Frieda.Hachmin@dummymail.com,Frieda.Hachmin@dummymail.com,doctor
390,Cherrita,Callista,Cherrita.Callista@dummymail.com,Cherrita.Callista@dummymail.com,developer
391,Rani,Billye,Rani.Billye@dummymail.com,Rani.Billye@dummymail.com,doctor
392,Kaia,Barrus,Kaia.Barrus@dummymail.com,Kaia.Barrus@dummymail.com,firefighter
393,Coral,Jaylene,Coral.Jaylene@dummymail.com,Coral.Jaylene@dummymail.com,firefighter
394,Marita,Noam,Marita.Noam@dummymail.com,Marita.Noam@dummymail.com,firefighter
395,Britte,Vastah,Britte.Vastah@dummymail.com,Britte.Vastah@dummymail.com,doctor
396,Phedra,Hashim,Phedra.Hashim@dummymail.com,Phedra.Hashim@dummymail.com,worker
397,Hope,Ardeha,Hope.Ardeha@dummymail.com,Hope.Ardeha@dummymail.com,developer
398,Daune,Fadiman,Daune.Fadiman@dummymail.com,Daune.Fadiman@dummymail.com,worker
399,Elbertina,Germann,Elbertina.Germann@dummymail.com,Elbertina.Germann@dummymail.com,worker
400,Angelique,Hedve,Angelique.Hedve@dummymail.com,Angelique.Hedve@dummymail.com,developer
401,Janenna,Darbie,Janenna.Darbie@dummymail.com,Janenna.Darbie@dummymail.com,worker
402,Marnia,LaRue,Marnia.LaRue@dummymail.com,Marnia.LaRue@dummymail.com,developer
403,Louella,Rustice,Louella.Rustice@dummymail.com,Louella.Rustice@dummymail.com,doctor
404,Giustina,Catie,Giustina.Catie@dummymail.com,Giustina.Catie@dummymail.com,police officer
405,Codie,Viddah,Codie.Viddah@dummymail.com,Codie.Viddah@dummymail.com,developer
406,Diena,Florina,Diena.Florina@dummymail.com,Diena.Florina@dummymail.com,worker
407,Cissiee,Audly,Cissiee.Audly@dummymail.com,Cissiee.Audly@dummymail.com,developer
408,Claudina,Wyn,Claudina.Wyn@dummymail.com,Claudina.Wyn@dummymail.com,police officer
409,Lonnie,Kristi,Lonnie.Kristi@dummymail.com,Lonnie.Kristi@dummymail.com,police officer
410,Karlee,Guthrie,Karlee.Guthrie@dummymail.com,Karlee.Guthrie@dummymail.com,doctor
411,Ericka,Callista,Ericka.Callista@dummymail.com,Ericka.Callista@dummymail.com,worker
412,Kirstin,Gavrila,Kirstin.Gavrila@dummymail.com,Kirstin.Gavrila@dummymail.com,doctor
413,Chloris,Naashom,Chloris.Naashom@dummymail.com,Chloris.Naashom@dummymail.com,doctor
414,Adriana,Mintz,Adriana.Mintz@dummymail.com,Adriana.Mintz@dummymail.com,doctor
415,Claudina,Rad,Claudina.Rad@dummymail.com,Claudina.Rad@dummymail.com,police officer
416,Emma,Deny,Emma.Deny@dummymail.com,Emma.Deny@dummymail.com,firefighter
417,Merci,Etom,Merci.Etom@dummymail.com,Merci.Etom@dummymail.com,police officer
418,Lynde,Bakerman,Lynde.Bakerman@dummymail.com,Lynde.Bakerman@dummymail.com,developer
419,Berget,Odysseus,Berget.Odysseus@dummymail.com,Berget.Odysseus@dummymail.com,developer
420,Babita,Morrill,Babita.Morrill@dummymail.com,Babita.Morrill@dummymail.com,worker
421,Berta,Alarise,Berta.Alarise@dummymail.com,Berta.Alarise@dummymail.com,police officer
422,Malina,Iaverne,Malina.Iaverne@dummymail.com,Malina.Iaverne@dummymail.com,worker
423,Belva,Martguerita,Belva.Martguerita@dummymail.com,Belva.Martguerita@dummymail.com,firefighter
424,Chrystel,Azeria,Chrystel.Azeria@dummymail.com,Chrystel.Azeria@dummymail.com,doctor
425,Bertine,Dreda,Bertine.Dreda@dummymail.com,Bertine.Dreda@dummymail.com,worker
426,Charissa,Lia,Charissa.Lia@dummymail.com,Charissa.Lia@dummymail.com,firefighter
427,Cissiee,Behre,Cissiee.Behre@dummymail.com,Cissiee.Behre@dummymail.com,worker
428,Alie,Penelopa,Alie.Penelopa@dummymail.com,Alie.Penelopa@dummymail.com,developer
429,Marjie,Greenwald,Marjie.Greenwald@dummymail.com,Marjie.Greenwald@dummymail.com,firefighter
430,Pierette,Parsaye,Pierette.Parsaye@dummymail.com,Pierette.Parsaye@dummymail.com,developer
431,Vita,Claudine,Vita.Claudine@dummymail.com,Vita.Claudine@dummymail.com,police officer
432,Patricia,Gemini,Patricia.Gemini@dummymail.com,Patricia.Gemini@dummymail.com,developer
433,Mireielle,Mich,Mireielle.Mich@dummymail.com,Mireielle.Mich@dummymail.com,worker
434,Shauna,Letsou,Shauna.Letsou@dummymail.com,Shauna.Letsou@dummymail.com,worker
435,Dorice,Dearborn,Dorice.Dearborn@dummymail.com,Dorice.Dearborn@dummymail.com,doctor
436,Cam,Bari,Cam.Bari@dummymail.com,Cam.Bari@dummymail.com,worker
437,Agathe,Gordon,Agathe.Gordon@dummymail.com,Agathe.Gordon@dummymail.com,police officer
438,Olivette,Ferino,Olivette.Ferino@dummymail.com,Olivette.Ferino@dummymail.com,developer
439,Shell,Barney,Shell.Barney@dummymail.com,Shell.Barney@dummymail.com,police officer
440,Esmeralda,Korey,Esmeralda.Korey@dummymail.com,Esmeralda.Korey@dummymail.com,firefighter
441,Letizia,Gino,Letizia.Gino@dummymail.com,Letizia.Gino@dummymail.com,developer
442,Annora,Birdella,Annora.Birdella@dummymail.com,Annora.Birdella@dummymail.com,firefighter
443,Donnie,Darian,Donnie.Darian@dummymail.com,Donnie.Darian@dummymail.com,worker
444,Gavrielle,Gamaliel,Gavrielle.Gamaliel@dummymail.com,Gavrielle.Gamaliel@dummymail.com,firefighter
445,Hyacinthe,Erich,Hyacinthe.Erich@dummymail.com,Hyacinthe.Erich@dummymail.com,developer
446,Gerianna,Alabaster,Gerianna.Alabaster@dummymail.com,Gerianna.Alabaster@dummymail.com,firefighter
447,Aeriela,Emerson,Aeriela.Emerson@dummymail.com,Aeriela.Emerson@dummymail.com,worker
448,Marcy,Chinua,Marcy.Chinua@dummymail.com,Marcy.Chinua@dummymail.com,firefighter
449,Tersina,Sheedy,Tersina.Sheedy@dummymail.com,Tersina.Sheedy@dummymail.com,developer
450,Vonny,Gaal,Vonny.Gaal@dummymail.com,Vonny.Gaal@dummymail.com,worker
451,Vonny,Kelula,Vonny.Kelula@dummymail.com,Vonny.Kelula@dummymail.com,worker
452,Kellen,Connelly,Kellen.Connelly@dummymail.com,Kellen.Connelly@dummymail.com,police officer
453,Henriette,Ashely,Henriette.Ashely@dummymail.com,Henriette.Ashely@dummymail.com,worker
454,Ann-Marie,Lenny,Ann-Marie.Lenny@dummymail.com,Ann-Marie.Lenny@dummymail.com,firefighter
455,Aili,Gaulin,Aili.Gaulin@dummymail.com,Aili.Gaulin@dummymail.com,police officer
456,Courtnay,Bord,Courtnay.Bord@dummymail.com,Courtnay.Bord@dummymail.com,worker
457,Dione,Roche,Dione.Roche@dummymail.com,Dione.Roche@dummymail.com,worker
458,Josephine,Paton,Josephine.Paton@dummymail.com,Josephine.Paton@dummymail.com,worker
459,Dione,Swigart,Dione.Swigart@dummymail.com,Dione.Swigart@dummymail.com,doctor
460,Orsola,Sundin,Orsola.Sundin@dummymail.com,Orsola.Sundin@dummymail.com,developer
461,Emylee,Fancie,Emylee.Fancie@dummymail.com,Emylee.Fancie@dummymail.com,developer
462,Debee,Means,Debee.Means@dummymail.com,Debee.Means@dummymail.com,firefighter
463,Sheree,Dalli,Sheree.Dalli@dummymail.com,Sheree.Dalli@dummymail.com,worker
464,Sandie,Greyson,Sandie.Greyson@dummymail.com,Sandie.Greyson@dummymail.com,developer
465,Briney,Ax,Briney.Ax@dummymail.com,Briney.Ax@dummymail.com,doctor
466,Silvana,Bertold,Silvana.Bertold@dummymail.com,Silvana.Bertold@dummymail.com,worker
467,Beverley,Heidt,Beverley.Heidt@dummymail.com,Beverley.Heidt@dummymail.com,doctor
468,Andree,Eliathas,Andree.Eliathas@dummymail.com,Andree.Eliathas@dummymail.com,worker
469,Gaylene,Kannry,Gaylene.Kannry@dummymail.com,Gaylene.Kannry@dummymail.com,developer
470,Frank,Dudley,Frank.Dudley@dummymail.com,Frank.Dudley@dummymail.com,worker
471,Helsa,Wenda,Helsa.Wenda@dummymail.com,Helsa.Wenda@dummymail.com,doctor
472,Albertina,Winthorpe,Albertina.Winthorpe@dummymail.com,Albertina.Winthorpe@dummymail.com,worker
473,Carmencita,Waldron,Carmencita.Waldron@dummymail.com,Carmencita.Waldron@dummymail.com,worker
474,Alyda,Dex,Alyda.Dex@dummymail.com,Alyda.Dex@dummymail.com,developer
475,Ardeen,Emanuel,Ardeen.Emanuel@dummymail.com,Ardeen.Emanuel@dummymail.com,worker
476,Rosene,Old,Rosene.Old@dummymail.com,Rosene.Old@dummymail.com,police officer
477,Jobi,Adore,Jobi.Adore@dummymail.com,Jobi.Adore@dummymail.com,doctor
478,Aurore,Mullane,Aurore.Mullane@dummymail.com,Aurore.Mullane@dummymail.com,worker
479,Celestyna,Vanni,Celestyna.Vanni@dummymail.com,Celestyna.Vanni@dummymail.com,worker
480,Elora,Gaal,Elora.Gaal@dummymail.com,Elora.Gaal@dummymail.com,police officer
481,Inga,Ilka,Inga.Ilka@dummymail.com,Inga.Ilka@dummymail.com,firefighter
482,Oralee,Newell,Oralee.Newell@dummymail.com,Oralee.Newell@dummymail.com,worker
483,Wileen,Lucienne,Wileen.Lucienne@dummymail.com,Wileen.Lucienne@dummymail.com,police officer
484,Ursulina,Emmaline,Ursulina.Emmaline@dummymail.com,Ursulina.Emmaline@dummymail.com,firefighter
485,Claresta,Lutero,Claresta.Lutero@dummymail.com,Claresta.Lutero@dummymail.com,firefighter
486,Loree,Bandeen,Loree.Bandeen@dummymail.com,Loree.Bandeen@dummymail.com,doctor
487,Elvira,Kathie,Elvira.Kathie@dummymail.com,Elvira.Kathie@dummymail.com,worker
488,Melina,Ivens,Melina.Ivens@dummymail.com,Melina.Ivens@dummymail.com,developer
489,Sadie,Kimmie,Sadie.Kimmie@dummymail.com,Sadie.Kimmie@dummymail.com,firefighter
490,Elmira,Ovid,Elmira.Ovid@dummymail.com,Elmira.Ovid@dummymail.com,police officer
491,Wilma,Friede,Wilma.Friede@dummymail.com,Wilma.Friede@dummymail.com,developer
492,Verla,Rogerio,Verla.Rogerio@dummymail.com,Verla.Rogerio@dummymail.com,doctor
493,Flory,Peg,Flory.Peg@dummymail.com,Flory.Peg@dummymail.com,developer
494,Leona,Garrison,Leona.Garrison@dummymail.com,Leona.Garrison@dummymail.com,doctor
495,Kalina,Grosz,Kalina.Grosz@dummymail.com,Kalina.Grosz@dummymail.com,doctor
496,Henriette,Bouchard,Henriette.Bouchard@dummymail.com,Henriette.Bouchard@dummymail.com,developer
497,Tori,Drisko,Tori.Drisko@dummymail.com,Tori.Drisko@dummymail.com,doctor
498,Jere,Lacombe,Jere.Lacombe@dummymail.com,Jere.Lacombe@dummymail.com,worker
499,Augustine,Sherrie,Augustine.Sherrie@dummymail.com,Augustine.Sherrie@dummymail.com,police officer
500,Mureil,Seumas,Mureil.Seumas@dummymail.com,Mureil.Seumas@dummymail.com,developer
501,Alyssa,Rheingold,Alyssa.Rheingold@dummymail.com,Alyssa.Rheingold@dummymail.com,doctor
502,Larine,Weitman,Larine.Weitman@dummymail.com,Larine.Weitman@dummymail.com,worker
503,Sheelagh,Catie,Sheelagh.Catie@dummymail.com,Sheelagh.Catie@dummymail.com,developer
504,Edith,Audly,Edith.Audly@dummymail.com,Edith.Audly@dummymail.com,doctor
505,Nonnah,Kaete,Nonnah.Kaete@dummymail.com,Nonnah.Kaete@dummymail.com,firefighter
506,Lynea,Reneta,Lynea.Reneta@dummymail.com,Lynea.Reneta@dummymail.com,doctor
507,Christy,Verger,Christy.Verger@dummymail.com,Christy.Verger@dummymail.com,firefighter
508,Cherrita,Raychel,Cherrita.Raychel@dummymail.com,Cherrita.Raychel@dummymail.com,police officer
509,Konstance,Olnee,Konstance.Olnee@dummymail.com,Konstance.Olnee@dummymail.com,doctor
510,Dyann,Harl,Dyann.Harl@dummymail.com,Dyann.Harl@dummymail.com,doctor
511,Neila,Garlinda,Neila.Garlinda@dummymail.com,Neila.Garlinda@dummymail.com,police officer
512,Mady,Emmy,Mady.Emmy@dummymail.com,Mady.Emmy@dummymail.com,worker
513,Brynna,Hortensia,Brynna.Hortensia@dummymail.com,Brynna.Hortensia@dummymail.com,developer
514,Quintina,Mandler,Quintina.Mandler@dummymail.com,Quintina.Mandler@dummymail.com,doctor
515,Gerrie,Corilla,Gerrie.Corilla@dummymail.com,Gerrie.Corilla@dummymail.com,worker
516,Dede,Astra,Dede.Astra@dummymail.com,Dede.Astra@dummymail.com,worker
517,Rosene,Trinetta,Rosene.Trinetta@dummymail.com,Rosene.Trinetta@dummymail.com,police officer
518,Helena,Amethist,Helena.Amethist@dummymail.com,Helena.Amethist@dummymail.com,doctor
519,Tabbatha,Tybald,Tabbatha.Tybald@dummymail.com,Tabbatha.Tybald@dummymail.com,developer
520,Carmencita,Elvyn,Carmencita.Elvyn@dummymail.com,Carmencita.Elvyn@dummymail.com,police officer
521,Johna,Dituri,Johna.Dituri@dummymail.com,Johna.Dituri@dummymail.com,worker
522,Barbara,Edmund,Barbara.Edmund@dummymail.com,Barbara.Edmund@dummymail.com,police officer
523,Jackie,Sandye,Jackie.Sandye@dummymail.com,Jackie.Sandye@dummymail.com,developer
524,Cam,Pandolfi,Cam.Pandolfi@dummymail.com,Cam.Pandolfi@dummymail.com,police officer
525,Marcy,Doig,Marcy.Doig@dummymail.com,Marcy.Doig@dummymail.com,doctor
526,Henriette,Kimmie,Henriette.Kimmie@dummymail.com,Henriette.Kimmie@dummymail.com,firefighter
527,Sheree,Cutlerr,Sheree.Cutlerr@dummymail.com,Sheree.Cutlerr@dummymail.com,doctor
528,Max,Creamer,Max.Creamer@dummymail.com,Max.Creamer@dummymail.com,police officer
529,Althea,Clara,Althea.Clara@dummymail.com,Althea.Clara@dummymail.com,police officer
530,Bobinette,Ammann,Bobinette.Ammann@dummymail.com,Bobinette.Ammann@dummymail.com,firefighter
531,Marcy,Vanni,Marcy.Vanni@dummymail.com,Marcy.Vanni@dummymail.com,doctor
532,Korrie,Mich,Korrie.Mich@dummymail.com,Korrie.Mich@dummymail.com,developer
533,Jillayne,Leffen,Jillayne.Leffen@dummymail.com,Jillayne.Leffen@dummymail.com,police officer
534,Pollyanna,Alejoa,Pollyanna.Alejoa@dummymail.com,Pollyanna.Alejoa@dummymail.com,doctor
535,Wileen,Winthorpe,Wileen.Winthorpe@dummymail.com,Wileen.Winthorpe@dummymail.com,worker
536,Madeleine,Ariella,Madeleine.Ariella@dummymail.com,Madeleine.Ariella@dummymail.com,doctor
537,Donetta,Laurianne,Donetta.Laurianne@dummymail.com,Donetta.Laurianne@dummymail.com,worker
538,Camile,Latini,Camile.Latini@dummymail.com,Camile.Latini@dummymail.com,doctor
539,Christian,Konyn,Christian.Konyn@dummymail.com,Christian.Konyn@dummymail.com,worker
540,Cyb,Darian,Cyb.Darian@dummymail.com,Cyb.Darian@dummymail.com,doctor
541,Tiffie,Rogerio,Tiffie.Rogerio@dummymail.com,Tiffie.Rogerio@dummymail.com,firefighter
542,Basia,Allys,Basia.Allys@dummymail.com,Basia.Allys@dummymail.com,developer
543,Annora,Frodi,Annora.Frodi@dummymail.com,Annora.Frodi@dummymail.com,police officer
544,Roseline,O'Neill,Roseline.O'Neill@dummymail.com,Roseline.O'Neill@dummymail.com,firefighter
545,Gusty,Gibbeon,Gusty.Gibbeon@dummymail.com,Gusty.Gibbeon@dummymail.com,worker
546,Jsandye,Strephon,Jsandye.Strephon@dummymail.com,Jsandye.Strephon@dummymail.com,police officer
547,Carly,Faust,Carly.Faust@dummymail.com,Carly.Faust@dummymail.com,police officer
548,Annecorinne,Larochelle,Annecorinne.Larochelle@dummymail.com,Annecorinne.Larochelle@dummymail.com,doctor
549,Carmela,Oriana,Carmela.Oriana@dummymail.com,Carmela.Oriana@dummymail.com,doctor
550,Loree,Raul,Loree.Raul@dummymail.com,Loree.Raul@dummymail.com,police officer
551,Elbertina,Erminia,Elbertina.Erminia@dummymail.com,Elbertina.Erminia@dummymail.com,police officer
552,Cyndie,Pettiford,Cyndie.Pettiford@dummymail.com,Cyndie.Pettiford@dummymail.com,developer
553,Lolita,Cookie,Lolita.Cookie@dummymail.com,Lolita.Cookie@dummymail.com,worker
554,Elfreda,Dahlia,Elfreda.Dahlia@dummymail.com,Elfreda.Dahlia@dummymail.com,doctor
555,Randa,Trace,Randa.Trace@dummymail.com,Randa.Trace@dummymail.com,worker
556,Taffy,Haerr,Taffy.Haerr@dummymail.com,Taffy.Haerr@dummymail.com,doctor
557,Teddie,Lumbard,Teddie.Lumbard@dummymail.com,Teddie.Lumbard@dummymail.com,police officer
558,Binny,Palocz,Binny.Palocz@dummymail.com,Binny.Palocz@dummymail.com,police officer
559,Hollie,Gwenore,Hollie.Gwenore@dummymail.com,Hollie.Gwenore@dummymail.com,doctor
560,Ebonee,Lemuela,Ebonee.Lemuela@dummymail.com,Ebonee.Lemuela@dummymail.com,firefighter
561,Elyssa,Lytton,Elyssa.Lytton@dummymail.com,Elyssa.Lytton@dummymail.com,doctor
562,Jasmina,Amand,Jasmina.Amand@dummymail.com,Jasmina.Amand@dummymail.com,police officer
563,Karly,Connelly,Karly.Connelly@dummymail.com,Karly.Connelly@dummymail.com,developer
564,Desirae,Cutlerr,Desirae.Cutlerr@dummymail.com,Desirae.Cutlerr@dummymail.com,firefighter
565,Collen,Ophelia,Collen.Ophelia@dummymail.com,Collen.Ophelia@dummymail.com,firefighter
566,Loree,Bebe,Loree.Bebe@dummymail.com,Loree.Bebe@dummymail.com,firefighter
567,Britte,Baptlsta,Britte.Baptlsta@dummymail.com,Britte.Baptlsta@dummymail.com,police officer
568,Heddie,Colp,Heddie.Colp@dummymail.com,Heddie.Colp@dummymail.com,firefighter
569,Odessa,Thilda,Odessa.Thilda@dummymail.com,Odessa.Thilda@dummymail.com,firefighter
570,Roslyn,Stilwell,Roslyn.Stilwell@dummymail.com,Roslyn.Stilwell@dummymail.com,firefighter
571,Libbie,Fancie,Libbie.Fancie@dummymail.com,Libbie.Fancie@dummymail.com,police officer
572,Renae,Kinnard,Renae.Kinnard@dummymail.com,Renae.Kinnard@dummymail.com,worker
573,Ekaterina,Kenwood,Ekaterina.Kenwood@dummymail.com,Ekaterina.Kenwood@dummymail.com,developer
574,Siana,Lorain,Siana.Lorain@dummymail.com,Siana.Lorain@dummymail.com,firefighter
575,Sarette,Travax,Sarette.Travax@dummymail.com,Sarette.Travax@dummymail.com,doctor
576,Marline,Holbrook,Marline.Holbrook@dummymail.com,Marline.Holbrook@dummymail.com,police officer
577,Meghann,Calhoun,Meghann.Calhoun@dummymail.com,Meghann.Calhoun@dummymail.com,firefighter
578,Lory,Prouty,Lory.Prouty@dummymail.com,Lory.Prouty@dummymail.com,doctor
579,Sibella,Vary,Sibella.Vary@dummymail.com,Sibella.Vary@dummymail.com,doctor
580,Flo,Colyer,Flo.Colyer@dummymail.com,Flo.Colyer@dummymail.com,firefighter
581,Monika,Avi,Monika.Avi@dummymail.com,Monika.Avi@dummymail.com,police officer
582,Norine,Laverne,Norine.Laverne@dummymail.com,Norine.Laverne@dummymail.com,worker
583,Netty,Gamaliel,Netty.Gamaliel@dummymail.com,Netty.Gamaliel@dummymail.com,doctor
584,Lonnie,Salchunas,Lonnie.Salchunas@dummymail.com,Lonnie.Salchunas@dummymail.com,developer
585,Belva,Regan,Belva.Regan@dummymail.com,Belva.Regan@dummymail.com,worker
586,Gertrud,Fadiman,Gertrud.Fadiman@dummymail.com,Gertrud.Fadiman@dummymail.com,firefighter
587,Jessamyn,Manolo,Jessamyn.Manolo@dummymail.com,Jessamyn.Manolo@dummymail.com,worker
588,Carmencita,Henebry,Carmencita.Henebry@dummymail.com,Carmencita.Henebry@dummymail.com,worker
589,Dale,Vanni,Dale.Vanni@dummymail.com,Dale.Vanni@dummymail.com,worker
590,Bernie,Dom,Bernie.Dom@dummymail.com,Bernie.Dom@dummymail.com,firefighter
591,Merry,Read,Merry.Read@dummymail.com,Merry.Read@dummymail.com,developer
592,Violet,Jefferey,Violet.Jefferey@dummymail.com,Violet.Jefferey@dummymail.com,doctor
593,Viki,Terencio,Viki.Terencio@dummymail.com,Viki.Terencio@dummymail.com,firefighter
594,Dianemarie,Maxi,Dianemarie.Maxi@dummymail.com,Dianemarie.Maxi@dummymail.com,developer
595,Shaine,Reinke,Shaine.Reinke@dummymail.com,Shaine.Reinke@dummymail.com,police officer
596,Kate,Natalia,Kate.Natalia@dummymail.com,Kate.Natalia@dummymail.com,doctor
597,Andree,Poppy,Andree.Poppy@dummymail.com,Andree.Poppy@dummymail.com,doctor
598,Monika,Larochelle,Monika.Larochelle@dummymail.com,Monika.Larochelle@dummymail.com,police officer
599,Pearline,Shaver,Pearline.Shaver@dummymail.com,Pearline.Shaver@dummymail.com,firefighter
600,Marinna,Destinee,Marinna.Destinee@dummymail.com,Marinna.Destinee@dummymail.com,firefighter
601,Margarette,Bartlett,Margarette.Bartlett@dummymail.com,Margarette.Bartlett@dummymail.com,doctor
602,Cassandra,Kare,Cassandra.Kare@dummymail.com,Cassandra.Kare@dummymail.com,developer
603,Adore,Virgin,Adore.Virgin@dummymail.com,Adore.Virgin@dummymail.com,doctor
604,Hope,Arquit,Hope.Arquit@dummymail.com,Hope.Arquit@dummymail.com,firefighter
605,Marti,Aldric,Marti.Aldric@dummymail.com,Marti.Aldric@dummymail.com,police officer
606,Carree,Knowling,Carree.Knowling@dummymail.com,Carree.Knowling@dummymail.com,worker
607,Carolina,Morehouse,Carolina.Morehouse@dummymail.com,Carolina.Morehouse@dummymail.com,firefighter
608,Willetta,Ardeha,Willetta.Ardeha@dummymail.com,Willetta.Ardeha@dummymail.com,worker
609,Lorenza,Genna,Lorenza.Genna@dummymail.com,Lorenza.Genna@dummymail.com,developer
610,Elise,Nadia,Elise.Nadia@dummymail.com,Elise.Nadia@dummymail.com,firefighter
611,Rivalee,Florina,Rivalee.Florina@dummymail.com,Rivalee.Florina@dummymail.com,police officer
612,Fernande,Alcott,Fernande.Alcott@dummymail.com,Fernande.Alcott@dummymail.com,police officer
613,Susan,Holbrook,Susan.Holbrook@dummymail.com,Susan.Holbrook@dummymail.com,developer
614,Cathie,Ioab,Cathie.Ioab@dummymail.com,Cathie.Ioab@dummymail.com,police officer
615,Modestia,Cavan,Modestia.Cavan@dummymail.com,Modestia.Cavan@dummymail.com,developer
616,Jean,Khorma,Jean.Khorma@dummymail.com,Jean.Khorma@dummymail.com,police officer
617,Delilah,Kolnick,Delilah.Kolnick@dummymail.com,Delilah.Kolnick@dummymail.com,firefighter
618,Dorthy,Mullane,Dorthy.Mullane@dummymail.com,Dorthy.Mullane@dummymail.com,worker
619,Madelle,Plato,Madelle.Plato@dummymail.com,Madelle.Plato@dummymail.com,worker
620,Tomasina,Morehouse,Tomasina.Morehouse@dummymail.com,Tomasina.Morehouse@dummymail.com,police officer
621,Clementine,Weitman,Clementine.Weitman@dummymail.com,Clementine.Weitman@dummymail.com,police officer
622,Netty,Sophronia,Netty.Sophronia@dummymail.com,Netty.Sophronia@dummymail.com,firefighter
623,Winny,Christal,Winny.Christal@dummymail.com,Winny.Christal@dummymail.com,firefighter
624,Edee,Ludewig,Edee.Ludewig@dummymail.com,Edee.Ludewig@dummymail.com,worker
625,Brynna,Dawkins,Brynna.Dawkins@dummymail.com,Brynna.Dawkins@dummymail.com,developer
626,Brana,Chesna,Brana.Chesna@dummymail.com,Brana.Chesna@dummymail.com,firefighter
627,Tina,Jagir,Tina.Jagir@dummymail.com,Tina.Jagir@dummymail.com,worker
628,Tani,Friede,Tani.Friede@dummymail.com,Tani.Friede@dummymail.com,firefighter
629,Grier,Vittoria,Grier.Vittoria@dummymail.com,Grier.Vittoria@dummymail.com,worker
630,Etta,Hanshaw,Etta.Hanshaw@dummymail.com,Etta.Hanshaw@dummymail.com,worker
631,Hildegaard,Truc,Hildegaard.Truc@dummymail.com,Hildegaard.Truc@dummymail.com,firefighter
632,Gaylene,Croix,Gaylene.Croix@dummymail.com,Gaylene.Croix@dummymail.com,developer
633,Micheline,Redmond,Micheline.Redmond@dummymail.com,Micheline.Redmond@dummymail.com,developer
634,Cyndie,Grimbly,Cyndie.Grimbly@dummymail.com,Cyndie.Grimbly@dummymail.com,firefighter
635,June,Cleavland,June.Cleavland@dummymail.com,June.Cleavland@dummymail.com,developer
636,Moyna,Sadowski,Moyna.Sadowski@dummymail.com,Moyna.Sadowski@dummymail.com,police officer
637,Marika,Emmy,Marika.Emmy@dummymail.com,Marika.Emmy@dummymail.com,doctor
638,Delilah,Hamil,Delilah.Hamil@dummymail.com,Delilah.Hamil@dummymail.com,doctor
639,Gilligan,Brieta,Gilligan.Brieta@dummymail.com,Gilligan.Brieta@dummymail.com,firefighter
640,Nyssa,Janith,Nyssa.Janith@dummymail.com,Nyssa.Janith@dummymail.com,firefighter
641,Johna,Guthrie,Johna.Guthrie@dummymail.com,Johna.Guthrie@dummymail.com,police officer
642,Mireielle,Tryck,Mireielle.Tryck@dummymail.com,Mireielle.Tryck@dummymail.com,firefighter
643,Morganica,Brady,Morganica.Brady@dummymail.com,Morganica.Brady@dummymail.com,worker
644,Sadie,Rheingold,Sadie.Rheingold@dummymail.com,Sadie.Rheingold@dummymail.com,worker
645,Gisela,Berard,Gisela.Berard@dummymail.com,Gisela.Berard@dummymail.com,firefighter
646,Marcelline,Annabella,Marcelline.Annabella@dummymail.com,Marcelline.Annabella@dummymail.com,worker
647,June,Avi,June.Avi@dummymail.com,June.Avi@dummymail.com,developer
648,Joeann,Noam,Joeann.Noam@dummymail.com,Joeann.Noam@dummymail.com,worker
649,Gavrielle,Baptlsta,Gavrielle.Baptlsta@dummymail.com,Gavrielle.Baptlsta@dummymail.com,firefighter
650,Jere,Felizio,Jere.Felizio@dummymail.com,Jere.Felizio@dummymail.com,developer
651,Hollie,Burnside,Hollie.Burnside@dummymail.com,Hollie.Burnside@dummymail.com,police officer
652,Demetris,Sisile,Demetris.Sisile@dummymail.com,Demetris.Sisile@dummymail.com,developer
653,Vinita,Aloise,Vinita.Aloise@dummymail.com,Vinita.Aloise@dummymail.com,worker
654,Jsandye,Rubie,Jsandye.Rubie@dummymail.com,Jsandye.Rubie@dummymail.com,worker
655,Clo,Kiersten,Clo.Kiersten@dummymail.com,Clo.Kiersten@dummymail.com,doctor
656,Mady,Konyn,Mady.Konyn@dummymail.com,Mady.Konyn@dummymail.com,police officer
657,Jacenta,Anderea,Jacenta.Anderea@dummymail.com,Jacenta.Anderea@dummymail.com,firefighter
658,Peri,Jenness,Peri.Jenness@dummymail.com,Peri.Jenness@dummymail.com,worker
659,Halette,Nicoline,Halette.Nicoline@dummymail.com,Halette.Nicoline@dummymail.com,police officer
660,Katuscha,Hourigan,Katuscha.Hourigan@dummymail.com,Katuscha.Hourigan@dummymail.com,developer
661,Jessy,Sisile,Jessy.Sisile@dummymail.com,Jessy.Sisile@dummymail.com,doctor
662,Lynnea,Millda,Lynnea.Millda@dummymail.com,Lynnea.Millda@dummymail.com,doctor
663,Iseabal,Johanna,Iseabal.Johanna@dummymail.com,Iseabal.Johanna@dummymail.com,worker
664,Viviene,Swigart,Viviene.Swigart@dummymail.com,Viviene.Swigart@dummymail.com,developer
665,Edith,Rurik,Edith.Rurik@dummymail.com,Edith.Rurik@dummymail.com,police officer
666,Nita,Aaberg,Nita.Aaberg@dummymail.com,Nita.Aaberg@dummymail.com,firefighter
667,Sarette,Lanita,Sarette.Lanita@dummymail.com,Sarette.Lanita@dummymail.com,firefighter
668,Chrystel,Kat,Chrystel.Kat@dummymail.com,Chrystel.Kat@dummymail.com,developer
669,Robinia,Auberbach,Robinia.Auberbach@dummymail.com,Robinia.Auberbach@dummymail.com,firefighter
670,Orelia,Arne,Orelia.Arne@dummymail.com,Orelia.Arne@dummymail.com,firefighter
671,Evita,Trinetta,Evita.Trinetta@dummymail.com,Evita.Trinetta@dummymail.com,doctor
672,Netty,Cath,Netty.Cath@dummymail.com,Netty.Cath@dummymail.com,police officer
673,Arlena,Lipson,Arlena.Lipson@dummymail.com,Arlena.Lipson@dummymail.com,developer
674,Paola,Baptlsta,Paola.Baptlsta@dummymail.com,Paola.Baptlsta@dummymail.com,firefighter
675,Justinn,Brodench,Justinn.Brodench@dummymail.com,Justinn.Brodench@dummymail.com,developer
676,Tybie,Obed,Tybie.Obed@dummymail.com,Tybie.Obed@dummymail.com,doctor
677,Shaylyn,Kirbee,Shaylyn.Kirbee@dummymail.com,Shaylyn.Kirbee@dummymail.com,police officer
678,Roslyn,Ader,Roslyn.Ader@dummymail.com,Roslyn.Ader@dummymail.com,firefighter
679,Courtnay,Wenoa,Courtnay.Wenoa@dummymail.com,Courtnay.Wenoa@dummymail.com,doctor
680,Evaleen,Bates,Evaleen.Bates@dummymail.com,Evaleen.Bates@dummymail.com,doctor
681,Flo,Stav,Flo.Stav@dummymail.com,Flo.Stav@dummymail.com,developer
682,Fanny,Niccolo,Fanny.Niccolo@dummymail.com,Fanny.Niccolo@dummymail.com,police officer
683,Ariela,Federica,Ariela.Federica@dummymail.com,Ariela.Federica@dummymail.com,doctor
684,Cathie,Seumas,Cathie.Seumas@dummymail.com,Cathie.Seumas@dummymail.com,worker
685,Sophia,Armanda,Sophia.Armanda@dummymail.com,Sophia.Armanda@dummymail.com,worker
686,Dede,Elo,Dede.Elo@dummymail.com,Dede.Elo@dummymail.com,worker
687,Alex,Saree,Alex.Saree@dummymail.com,Alex.Saree@dummymail.com,developer
688,Dorthy,Randene,Dorthy.Randene@dummymail.com,Dorthy.Randene@dummymail.com,firefighter
689,Max,Mayeda,Max.Mayeda@dummymail.com,Max.Mayeda@dummymail.com,worker
690,Abbie,Ovid,Abbie.Ovid@dummymail.com,Abbie.Ovid@dummymail.com,worker
691,Tami,Lemuela,Tami.Lemuela@dummymail.com,Tami.Lemuela@dummymail.com,doctor
692,Darlleen,Uird,Darlleen.Uird@dummymail.com,Darlleen.Uird@dummymail.com,developer
693,Alejandra,Sigfrid,Alejandra.Sigfrid@dummymail.com,Alejandra.Sigfrid@dummymail.com,doctor
694,Dolli,Gaal,Dolli.Gaal@dummymail.com,Dolli.Gaal@dummymail.com,developer
695,Gusty,Gabrielli,Gusty.Gabrielli@dummymail.com,Gusty.Gabrielli@dummymail.com,police officer
696,Carmencita,Sherfield,Carmencita.Sherfield@dummymail.com,Carmencita.Sherfield@dummymail.com,doctor
697,Cristine,Cynar,Cristine.Cynar@dummymail.com,Cristine.Cynar@dummymail.com,developer
698,Teriann,Land,Teriann.Land@dummymail.com,Teriann.Land@dummymail.com,police officer
699,Frank,Gahl,Frank.Gahl@dummymail.com,Frank.Gahl@dummymail.com,police officer
700,Angela,Truc,Angela.Truc@dummymail.com,Angela.Truc@dummymail.com,doctor
701,Melisent,Sandye,Melisent.Sandye@dummymail.com,Melisent.Sandye@dummymail.com,police officer
702,Marjie,Buttaro,Marjie.Buttaro@dummymail.com,Marjie.Buttaro@dummymail.com,police officer
703,Kylynn,Cassius,Kylynn.Cassius@dummymail.com,Kylynn.Cassius@dummymail.com,police officer
704,Anthia,Pandolfi,Anthia.Pandolfi@dummymail.com,Anthia.Pandolfi@dummymail.com,developer
705,Cathyleen,Modie,Cathyleen.Modie@dummymail.com,Cathyleen.Modie@dummymail.com,doctor
706,Viki,Concha,Viki.Concha@dummymail.com,Viki.Concha@dummymail.com,developer
707,Starla,Melony,Starla.Melony@dummymail.com,Starla.Melony@dummymail.com,doctor
708,Kial,Marcellus,Kial.Marcellus@dummymail.com,Kial.Marcellus@dummymail.com,firefighter
709,Kimberley,Thema,Kimberley.Thema@dummymail.com,Kimberley.Thema@dummymail.com,police officer
710,Concettina,Maiah,Concettina.Maiah@dummymail.com,Concettina.Maiah@dummymail.com,doctor
711,Joleen,Old,Joleen.Old@dummymail.com,Joleen.Old@dummymail.com,police officer
712,Genovera,Winnick,Genovera.Winnick@dummymail.com,Genovera.Winnick@dummymail.com,worker
713,Jackie,Nunci,Jackie.Nunci@dummymail.com,Jackie.Nunci@dummymail.com,police officer
714,Harmonia,Evvie,Harmonia.Evvie@dummymail.com,Harmonia.Evvie@dummymail.com,police officer
715,Arabel,Candy,Arabel.Candy@dummymail.com,Arabel.Candy@dummymail.com,developer
716,Silvana,Abernon,Silvana.Abernon@dummymail.com,Silvana.Abernon@dummymail.com,developer
717,Alejandra,Papageno,Alejandra.Papageno@dummymail.com,Alejandra.Papageno@dummymail.com,worker
718,Minne,Janene,Minne.Janene@dummymail.com,Minne.Janene@dummymail.com,developer
719,Jinny,Goerke,Jinny.Goerke@dummymail.com,Jinny.Goerke@dummymail.com,developer
720,Therine,Martguerita,Therine.Martguerita@dummymail.com,Therine.Martguerita@dummymail.com,developer
721,Lauryn,Bollay,Lauryn.Bollay@dummymail.com,Lauryn.Bollay@dummymail.com,doctor
722,Jany,Louanna,Jany.Louanna@dummymail.com,Jany.Louanna@dummymail.com,worker
723,Emelina,Gaynor,Emelina.Gaynor@dummymail.com,Emelina.Gaynor@dummymail.com,doctor
724,Zaria,Chandler,Zaria.Chandler@dummymail.com,Zaria.Chandler@dummymail.com,firefighter
725,Catrina,Konyn,Catrina.Konyn@dummymail.com,Catrina.Konyn@dummymail.com,worker
726,Joceline,Miru,Joceline.Miru@dummymail.com,Joceline.Miru@dummymail.com,police officer
727,Nananne,Ellord,Nananne.Ellord@dummymail.com,Nananne.Ellord@dummymail.com,developer
728,Hyacinthe,Fitzsimmons,Hyacinthe.Fitzsimmons@dummymail.com,Hyacinthe.Fitzsimmons@dummymail.com,firefighter
729,Winny,Geffner,Winny.Geffner@dummymail.com,Winny.Geffner@dummymail.com,developer
730,Myriam,Zina,Myriam.Zina@dummymail.com,Myriam.Zina@dummymail.com,worker
731,Shandie,Koziara,Shandie.Koziara@dummymail.com,Shandie.Koziara@dummymail.com,worker
732,Mara,Konyn,Mara.Konyn@dummymail.com,Mara.Konyn@dummymail.com,firefighter
733,Briney,Janene,Briney.Janene@dummymail.com,Briney.Janene@dummymail.com,police officer
734,Hermione,Egbert,Hermione.Egbert@dummymail.com,Hermione.Egbert@dummymail.com,developer
735,Merrie,Bergman,Merrie.Bergman@dummymail.com,Merrie.Bergman@dummymail.com,doctor
736,Clarice,Chauncey,Clarice.Chauncey@dummymail.com,Clarice.Chauncey@dummymail.com,developer
737,Tatiania,Auberbach,Tatiania.Auberbach@dummymail.com,Tatiania.Auberbach@dummymail.com,police officer
738,Courtnay,Arley,Courtnay.Arley@dummymail.com,Courtnay.Arley@dummymail.com,developer
739,Sam,Henebry,Sam.Henebry@dummymail.com,Sam.Henebry@dummymail.com,police officer
740,Addia,Chaing,Addia.Chaing@dummymail.com,Addia.Chaing@dummymail.com,developer
741,Madelle,Denis,Madelle.Denis@dummymail.com,Madelle.Denis@dummymail.com,developer
742,Paulita,Hedve,Paulita.Hedve@dummymail.com,Paulita.Hedve@dummymail.com,firefighter
743,Nikki,Heisel,Nikki.Heisel@dummymail.com,Nikki.Heisel@dummymail.com,doctor
744,Vita,Baudin,Vita.Baudin@dummymail.com,Vita.Baudin@dummymail.com,police officer
745,Orsola,Fitzsimmons,Orsola.Fitzsimmons@dummymail.com,Orsola.Fitzsimmons@dummymail.com,doctor
746,Kenna,My,Kenna.My@dummymail.com,Kenna.My@dummymail.com,firefighter
747,Sabina,Leopold,Sabina.Leopold@dummymail.com,Sabina.Leopold@dummymail.com,doctor
748,Michaelina,Desai,Michaelina.Desai@dummymail.com,Michaelina.Desai@dummymail.com,firefighter
749,Morganica,Kesley,Morganica.Kesley@dummymail.com,Morganica.Kesley@dummymail.com,developer
750,Tierney,Wyn,Tierney.Wyn@dummymail.com,Tierney.Wyn@dummymail.com,worker
751,Edyth,Hull,Edyth.Hull@dummymail.com,Edyth.Hull@dummymail.com,police officer
752,Sue,Yate,Sue.Yate@dummymail.com,Sue.Yate@dummymail.com,worker
753,Ekaterina,Ackerley,Ekaterina.Ackerley@dummymail.com,Ekaterina.Ackerley@dummymail.com,developer
754,Mariele,Shama,Mariele.Shama@dummymail.com,Mariele.Shama@dummymail.com,firefighter
755,Roslyn,Bultman,Roslyn.Bultman@dummymail.com,Roslyn.Bultman@dummymail.com,doctor
756,Antonietta,Roarke,Antonietta.Roarke@dummymail.com,Antonietta.Roarke@dummymail.com,police officer
757,Teriann,Mauer,Teriann.Mauer@dummymail.com,Teriann.Mauer@dummymail.com,doctor
758,Merci,Devlen,Merci.Devlen@dummymail.com,Merci.Devlen@dummymail.com,doctor
759,Sharai,Lasley,Sharai.Lasley@dummymail.com,Sharai.Lasley@dummymail.com,police officer
760,Elmira,Stanwood,Elmira.Stanwood@dummymail.com,Elmira.Stanwood@dummymail.com,developer
761,Rozele,Edvard,Rozele.Edvard@dummymail.com,Rozele.Edvard@dummymail.com,doctor
762,Mallory,Calhoun,Mallory.Calhoun@dummymail.com,Mallory.Calhoun@dummymail.com,doctor
763,Fred,Laverne,Fred.Laverne@dummymail.com,Fred.Laverne@dummymail.com,doctor
764,Aaren,Garbe,Aaren.Garbe@dummymail.com,Aaren.Garbe@dummymail.com,worker
765,Tilly,Stoller,Tilly.Stoller@dummymail.com,Tilly.Stoller@dummymail.com,police officer
766,Alyda,Kirbee,Alyda.Kirbee@dummymail.com,Alyda.Kirbee@dummymail.com,doctor
767,Joane,Mullane,Joane.Mullane@dummymail.com,Joane.Mullane@dummymail.com,firefighter
768,Marylou,Eliathas,Marylou.Eliathas@dummymail.com,Marylou.Eliathas@dummymail.com,developer
769,Latisha,Bluh,Latisha.Bluh@dummymail.com,Latisha.Bluh@dummymail.com,firefighter
770,Claresta,Kalinda,Claresta.Kalinda@dummymail.com,Claresta.Kalinda@dummymail.com,doctor
771,Lolita,Woodberry,Lolita.Woodberry@dummymail.com,Lolita.Woodberry@dummymail.com,police officer
772,Demetris,Merat,Demetris.Merat@dummymail.com,Demetris.Merat@dummymail.com,developer
773,Carlie,Rese,Carlie.Rese@dummymail.com,Carlie.Rese@dummymail.com,worker
774,Ardys,Susannah,Ardys.Susannah@dummymail.com,Ardys.Susannah@dummymail.com,doctor
775,Shel,LaRue,Shel.LaRue@dummymail.com,Shel.LaRue@dummymail.com,developer
776,Margette,Michella,Margette.Michella@dummymail.com,Margette.Michella@dummymail.com,doctor
777,Zsa Zsa,Morehouse,Zsa Zsa.Morehouse@dummymail.com,Zsa Zsa.Morehouse@dummymail.com,developer
778,Dotty,Seligman,Dotty.Seligman@dummymail.com,Dotty.Seligman@dummymail.com,police officer
779,Coral,Velick,Coral.Velick@dummymail.com,Coral.Velick@dummymail.com,police officer
780,Amara,Pelagias,Amara.Pelagias@dummymail.com,Amara.Pelagias@dummymail.com,doctor
781,Marinna,Birdella,Marinna.Birdella@dummymail.com,Marinna.Birdella@dummymail.com,worker
782,Minda,Janith,Minda.Janith@dummymail.com,Minda.Janith@dummymail.com,doctor
783,Almeta,Keelia,Almeta.Keelia@dummymail.com,Almeta.Keelia@dummymail.com,doctor
784,Eadie,Loeb,Eadie.Loeb@dummymail.com,Eadie.Loeb@dummymail.com,firefighter
785,Yolane,Sparhawk,Yolane.Sparhawk@dummymail.com,Yolane.Sparhawk@dummymail.com,firefighter
786,Fina,Old,Fina.Old@dummymail.com,Fina.Old@dummymail.com,doctor
787,Edyth,Lewes,Edyth.Lewes@dummymail.com,Edyth.Lewes@dummymail.com,police officer
788,Kirstin,Goerke,Kirstin.Goerke@dummymail.com,Kirstin.Goerke@dummymail.com,worker
789,Corry,Evangelia,Corry.Evangelia@dummymail.com,Corry.Evangelia@dummymail.com,police officer
790,Blake,Masao,Blake.Masao@dummymail.com,Blake.Masao@dummymail.com,developer
791,Codie,Joli,Codie.Joli@dummymail.com,Codie.Joli@dummymail.com,police officer
792,Krystle,Si,Krystle.Si@dummymail.com,Krystle.Si@dummymail.com,developer
793,Anica,Blake,Anica.Blake@dummymail.com,Anica.Blake@dummymail.com,police officer
794,Melisent,Anyah,Melisent.Anyah@dummymail.com,Melisent.Anyah@dummymail.com,doctor
795,Linet,Kat,Linet.Kat@dummymail.com,Linet.Kat@dummymail.com,police officer
796,Leontine,Hailee,Leontine.Hailee@dummymail.com,Leontine.Hailee@dummymail.com,police officer
797,Arabel,Melony,Arabel.Melony@dummymail.com,Arabel.Melony@dummymail.com,worker
798,Courtnay,Westphal,Courtnay.Westphal@dummymail.com,Courtnay.Westphal@dummymail.com,doctor
799,Sashenka,Romelda,Sashenka.Romelda@dummymail.com,Sashenka.Romelda@dummymail.com,developer
800,Clary,Munn,Clary.Munn@dummymail.com,Clary.Munn@dummymail.com,worker
801,Dyann,Alexandr,Dyann.Alexandr@dummymail.com,Dyann.Alexandr@dummymail.com,developer
802,Nannie,Melony,Nannie.Melony@dummymail.com,Nannie.Melony@dummymail.com,worker
803,Ida,Philoo,Ida.Philoo@dummymail.com,Ida.Philoo@dummymail.com,police officer
804,Edith,Shaver,Edith.Shaver@dummymail.com,Edith.Shaver@dummymail.com,worker
805,Shirlee,Pillsbury,Shirlee.Pillsbury@dummymail.com,Shirlee.Pillsbury@dummymail.com,firefighter
806,Annaliese,Kunin,Annaliese.Kunin@dummymail.com,Annaliese.Kunin@dummymail.com,worker
807,Emmey,Henrie,Emmey.Henrie@dummymail.com,Emmey.Henrie@dummymail.com,firefighter
808,Correy,Dannye,Correy.Dannye@dummymail.com,Correy.Dannye@dummymail.com,developer
809,Gale,Joachim,Gale.Joachim@dummymail.com,Gale.Joachim@dummymail.com,worker
810,Corry,Grimbly,Corry.Grimbly@dummymail.com,Corry.Grimbly@dummymail.com,police officer
811,Eve,Verger,Eve.Verger@dummymail.com,Eve.Verger@dummymail.com,police officer
812,Norine,Ferrell,Norine.Ferrell@dummymail.com,Norine.Ferrell@dummymail.com,worker
813,Tybie,Isidore,Tybie.Isidore@dummymail.com,Tybie.Isidore@dummymail.com,worker
814,Lory,Jorgan,Lory.Jorgan@dummymail.com,Lory.Jorgan@dummymail.com,police officer
815,Concettina,Silvan,Concettina.Silvan@dummymail.com,Concettina.Silvan@dummymail.com,doctor
816,Ardys,Maribeth,Ardys.Maribeth@dummymail.com,Ardys.Maribeth@dummymail.com,firefighter
817,Florie,Peg,Florie.Peg@dummymail.com,Florie.Peg@dummymail.com,police officer
818,Barbi,Drus,Barbi.Drus@dummymail.com,Barbi.Drus@dummymail.com,developer
819,Janey,Kirstin,Janey.Kirstin@dummymail.com,Janey.Kirstin@dummymail.com,firefighter
820,Debee,Liebermann,Debee.Liebermann@dummymail.com,Debee.Liebermann@dummymail.com,firefighter
821,Annice,Terrence,Annice.Terrence@dummymail.com,Annice.Terrence@dummymail.com,worker
822,Coral,Saint,Coral.Saint@dummymail.com,Coral.Saint@dummymail.com,worker
823,Barbara,Sothena,Barbara.Sothena@dummymail.com,Barbara.Sothena@dummymail.com,developer
824,Anthia,Ortrude,Anthia.Ortrude@dummymail.com,Anthia.Ortrude@dummymail.com,doctor
825,Tierney,Brackely,Tierney.Brackely@dummymail.com,Tierney.Brackely@dummymail.com,police officer
826,Janenna,Azeria,Janenna.Azeria@dummymail.com,Janenna.Azeria@dummymail.com,police officer
827,Fanny,Bouchard,Fanny.Bouchard@dummymail.com,Fanny.Bouchard@dummymail.com,firefighter
828,Vivia,Flyn,Vivia.Flyn@dummymail.com,Vivia.Flyn@dummymail.com,developer
829,Gwyneth,Alfons,Gwyneth.Alfons@dummymail.com,Gwyneth.Alfons@dummymail.com,worker
830,Tarra,Randene,Tarra.Randene@dummymail.com,Tarra.Randene@dummymail.com,developer
831,Halette,Michella,Halette.Michella@dummymail.com,Halette.Michella@dummymail.com,firefighter
832,Danny,Noelyn,Danny.Noelyn@dummymail.com,Danny.Noelyn@dummymail.com,worker
833,Kirstin,Jammal,Kirstin.Jammal@dummymail.com,Kirstin.Jammal@dummymail.com,police officer
834,Shannah,Smitt,Shannah.Smitt@dummymail.com,Shannah.Smitt@dummymail.com,firefighter
835,Drucie,Winthorpe,Drucie.Winthorpe@dummymail.com,Drucie.Winthorpe@dummymail.com,worker
836,Joelly,Chinua,Joelly.Chinua@dummymail.com,Joelly.Chinua@dummymail.com,worker
837,Kimberley,Helve,Kimberley.Helve@dummymail.com,Kimberley.Helve@dummymail.com,worker
838,Valeda,Gavrila,Valeda.Gavrila@dummymail.com,Valeda.Gavrila@dummymail.com,developer
839,Rubie,Noelyn,Rubie.Noelyn@dummymail.com,Rubie.Noelyn@dummymail.com,developer
840,Gertrud,Tatianas,Gertrud.Tatianas@dummymail.com,Gertrud.Tatianas@dummymail.com,worker
841,Melodie,Corabella,Melodie.Corabella@dummymail.com,Melodie.Corabella@dummymail.com,developer
842,Albertina,Seumas,Albertina.Seumas@dummymail.com,Albertina.Seumas@dummymail.com,worker
843,Nikki,Carbo,Nikki.Carbo@dummymail.com,Nikki.Carbo@dummymail.com,doctor
844,Sybille,Cleo,Sybille.Cleo@dummymail.com,Sybille.Cleo@dummymail.com,developer
845,Kaja,Tippets,Kaja.Tippets@dummymail.com,Kaja.Tippets@dummymail.com,police officer
846,Leona,Korey,Leona.Korey@dummymail.com,Leona.Korey@dummymail.com,doctor
847,Karlee,Reinke,Karlee.Reinke@dummymail.com,Karlee.Reinke@dummymail.com,doctor
848,Mady,Berne,Mady.Berne@dummymail.com,Mady.Berne@dummymail.com,firefighter
849,Alexine,Donoghue,Alexine.Donoghue@dummymail.com,Alexine.Donoghue@dummymail.com,firefighter
850,Ileana,Isacco,Ileana.Isacco@dummymail.com,Ileana.Isacco@dummymail.com,police officer
851,Joeann,August,Joeann.August@dummymail.com,Joeann.August@dummymail.com,police officer
852,Vevay,Jena,Vevay.Jena@dummymail.com,Vevay.Jena@dummymail.com,developer
853,Bobbi,Dearborn,Bobbi.Dearborn@dummymail.com,Bobbi.Dearborn@dummymail.com,firefighter
854,Chere,Bettine,Chere.Bettine@dummymail.com,Chere.Bettine@dummymail.com,developer
855,Nadine,Weaks,Nadine.Weaks@dummymail.com,Nadine.Weaks@dummymail.com,police officer
856,Lucy,Margret,Lucy.Margret@dummymail.com,Lucy.Margret@dummymail.com,doctor
857,Marika,Mayeda,Marika.Mayeda@dummymail.com,Marika.Mayeda@dummymail.com,worker
858,Kaja,Eugenia,Kaja.Eugenia@dummymail.com,Kaja.Eugenia@dummymail.com,worker
859,Shirlee,Kosey,Shirlee.Kosey@dummymail.com,Shirlee.Kosey@dummymail.com,firefighter
860,Ileana,Gabrielli,Ileana.Gabrielli@dummymail.com,Ileana.Gabrielli@dummymail.com,doctor
861,Gratia,Judye,Gratia.Judye@dummymail.com,Gratia.Judye@dummymail.com,doctor
862,Lilith,Sherfield,Lilith.Sherfield@dummymail.com,Lilith.Sherfield@dummymail.com,developer
863,Chickie,Harday,Chickie.Harday@dummymail.com,Chickie.Harday@dummymail.com,worker
864,Mignon,Leler,Mignon.Leler@dummymail.com,Mignon.Leler@dummymail.com,firefighter
865,Mahalia,Terencio,Mahalia.Terencio@dummymail.com,Mahalia.Terencio@dummymail.com,doctor
866,Cindelyn,Podvin,Cindelyn.Podvin@dummymail.com,Cindelyn.Podvin@dummymail.com,doctor
867,Brena,Kimmie,Brena.Kimmie@dummymail.com,Brena.Kimmie@dummymail.com,firefighter
868,Adele,Sisile,Adele.Sisile@dummymail.com,Adele.Sisile@dummymail.com,firefighter
869,Lynea,Jenness,Lynea.Jenness@dummymail.com,Lynea.Jenness@dummymail.com,developer
870,Ardenia,Gino,Ardenia.Gino@dummymail.com,Ardenia.Gino@dummymail.com,police officer
871,Celisse,Ammann,Celisse.Ammann@dummymail.com,Celisse.Ammann@dummymail.com,police officer
872,Dagmar,Truc,Dagmar.Truc@dummymail.com,Dagmar.Truc@dummymail.com,worker
873,Dale,Schonfeld,Dale.Schonfeld@dummymail.com,Dale.Schonfeld@dummymail.com,worker
874,Mahalia,Obed,Mahalia.Obed@dummymail.com,Mahalia.Obed@dummymail.com,doctor
875,Mallory,Herrera,Mallory.Herrera@dummymail.com,Mallory.Herrera@dummymail.com,developer
876,Marjie,Simmonds,Marjie.Simmonds@dummymail.com,Marjie.Simmonds@dummymail.com,worker
877,Betta,Noam,Betta.Noam@dummymail.com,Betta.Noam@dummymail.com,worker
878,Marnia,Hashim,Marnia.Hashim@dummymail.com,Marnia.Hashim@dummymail.com,police officer
879,Lindie,Evvie,Lindie.Evvie@dummymail.com,Lindie.Evvie@dummymail.com,doctor
880,Reeba,Zenas,Reeba.Zenas@dummymail.com,Reeba.Zenas@dummymail.com,worker
881,Ira,Erich,Ira.Erich@dummymail.com,Ira.Erich@dummymail.com,developer
882,Ekaterina,Brady,Ekaterina.Brady@dummymail.com,Ekaterina.Brady@dummymail.com,doctor
883,Randa,Grayce,Randa.Grayce@dummymail.com,Randa.Grayce@dummymail.com,developer
884,Vinita,Ingra,Vinita.Ingra@dummymail.com,Vinita.Ingra@dummymail.com,firefighter
885,Wileen,Fennessy,Wileen.Fennessy@dummymail.com,Wileen.Fennessy@dummymail.com,police officer
886,Vita,Celestine,Vita.Celestine@dummymail.com,Vita.Celestine@dummymail.com,developer
887,Carolina,Leffen,Carolina.Leffen@dummymail.com,Carolina.Leffen@dummymail.com,police officer
888,Beatriz,Gregrory,Beatriz.Gregrory@dummymail.com,Beatriz.Gregrory@dummymail.com,developer
889,Verla,Himelman,Verla.Himelman@dummymail.com,Verla.Himelman@dummymail.com,developer
890,Iseabal,Oscar,Iseabal.Oscar@dummymail.com,Iseabal.Oscar@dummymail.com,developer
891,Leia,Prober,Leia.Prober@dummymail.com,Leia.Prober@dummymail.com,developer
892,Phylis,Gusella,Phylis.Gusella@dummymail.com,Phylis.Gusella@dummymail.com,developer
893,Elise,Zitvaa,Elise.Zitvaa@dummymail.com,Elise.Zitvaa@dummymail.com,developer
894,Valli,Daveta,Valli.Daveta@dummymail.com,Valli.Daveta@dummymail.com,police officer
895,Claresta,Schlosser,Claresta.Schlosser@dummymail.com,Claresta.Schlosser@dummymail.com,police officer
896,Molli,Howlyn,Molli.Howlyn@dummymail.com,Molli.Howlyn@dummymail.com,worker
897,Cassandra,Haerr,Cassandra.Haerr@dummymail.com,Cassandra.Haerr@dummymail.com,police officer
898,Catharine,Lynn,Catharine.Lynn@dummymail.com,Catharine.Lynn@dummymail.com,police officer
899,Britni,Curren,Britni.Curren@dummymail.com,Britni.Curren@dummymail.com,developer
900,Isa,Poll,Isa.Poll@dummymail.com,Isa.Poll@dummymail.com,worker
901,Wanda,Montgomery,Wanda.Montgomery@dummymail.com,Wanda.Montgomery@dummymail.com,firefighter
902,Elfreda,Zeeba,Elfreda.Zeeba@dummymail.com,Elfreda.Zeeba@dummymail.com,doctor
903,Molli,Hebner,Molli.Hebner@dummymail.com,Molli.Hebner@dummymail.com,doctor
904,Hettie,Jacinda,Hettie.Jacinda@dummymail.com,Hettie.Jacinda@dummymail.com,doctor
905,Wileen,Loring,Wileen.Loring@dummymail.com,Wileen.Loring@dummymail.com,police officer
906,Allyce,Zeeba,Allyce.Zeeba@dummymail.com,Allyce.Zeeba@dummymail.com,developer
907,Corina,Grobe,Corina.Grobe@dummymail.com,Corina.Grobe@dummymail.com,police officer
908,Stephanie,Callista,Stephanie.Callista@dummymail.com,Stephanie.Callista@dummymail.com,doctor
909,Ekaterina,Orlene,Ekaterina.Orlene@dummymail.com,Ekaterina.Orlene@dummymail.com,doctor
910,Carol-Jean,Tillford,Carol-Jean.Tillford@dummymail.com,Carol-Jean.Tillford@dummymail.com,doctor
911,Aurelie,Bates,Aurelie.Bates@dummymail.com,Aurelie.Bates@dummymail.com,police officer
912,Estell,Campball,Estell.Campball@dummymail.com,Estell.Campball@dummymail.com,worker
913,Kial,Saree,Kial.Saree@dummymail.com,Kial.Saree@dummymail.com,firefighter
914,Penelopa,Roche,Penelopa.Roche@dummymail.com,Penelopa.Roche@dummymail.com,firefighter
915,Julieta,Maiah,Julieta.Maiah@dummymail.com,Julieta.Maiah@dummymail.com,police officer
916,Shauna,Callista,Shauna.Callista@dummymail.com,Shauna.Callista@dummymail.com,doctor
917,Elmira,Japeth,Elmira.Japeth@dummymail.com,Elmira.Japeth@dummymail.com,doctor
918,Viviene,Genna,Viviene.Genna@dummymail.com,Viviene.Genna@dummymail.com,worker
919,Valeda,Malina,Valeda.Malina@dummymail.com,Valeda.Malina@dummymail.com,worker
920,Sadie,Myrilla,Sadie.Myrilla@dummymail.com,Sadie.Myrilla@dummymail.com,doctor
921,Ezmeralda,Screens,Ezmeralda.Screens@dummymail.com,Ezmeralda.Screens@dummymail.com,developer
922,Valera,Rese,Valera.Rese@dummymail.com,Valera.Rese@dummymail.com,firefighter
923,Berget,Kat,Berget.Kat@dummymail.com,Berget.Kat@dummymail.com,doctor
924,Jerry,Pillsbury,Jerry.Pillsbury@dummymail.com,Jerry.Pillsbury@dummymail.com,firefighter
925,Lynde,Lamoree,Lynde.Lamoree@dummymail.com,Lynde.Lamoree@dummymail.com,police officer
926,Alex,Amadas,Alex.Amadas@dummymail.com,Alex.Amadas@dummymail.com,police officer
927,Keelia,Suzetta,Keelia.Suzetta@dummymail.com,Keelia.Suzetta@dummymail.com,developer
928,Romona,My,Romona.My@dummymail.com,Romona.My@dummymail.com,firefighter
929,Annabela,Wareing,Annabela.Wareing@dummymail.com,Annabela.Wareing@dummymail.com,doctor
930,Siana,Fulmer,Siana.Fulmer@dummymail.com,Siana.Fulmer@dummymail.com,doctor
931,Marnia,Quinn,Marnia.Quinn@dummymail.com,Marnia.Quinn@dummymail.com,worker
932,Sashenka,Ferino,Sashenka.Ferino@dummymail.com,Sashenka.Ferino@dummymail.com,developer
933,Neila,Anselmi,Neila.Anselmi@dummymail.com,Neila.Anselmi@dummymail.com,worker
934,Micheline,Alexandr,Micheline.Alexandr@dummymail.com,Micheline.Alexandr@dummymail.com,doctor
935,Nataline,Milde,Nataline.Milde@dummymail.com,Nataline.Milde@dummymail.com,developer
936,Gavrielle,Terrence,Gavrielle.Terrence@dummymail.com,Gavrielle.Terrence@dummymail.com,developer
937,Johna,Gaynor,Johna.Gaynor@dummymail.com,Johna.Gaynor@dummymail.com,police officer
938,Jessy,Jethro,Jessy.Jethro@dummymail.com,Jessy.Jethro@dummymail.com,firefighter
939,Tonia,Thema,Tonia.Thema@dummymail.com,Tonia.Thema@dummymail.com,worker
940,Alia,Doig,Alia.Doig@dummymail.com,Alia.Doig@dummymail.com,doctor
941,Theodora,Libna,Theodora.Libna@dummymail.com,Theodora.Libna@dummymail.com,developer
942,Sonni,Mandler,Sonni.Mandler@dummymail.com,Sonni.Mandler@dummymail.com,doctor
943,Lucy,Solitta,Lucy.Solitta@dummymail.com,Lucy.Solitta@dummymail.com,police officer
944,Eugine,Tomasina,Eugine.Tomasina@dummymail.com,Eugine.Tomasina@dummymail.com,firefighter
945,Collen,Shaddock,Collen.Shaddock@dummymail.com,Collen.Shaddock@dummymail.com,police officer
946,Meg,Middleton,Meg.Middleton@dummymail.com,Meg.Middleton@dummymail.com,developer
947,Blinni,Winnick,Blinni.Winnick@dummymail.com,Blinni.Winnick@dummymail.com,doctor
948,Gabriellia,Tillford,Gabriellia.Tillford@dummymail.com,Gabriellia.Tillford@dummymail.com,developer
949,Augustine,Han,Augustine.Han@dummymail.com,Augustine.Han@dummymail.com,worker
950,Roxane,Deny,Roxane.Deny@dummymail.com,Roxane.Deny@dummymail.com,doctor
951,Sam,Vilma,Sam.Vilma@dummymail.com,Sam.Vilma@dummymail.com,worker
952,Caritta,Tybald,Caritta.Tybald@dummymail.com,Caritta.Tybald@dummymail.com,doctor
953,Dacia,Nikaniki,Dacia.Nikaniki@dummymail.com,Dacia.Nikaniki@dummymail.com,worker
954,Marcelline,Prouty,Marcelline.Prouty@dummymail.com,Marcelline.Prouty@dummymail.com,worker
955,Consuela,Philipp,Consuela.Philipp@dummymail.com,Consuela.Philipp@dummymail.com,worker
956,Edyth,Payson,Edyth.Payson@dummymail.com,Edyth.Payson@dummymail.com,worker
957,Zia,Malvino,Zia.Malvino@dummymail.com,Zia.Malvino@dummymail.com,firefighter
958,Ernesta,Goldina,Ernesta.Goldina@dummymail.com,Ernesta.Goldina@dummymail.com,developer
959,Jerry,Swanhildas,Jerry.Swanhildas@dummymail.com,Jerry.Swanhildas@dummymail.com,firefighter
960,Raina,Pierette,Raina.Pierette@dummymail.com,Raina.Pierette@dummymail.com,worker
961,Hettie,Evvie,Hettie.Evvie@dummymail.com,Hettie.Evvie@dummymail.com,police officer
962,Belva,Hoban,Belva.Hoban@dummymail.com,Belva.Hoban@dummymail.com,developer
963,Margette,Peg,Margette.Peg@dummymail.com,Margette.Peg@dummymail.com,worker
964,Chrystel,Elsinore,Chrystel.Elsinore@dummymail.com,Chrystel.Elsinore@dummymail.com,worker
965,Eolanda,Cressida,Eolanda.Cressida@dummymail.com,Eolanda.Cressida@dummymail.com,developer
966,Gilda,Publia,Gilda.Publia@dummymail.com,Gilda.Publia@dummymail.com,doctor
967,Shannah,Cohdwell,Shannah.Cohdwell@dummymail.com,Shannah.Cohdwell@dummymail.com,police officer
968,Rosaline,Riva,Rosaline.Riva@dummymail.com,Rosaline.Riva@dummymail.com,police officer
969,Leanna,Libna,Leanna.Libna@dummymail.com,Leanna.Libna@dummymail.com,firefighter
970,Miquela,Allys,Miquela.Allys@dummymail.com,Miquela.Allys@dummymail.com,firefighter
971,Florencia,Carvey,Florencia.Carvey@dummymail.com,Florencia.Carvey@dummymail.com,worker
972,Sallie,Obed,Sallie.Obed@dummymail.com,Sallie.Obed@dummymail.com,developer
973,Jemie,Ader,Jemie.Ader@dummymail.com,Jemie.Ader@dummymail.com,doctor
974,Codie,Fairweather,Codie.Fairweather@dummymail.com,Codie.Fairweather@dummymail.com,firefighter
975,Kaja,Weaks,Kaja.Weaks@dummymail.com,Kaja.Weaks@dummymail.com,worker
976,Hope,Manolo,Hope.Manolo@dummymail.com,Hope.Manolo@dummymail.com,doctor
977,Bill,Bennie,Bill.Bennie@dummymail.com,Bill.Bennie@dummymail.com,developer
978,Gaylene,Faso,Gaylene.Faso@dummymail.com,Gaylene.Faso@dummymail.com,firefighter
979,Lynea,Aprile,Lynea.Aprile@dummymail.com,Lynea.Aprile@dummymail.com,doctor
980,Sallie,Uird,Sallie.Uird@dummymail.com,Sallie.Uird@dummymail.com,police officer
981,Charissa,Dex,Charissa.Dex@dummymail.com,Charissa.Dex@dummymail.com,developer
982,Ezmeralda,Timon,Ezmeralda.Timon@dummymail.com,Ezmeralda.Timon@dummymail.com,doctor
983,Brietta,Mathilde,Brietta.Mathilde@dummymail.com,Brietta.Mathilde@dummymail.com,doctor
984,Cordi,Nisbet,Cordi.Nisbet@dummymail.com,Cordi.Nisbet@dummymail.com,developer
985,Ira,Lewes,Ira.Lewes@dummymail.com,Ira.Lewes@dummymail.com,police officer
986,Steffane,Olin,Steffane.Olin@dummymail.com,Steffane.Olin@dummymail.com,worker
987,Annaliese,Pozzy,Annaliese.Pozzy@dummymail.com,Annaliese.Pozzy@dummymail.com,police officer
988,Vinita,Dosia,Vinita.Dosia@dummymail.com,Vinita.Dosia@dummymail.com,police officer
989,Berta,Bettine,Berta.Bettine@dummymail.com,Berta.Bettine@dummymail.com,doctor
990,Lelah,Sholley,Lelah.Sholley@dummymail.com,Lelah.Sholley@dummymail.com,doctor
991,Evita,Catie,Evita.Catie@dummymail.com,Evita.Catie@dummymail.com,worker
992,Elvira,Hilbert,Elvira.Hilbert@dummymail.com,Elvira.Hilbert@dummymail.com,worker
993,Johna,Fennessy,Johna.Fennessy@dummymail.com,Johna.Fennessy@dummymail.com,worker
994,Evita,Annabella,Evita.Annabella@dummymail.com,Evita.Annabella@dummymail.com,doctor
995,Tina,Phyllis,Tina.Phyllis@dummymail.com,Tina.Phyllis@dummymail.com,doctor
996,Roberta,Durante,Roberta.Durante@dummymail.com,Roberta.Durante@dummymail.com,worker
997,Almeta,Alwin,Almeta.Alwin@dummymail.com,Almeta.Alwin@dummymail.com,worker
998,Siana,Rugen,Siana.Rugen@dummymail.com,Siana.Rugen@dummymail.com,police officer
999,Alisha,Malvino,Alisha.Malvino@dummymail.com,Alisha.Malvino@dummymail.com,worker
1000,Grier,Boycey,Grier.Boycey@dummymail.com,Grier.Boycey@dummymail.com,police officer
1001,Candy,Land,Candy.Land@dummymail.com,Candy.Land@dummymail.com,police officer
1002,Winny,Bonucci,Winny.Bonucci@dummymail.com,Winny.Bonucci@dummymail.com,developer
1003,Cyndie,Wenoa,Cyndie.Wenoa@dummymail.com,Cyndie.Wenoa@dummymail.com,police officer
1004,Sashenka,Ralfston,Sashenka.Ralfston@dummymail.com,Sashenka.Ralfston@dummymail.com,police officer
1005,Tobe,Gemini,Tobe.Gemini@dummymail.com,Tobe.Gemini@dummymail.com,developer
1006,Fina,Seagraves,Fina.Seagraves@dummymail.com,Fina.Seagraves@dummymail.com,worker
1007,Vanessa,Olympium,Vanessa.Olympium@dummymail.com,Vanessa.Olympium@dummymail.com,firefighter
1008,Gilligan,Regan,Gilligan.Regan@dummymail.com,Gilligan.Regan@dummymail.com,police officer
1009,Karly,Carbo,Karly.Carbo@dummymail.com,Karly.Carbo@dummymail.com,worker
1010,Kathi,Jacinda,Kathi.Jacinda@dummymail.com,Kathi.Jacinda@dummymail.com,worker
1011,Jillayne,Rossner,Jillayne.Rossner@dummymail.com,Jillayne.Rossner@dummymail.com,worker
1012,Collen,Dash,Collen.Dash@dummymail.com,Collen.Dash@dummymail.com,doctor
1013,Sharai,Urias,Sharai.Urias@dummymail.com,Sharai.Urias@dummymail.com,developer
1014,Helsa,Thilda,Helsa.Thilda@dummymail.com,Helsa.Thilda@dummymail.com,developer
1015,Jolyn,Arathorn,Jolyn.Arathorn@dummymail.com,Jolyn.Arathorn@dummymail.com,firefighter
1016,Sheelagh,Lamoree,Sheelagh.Lamoree@dummymail.com,Sheelagh.Lamoree@dummymail.com,police officer
1017,Cindelyn,Socha,Cindelyn.Socha@dummymail.com,Cindelyn.Socha@dummymail.com,firefighter
1018,Moyna,Artie,Moyna.Artie@dummymail.com,Moyna.Artie@dummymail.com,firefighter
1019,Modestia,Calhoun,Modestia.Calhoun@dummymail.com,Modestia.Calhoun@dummymail.com,worker
1020,Dulce,Yam,Dulce.Yam@dummymail.com,Dulce.Yam@dummymail.com,police officer
1021,Elka,Obed,Elka.Obed@dummymail.com,Elka.Obed@dummymail.com,worker
1022,Stevana,Hull,Stevana.Hull@dummymail.com,Stevana.Hull@dummymail.com,doctor
1023,Linet,Buttaro,Linet.Buttaro@dummymail.com,Linet.Buttaro@dummymail.com,police officer
1024,Merci,Lubin,Merci.Lubin@dummymail.com,Merci.Lubin@dummymail.com,police officer
1025,Lauryn,O'Rourke,Lauryn.O'Rourke@dummymail.com,Lauryn.O'Rourke@dummymail.com,worker
1026,Deirdre,Auberbach,Deirdre.Auberbach@dummymail.com,Deirdre.Auberbach@dummymail.com,developer
1027,Mady,Heisel,Mady.Heisel@dummymail.com,Mady.Heisel@dummymail.com,firefighter
1028,Dominga,Richers,Dominga.Richers@dummymail.com,Dominga.Richers@dummymail.com,developer
1029,Lyssa,Burch,Lyssa.Burch@dummymail.com,Lyssa.Burch@dummymail.com,firefighter
1030,Konstance,Phaidra,Konstance.Phaidra@dummymail.com,Konstance.Phaidra@dummymail.com,firefighter
1031,Celisse,McGrody,Celisse.McGrody@dummymail.com,Celisse.McGrody@dummymail.com,developer
1032,Lucille,Riva,Lucille.Riva@dummymail.com,Lucille.Riva@dummymail.com,police officer
1033,Fina,Thad,Fina.Thad@dummymail.com,Fina.Thad@dummymail.com,police officer
1034,Karolina,Franza,Karolina.Franza@dummymail.com,Karolina.Franza@dummymail.com,police officer
1035,Hope,Lynn,Hope.Lynn@dummymail.com,Hope.Lynn@dummymail.com,police officer
1036,Fayre,Ahab,Fayre.Ahab@dummymail.com,Fayre.Ahab@dummymail.com,developer
1037,Patricia,Blisse,Patricia.Blisse@dummymail.com,Patricia.Blisse@dummymail.com,developer
1038,Kirbee,Macey,Kirbee.Macey@dummymail.com,Kirbee.Macey@dummymail.com,worker
1039,Frank,Hepsibah,Frank.Hepsibah@dummymail.com,Frank.Hepsibah@dummymail.com,doctor
1040,Sheelagh,Katrine,Sheelagh.Katrine@dummymail.com,Sheelagh.Katrine@dummymail.com,doctor
1041,Dolli,Paine,Dolli.Paine@dummymail.com,Dolli.Paine@dummymail.com,worker
1042,Pierette,Noman,Pierette.Noman@dummymail.com,Pierette.Noman@dummymail.com,worker
1043,Annora,Kosey,Annora.Kosey@dummymail.com,Annora.Kosey@dummymail.com,firefighter
1044,Vanessa,Urania,Vanessa.Urania@dummymail.com,Vanessa.Urania@dummymail.com,police officer
1045,Averyl,Guildroy,Averyl.Guildroy@dummymail.com,Averyl.Guildroy@dummymail.com,police officer
1046,Cecile,Vilma,Cecile.Vilma@dummymail.com,Cecile.Vilma@dummymail.com,firefighter
1047,Katleen,Destinee,Katleen.Destinee@dummymail.com,Katleen.Destinee@dummymail.com,firefighter
1048,Candy,Gavrila,Candy.Gavrila@dummymail.com,Candy.Gavrila@dummymail.com,doctor
1049,Karolina,Bluh,Karolina.Bluh@dummymail.com,Karolina.Bluh@dummymail.com,firefighter
1050,Lila,Hanshaw,Lila.Hanshaw@dummymail.com,Lila.Hanshaw@dummymail.com,firefighter
1051,Myriam,Edison,Myriam.Edison@dummymail.com,Myriam.Edison@dummymail.com,firefighter
1052,Darci,Sawtelle,Darci.Sawtelle@dummymail.com,Darci.Sawtelle@dummymail.com,developer
1053,Theodora,O'Neill,Theodora.O'Neill@dummymail.com,Theodora.O'Neill@dummymail.com,police officer
1054,Brana,Hachmin,Brana.Hachmin@dummymail.com,Brana.Hachmin@dummymail.com,developer
1055,Joeann,Candy,Joeann.Candy@dummymail.com,Joeann.Candy@dummymail.com,doctor
1056,Larine,Brandice,Larine.Brandice@dummymail.com,Larine.Brandice@dummymail.com,police officer
1057,Zondra,Pierette,Zondra.Pierette@dummymail.com,Zondra.Pierette@dummymail.com,doctor
1058,Heida,Nea,Heida.Nea@dummymail.com,Heida.Nea@dummymail.com,developer
1059,Madelle,Shirberg,Madelle.Shirberg@dummymail.com,Madelle.Shirberg@dummymail.com,developer
1060,Marinna,Lucienne,Marinna.Lucienne@dummymail.com,Marinna.Lucienne@dummymail.com,doctor
1061,Mary,Shaver,Mary.Shaver@dummymail.com,Mary.Shaver@dummymail.com,developer
1062,Dede,Kazimir,Dede.Kazimir@dummymail.com,Dede.Kazimir@dummymail.com,worker
1063,Penelopa,Harriman,Penelopa.Harriman@dummymail.com,Penelopa.Harriman@dummymail.com,firefighter
1064,Alameda,Jarib,Alameda.Jarib@dummymail.com,Alameda.Jarib@dummymail.com,developer
1065,Millie,Cleavland,Millie.Cleavland@dummymail.com,Millie.Cleavland@dummymail.com,firefighter
1066,Jinny,Ehrman,Jinny.Ehrman@dummymail.com,Jinny.Ehrman@dummymail.com,doctor
1067,Marylou,Kannry,Marylou.Kannry@dummymail.com,Marylou.Kannry@dummymail.com,doctor
1068,Alexine,Pip,Alexine.Pip@dummymail.com,Alexine.Pip@dummymail.com,police officer
1069,Jessy,Amand,Jessy.Amand@dummymail.com,Jessy.Amand@dummymail.com,worker
1070,Olwen,Tremayne,Olwen.Tremayne@dummymail.com,Olwen.Tremayne@dummymail.com,doctor
1071,Dorice,Sikorski,Dorice.Sikorski@dummymail.com,Dorice.Sikorski@dummymail.com,developer
1072,Annabela,Charmine,Annabela.Charmine@dummymail.com,Annabela.Charmine@dummymail.com,firefighter
1073,Carree,Smitt,Carree.Smitt@dummymail.com,Carree.Smitt@dummymail.com,police officer
1074,Jaclyn,Duwalt,Jaclyn.Duwalt@dummymail.com,Jaclyn.Duwalt@dummymail.com,worker
1075,Lyssa,Rozanna,Lyssa.Rozanna@dummymail.com,Lyssa.Rozanna@dummymail.com,developer
1076,Adriana,Stelle,Adriana.Stelle@dummymail.com,Adriana.Stelle@dummymail.com,doctor
1077,Rhea,Gert,Rhea.Gert@dummymail.com,Rhea.Gert@dummymail.com,doctor
1078,Babita,Romelda,Babita.Romelda@dummymail.com,Babita.Romelda@dummymail.com,doctor
1079,Lelah,Cyrie,Lelah.Cyrie@dummymail.com,Lelah.Cyrie@dummymail.com,worker
1080,Violet,Capello,Violet.Capello@dummymail.com,Violet.Capello@dummymail.com,police officer
1081,Beatriz,Telfer,Beatriz.Telfer@dummymail.com,Beatriz.Telfer@dummymail.com,doctor
1082,Augustine,Zenas,Augustine.Zenas@dummymail.com,Augustine.Zenas@dummymail.com,worker
1083,Carmela,Ciro,Carmela.Ciro@dummymail.com,Carmela.Ciro@dummymail.com,doctor
1084,Queenie,Mata,Queenie.Mata@dummymail.com,Queenie.Mata@dummymail.com,firefighter
1085,Adriana,Kinnard,Adriana.Kinnard@dummymail.com,Adriana.Kinnard@dummymail.com,police officer
1086,Alie,Pip,Alie.Pip@dummymail.com,Alie.Pip@dummymail.com,police officer
1087,Zsa Zsa,Loring,Zsa Zsa.Loring@dummymail.com,Zsa Zsa.Loring@dummymail.com,worker
1088,Fidelia,Noam,Fidelia.Noam@dummymail.com,Fidelia.Noam@dummymail.com,worker
1089,Kaja,Arley,Kaja.Arley@dummymail.com,Kaja.Arley@dummymail.com,police officer
1090,Alameda,Dituri,Alameda.Dituri@dummymail.com,Alameda.Dituri@dummymail.com,worker
1091,Alexine,Lissi,Alexine.Lissi@dummymail.com,Alexine.Lissi@dummymail.com,police officer
1092,Frank,Cressida,Frank.Cressida@dummymail.com,Frank.Cressida@dummymail.com,police officer
1093,Jessy,Billye,Jessy.Billye@dummymail.com,Jessy.Billye@dummymail.com,firefighter
1094,Phedra,Kolnick,Phedra.Kolnick@dummymail.com,Phedra.Kolnick@dummymail.com,worker
1095,Atlanta,Bryna,Atlanta.Bryna@dummymail.com,Atlanta.Bryna@dummymail.com,developer
1096,Nelle,Desai,Nelle.Desai@dummymail.com,Nelle.Desai@dummymail.com,developer
1097,Ashlee,Jess,Ashlee.Jess@dummymail.com,Ashlee.Jess@dummymail.com,developer
1098,Verla,Secrest,Verla.Secrest@dummymail.com,Verla.Secrest@dummymail.com,developer
1099,Marguerite,Demitria,Marguerite.Demitria@dummymail.com,Marguerite.Demitria@dummymail.com,police officer