id,firstname,lastname,email,email2,profession
100,Dale,Drisko,Dale.Drisko@dummymail.com,Dale.Drisko@dummymail.com,developer
101,Addia,Bouchard,Addia.Bouchard@dummymail.com,Addia.Bouchard@dummymail.com,doctor
102,Winifred,Hollingsworth,Winifred.Hollingsworth@dummymail.com,Winifred.Hollingsworth@dummymail.com,firefighter
103,Carree,Hebner,Carree.Hebner@dummymail.com,Carree.Hebner@dummymail.com,police officer
104,Goldie,Alcott,Goldie.Alcott@dummymail.com,Goldie.Alcott@dummymail.com,doctor
105,Margarette,Evvie,Margarette.Evvie@dummymail.com,Margarette.Evvie@dummymail.com,doctor
106,Drucie,Cassius,Drucie.Cassius@dummymail.com,Drucie.Cassius@dummymail.com,firefighter
107,Georgetta,Frodi,Georgetta.Frodi@dummymail.com,Georgetta.Frodi@dummymail.com,developer
108,Gabi,Granoff,Gabi.Granoff@dummymail.com,Gabi.Granoff@dummymail.com,firefighter
109,Marika,Thomasina,Marika.Thomasina@dummymail.com,Marika.Thomasina@dummymail.com,worker
110,Ivett,Vharat,Ivett.Vharat@dummymail.com,Ivett.Vharat@dummymail.com,worker
111,Suzette,Carmena,Suzette.Carmena@dummymail.com,Suzette.Carmena@dummymail.com,firefighter
112,Roseline,Roxanna,Roseline.Roxanna@dummymail.com,Roseline.Roxanna@dummymail.com,doctor
113,Chandra,Mata,Chandra.Mata@dummymail.com,Chandra.Mata@dummymail.com,police officer
114,Sue,Duwalt,Sue.Duwalt@dummymail.com,Sue.Duwalt@dummymail.com,police officer
115,Kerrin,Thornburg,Kerrin.Thornburg@dummymail.com,Kerrin.Thornburg@dummymail.com,doctor
116,Maisey,Thema,Maisey.Thema@dummymail.com,Maisey.Thema@dummymail.com,firefighter
117,Glynnis,O'Neill,Glynnis.O'Neill@dummymail.com,Glynnis.O'Neill@dummymail.com,doctor
118,Flory,Seligman,Flory.Seligman@dummymail.com,Flory.Seligman@dummymail.com,worker
119,Monika,Dituri,Monika.Dituri@dummymail.com,Monika.Dituri@dummymail.com,developer
120,Lenna,Noam,Lenna.Noam@dummymail.com,Lenna.Noam@dummymail.com,doctor
121,Valeda,Drisko,Valeda.Drisko@dummymail.com,Valeda.Drisko@dummymail.com,developer
122,Lenna,Sherfield,Lenna.Sherfield@dummymail.com,Lenna.Sherfield@dummymail.com,police officer
123,Joeann,Pillsbury,Joeann.Pillsbury@dummymail.com,Joeann.Pillsbury@dummymail.com,police officer
124,Zondra,Bobbee,Zondra.Bobbee@dummymail.com,Zondra.Bobbee@dummymail.com,worker
125,Gabriellia,Jess,Gabriellia.Jess@dummymail.com,Gabriellia.Jess@dummymail.com,doctor
126,Imojean,Revkah,Imojean.Revkah@dummymail.com,Imojean.Revkah@dummymail.com,firefighter
127,Elfreda,Briney,Elfreda.Briney@dummymail.com,Elfreda.Briney@dummymail.com,doctor
128,Maye,Tatianas,Maye.Tatianas@dummymail.com,Maye.Tatianas@dummymail.com,firefighter
129,Ida,Abram,Ida.Abram@dummymail.com,Ida.Abram@dummymail.com,doctor
130,Meriel,Klemperer,Meriel.Klemperer@dummymail.com,Meriel.Klemperer@dummymail.com,doctor
131,Ebonee,Persse,Ebonee.Persse@dummymail.com,Ebonee.Persse@dummymail.com,police officer
132,Alameda,Tufts,Alameda.Tufts@dummymail.com,Alameda.Tufts@dummymail.com,police officer
133,Margalo,Bigner,Margalo.Bigner@dummymail.com,Margalo.Bigner@dummymail.com,worker
134,Lucy,Margarete,Lucy.Margarete@dummymail.com,Lucy.Margarete@dummymail.com,firefighter
135,Sophia,Stefa,Sophia.Stefa@dummymail.com,Sophia.Stefa@dummymail.com,police officer
136,Jorry,Carleen,Jorry.Carleen@dummymail.com,Jorry.Carleen@dummymail.com,police officer
137,Roseline,Dom,Roseline.Dom@dummymail.com,Roseline.Dom@dummymail.com,doctor
138,Lynnea,Brian,Lynnea.Brian@dummymail.com,Lynnea.Brian@dummymail.com,doctor
139,Katuscha,Schwejda,Katuscha.Schwejda@dummymail.com,Katuscha.Schwejda@dummymail.com,developer
140,Marika,Nadia,Marika.Nadia@dummymail.com,Marika.Nadia@dummymail.com,police officer
141,Jolyn,Bouchard,Jolyn.Bouchard@dummymail.com,Jolyn.Bouchard@dummymail.com,doctor
142,Teriann,Pond,Teriann.Pond@dummymail.com,Teriann.Pond@dummymail.com,developer
143,Briney,Gaynor,Briney.Gaynor@dummymail.com,Briney.Gaynor@dummymail.com,worker
144,Myriam,Hubert,Myriam.Hubert@dummymail.com,Myriam.Hubert@dummymail.com,police officer
145,Kathi,Stefa,Kathi.Stefa@dummymail.com,Kathi.Stefa@dummymail.com,firefighter
146,Lulita,Weide,Lulita.Weide@dummymail.com,Lulita.Weide@dummymail.com,police officer
147,Gretal,Thar,Gretal.Thar@dummymail.com,Gretal.Thar@dummymail.com,doctor
148,Corly,Rooney,Corly.Rooney@dummymail.com,Corly.Rooney@dummymail.com,developer
149,Wynne,Kelula,Wynne.Kelula@dummymail.com,Wynne.Kelula@dummymail.com,developer
150,Doro,Penelopa,Doro.Penelopa@dummymail.com,Doro.Penelopa@dummymail.com,firefighter
151,Tatiania,Chinua,Tatiania.Chinua@dummymail.com,Tatiania.Chinua@dummymail.com,worker
152,Kamilah,Olympium,Kamilah.Olympium@dummymail.com,Kamilah.Olympium@dummymail.com,doctor
153,Glenda,Willie,Glenda.Willie@dummymail.com,Glenda.Willie@dummymail.com,worker
154,Tina,Georas,Tina.Georas@dummymail.com,Tina.Georas@dummymail.com,firefighter
155,Bernardine,Quinn,Bernardine.Quinn@dummymail.com,Bernardine.Quinn@dummymail.com,doctor
156,Frank,Johnsson,Frank.Johnsson@dummymail.com,Frank.Johnsson@dummymail.com,developer
157,Calla,Jarib,Calla.Jarib@dummymail.com,Calla.Jarib@dummymail.com,doctor
158,Rosene,Guildroy,Rosene.Guildroy@dummymail.com,Rosene.Guildroy@dummymail.com,firefighter
159,Zondra,Hazlett,Zondra.Hazlett@dummymail.com,Zondra.Hazlett@dummymail.com,developer
160,Bobinette,Schroth,Bobinette.Schroth@dummymail.com,Bobinette.Schroth@dummymail.com,developer
161,Elena,Dunkin,Elena.Dunkin@dummymail.com,Elena.Dunkin@dummymail.com,police officer
162,Roberta,Brady,Roberta.Brady@dummymail.com,Roberta.Brady@dummymail.com,developer
163,Nadine,Hazlett,Nadine.Hazlett@dummymail.com,Nadine.Hazlett@dummymail.com,police officer
164,Winny,Ahab,Winny.Ahab@dummymail.com,Winny.Ahab@dummymail.com,police officer
165,Catharine,Ethban,Catharine.Ethban@dummymail.com,Catharine.Ethban@dummymail.com,worker
166,Ermengarde,Beniamino,Ermengarde.Beniamino@dummymail.com,Ermengarde.Beniamino@dummymail.com,doctor
167,Kayla,Strephon,Kayla.Strephon@dummymail.com,Kayla.Strephon@dummymail.com,firefighter
168,Oralee,Roche,Oralee.Roche@dummymail.com,Oralee.Roche@dummymail.com,developer
169,Chloris,McCutcheon,Chloris.McCutcheon@dummymail.com,Chloris.McCutcheon@dummymail.com,developer
170,Carly,Maxi,Carly.Maxi@dummymail.com,Carly.Maxi@dummymail.com,police officer
171,Rosabelle,August,Rosabelle.August@dummymail.com,Rosabelle.August@dummymail.com,developer
172,Josephine,Ardra,Josephine.Ardra@dummymail.com,Josephine.Ardra@dummymail.com,firefighter
173,Dale,Isacco,Dale.Isacco@dummymail.com,Dale.Isacco@dummymail.com,doctor
174,Dode,Vharat,Dode.Vharat@dummymail.com,Dode.Vharat@dummymail.com,police officer
175,Daryl,Etom,Daryl.Etom@dummymail.com,Daryl.Etom@dummymail.com,firefighter
176,Shel,Brandice,Shel.Brandice@dummymail.com,Shel.Brandice@dummymail.com,doctor
177,Linet,Ehrman,Linet.Ehrman@dummymail.com,Linet.Ehrman@dummymail.com,police officer
178,Marsiella,Pillsbury,Marsiella.Pillsbury@dummymail.com,Marsiella.Pillsbury@dummymail.com,doctor
179,Lesly,Carbo,Lesly.Carbo@dummymail.com,Lesly.Carbo@dummymail.com,doctor
180,Ardys,Bettine,Ardys.Bettine@dummymail.com,Ardys.Bettine@dummymail.com,worker
181,Cathie,Concha,Cathie.Concha@dummymail.com,Cathie.Concha@dummymail.com,doctor
182,Rivalee,Thomasina,Rivalee.Thomasina@dummymail.com,Rivalee.Thomasina@dummymail.com,doctor
183,Misha,Lattie,Misha.Lattie@dummymail.com,Misha.Lattie@dummymail.com,police officer
184,Ellette,Magdalen,Ellette.Magdalen@dummymail.com,Ellette.Magdalen@dummymail.com,firefighter
185,Marguerite,Pandolfi,Marguerite.Pandolfi@dummymail.com,Marguerite.Pandolfi@dummymail.com,firefighter
186,Annecorinne,Dosia,Annecorinne.Dosia@dummymail.com,Annecorinne.Dosia@dummymail.com,developer
187,Chere,Quinn,Chere.Quinn@dummymail.com,Chere.Quinn@dummymail.com,firefighter
188,Marita,Bergman,Marita.Bergman@dummymail.com,Marita.Bergman@dummymail.com,firefighter
189,Nicoli,Maples,Nicoli.Maples@dummymail.com,Nicoli.Maples@dummymail.com,developer
190,Heida,Alisia,Heida.Alisia@dummymail.com,Heida.Alisia@dummymail.com,doctor
191,Lanna,McLaughlin,Lanna.McLaughlin@dummymail.com,Lanna.McLaughlin@dummymail.com,firefighter
192,Tonia,Virgin,Tonia.Virgin@dummymail.com,Tonia.Virgin@dummymail.com,worker
193,Alyssa,Tamsky,Alyssa.Tamsky@dummymail.com,Alyssa.Tamsky@dummymail.com,worker
194,Lorenza,Brieta,Lorenza.Brieta@dummymail.com,Lorenza.Brieta@dummymail.com,firefighter
195,Emilia,Travax,Emilia.Travax@dummymail.com,Emilia.Travax@dummymail.com,doctor
196,Doralynne,Brady,Doralynne.Brady@dummymail.com,Doralynne.Brady@dummymail.com,doctor
197,Jany,Schenck,Jany.Schenck@dummymail.com,Jany.Schenck@dummymail.com,firefighter
198,Kaja,Modie,Kaja.Modie@dummymail.com,Kaja.Modie@dummymail.com,developer
199,Babita,Loring,Babita.Loring@dummymail.com,Babita.Loring@dummymail.com,firefighter
200,Ardys,Dorothy,Ardys.Dorothy@dummymail.com,Ardys.Dorothy@dummymail.com,police officer
201,Kaja,Lane,Kaja.Lane@dummymail.com,Kaja.Lane@dummymail.com,worker
202,Celestyna,Even,Celestyna.Even@dummymail.com,Celestyna.Even@dummymail.com,developer
203,Ninnetta,Creamer,Ninnetta.Creamer@dummymail.com,Ninnetta.Creamer@dummymail.com,doctor
204,Yvonne,Chrystel,Yvonne.Chrystel@dummymail.com,Yvonne.Chrystel@dummymail.com,worker
205,Natka,Primalia,Natka.Primalia@dummymail.com,Natka.Primalia@dummymail.com,firefighter
206,Jillayne,Forrer,Jillayne.Forrer@dummymail.com,Jillayne.Forrer@dummymail.com,police officer
207,Neila,Pyle,Neila.Pyle@dummymail.com,Neila.Pyle@dummymail.com,doctor
208,Cordi,Maxi,Cordi.Maxi@dummymail.com,Cordi.Maxi@dummymail.com,firefighter
209,Aaren,Delila,Aaren.Delila@dummymail.com,Aaren.Delila@dummymail.com,worker
210,Marylou,Daniele,Marylou.Daniele@dummymail.com,Marylou.Daniele@dummymail.com,developer
211,Caryl,Peti,Caryl.Peti@dummymail.com,Caryl.Peti@dummymail.com,police officer
212,Dolli,Mich,Dolli.Mich@dummymail.com,Dolli.Mich@dummymail.com,worker
213,Marita,Vharat,Marita.Vharat@dummymail.com,Marita.Vharat@dummymail.com,firefighter
214,Corly,Oster,Corly.Oster@dummymail.com,Corly.Oster@dummymail.com,firefighter
215,Mignon,Quent,Mignon.Quent@dummymail.com,Mignon.Quent@dummymail.com,firefighter
216,Carmela,Peonir,Carmela.Peonir@dummymail.com,Carmela.Peonir@dummymail.com,worker
217,Deedee,Kermit,Deedee.Kermit@dummymail.com,Deedee.Kermit@dummymail.com,developer
218,Joeann,Flyn,Joeann.Flyn@dummymail.com,Joeann.Flyn@dummymail.com,firefighter
219,Adriana,Hermes,Adriana.Hermes@dummymail.com,Adriana.Hermes@dummymail.com,developer
220,Paulita,Emerson,Paulita.Emerson@dummymail.com,Paulita.Emerson@dummymail.com,developer
221,Peri,Verger,Peri.Verger@dummymail.com,Peri.Verger@dummymail.com,police officer
222,Codie,Merat,Codie.Merat@dummymail.com,Codie.Merat@dummymail.com,developer
223,Celene,Lucienne,Celene.Lucienne@dummymail.com,Celene.Lucienne@dummymail.com,developer
224,Aimil,Kravits,Aimil.Kravits@dummymail.com,Aimil.Kravits@dummymail.com,worker
225,Mireielle,Niles,Mireielle.Niles@dummymail.com,Mireielle.Niles@dummymail.com,worker
226,Georgetta,Kelula,Georgetta.Kelula@dummymail.com,Georgetta.Kelula@dummymail.com,doctor
227,Noelle,Haerr,Noelle.Haerr@dummymail.com,Noelle.Haerr@dummymail.com,developer
228,Aryn,Donoghue,Aryn.Donoghue@dummymail.com,Aryn.Donoghue@dummymail.com,worker
229,Halette,Nadia,Halette.Nadia@dummymail.com,Halette.Nadia@dummymail.com,police officer
230,Mary,Hoban,Mary.Hoban@dummymail.com,Mary.Hoban@dummymail.com,developer
231,Cissiee,Lilybelle,Cissiee.Lilybelle@dummymail.com,Cissiee.Lilybelle@dummymail.com,developer
232,Cyb,Ackerley,Cyb.Ackerley@dummymail.com,Cyb.Ackerley@dummymail.com,police officer
233,Doro,Kelula,Doro.Kelula@dummymail.com,Doro.Kelula@dummymail.com,doctor
234,Fina,Euridice,Fina.Euridice@dummymail.com,Fina.Euridice@dummymail.com,doctor
235,Betta,Mallon,Betta.Mallon@dummymail.com,Betta.Mallon@dummymail.com,worker
236,Dotty,Himelman,Dotty.Himelman@dummymail.com,Dotty.Himelman@dummymail.com,firefighter
237,Melodie,Schenck,Melodie.Schenck@dummymail.com,Melodie.Schenck@dummymail.com,doctor
238,Kelly,Mike,Kelly.Mike@dummymail.com,Kelly.Mike@dummymail.com,developer
239,Wanda,Karl,Wanda.Karl@dummymail.com,Wanda.Karl@dummymail.com,police officer
240,Ekaterina,Laurianne,Ekaterina.Laurianne@dummymail.com,Ekaterina.Laurianne@dummymail.com,police officer
241,Brena,Mozelle,Brena.Mozelle@dummymail.com,Brena.Mozelle@dummymail.com,firefighter
242,Cherrita,Kenwood,Cherrita.Kenwood@dummymail.com,Cherrita.Kenwood@dummymail.com,doctor
243,Valeda,Margret,Valeda.Margret@dummymail.com,Valeda.Margret@dummymail.com,worker
244,Roberta,Toor,Roberta.Toor@dummymail.com,Roberta.Toor@dummymail.com,developer
245,Tani,Henebry,Tani.Henebry@dummymail.com,Tani.Henebry@dummymail.com,police officer
246,Emilia,Truc,Emilia.Truc@dummymail.com,Emilia.Truc@dummymail.com,police officer
247,Nikki,Kesley,Nikki.Kesley@dummymail.com,Nikki.Kesley@dummymail.com,firefighter
248,Florie,Eldrid,Florie.Eldrid@dummymail.com,Florie.Eldrid@dummymail.com,developer
249,Glenda,Phi,Glenda.Phi@dummymail.com,Glenda.Phi@dummymail.com,police officer
250,Daryl,Toni,Daryl.Toni@dummymail.com,Daryl.Toni@dummymail.com,firefighter
251,Winny,Gualtiero,Winny.Gualtiero@dummymail.com,Winny.Gualtiero@dummymail.com,developer
252,Louella,Connelly,Louella.Connelly@dummymail.com,Louella.Connelly@dummymail.com,worker
253,Sadie,Franza,Sadie.Franza@dummymail.com,Sadie.Franza@dummymail.com,firefighter
254,Thalia,Bonilla,Thalia.Bonilla@dummymail.com,Thalia.Bonilla@dummymail.com,police officer
255,Mamie,Lory,Mamie.Lory@dummymail.com,Mamie.Lory@dummymail.com,developer
256,Micheline,Anestassia,Micheline.Anestassia@dummymail.com,Micheline.Anestassia@dummymail.com,firefighter
257,Lynde,Thomasina,Lynde.Thomasina@dummymail.com,Lynde.Thomasina@dummymail.com,police officer
258,Jsandye,Wadell,Jsandye.Wadell@dummymail.com,Jsandye.Wadell@dummymail.com,firefighter
259,Oona,Bultman,Oona.Bultman@dummymail.com,Oona.Bultman@dummymail.com,developer
260,Annabela,Publia,Annabela.Publia@dummymail.com,Annabela.Publia@dummymail.com,doctor
261,Frieda,Teddman,Frieda.Teddman@dummymail.com,Frieda.Teddman@dummymail.com,developer
262,Florie,Center,Florie.Center@dummymail.com,Florie.Center@dummymail.com,doctor
263,Tera,Maryanne,Tera.Maryanne@dummymail.com,Tera.Maryanne@dummymail.com,firefighter
264,Riannon,Shelba,Riannon.Shelba@dummymail.com,Riannon.Shelba@dummymail.com,doctor
265,Regina,Nore,Regina.Nore@dummymail.com,Regina.Nore@dummymail.com,police officer
266,Nyssa,Alisia,Nyssa.Alisia@dummymail.com,Nyssa.Alisia@dummymail.com,doctor
267,Mahalia,Gerge,Mahalia.Gerge@dummymail.com,Mahalia.Gerge@dummymail.com,developer
268,Misha,Taam,Misha.Taam@dummymail.com,Misha.Taam@dummymail.com,developer
269,Mahalia,Martsen,Mahalia.Martsen@dummymail.com,Mahalia.Martsen@dummymail.com,doctor
270,Clary,Aurelio,Clary.Aurelio@dummymail.com,Clary.Aurelio@dummymail.com,doctor
271,Sindee,Birdella,Sindee.Birdella@dummymail.com,Sindee.Birdella@dummymail.com,developer
272,Elmira,Katrine,Elmira.Katrine@dummymail.com,Elmira.Katrine@dummymail.com,worker
273,Kellen,Pond,Kellen.Pond@dummymail.com,Kellen.Pond@dummymail.com,developer
274,Hettie,Ackerley,Hettie.Ackerley@dummymail.com,Hettie.Ackerley@dummymail.com,developer
275,Janey,McAdams,Janey.McAdams@dummymail.com,Janey.McAdams@dummymail.com,police officer
276,Willetta,Lesley,Willetta.Lesley@dummymail.com,Willetta.Lesley@dummymail.com,firefighter
277,Kimberley,Arne,Kimberley.Arne@dummymail.com,Kimberley.Arne@dummymail.com,doctor
278,Codie,Doig,Codie.Doig@dummymail.com,Codie.Doig@dummymail.com,developer
279,Raina,Gaal,Raina.Gaal@dummymail.com,Raina.Gaal@dummymail.com,firefighter
280,Leona,Rillings,Leona.Rillings@dummymail.com,Leona.Rillings@dummymail.com,firefighter
281,Hallie,Kelula,Hallie.Kelula@dummymail.com,Hallie.Kelula@dummymail.com,developer
282,Gloria,Vittoria,Gloria.Vittoria@dummymail.com,Gloria.Vittoria@dummymail.com,police officer
283,Sharlene,Duwalt,Sharlene.Duwalt@dummymail.com,Sharlene.Duwalt@dummymail.com,doctor
284,Jemie,Dannye,Jemie.Dannye@dummymail.com,Jemie.Dannye@dummymail.com,worker
285,Letizia,Sammons,Letizia.Sammons@dummymail.com,Letizia.Sammons@dummymail.com,worker
286,Rosanne,Laurianne,Rosanne.Laurianne@dummymail.com,Rosanne.Laurianne@dummymail.com,worker
287,Almeta,Kendrick,Almeta.Kendrick@dummymail.com,Almeta.Kendrick@dummymail.com,doctor
288,Daryl,Allina,Daryl.Allina@dummymail.com,Daryl.Allina@dummymail.com,developer
289,Kayla,Stefa,Kayla.Stefa@dummymail.com,Kayla.Stefa@dummymail.com,firefighter
290,Hollie,Pillsbury,Hollie.Pillsbury@dummymail.com,Hollie.Pillsbury@dummymail.com,worker
291,Ida,Genna,Ida.Genna@dummymail.com,Ida.Genna@dummymail.com,doctor
292,Gerrie,Riva,Gerrie.Riva@dummymail.com,Gerrie.Riva@dummymail.com,police officer
293,Lorie,Yusuk,Lorie.Yusuk@dummymail.com,Lorie.Yusuk@dummymail.com,developer
294,Minda,Esmaria,Minda.Esmaria@dummymail.com,Minda.Esmaria@dummymail.com,worker
295,Arabel,Amethist,Arabel.Amethist@dummymail.com,Arabel.Amethist@dummymail.com,developer
296,Blondelle,Poppy,Blondelle.Poppy@dummymail.com,Blondelle.Poppy@dummymail.com,developer
297,Anica,Alice,Anica.Alice@dummymail.com,Anica.Alice@dummymail.com,worker
298,Pierette,Hollingsworth,Pierette.Hollingsworth@dummymail.com,Pierette.Hollingsworth@dummymail.com,doctor
299,Wileen,Naor,Wileen.Naor@dummymail.com,Wileen.Naor@dummymail.com,worker
300,Bettine,Ardra,Bettine.Ardra@dummymail.com,Bettine.Ardra@dummymail.com,developer
301,Dode,Darbie,Dode.Darbie@dummymail.com,Dode.Darbie@dummymail.com,firefighter
302,Trixi,Randene,Trixi.Randene@dummymail.com,Trixi.Randene@dummymail.com,doctor
303,Carly,Delp,Carly.Delp@dummymail.com,Carly.Delp@dummymail.com,police officer
304,Elie,Ramona,Elie.Ramona@dummymail.com,Elie.Ramona@dummymail.com,developer
305,Gretal,Kylander,Gretal.Kylander@dummymail.com,Gretal.Kylander@dummymail.com,firefighter
306,Bill,Jerold,Bill.Jerold@dummymail.com,Bill.Jerold@dummymail.com,developer
307,Concettina,Ricarda,Concettina.Ricarda@dummymail.com,Concettina.Ricarda@dummymail.com,developer
308,Tomasina,Guthrie,Tomasina.Guthrie@dummymail.com,Tomasina.Guthrie@dummymail.com,worker
309,Annaliese,Soneson,Annaliese.Soneson@dummymail.com,Annaliese.Soneson@dummymail.com,firefighter
310,Fernande,Wesle,Fernande.Wesle@dummymail.com,Fernande.Wesle@dummymail.com,worker
311,Kore,Freddi,Kore.Freddi@dummymail.com,Kore.Freddi@dummymail.com,firefighter
312,Valera,Berard,Valera.Berard@dummymail.com,Valera.Berard@dummymail.com,developer
313,Rhoda,Wyn,Rhoda.Wyn@dummymail.com,Rhoda.Wyn@dummymail.com,developer
314,Grier,Kellby,Grier.Kellby@dummymail.com,Grier.Kellby@dummymail.com,developer
315,Verla,Dom,Verla.Dom@dummymail.com,Verla.Dom@dummymail.com,developer
316,Sonni,Robertson,Sonni.Robertson@dummymail.com,Sonni.Robertson@dummymail.com,firefighter
317,Madelle,Magdalen,Madelle.Magdalen@dummymail.com,Madelle.Magdalen@dummymail.com,firefighter
318,Averyl,Mauer,Averyl.Mauer@dummymail.com,Averyl.Mauer@dummymail.com,firefighter
319,Betta,Bultman,Betta.Bultman@dummymail.com,Betta.Bultman@dummymail.com,police officer
320,Linzy,Barrus,Linzy.Barrus@dummymail.com,Linzy.Barrus@dummymail.com,developer
321,Andeee,Stoller,Andeee.Stoller@dummymail.com,Andeee.Stoller@dummymail.com,doctor
322,Danny,Riordan,Danny.Riordan@dummymail.com,Danny.Riordan@dummymail.com,worker
323,Courtnay,Lia,Courtnay.Lia@dummymail.com,Courtnay.Lia@dummymail.com,developer
324,Gwyneth,Koehler,Gwyneth.Koehler@dummymail.com,Gwyneth.Koehler@dummymail.com,police officer
325,Christian,Schalles,Christian.Schalles@dummymail.com,Christian.Schalles@dummymail.com,developer
326,Katuscha,Alice,Katuscha.Alice@dummymail.com,Katuscha.Alice@dummymail.com,doctor
327,Cathyleen,Ariella,Cathyleen.Ariella@dummymail.com,Cathyleen.Ariella@dummymail.com,worker
328,Paule,Carmena,Paule.Carmena@dummymail.com,Paule.Carmena@dummymail.com,doctor
329,Danika,Fitzsimmons,Danika.Fitzsimmons@dummymail.com,Danika.Fitzsimmons@dummymail.com,firefighter
330,Aryn,Norvol,Aryn.Norvol@dummymail.com,Aryn.Norvol@dummymail.com,developer
331,Dianemarie,Flita,Dianemarie.Flita@dummymail.com,Dianemarie.Flita@dummymail.com,worker
332,Shaine,Guthrie,Shaine.Guthrie@dummymail.com,Shaine.Guthrie@dummymail.com,worker
333,Maud,Oneida,Maud.Oneida@dummymail.com,Maud.Oneida@dummymail.com,firefighter
334,Karly,Linskey,Karly.Linskey@dummymail.com,Karly.Linskey@dummymail.com,firefighter
335,Alleen,Tatianas,Alleen.Tatianas@dummymail.com,Alleen.Tatianas@dummymail.com,police officer
336,Celene,Kress,Celene.Kress@dummymail.com,Celene.Kress@dummymail.com,police officer
337,Renae,Nikaniki,Renae.Nikaniki@dummymail.com,Renae.Nikaniki@dummymail.com,doctor
338,Kathi,Delila,Kathi.Delila@dummymail.com,Kathi.Delila@dummymail.com,doctor
339,Clarice,Stelle,Clarice.Stelle@dummymail.com,Clarice.Stelle@dummymail.com,firefighter
340,Carmencita,Pulsifer,Carmencita.Pulsifer@dummymail.com,Carmencita.Pulsifer@dummymail.com,police officer
341,Karolina,Taam,Karolina.Taam@dummymail.com,Karolina.Taam@dummymail.com,developer
342,Carly,Larochelle,Carly.Larochelle@dummymail.com,Carly.Larochelle@dummymail.com,police officer
343,Gertrud,Iaverne,Gertrud.Iaverne@dummymail.com,Gertrud.Iaverne@dummymail.com,doctor
344,Mariele,Pearse,Mariele.Pearse@dummymail.com,Mariele.Pearse@dummymail.com,worker
345,Lucille,Read,Lucille.Read@dummymail.com,Lucille.Read@dummymail.com,doctor
346,Oona,Teryn,Oona.Teryn@dummymail.com,Oona.Teryn@dummymail.com,worker
347,Carree,Docilla,Carree.Docilla@dummymail.com,Carree.Docilla@dummymail.com,worker
348,Dagmar,Dearborn,Dagmar.Dearborn@dummymail.com,Dagmar.Dearborn@dummymail.com,worker
349,Cristabel,Raychel,Cristabel.Raychel@dummymail.com,Cristabel.Raychel@dummymail.com,worker
350,Maridel,Chesna,Maridel.Chesna@dummymail.com,Maridel.Chesna@dummymail.com,firefighter
351,Lilith,Ferrell,Lilith.Ferrell@dummymail.com,Lilith.Ferrell@dummymail.com,doctor
352,Adele,Anselmi,Adele.Anselmi@dummymail.com,Adele.Anselmi@dummymail.com,firefighter
353,Cacilie,Loeb,Cacilie.Loeb@dummymail.com,Cacilie.Loeb@dummymail.com,police officer
354,Tracey,Stuart,Tracey.Stuart@dummymail.com,Tracey.Stuart@dummymail.com,worker
355,Vivia,Taam,Vivia.Taam@dummymail.com,Vivia.Taam@dummymail.com,doctor
356,Aryn,Fiester,Aryn.Fiester@dummymail.com,Aryn.Fiester@dummymail.com,doctor
357,Chickie,Septima,Chickie.Septima@dummymail.com,Chickie.Septima@dummymail.com,developer
358,Lacie,Calhoun,Lacie.Calhoun@dummymail.com,Lacie.Calhoun@dummymail.com,police officer
359,Averyl,Zitvaa,Averyl.Zitvaa@dummymail.com,Averyl.Zitvaa@dummymail.com,worker
360,Reeba,Tamar,Reeba.Tamar@dummymail.com,Reeba.Tamar@dummymail.com,developer
361,Aigneis,Tomasina,Aigneis.Tomasina@dummymail.com,Aigneis.Tomasina@dummymail.com,doctor
362,Delilah,Zamora,Delilah.Zamora@dummymail.com,Delilah.Zamora@dummymail.com,developer
363,Claresta,Thar,Claresta.Thar@dummymail.com,Claresta.Thar@dummymail.com,police officer
364,Pierette,Thilda,Pierette.Thilda@dummymail.com,Pierette.Thilda@dummymail.com,developer
365,Mady,Nisbet,Mady.Nisbet@dummymail.com,Mady.Nisbet@dummymail.com,police officer
366,Marjie,Glenden,Marjie.Glenden@dummymail.com,Marjie.Glenden@dummymail.com,worker
367,Madeleine,Geffner,Madeleine.Geffner@dummymail.com,Madeleine.Geffner@dummymail.com,developer
368,Maye,Alisia,Maye.Alisia@dummymail.com,Maye.Alisia@dummymail.com,firefighter
369,Lilith,Gavrila,Lilith.Gavrila@dummymail.com,Lilith.Gavrila@dummymail.com,developer
370,Dulce,Rad,Dulce.Rad@dummymail.com,Dulce.Rad@dummymail.com,worker
371,Alleen,Gilbertson,Alleen.Gilbertson@dummymail.com,Alleen.Gilbertson@dummymail.com,firefighter
372,Lorne,Jillane,Lorne.Jillane@dummymail.com,Lorne.Jillane@dummymail.com,developer
373,Konstance,Stanwood,Konstance.Stanwood@dummymail.com,Konstance.Stanwood@dummymail.com,developer
374,Dotty,Stilwell,Dotty.Stilwell@dummymail.com,Dotty.Stilwell@dummymail.com,firefighter
375,Babita,Evangelia,Babita.Evangelia@dummymail.com,Babita.Evangelia@dummymail.com,doctor
376,Karlee,Lacombe,Karlee.Lacombe@dummymail.com,Karlee.Lacombe@dummymail.com,police officer
377,Emmey,Solitta,Emmey.Solitta@dummymail.com,Emmey.Solitta@dummymail.com,doctor
378,Catrina,Abram,Catrina.Abram@dummymail.com,Catrina.Abram@dummymail.com,doctor
379,Rozele,Delacourt,Rozele.Delacourt@dummymail.com,Rozele.Delacourt@dummymail.com,firefighter
380,Agnese,Fulmer,Agnese.Fulmer@dummymail.com,Agnese.Fulmer@dummymail.com,developer
381,Luci,Louanna,Luci.Louanna@dummymail.com,Luci.Louanna@dummymail.com,worker
382,Roxane,Monk,Roxane.Monk@dummymail.com,Roxane.Monk@dummymail.com,police officer
383,Annabela,Vary,Annabela.Vary@dummymail.com,Annabela.Vary@dummymail.com,worker
384,Esmeralda,Maiah,Esmeralda.Maiah@dummymail.com,Esmeralda.Maiah@dummymail.com,firefighter
385,Joane,Myrilla,Joane.Myrilla@dummymail.com,Joane.Myrilla@dummymail.com,firefighter
386,Ada,Rurik,Ada.Rurik@dummymail.com,Ada.Rurik@dummymail.com,firefighter
387,Robbi,Crudden,Robbi.Crudden@dummymail.com,Robbi.Crudden@dummymail.com,firefighter
388,Charlena,Maiah,Charlena.Maiah@dummymail.com,Charlena.Maiah@dummymail.com,police officer
389,Emmey,Louanna,Emmey.Louanna@dummymail.com,Emmey.Louanna@dummymail.com,developer
390,Dode,Lipson,Dode.Lipson@dummymail.com,Dode.Lipson@dummymail.com,police officer
391,Aurore,Cookie,Aurore.Cookie@dummymail.com,Aurore.Cookie@dummymail.com,doctor
392,Kristina,Kendrick,Kristina.Kendrick@dummymail.com,Kristina.Kendrick@dummymail.com,police officer
393,Carolina,Faust,Carolina.Faust@dummymail.com,Carolina.Faust@dummymail.com,firefighter
394,Cassondra,Bow,Cassondra.Bow@dummymail.com,Cassondra.Bow@dummymail.com,police officer
395,Vevay,Stoller,Vevay.Stoller@dummymail.com,Vevay.Stoller@dummymail.com,police officer
396,Benita,Leler,Benita.Leler@dummymail.com,Benita.Leler@dummymail.com,police officer
397,Gertrud,Merat,Gertrud.Merat@dummymail.com,Gertrud.Merat@dummymail.com,worker
398,Nananne,Pip,Nananne.Pip@dummymail.com,Nananne.Pip@dummymail.com,firefighter
399,Cristine,Borrell,Cristine.Borrell@dummymail.com,Cristine.Borrell@dummymail.com,worker
400,Lindie,Sikorski,Lindie.Sikorski@dummymail.com,Lindie.Sikorski@dummymail.com,firefighter
401,Elmira,Brotherson,Elmira.Brotherson@dummymail.com,Elmira.Brotherson@dummymail.com,worker
402,Fidelia,Kunin,Fidelia.Kunin@dummymail.com,Fidelia.Kunin@dummymail.com,police officer
403,Chandra,Levey,Chandra.Levey@dummymail.com,Chandra.Levey@dummymail.com,doctor
404,Halette,Desai,Halette.Desai@dummymail.com,Halette.Desai@dummymail.com,firefighter
405,Blondelle,Robertson,Blondelle.Robertson@dummymail.com,Blondelle.Robertson@dummymail.com,doctor
406,Melina,Helfand,Melina.Helfand@dummymail.com,Melina.Helfand@dummymail.com,police officer
407,Ellette,Elvyn,Ellette.Elvyn@dummymail.com,Ellette.Elvyn@dummymail.com,developer
408,Barbara,Rocray,Barbara.Rocray@dummymail.com,Barbara.Rocray@dummymail.com,police officer
409,Ivett,Terrence,Ivett.Terrence@dummymail.com,Ivett.Terrence@dummymail.com,worker
410,Vevay,Lowry,Vevay.Lowry@dummymail.com,Vevay.Lowry@dummymail.com,doctor
411,Dyann,Eno,Dyann.Eno@dummymail.com,Dyann.Eno@dummymail.com,police officer
412,Karina,Dawkins,Karina.Dawkins@dummymail.com,Karina.Dawkins@dummymail.com,firefighter
413,Ketti,Durante,Ketti.Durante@dummymail.com,Ketti.Durante@dummymail.com,police officer
414,Binny,Lissi,Binny.Lissi@dummymail.com,Binny.Lissi@dummymail.com,police officer
415,Inga,Roscoe,Inga.Roscoe@dummymail.com,Inga.Roscoe@dummymail.com,developer
416,Nickie,Brian,Nickie.Brian@dummymail.com,Nickie.Brian@dummymail.com,worker
417,Mady,Orelee,Mady.Orelee@dummymail.com,Mady.Orelee@dummymail.com,police officer
418,Susan,Brieta,Susan.Brieta@dummymail.com,Susan.Brieta@dummymail.com,worker
419,Melodie,Si,Melodie.Si@dummymail.com,Melodie.Si@dummymail.com,worker
420,Marline,Percy,Marline.Percy@dummymail.com,Marline.Percy@dummymail.com,firefighter
421,Bibby,Yoko,Bibby.Yoko@dummymail.com,Bibby.Yoko@dummymail.com,doctor
422,Nadine,Glenden,Nadine.Glenden@dummymail.com,Nadine.Glenden@dummymail.com,doctor
423,Wanda,Izaak,Wanda.Izaak@dummymail.com,Wanda.Izaak@dummymail.com,firefighter
424,Ketti,Ludewig,Ketti.Ludewig@dummymail.com,Ketti.Ludewig@dummymail.com,firefighter
425,Addia,Yoko,Addia.Yoko@dummymail.com,Addia.Yoko@dummymail.com,firefighter
426,Sissy,Ehrman,Sissy.Ehrman@dummymail.com,Sissy.Ehrman@dummymail.com,worker
427,Shandie,Corabella,Shandie.Corabella@dummymail.com,Shandie.Corabella@dummymail.com,firefighter
428,Elena,Lilas,Elena.Lilas@dummymail.com,Elena.Lilas@dummymail.com,police officer
429,Alia,Merriott,Alia.Merriott@dummymail.com,Alia.Merriott@dummymail.com,worker
430,Rozele,Thomasina,Rozele.Thomasina@dummymail.com,Rozele.Thomasina@dummymail.com,police officer
431,Ebonee,O'Rourke,Ebonee.O'Rourke@dummymail.com,Ebonee.O'Rourke@dummymail.com,worker
432,Cassandra,Thema,Cassandra.Thema@dummymail.com,Cassandra.Thema@dummymail.com,developer
433,Odessa,Daniele,Odessa.Daniele@dummymail.com,Odessa.Daniele@dummymail.com,developer
434,Mariann,Fosque,Mariann.Fosque@dummymail.com,Mariann.Fosque@dummymail.com,police officer
435,Noelle,Hazlett,Noelle.Hazlett@dummymail.com,Noelle.Hazlett@dummymail.com,worker
436,Babita,Celestine,Babita.Celestine@dummymail.com,Babita.Celestine@dummymail.com,worker
437,Olivette,Ries,Olivette.Ries@dummymail.com,Olivette.Ries@dummymail.com,police officer
438,Taffy,Noman,Taffy.Noman@dummymail.com,Taffy.Noman@dummymail.com,firefighter
439,Lily,Ader,Lily.Ader@dummymail.com,Lily.Ader@dummymail.com,doctor
440,Antonietta,Alarise,Antonietta.Alarise@dummymail.com,Antonietta.Alarise@dummymail.com,firefighter
441,Nanete,Iaverne,Nanete.Iaverne@dummymail.com,Nanete.Iaverne@dummymail.com,firefighter
442,Ardys,Percy,Ardys.Percy@dummymail.com,Ardys.Percy@dummymail.com,doctor
443,Rubie,Harl,Rubie.Harl@dummymail.com,Rubie.Harl@dummymail.com,doctor
444,Tonia,Jarib,Tonia.Jarib@dummymail.com,Tonia.Jarib@dummymail.com,firefighter
445,Amelia,Gaulin,Amelia.Gaulin@dummymail.com,Amelia.Gaulin@dummymail.com,worker
446,Hermione,Cordi,Hermione.Cordi@dummymail.com,Hermione.Cordi@dummymail.com,police officer
447,Tabbatha,Israeli,Tabbatha.Israeli@dummymail.com,Tabbatha.Israeli@dummymail.com,developer
448,Brandise,Bebe,Brandise.Bebe@dummymail.com,Brandise.Bebe@dummymail.com,worker
449,Annabela,Wadell,Annabela.Wadell@dummymail.com,Annabela.Wadell@dummymail.com,worker
450,Kaia,Kaete,Kaia.Kaete@dummymail.com,Kaia.Kaete@dummymail.com,police officer
451,Sarette,Peti,Sarette.Peti@dummymail.com,Sarette.Peti@dummymail.com,developer
452,Maurene,Andrel,Maurene.Andrel@dummymail.com,Maurene.Andrel@dummymail.com,worker
453,Tybie,Rossner,Tybie.Rossner@dummymail.com,Tybie.Rossner@dummymail.com,firefighter
454,Tressa,Colleen,Tressa.Colleen@dummymail.com,Tressa.Colleen@dummymail.com,worker
455,Deirdre,Barney,Deirdre.Barney@dummymail.com,Deirdre.Barney@dummymail.com,firefighter
456,Benita,Celestine,Benita.Celestine@dummymail.com,Benita.Celestine@dummymail.com,doctor
457,Anallese,Riva,Anallese.Riva@dummymail.com,Anallese.Riva@dummymail.com,doctor
458,Heida,Orlene,Heida.Orlene@dummymail.com,Heida.Orlene@dummymail.com,doctor
459,Tabbatha,Knowling,Tabbatha.Knowling@dummymail.com,Tabbatha.Knowling@dummymail.com,worker
460,Allis,Goth,Allis.Goth@dummymail.com,Allis.Goth@dummymail.com,doctor
461,Tarra,Imelida,Tarra.Imelida@dummymail.com,Tarra.Imelida@dummymail.com,police officer
462,Roz,Redmond,Roz.Redmond@dummymail.com,Roz.Redmond@dummymail.com,doctor
463,Flo,Timon,Flo.Timon@dummymail.com,Flo.Timon@dummymail.com,police officer
464,Jordan,Seagraves,Jordan.Seagraves@dummymail.com,Jordan.Seagraves@dummymail.com,doctor
465,Roxane,Bartlett,Roxane.Bartlett@dummymail.com,Roxane.Bartlett@dummymail.com,police officer
466,Clarice,Gamaliel,Clarice.Gamaliel@dummymail.com,Clarice.Gamaliel@dummymail.com,doctor
467,Annabela,Cristi,Annabela.Cristi@dummymail.com,Annabela.Cristi@dummymail.com,developer
468,Karena,Selway,Karena.Selway@dummymail.com,Karena.Selway@dummymail.com,doctor
469,Mariele,Henrie,Mariele.Henrie@dummymail.com,Mariele.Henrie@dummymail.com,police officer
470,Karly,Girardo,Karly.Girardo@dummymail.com,Karly.Girardo@dummymail.com,doctor
471,Jessy,Herrera,Jessy.Herrera@dummymail.com,Jessy.Herrera@dummymail.com,firefighter
472,Aigneis,Jarib,Aigneis.Jarib@dummymail.com,Aigneis.Jarib@dummymail.com,doctor
473,Merle,Eldrid,Merle.Eldrid@dummymail.com,Merle.Eldrid@dummymail.com,developer
474,Harmonia,Zenas,Harmonia.Zenas@dummymail.com,Harmonia.Zenas@dummymail.com,doctor
475,Lynea,Schonfeld,Lynea.Schonfeld@dummymail.com,Lynea.Schonfeld@dummymail.com,doctor
476,Joane,Schalles,Joane.Schalles@dummymail.com,Joane.Schalles@dummymail.com,police officer
477,Andeee,Allare,Andeee.Allare@dummymail.com,Andeee.Allare@dummymail.com,developer
478,Renae,Boehike,Renae.Boehike@dummymail.com,Renae.Boehike@dummymail.com,worker
479,Mireielle,Burch,Mireielle.Burch@dummymail.com,Mireielle.Burch@dummymail.com,developer
480,Lynnea,Gahl,Lynnea.Gahl@dummymail.com,Lynnea.Gahl@dummymail.com,developer
481,Fanchon,Martguerita,Fanchon.Martguerita@dummymail.com,Fanchon.Martguerita@dummymail.com,developer
482,Antonietta,Nea,Antonietta.Nea@dummymail.com,Antonietta.Nea@dummymail.com,police officer
483,Devina,Tybald,Devina.Tybald@dummymail.com,Devina.Tybald@dummymail.com,police officer
484,Cathyleen,Himelman,Cathyleen.Himelman@dummymail.com,Cathyleen.Himelman@dummymail.com,developer
485,Latisha,Eldrid,Latisha.Eldrid@dummymail.com,Latisha.Eldrid@dummymail.com,worker
486,Heida,Raimondo,Heida.Raimondo@dummymail.com,Heida.Raimondo@dummymail.com,developer
487,Gertrud,Afton,Gertrud.Afton@dummymail.com,Gertrud.Afton@dummymail.com,police officer
488,Mamie,Destinee,Mamie.Destinee@dummymail.com,Mamie.Destinee@dummymail.com,firefighter
489,Marguerite,Egbert,Marguerite.Egbert@dummymail.com,Marguerite.Egbert@dummymail.com,police officer
490,Ingrid,Sancho,Ingrid.Sancho@dummymail.com,Ingrid.Sancho@dummymail.com,worker
491,Ingrid,Bonilla,Ingrid.Bonilla@dummymail.com,Ingrid.Bonilla@dummymail.com,developer
492,Silvana,Suanne,Silvana.Suanne@dummymail.com,Silvana.Suanne@dummymail.com,worker
493,Leeanne,Thar,Leeanne.Thar@dummymail.com,Leeanne.Thar@dummymail.com,worker
494,Chere,Lorain,Chere.Lorain@dummymail.com,Chere.Lorain@dummymail.com,worker
495,Jacenta,Valerio,Jacenta.Valerio@dummymail.com,Jacenta.Valerio@dummymail.com,firefighter
496,Anthia,Ludewig,Anthia.Ludewig@dummymail.com,Anthia.Ludewig@dummymail.com,firefighter
497,Andeee,Sprage,Andeee.Sprage@dummymail.com,Andeee.Sprage@dummymail.com,worker
498,Brynna,Girardo,Brynna.Girardo@dummymail.com,Brynna.Girardo@dummymail.com,developer
499,Margalo,Artie,Margalo.Artie@dummymail.com,Margalo.Artie@dummymail.com,firefighter
500,Joelly,Beebe,Joelly.Beebe@dummymail.com,Joelly.Beebe@dummymail.com,developer
501,Beth,McGrody,Beth.McGrody@dummymail.com,Beth.McGrody@dummymail.com,developer
502,Millie,Standing,Millie.Standing@dummymail.com,Millie.Standing@dummymail.com,firefighter
503,Aurore,Ovid,Aurore.Ovid@dummymail.com,Aurore.Ovid@dummymail.com,doctor
504,Maridel,Nikaniki,Maridel.Nikaniki@dummymail.com,Maridel.Nikaniki@dummymail.com,developer
505,Sara-Ann,Himelman,Sara-Ann.Himelman@dummymail.com,Sara-Ann.Himelman@dummymail.com,developer
506,Bernie,Romelda,Bernie.Romelda@dummymail.com,Bernie.Romelda@dummymail.com,doctor
507,Constance,Blisse,Constance.Blisse@dummymail.com,Constance.Blisse@dummymail.com,police officer
508,Emylee,Munn,Emylee.Munn@dummymail.com,Emylee.Munn@dummymail.com,police officer
509,Devina,Morgun,Devina.Morgun@dummymail.com,Devina.Morgun@dummymail.com,worker
510,Emma,Orelee,Emma.Orelee@dummymail.com,Emma.Orelee@dummymail.com,worker
511,Donetta,Sadowski,Donetta.Sadowski@dummymail.com,Donetta.Sadowski@dummymail.com,worker
512,Etta,Emmaline,Etta.Emmaline@dummymail.com,Etta.Emmaline@dummymail.com,worker
513,Livvyy,Lorenz,Livvyy.Lorenz@dummymail.com,Livvyy.Lorenz@dummymail.com,police officer
514,Di,Desai,Di.Desai@dummymail.com,Di.Desai@dummymail.com,police officer
515,Libbie,Poll,Libbie.Poll@dummymail.com,Libbie.Poll@dummymail.com,worker
516,Alie,Kenney,Alie.Kenney@dummymail.com,Alie.Kenney@dummymail.com,worker
517,Margalo,Braun,Margalo.Braun@dummymail.com,Margalo.Braun@dummymail.com,developer
518,Annice,Klemperer,Annice.Klemperer@dummymail.com,Annice.Klemperer@dummymail.com,worker
519,Brietta,Ventre,Brietta.Ventre@dummymail.com,Brietta.Ventre@dummymail.com,doctor
520,Andeee,Bronk,Andeee.Bronk@dummymail.com,Andeee.Bronk@dummymail.com,firefighter
521,Joy,Junie,Joy.Junie@dummymail.com,Joy.Junie@dummymail.com,developer
522,Genevra,Raffo,Genevra.Raffo@dummymail.com,Genevra.Raffo@dummymail.com,developer
523,Orelia,Linehan,Orelia.Linehan@dummymail.com,Orelia.Linehan@dummymail.com,developer
524,Mahalia,Ashok,Mahalia.Ashok@dummymail.com,Mahalia.Ashok@dummymail.com,police officer
525,Farrah,Ciapas,Farrah.Ciapas@dummymail.com,Farrah.Ciapas@dummymail.com,worker
526,Ezmeralda,Mitzi,Ezmeralda.Mitzi@dummymail.com,Ezmeralda.Mitzi@dummymail.com,doctor
527,Sharai,Ehrman,Sharai.Ehrman@dummymail.com,Sharai.Ehrman@dummymail.com,developer
528,Modestia,Buttaro,Modestia.Buttaro@dummymail.com,Modestia.Buttaro@dummymail.com,doctor
529,Tybie,Cookie,Tybie.Cookie@dummymail.com,Tybie.Cookie@dummymail.com,doctor
530,Gerianna,Magnolia,Gerianna.Magnolia@dummymail.com,Gerianna.Magnolia@dummymail.com,worker
531,Corly,Hachmin,Corly.Hachmin@dummymail.com,Corly.Hachmin@dummymail.com,firefighter
532,Blake,Lynn,Blake.Lynn@dummymail.com,Blake.Lynn@dummymail.com,doctor
533,Marcelline,Edmund,Marcelline.Edmund@dummymail.com,Marcelline.Edmund@dummymail.com,worker
534,Celene,Mandler,Celene.Mandler@dummymail.com,Celene.Mandler@dummymail.com,developer
535,Larine,Autrey,Larine.Autrey@dummymail.com,Larine.Autrey@dummymail.com,worker
536,Misha,Scammon,Misha.Scammon@dummymail.com,Misha.Scammon@dummymail.com,police officer
537,Xylina,Croix,Xylina.Croix@dummymail.com,Xylina.Croix@dummymail.com,police officer
538,Sherrie,Muriel,Sherrie.Muriel@dummymail.com,Sherrie.Muriel@dummymail.com,worker
539,Pearline,Land,Pearline.Land@dummymail.com,Pearline.Land@dummymail.com,developer
540,Nyssa,Nea,Nyssa.Nea@dummymail.com,Nyssa.Nea@dummymail.com,doctor
541,Dulcinea,Minetta,Dulcinea.Minetta@dummymail.com,Dulcinea.Minetta@dummymail.com,developer
542,Fayre,Dyche,Fayre.Dyche@dummymail.com,Fayre.Dyche@dummymail.com,developer
543,Catharine,Sundin,Catharine.Sundin@dummymail.com,Catharine.Sundin@dummymail.com,police officer
544,Nollie,Fulmer,Nollie.Fulmer@dummymail.com,Nollie.Fulmer@dummymail.com,police officer
545,Georgina,Shaddock,Georgina.Shaddock@dummymail.com,Georgina.Shaddock@dummymail.com,doctor
546,Roxane,Wattenberg,Roxane.Wattenberg@dummymail.com,Roxane.Wattenberg@dummymail.com,worker
547,Ursulina,Fax,Ursulina.Fax@dummymail.com,Ursulina.Fax@dummymail.com,developer
548,Nelle,Jacobah,Nelle.Jacobah@dummymail.com,Nelle.Jacobah@dummymail.com,doctor
549,Donetta,Raseda,Donetta.Raseda@dummymail.com,Donetta.Raseda@dummymail.com,police officer
550,Fanchon,Viddah,Fanchon.Viddah@dummymail.com,Fanchon.Viddah@dummymail.com,doctor
551,Dede,Docilla,Dede.Docilla@dummymail.com,Dede.Docilla@dummymail.com,firefighter
552,Basia,Arathorn,Basia.Arathorn@dummymail.com,Basia.Arathorn@dummymail.com,developer
553,Rani,Gladstone,Rani.Gladstone@dummymail.com,Rani.Gladstone@dummymail.com,police officer
554,Janis,Maples,Janis.Maples@dummymail.com,Janis.Maples@dummymail.com,doctor
555,Evaleen,Frendel,Evaleen.Frendel@dummymail.com,Evaleen.Frendel@dummymail.com,developer
556,Correy,Kirbee,Correy.Kirbee@dummymail.com,Correy.Kirbee@dummymail.com,police officer
557,Elfreda,Belldas,Elfreda.Belldas@dummymail.com,Elfreda.Belldas@dummymail.com,doctor
558,Minne,Fleeta,Minne.Fleeta@dummymail.com,Minne.Fleeta@dummymail.com,police officer
559,Britte,Alice,Britte.Alice@dummymail.com,Britte.Alice@dummymail.com,worker
560,Lisette,Lattie,Lisette.Lattie@dummymail.com,Lisette.Lattie@dummymail.com,developer
561,Gui,Hanshaw,Gui.Hanshaw@dummymail.com,Gui.Hanshaw@dummymail.com,firefighter
562,Shaylyn,Lemuela,Shaylyn.Lemuela@dummymail.com,Shaylyn.Lemuela@dummymail.com,worker
563,Teddie,Sheedy,Teddie.Sheedy@dummymail.com,Teddie.Sheedy@dummymail.com,developer
564,Sabina,Maxi,Sabina.Maxi@dummymail.com,Sabina.Maxi@dummymail.com,worker
565,Monika,Pond,Monika.Pond@dummymail.com,Monika.Pond@dummymail.com,doctor
566,Rayna,August,Rayna.August@dummymail.com,Rayna.August@dummymail.com,police officer
567,Rhea,Casimir,Rhea.Casimir@dummymail.com,Rhea.Casimir@dummymail.com,firefighter
568,Clarice,Stover,Clarice.Stover@dummymail.com,Clarice.Stover@dummymail.com,firefighter
569,Ekaterina,Pelagias,Ekaterina.Pelagias@dummymail.com,Ekaterina.Pelagias@dummymail.com,firefighter
570,Ida,Vins,Ida.Vins@dummymail.com,Ida.Vins@dummymail.com,developer
571,Tina,Girardo,Tina.Girardo@dummymail.com,Tina.Girardo@dummymail.com,police officer
572,Paola,Karl,Paola.Karl@dummymail.com,Paola.Karl@dummymail.com,developer
573,Dagmar,Eckblad,Dagmar.Eckblad@dummymail.com,Dagmar.Eckblad@dummymail.com,doctor
574,Charissa,Skurnik,Charissa.Skurnik@dummymail.com,Charissa.Skurnik@dummymail.com,worker
575,Marcelline,Lia,Marcelline.Lia@dummymail.com,Marcelline.Lia@dummymail.com,doctor
576,Malina,Cavan,Malina.Cavan@dummymail.com,Malina.Cavan@dummymail.com,police officer
577,Demetris,Emmaline,Demetris.Emmaline@dummymail.com,Demetris.Emmaline@dummymail.com,doctor
578,Celisse,Schlosser,Celisse.Schlosser@dummymail.com,Celisse.Schlosser@dummymail.com,police officer
579,Belva,Klemperer,Belva.Klemperer@dummymail.com,Belva.Klemperer@dummymail.com,firefighter
580,Verla,Braun,Verla.Braun@dummymail.com,Verla.Braun@dummymail.com,worker
581,Marcy,Jenness,Marcy.Jenness@dummymail.com,Marcy.Jenness@dummymail.com,firefighter
582,Brana,Jenness,Brana.Jenness@dummymail.com,Brana.Jenness@dummymail.com,developer
583,Collen,Riva,Collen.Riva@dummymail.com,Collen.Riva@dummymail.com,worker
584,Sheelagh,Gaynor,Sheelagh.Gaynor@dummymail.com,Sheelagh.Gaynor@dummymail.com,worker
585,Janenna,Fosque,Janenna.Fosque@dummymail.com,Janenna.Fosque@dummymail.com,firefighter
586,Gilda,Orelee,Gilda.Orelee@dummymail.com,Gilda.Orelee@dummymail.com,worker
587,Marita,Skell,Marita.Skell@dummymail.com,Marita.Skell@dummymail.com,developer
588,Juliane,Virgin,Juliane.Virgin@dummymail.com,Juliane.Virgin@dummymail.com,police officer
589,Carly,Christal,Carly.Christal@dummymail.com,Carly.Christal@dummymail.com,worker
590,Jorry,Sasnett,Jorry.Sasnett@dummymail.com,Jorry.Sasnett@dummymail.com,firefighter
591,Tani,Aldric,Tani.Aldric@dummymail.com,Tani.Aldric@dummymail.com,police officer
592,Jaime,Tatianas,Jaime.Tatianas@dummymail.com,Jaime.Tatianas@dummymail.com,developer
593,Jere,Weitman,Jere.Weitman@dummymail.com,Jere.Weitman@dummymail.com,police officer
594,Shandie,Casimir,Shandie.Casimir@dummymail.com,Shandie.Casimir@dummymail.com,police officer
595,Donnie,Naashom,Donnie.Naashom@dummymail.com,Donnie.Naashom@dummymail.com,doctor
596,Augustine,Bivins,Augustine.Bivins@dummymail.com,Augustine.Bivins@dummymail.com,firefighter
597,Paule,Moseley,Paule.Moseley@dummymail.com,Paule.Moseley@dummymail.com,firefighter
598,Judy,Phi,Judy.Phi@dummymail.com,Judy.Phi@dummymail.com,firefighter
599,Ebonee,Daegal,Ebonee.Daegal@dummymail.com,Ebonee.Daegal@dummymail.com,worker
600,Meghann,Talia,Meghann.Talia@dummymail.com,Meghann.Talia@dummymail.com,police officer
601,Dione,Evvie,Dione.Evvie@dummymail.com,Dione.Evvie@dummymail.com,firefighter
602,Cristabel,Sacken,Cristabel.Sacken@dummymail.com,Cristabel.Sacken@dummymail.com,police officer
603,Christy,Tamsky,Christy.Tamsky@dummymail.com,Christy.Tamsky@dummymail.com,police officer
604,Shandie,Marisa,Shandie.Marisa@dummymail.com,Shandie.Marisa@dummymail.com,developer
605,Barbi,Junie,Barbi.Junie@dummymail.com,Barbi.Junie@dummymail.com,developer
606,Veda,Andrel,Veda.Andrel@dummymail.com,Veda.Andrel@dummymail.com,worker
607,Frank,Bonilla,Frank.Bonilla@dummymail.com,Frank.Bonilla@dummymail.com,police officer
608,Tami,Gino,Tami.Gino@dummymail.com,Tami.Gino@dummymail.com,police officer
609,Paola,Edmund,Paola.Edmund@dummymail.com,Paola.Edmund@dummymail.com,developer
610,Rebeca,Burch,Rebeca.Burch@dummymail.com,Rebeca.Burch@dummymail.com,developer
611,Betta,Prober,Betta.Prober@dummymail.com,Betta.Prober@dummymail.com,developer
612,Pamella,Lamoree,Pamella.Lamoree@dummymail.com,Pamella.Lamoree@dummymail.com,worker
613,Minda,Othilia,Minda.Othilia@dummymail.com,Minda.Othilia@dummymail.com,firefighter
614,Brandise,Harned,Brandise.Harned@dummymail.com,Brandise.Harned@dummymail.com,police officer
615,Briney,Weide,Briney.Weide@dummymail.com,Briney.Weide@dummymail.com,worker
616,Dawn,Candy,Dawn.Candy@dummymail.com,Dawn.Candy@dummymail.com,police officer
617,Heddie,Cohdwell,Heddie.Cohdwell@dummymail.com,Heddie.Cohdwell@dummymail.com,worker
618,Debee,Therine,Debee.Therine@dummymail.com,Debee.Therine@dummymail.com,firefighter
619,Wanda,Kiyoshi,Wanda.Kiyoshi@dummymail.com,Wanda.Kiyoshi@dummymail.com,developer
620,Lonnie,Primalia,Lonnie.Primalia@dummymail.com,Lonnie.Primalia@dummymail.com,police officer
621,Randa,Juan,Randa.Juan@dummymail.com,Randa.Juan@dummymail.com,firefighter
622,Ricky,Phaidra,Ricky.Phaidra@dummymail.com,Ricky.Phaidra@dummymail.com,firefighter
623,Clo,Ball,Clo.Ball@dummymail.com,Clo.Ball@dummymail.com,developer
624,Larine,Kimmie,Larine.Kimmie@dummymail.com,Larine.Kimmie@dummymail.com,firefighter
625,Marika,Edee,Marika.Edee@dummymail.com,Marika.Edee@dummymail.com,doctor
626,Joelly,Erich,Joelly.Erich@dummymail.com,Joelly.Erich@dummymail.com,doctor
627,Brianna,Trey,Brianna.Trey@dummymail.com,Brianna.Trey@dummymail.com,worker
628,Maridel,Elvyn,Maridel.Elvyn@dummymail.com,Maridel.Elvyn@dummymail.com,developer
629,Blake,Atonsah,Blake.Atonsah@dummymail.com,Blake.Atonsah@dummymail.com,developer
630,Sadie,Fancie,Sadie.Fancie@dummymail.com,Sadie.Fancie@dummymail.com,police officer
631,Audrie,Audly,Audrie.Audly@dummymail.com,Audrie.Audly@dummymail.com,developer
632,Aimil,Cadmar,Aimil.Cadmar@dummymail.com,Aimil.Cadmar@dummymail.com,worker
633,Margarette,Bartlett,Margarette.Bartlett@dummymail.com,Margarette.Bartlett@dummymail.com,doctor
634,Merry,Rozanna,Merry.Rozanna@dummymail.com,Merry.Rozanna@dummymail.com,doctor
635,Roz,Sisile,Roz.Sisile@dummymail.com,Roz.Sisile@dummymail.com,developer
636,Frank,Vharat,Frank.Vharat@dummymail.com,Frank.Vharat@dummymail.com,worker
637,Codie,Fosque,Codie.Fosque@dummymail.com,Codie.Fosque@dummymail.com,worker
638,Chandra,Hamil,Chandra.Hamil@dummymail.com,Chandra.Hamil@dummymail.com,worker
639,Priscilla,Baudin,Priscilla.Baudin@dummymail.com,Priscilla.Baudin@dummymail.com,firefighter
640,Sindee,Billye,Sindee.Billye@dummymail.com,Sindee.Billye@dummymail.com,developer
641,Lacie,Rurik,Lacie.Rurik@dummymail.com,Lacie.Rurik@dummymail.com,police officer
642,Steffane,Heisel,Steffane.Heisel@dummymail.com,Steffane.Heisel@dummymail.com,firefighter
643,Miquela,Stephie,Miquela.Stephie@dummymail.com,Miquela.Stephie@dummymail.com,police officer
644,Teriann,Jeanne,Teriann.Jeanne@dummymail.com,Teriann.Jeanne@dummymail.com,doctor
645,Sophia,Carolin,Sophia.Carolin@dummymail.com,Sophia.Carolin@dummymail.com,worker
646,Chastity,Winthorpe,Chastity.Winthorpe@dummymail.com,Chastity.Winthorpe@dummymail.com,firefighter
647,Alameda,Richers,Alameda.Richers@dummymail.com,Alameda.Richers@dummymail.com,developer
648,Debee,Brieta,Debee.Brieta@dummymail.com,Debee.Brieta@dummymail.com,firefighter
649,Kimberley,Macey,Kimberley.Macey@dummymail.com,Kimberley.Macey@dummymail.com,developer
650,Perry,Campball,Perry.Campball@dummymail.com,Perry.Campball@dummymail.com,doctor
651,Dorothy,Jess,Dorothy.Jess@dummymail.com,Dorothy.Jess@dummymail.com,firefighter
652,Willetta,Oneida,Willetta.Oneida@dummymail.com,Willetta.Oneida@dummymail.com,doctor
653,Elora,Maribeth,Elora.Maribeth@dummymail.com,Elora.Maribeth@dummymail.com,firefighter
654,Cyndie,Dearborn,Cyndie.Dearborn@dummymail.com,Cyndie.Dearborn@dummymail.com,doctor
655,Katharina,Septima,Katharina.Septima@dummymail.com,Katharina.Septima@dummymail.com,firefighter
656,Frances,Idelia,Frances.Idelia@dummymail.com,Frances.Idelia@dummymail.com,doctor
657,Caritta,Bethany,Caritta.Bethany@dummymail.com,Caritta.Bethany@dummymail.com,doctor
658,Jorry,Lymann,Jorry.Lymann@dummymail.com,Jorry.Lymann@dummymail.com,developer
659,Elyssa,Bahr,Elyssa.Bahr@dummymail.com,Elyssa.Bahr@dummymail.com,developer
660,Tori,Thema,Tori.Thema@dummymail.com,Tori.Thema@dummymail.com,doctor
661,Aurelie,Moseley,Aurelie.Moseley@dummymail.com,Aurelie.Moseley@dummymail.com,developer
662,Renie,Arquit,Renie.Arquit@dummymail.com,Renie.Arquit@dummymail.com,police officer
663,Jillayne,Sheng,Jillayne.Sheng@dummymail.com,Jillayne.Sheng@dummymail.com,firefighter
664,Lexine,Fontana,Lexine.Fontana@dummymail.com,Lexine.Fontana@dummymail.com,worker
665,Tiffie,Ardeha,Tiffie.Ardeha@dummymail.com,Tiffie.Ardeha@dummymail.com,doctor
666,Shaine,Elephus,Shaine.Elephus@dummymail.com,Shaine.Elephus@dummymail.com,worker
667,Rosabelle,Mayeda,Rosabelle.Mayeda@dummymail.com,Rosabelle.Mayeda@dummymail.com,doctor
668,Brana,Jerold,Brana.Jerold@dummymail.com,Brana.Jerold@dummymail.com,doctor
669,Lacie,Redmond,Lacie.Redmond@dummymail.com,Lacie.Redmond@dummymail.com,developer
670,Gilligan,Mullane,Gilligan.Mullane@dummymail.com,Gilligan.Mullane@dummymail.com,doctor
671,Gianina,Scammon,Gianina.Scammon@dummymail.com,Gianina.Scammon@dummymail.com,doctor
672,Rochette,Drus,Rochette.Drus@dummymail.com,Rochette.Drus@dummymail.com,worker
673,Chickie,Engdahl,Chickie.Engdahl@dummymail.com,Chickie.Engdahl@dummymail.com,doctor
674,Roxane,Lauraine,Roxane.Lauraine@dummymail.com,Roxane.Lauraine@dummymail.com,developer
675,Codie,Lorenz,Codie.Lorenz@dummymail.com,Codie.Lorenz@dummymail.com,doctor
676,Mireielle,Abbot,Mireielle.Abbot@dummymail.com,Mireielle.Abbot@dummymail.com,police officer
677,Clo,Travax,Clo.Travax@dummymail.com,Clo.Travax@dummymail.com,doctor
678,Nerta,Carey,Nerta.Carey@dummymail.com,Nerta.Carey@dummymail.com,doctor
679,Meriel,Kylander,Meriel.Kylander@dummymail.com,Meriel.Kylander@dummymail.com,police officer
680,Emmey,Stevy,Emmey.Stevy@dummymail.com,Emmey.Stevy@dummymail.com,police officer
681,Tabbatha,Urania,Tabbatha.Urania@dummymail.com,Tabbatha.Urania@dummymail.com,police officer
682,Letizia,Garrison,Letizia.Garrison@dummymail.com,Letizia.Garrison@dummymail.com,police officer
683,Asia,Cloris,Asia.Cloris@dummymail.com,Asia.Cloris@dummymail.com,firefighter
684,Regina,Phaidra,Regina.Phaidra@dummymail.com,Regina.Phaidra@dummymail.com,developer
685,Aryn,Aloise,Aryn.Aloise@dummymail.com,Aryn.Aloise@dummymail.com,police officer
686,Ana,Shuler,Ana.Shuler@dummymail.com,Ana.Shuler@dummymail.com,firefighter
687,Sheree,Rona,Sheree.Rona@dummymail.com,Sheree.Rona@dummymail.com,firefighter
688,Linzy,Behre,Linzy.Behre@dummymail.com,Linzy.Behre@dummymail.com,police officer
689,Gabriellia,Anis,Gabriellia.Anis@dummymail.com,Gabriellia.Anis@dummymail.com,firefighter
690,Alia,Hachmin,Alia.Hachmin@dummymail.com,Alia.Hachmin@dummymail.com,doctor
691,Jaime,Fabiola,Jaime.Fabiola@dummymail.com,Jaime.Fabiola@dummymail.com,police officer
692,Flory,Blisse,Flory.Blisse@dummymail.com,Flory.Blisse@dummymail.com,doctor
693,Deedee,Holbrook,Deedee.Holbrook@dummymail.com,Deedee.Holbrook@dummymail.com,firefighter
694,Rivalee,Hertzfeld,Rivalee.Hertzfeld@dummymail.com,Rivalee.Hertzfeld@dummymail.com,doctor
695,Margalo,Brittani,Margalo.Brittani@dummymail.com,Margalo.Brittani@dummymail.com,firefighter
696,Tera,Taima,Tera.Taima@dummymail.com,Tera.Taima@dummymail.com,firefighter
697,Patricia,Dichy,Patricia.Dichy@dummymail.com,Patricia.Dichy@dummymail.com,developer
698,Zsa Zsa,Laverne,Zsa Zsa.Laverne@dummymail.com,Zsa Zsa.Laverne@dummymail.com,doctor
699,Rivalee,Hortensia,Rivalee.Hortensia@dummymail.com,Rivalee.Hortensia@dummymail.com,doctor
700,Frances,Wiener,Frances.Wiener@dummymail.com,Frances.Wiener@dummymail.com,doctor
701,Amelia,Celestine,Amelia.Celestine@dummymail.com,Amelia.Celestine@dummymail.com,worker
702,Cassondra,Sibyls,Cassondra.Sibyls@dummymail.com,Cassondra.Sibyls@dummymail.com,firefighter
703,Joceline,Saree,Joceline.Saree@dummymail.com,Joceline.Saree@dummymail.com,worker
704,Aryn,Chauncey,Aryn.Chauncey@dummymail.com,Aryn.Chauncey@dummymail.com,doctor
705,Lelah,Valoniah,Lelah.Valoniah@dummymail.com,Lelah.Valoniah@dummymail.com,police officer
706,Linzy,Allina,Linzy.Allina@dummymail.com,Linzy.Allina@dummymail.com,worker
707,Jean,Edmund,Jean.Edmund@dummymail.com,Jean.Edmund@dummymail.com,worker
708,Tersina,Chrystel,Tersina.Chrystel@dummymail.com,Tersina.Chrystel@dummymail.com,doctor
709,Anallese,Salvidor,Anallese.Salvidor@dummymail.com,Anallese.Salvidor@dummymail.com,worker
710,Dania,Yorick,Dania.Yorick@dummymail.com,Dania.Yorick@dummymail.com,worker
711,Cassondra,Monaco,Cassondra.Monaco@dummymail.com,Cassondra.Monaco@dummymail.com,firefighter
712,Cathyleen,Mozelle,Cathyleen.Mozelle@dummymail.com,Cathyleen.Mozelle@dummymail.com,police officer
713,Goldie,Hunfredo,Goldie.Hunfredo@dummymail.com,Goldie.Hunfredo@dummymail.com,worker
714,Bettine,Dash,Bettine.Dash@dummymail.com,Bettine.Dash@dummymail.com,worker
715,Wileen,Anton,Wileen.Anton@dummymail.com,Wileen.Anton@dummymail.com,developer
716,Darci,Faro,Darci.Faro@dummymail.com,Darci.Faro@dummymail.com,doctor
717,Gabriellia,Khorma,Gabriellia.Khorma@dummymail.com,Gabriellia.Khorma@dummymail.com,worker
718,Maridel,Alfons,Maridel.Alfons@dummymail.com,Maridel.Alfons@dummymail.com,doctor
719,Cristine,Koehler,Cristine.Koehler@dummymail.com,Cristine.Koehler@dummymail.com,developer
720,Orsola,Saree,Orsola.Saree@dummymail.com,Orsola.Saree@dummymail.com,firefighter
721,Mary,Gwenore,Mary.Gwenore@dummymail.com,Mary.Gwenore@dummymail.com,developer
722,Aryn,Tiffa,Aryn.Tiffa@dummymail.com,Aryn.Tiffa@dummymail.com,doctor
723,Lizzie,Atcliffe,Lizzie.Atcliffe@dummymail.com,Lizzie.Atcliffe@dummymail.com,firefighter
724,Harrietta,Vanni,Harrietta.Vanni@dummymail.com,Harrietta.Vanni@dummymail.com,worker
725,Jennica,August,Jennica.August@dummymail.com,Jennica.August@dummymail.com,worker
726,Harrietta,Heisel,Harrietta.Heisel@dummymail.com,Harrietta.Heisel@dummymail.com,developer
727,Angela,Howlyn,Angela.Howlyn@dummymail.com,Angela.Howlyn@dummymail.com,developer
728,Gilda,Morgun,Gilda.Morgun@dummymail.com,Gilda.Morgun@dummymail.com,police officer
729,Kimmy,Salchunas,Kimmy.Salchunas@dummymail.com,Kimmy.Salchunas@dummymail.com,worker
730,Debee,Greenwald,Debee.Greenwald@dummymail.com,Debee.Greenwald@dummymail.com,police officer
731,Hannis,Jethro,Hannis.Jethro@dummymail.com,Hannis.Jethro@dummymail.com,doctor
732,Yolane,Ferrell,Yolane.Ferrell@dummymail.com,Yolane.Ferrell@dummymail.com,doctor
733,Ronna,Karl,Ronna.Karl@dummymail.com,Ronna.Karl@dummymail.com,developer
734,Tybie,Suzetta,Tybie.Suzetta@dummymail.com,Tybie.Suzetta@dummymail.com,police officer
735,Renae,Burch,Renae.Burch@dummymail.com,Renae.Burch@dummymail.com,developer
736,Madalyn,Parette,Madalyn.Parette@dummymail.com,Madalyn.Parette@dummymail.com,worker
737,Merci,Buffum,Merci.Buffum@dummymail.com,Merci.Buffum@dummymail.com,doctor
738,Riannon,Madaih,Riannon.Madaih@dummymail.com,Riannon.Madaih@dummymail.com,police officer
739,Roxane,Alcott,Roxane.Alcott@dummymail.com,Roxane.Alcott@dummymail.com,worker
740,Kaia,Gert,Kaia.Gert@dummymail.com,Kaia.Gert@dummymail.com,worker
741,Cherrita,Bury,Cherrita.Bury@dummymail.com,Cherrita.Bury@dummymail.com,police officer
742,Alex,Earlie,Alex.Earlie@dummymail.com,Alex.Earlie@dummymail.com,firefighter
743,Florie,Raffo,Florie.Raffo@dummymail.com,Florie.Raffo@dummymail.com,developer
744,Mathilda,Monaco,Mathilda.Monaco@dummymail.com,Mathilda.Monaco@dummymail.com,developer
745,Joy,Solitta,Joy.Solitta@dummymail.com,Joy.Solitta@dummymail.com,worker
746,Ann-Marie,Jehu,Ann-Marie.Jehu@dummymail.com,Ann-Marie.Jehu@dummymail.com,firefighter
747,Lita,Kosey,Lita.Kosey@dummymail.com,Lita.Kosey@dummymail.com,worker
748,Yvonne,Thilda,Yvonne.Thilda@dummymail.com,Yvonne.Thilda@dummymail.com,doctor
749,Annecorinne,Gamaliel,Annecorinne.Gamaliel@dummymail.com,Annecorinne.Gamaliel@dummymail.com,worker
750,Fayre,Ricki,Fayre.Ricki@dummymail.com,Fayre.Ricki@dummymail.com,doctor
751,Jacquetta,Raffo,Jacquetta.Raffo@dummymail.com,Jacquetta.Raffo@dummymail.com,doctor
752,Kate,Tengdin,Kate.Tengdin@dummymail.com,Kate.Tengdin@dummymail.com,doctor
753,Stephanie,Glenden,Stephanie.Glenden@dummymail.com,Stephanie.Glenden@dummymail.com,firefighter
754,Tabbatha,Alabaster,Tabbatha.Alabaster@dummymail.com,Tabbatha.Alabaster@dummymail.com,worker
755,Marsiella,Euridice,Marsiella.Euridice@dummymail.com,Marsiella.Euridice@dummymail.com,worker
756,Elyssa,Helve,Elyssa.Helve@dummymail.com,Elyssa.Helve@dummymail.com,doctor
757,Melisent,Ivens,Melisent.Ivens@dummymail.com,Melisent.Ivens@dummymail.com,worker
758,Maryellen,Abernon,Maryellen.Abernon@dummymail.com,Maryellen.Abernon@dummymail.com,developer
759,Constance,Vacuva,Constance.Vacuva@dummymail.com,Constance.Vacuva@dummymail.com,worker
760,Candy,Kesley,Candy.Kesley@dummymail.com,Candy.Kesley@dummymail.com,developer
761,Ermengarde,Lory,Ermengarde.Lory@dummymail.com,Ermengarde.Lory@dummymail.com,firefighter
762,Bibby,Madox,Bibby.Madox@dummymail.com,Bibby.Madox@dummymail.com,worker
763,Petronia,Mehalek,Petronia.Mehalek@dummymail.com,Petronia.Mehalek@dummymail.com,developer
764,Lila,Aprile,Lila.Aprile@dummymail.com,Lila.Aprile@dummymail.com,firefighter
765,Nita,Wittie,Nita.Wittie@dummymail.com,Nita.Wittie@dummymail.com,firefighter
766,Justinn,Weide,Justinn.Weide@dummymail.com,Justinn.Weide@dummymail.com,worker
767,Ada,Hermes,Ada.Hermes@dummymail.com,Ada.Hermes@dummymail.com,firefighter
768,June,Grosz,June.Grosz@dummymail.com,June.Grosz@dummymail.com,doctor
769,Carolina,Argus,Carolina.Argus@dummymail.com,Carolina.Argus@dummymail.com,police officer
770,Wilma,Suzetta,Wilma.Suzetta@dummymail.com,Wilma.Suzetta@dummymail.com,firefighter
771,Robinia,Parette,Robinia.Parette@dummymail.com,Robinia.Parette@dummymail.com,worker
772,Bee,Fax,Bee.Fax@dummymail.com,Bee.Fax@dummymail.com,worker
773,Joleen,Amasa,Joleen.Amasa@dummymail.com,Joleen.Amasa@dummymail.com,police officer
774,Devina,Gilbertson,Devina.Gilbertson@dummymail.com,Devina.Gilbertson@dummymail.com,developer
775,Kassey,Trey,Kassey.Trey@dummymail.com,Kassey.Trey@dummymail.com,developer
776,Micheline,Birdella,Micheline.Birdella@dummymail.com,Micheline.Birdella@dummymail.com,worker
777,Lita,Scammon,Lita.Scammon@dummymail.com,Lita.Scammon@dummymail.com,doctor
778,Nataline,Ardra,Nataline.Ardra@dummymail.com,Nataline.Ardra@dummymail.com,firefighter
779,Kate,Justinn,Kate.Justinn@dummymail.com,Kate.Justinn@dummymail.com,worker
780,Nannie,Grosz,Nannie.Grosz@dummymail.com,Nannie.Grosz@dummymail.com,developer
781,Rori,August,Rori.August@dummymail.com,Rori.August@dummymail.com,doctor
782,Sara-Ann,Vharat,Sara-Ann.Vharat@dummymail.com,Sara-Ann.Vharat@dummymail.com,police officer
783,Ira,Rosette,Ira.Rosette@dummymail.com,Ira.Rosette@dummymail.com,firefighter
784,Gertrud,Hamil,Gertrud.Hamil@dummymail.com,Gertrud.Hamil@dummymail.com,police officer
785,Winny,Vharat,Winny.Vharat@dummymail.com,Winny.Vharat@dummymail.com,police officer
786,Josephine,Gombach,Josephine.Gombach@dummymail.com,Josephine.Gombach@dummymail.com,worker
787,Angela,Miru,Angela.Miru@dummymail.com,Angela.Miru@dummymail.com,worker
788,Ketti,Santoro,Ketti.Santoro@dummymail.com,Ketti.Santoro@dummymail.com,developer
789,Fredericka,Philoo,Fredericka.Philoo@dummymail.com,Fredericka.Philoo@dummymail.com,firefighter
790,Marnia,Mauer,Marnia.Mauer@dummymail.com,Marnia.Mauer@dummymail.com,developer
791,Philis,Havens,Philis.Havens@dummymail.com,Philis.Havens@dummymail.com,firefighter
792,Joleen,Billye,Joleen.Billye@dummymail.com,Joleen.Billye@dummymail.com,developer
793,Vanessa,Gregrory,Vanessa.Gregrory@dummymail.com,Vanessa.Gregrory@dummymail.com,firefighter
794,Angelique,Graig,Angelique.Graig@dummymail.com,Angelique.Graig@dummymail.com,police officer
795,Diena,Bahr,Diena.Bahr@dummymail.com,Diena.Bahr@dummymail.com,firefighter
796,Emmey,Naor,Emmey.Naor@dummymail.com,Emmey.Naor@dummymail.com,worker
797,Queenie,Gaspard,Queenie.Gaspard@dummymail.com,Queenie.Gaspard@dummymail.com,developer
798,Ann-Marie,Kendrick,Ann-Marie.Kendrick@dummymail.com,Ann-Marie.Kendrick@dummymail.com,firefighter
799,Hollie,Constancy,Hollie.Constancy@dummymail.com,Hollie.Constancy@dummymail.com,developer
800,Emma,Phyllis,Emma.Phyllis@dummymail.com,Emma.Phyllis@dummymail.com,doctor
801,Abbie,Sisile,Abbie.Sisile@dummymail.com,Abbie.Sisile@dummymail.com,worker
802,Brana,Pillsbury,Brana.Pillsbury@dummymail.com,Brana.Pillsbury@dummymail.com,police officer
803,Lila,Maryanne,Lila.Maryanne@dummymail.com,Lila.Maryanne@dummymail.com,worker
804,Ginnie,Liebermann,Ginnie.Liebermann@dummymail.com,Ginnie.Liebermann@dummymail.com,firefighter
805,Alisha,Idelia,Alisha.Idelia@dummymail.com,Alisha.Idelia@dummymail.com,doctor
806,Danny,Swanhildas,Danny.Swanhildas@dummymail.com,Danny.Swanhildas@dummymail.com,firefighter
807,Tabbatha,Kylander,Tabbatha.Kylander@dummymail.com,Tabbatha.Kylander@dummymail.com,doctor
808,Aeriela,Markman,Aeriela.Markman@dummymail.com,Aeriela.Markman@dummymail.com,developer
809,Adriana,Idelia,Adriana.Idelia@dummymail.com,Adriana.Idelia@dummymail.com,worker
810,Frieda,Berriman,Frieda.Berriman@dummymail.com,Frieda.Berriman@dummymail.com,worker
811,Jsandye,Barbey,Jsandye.Barbey@dummymail.com,Jsandye.Barbey@dummymail.com,developer
812,Janenna,Sikorski,Janenna.Sikorski@dummymail.com,Janenna.Sikorski@dummymail.com,developer
813,Daryl,Sundin,Daryl.Sundin@dummymail.com,Daryl.Sundin@dummymail.com,worker
814,Antonietta,Lutero,Antonietta.Lutero@dummymail.com,Antonietta.Lutero@dummymail.com,police officer
815,Tarra,Regan,Tarra.Regan@dummymail.com,Tarra.Regan@dummymail.com,developer
816,Daryl,Korey,Daryl.Korey@dummymail.com,Daryl.Korey@dummymail.com,firefighter
817,Grier,Engdahl,Grier.Engdahl@dummymail.com,Grier.Engdahl@dummymail.com,firefighter
818,Cissiee,Dearborn,Cissiee.Dearborn@dummymail.com,Cissiee.Dearborn@dummymail.com,firefighter
819,Marguerite,Rocray,Marguerite.Rocray@dummymail.com,Marguerite.Rocray@dummymail.com,firefighter
820,Ayn,Pearse,Ayn.Pearse@dummymail.com,Ayn.Pearse@dummymail.com,doctor
821,Steffane,Hewitt,Steffane.Hewitt@dummymail.com,Steffane.Hewitt@dummymail.com,developer
822,Eolanda,Bari,Eolanda.Bari@dummymail.com,Eolanda.Bari@dummymail.com,firefighter
823,Vevay,Stuart,Vevay.Stuart@dummymail.com,Vevay.Stuart@dummymail.com,developer
824,Janis,Dearborn,Janis.Dearborn@dummymail.com,Janis.Dearborn@dummymail.com,worker
825,Joy,Meli,Joy.Meli@dummymail.com,Joy.Meli@dummymail.com,police officer
826,Josephine,Ranjiv,Josephine.Ranjiv@dummymail.com,Josephine.Ranjiv@dummymail.com,police officer
827,Bernie,Konyn,Bernie.Konyn@dummymail.com,Bernie.Konyn@dummymail.com,police officer
828,Maye,Calhoun,Maye.Calhoun@dummymail.com,Maye.Calhoun@dummymail.com,firefighter
829,Merrie,Randene,Merrie.Randene@dummymail.com,Merrie.Randene@dummymail.com,firefighter
830,Binny,Christal,Binny.Christal@dummymail.com,Binny.Christal@dummymail.com,firefighter
831,Karly,Erminia,Karly.Erminia@dummymail.com,Karly.Erminia@dummymail.com,firefighter
832,Kial,Sallyann,Kial.Sallyann@dummymail.com,Kial.Sallyann@dummymail.com,developer
833,Kerrin,Curren,Kerrin.Curren@dummymail.com,Kerrin.Curren@dummymail.com,doctor
834,Nicoli,Darbie,Nicoli.Darbie@dummymail.com,Nicoli.Darbie@dummymail.com,developer
835,Tybie,Ephrem,Tybie.Ephrem@dummymail.com,Tybie.Ephrem@dummymail.com,worker
836,Feliza,Wilona,Feliza.Wilona@dummymail.com,Feliza.Wilona@dummymail.com,developer
837,Lory,Paton,Lory.Paton@dummymail.com,Lory.Paton@dummymail.com,firefighter
838,Glynnis,Wandie,Glynnis.Wandie@dummymail.com,Glynnis.Wandie@dummymail.com,doctor
839,Allyce,Lynn,Allyce.Lynn@dummymail.com,Allyce.Lynn@dummymail.com,doctor
840,Alameda,Germann,Alameda.Germann@dummymail.com,Alameda.Germann@dummymail.com,firefighter
841,Ileana,Garek,Ileana.Garek@dummymail.com,Ileana.Garek@dummymail.com,developer
842,Elsie,Olympium,Elsie.Olympium@dummymail.com,Elsie.Olympium@dummymail.com,police officer
843,Queenie,Jena,Queenie.Jena@dummymail.com,Queenie.Jena@dummymail.com,developer
844,Bibby,Niccolo,Bibby.Niccolo@dummymail.com,Bibby.Niccolo@dummymail.com,firefighter
845,Joleen,Lunsford,Joleen.Lunsford@dummymail.com,Joleen.Lunsford@dummymail.com,police officer
846,Babita,Harl,Babita.Harl@dummymail.com,Babita.Harl@dummymail.com,worker
847,Liana,Judye,Liana.Judye@dummymail.com,Liana.Judye@dummymail.com,police officer
848,Gabi,Rocray,Gabi.Rocray@dummymail.com,Gabi.Rocray@dummymail.com,firefighter
849,Bibby,Sparhawk,Bibby.Sparhawk@dummymail.com,Bibby.Sparhawk@dummymail.com,doctor
850,Frances,Ilka,Frances.Ilka@dummymail.com,Frances.Ilka@dummymail.com,worker
851,Layla,Dash,Layla.Dash@dummymail.com,Layla.Dash@dummymail.com,worker
852,Myrtice,Emmaline,Myrtice.Emmaline@dummymail.com,Myrtice.Emmaline@dummymail.com,firefighter
853,Annice,Ellerey,Annice.Ellerey@dummymail.com,Annice.Ellerey@dummymail.com,worker
854,Gabriellia,Amasa,Gabriellia.Amasa@dummymail.com,Gabriellia.Amasa@dummymail.com,police officer
855,Gilda,Ruvolo,Gilda.Ruvolo@dummymail.com,Gilda.Ruvolo@dummymail.com,worker
856,Stacey,Slifka,Stacey.Slifka@dummymail.com,Stacey.Slifka@dummymail.com,developer
857,Ethel,Brady,Ethel.Brady@dummymail.com,Ethel.Brady@dummymail.com,firefighter
858,Susette,Dahlia,Susette.Dahlia@dummymail.com,Susette.Dahlia@dummymail.com,worker
859,Sissy,Waite,Sissy.Waite@dummymail.com,Sissy.Waite@dummymail.com,worker
860,Merle,Blake,Merle.Blake@dummymail.com,Merle.Blake@dummymail.com,police officer
861,Mariann,Nelsen,Mariann.Nelsen@dummymail.com,Mariann.Nelsen@dummymail.com,worker
862,Lindie,Auberbach,Lindie.Auberbach@dummymail.com,Lindie.Auberbach@dummymail.com,developer
863,Edee,Clywd,Edee.Clywd@dummymail.com,Edee.Clywd@dummymail.com,doctor
864,Gusella,Pernick,Gusella.Pernick@dummymail.com,Gusella.Pernick@dummymail.com,firefighter
865,Christian,Dearborn,Christian.Dearborn@dummymail.com,Christian.Dearborn@dummymail.com,doctor
866,Tamqrah,Arvo,Tamqrah.Arvo@dummymail.com,Tamqrah.Arvo@dummymail.com,developer
867,Marylou,Center,Marylou.Center@dummymail.com,Marylou.Center@dummymail.com,developer
868,Grier,Doig,Grier.Doig@dummymail.com,Grier.Doig@dummymail.com,doctor
869,Juliane,Tatianas,Juliane.Tatianas@dummymail.com,Juliane.Tatianas@dummymail.com,worker
870,Maridel,Maryanne,Maridel.Maryanne@dummymail.com,Maridel.Maryanne@dummymail.com,doctor
871,Berget,Morehouse,Berget.Morehouse@dummymail.com,Berget.Morehouse@dummymail.com,worker
872,Clarice,Tengdin,Clarice.Tengdin@dummymail.com,Clarice.Tengdin@dummymail.com,worker
873,Kial,Tillford,Kial.Tillford@dummymail.com,Kial.Tillford@dummymail.com,developer
874,Claudina,Nunci,Claudina.Nunci@dummymail.com,Claudina.Nunci@dummymail.com,doctor
875,Mathilda,Lubin,Mathilda.Lubin@dummymail.com,Mathilda.Lubin@dummymail.com,developer
876,Jsandye,Hessler,Jsandye.Hessler@dummymail.com,Jsandye.Hessler@dummymail.com,developer
877,Sandie,Alrich,Sandie.Alrich@dummymail.com,Sandie.Alrich@dummymail.com,police officer
878,Imojean,Larochelle,Imojean.Larochelle@dummymail.com,Imojean.Larochelle@dummymail.com,firefighter
879,Rivalee,Pernick,Rivalee.Pernick@dummymail.com,Rivalee.Pernick@dummymail.com,police officer
880,Nataline,Elsinore,Nataline.Elsinore@dummymail.com,Nataline.Elsinore@dummymail.com,police officer
881,Ira,Gilbertson,Ira.Gilbertson@dummymail.com,Ira.Gilbertson@dummymail.com,worker
882,Katuscha,Sperling,Katuscha.Sperling@dummymail.com,Katuscha.Sperling@dummymail.com,police officer
883,Cristabel,Rebecka,Cristabel.Rebecka@dummymail.com,Cristabel.Rebecka@dummymail.com,worker
884,Olwen,Mathilde,Olwen.Mathilde@dummymail.com,Olwen.Mathilde@dummymail.com,firefighter
885,Sam,Raffo,Sam.Raffo@dummymail.com,Sam.Raffo@dummymail.com,developer
886,Teriann,Chobot,Teriann.Chobot@dummymail.com,Teriann.Chobot@dummymail.com,police officer
887,Frieda,Montgomery,Frieda.Montgomery@dummymail.com,Frieda.Montgomery@dummymail.com,firefighter
888,Charissa,Matthew,Charissa.Matthew@dummymail.com,Charissa.Matthew@dummymail.com,doctor
889,Lucille,Fairweather,Lucille.Fairweather@dummymail.com,Lucille.Fairweather@dummymail.com,police officer
890,Lily,Lane,Lily.Lane@dummymail.com,Lily.Lane@dummymail.com,developer
891,Jaclyn,Ashely,Jaclyn.Ashely@dummymail.com,Jaclyn.Ashely@dummymail.com,firefighter
892,Modestia,Dawkins,Modestia.Dawkins@dummymail.com,Modestia.Dawkins@dummymail.com,worker
893,Bobbi,Ariella,Bobbi.Ariella@dummymail.com,Bobbi.Ariella@dummymail.com,worker
894,Desirae,Lutero,Desirae.Lutero@dummymail.com,Desirae.Lutero@dummymail.com,developer
895,Tilly,Tippets,Tilly.Tippets@dummymail.com,Tilly.Tippets@dummymail.com,police officer
896,Dede,Mich,Dede.Mich@dummymail.com,Dede.Mich@dummymail.com,developer
897,Cristine,Hamil,Cristine.Hamil@dummymail.com,Cristine.Hamil@dummymail.com,developer
898,Sean,Sparhawk,Sean.Sparhawk@dummymail.com,Sean.Sparhawk@dummymail.com,worker
899,Jackie,Buttaro,Jackie.Buttaro@dummymail.com,Jackie.Buttaro@dummymail.com,firefighter
900,Emma,Gherardo,Emma.Gherardo@dummymail.com,Emma.Gherardo@dummymail.com,police officer
901,Aubrie,Gamaliel,Aubrie.Gamaliel@dummymail.com,Aubrie.Gamaliel@dummymail.com,doctor
902,Lanna,Sibyls,Lanna.Sibyls@dummymail.com,Lanna.Sibyls@dummymail.com,worker
903,Demetris,Baudin,Demetris.Baudin@dummymail.com,Demetris.Baudin@dummymail.com,doctor
904,Teriann,Brotherson,Teriann.Brotherson@dummymail.com,Teriann.Brotherson@dummymail.com,firefighter
905,Edee,Warthman,Edee.Warthman@dummymail.com,Edee.Warthman@dummymail.com,worker
906,Ardys,Frendel,Ardys.Frendel@dummymail.com,Ardys.Frendel@dummymail.com,firefighter
907,Merrie,Esmaria,Merrie.Esmaria@dummymail.com,Merrie.Esmaria@dummymail.com,doctor
908,Candi,Terrence,Candi.Terrence@dummymail.com,Candi.Terrence@dummymail.com,worker
909,Isa,Natalia,Isa.Natalia@dummymail.com,Isa.Natalia@dummymail.com,doctor
910,Rosene,Catie,Rosene.Catie@dummymail.com,Rosene.Catie@dummymail.com,developer
911,Ivett,Juliet,Ivett.Juliet@dummymail.com,Ivett.Juliet@dummymail.com,firefighter
912,Rosaline,Lenny,Rosaline.Lenny@dummymail.com,Rosaline.Lenny@dummymail.com,police officer
913,Kristina,Cottle,Kristina.Cottle@dummymail.com,Kristina.Cottle@dummymail.com,firefighter
914,Siana,Monk,Siana.Monk@dummymail.com,Siana.Monk@dummymail.com,worker
915,Kristan,Weaks,Kristan.Weaks@dummymail.com,Kristan.Weaks@dummymail.com,firefighter
916,Myrtice,Katrine,Myrtice.Katrine@dummymail.com,Myrtice.Katrine@dummymail.com,police officer
917,Damaris,Connelly,Damaris.Connelly@dummymail.com,Damaris.Connelly@dummymail.com,firefighter
918,Elyssa,Dom,Elyssa.Dom@dummymail.com,Elyssa.Dom@dummymail.com,developer
919,Constance,Jacqui,Constance.Jacqui@dummymail.com,Constance.Jacqui@dummymail.com,worker
920,Jillayne,Andrel,Jillayne.Andrel@dummymail.com,Jillayne.Andrel@dummymail.com,police officer
921,Ashlee,Cleavland,Ashlee.Cleavland@dummymail.com,Ashlee.Cleavland@dummymail.com,worker
922,Hollie,Saunderson,Hollie.Saunderson@dummymail.com,Hollie.Saunderson@dummymail.com,firefighter
923,Blinni,Bergman,Blinni.Bergman@dummymail.com,Blinni.Bergman@dummymail.com,firefighter
924,Gratia,Ax,Gratia.Ax@dummymail.com,Gratia.Ax@dummymail.com,developer
925,Libbie,Hoban,Libbie.Hoban@dummymail.com,Libbie.Hoban@dummymail.com,firefighter
926,Edyth,Even,Edyth.Even@dummymail.com,Edyth.Even@dummymail.com,doctor
927,Debee,Auberbach,Debee.Auberbach@dummymail.com,Debee.Auberbach@dummymail.com,developer
928,Carol-Jean,Gilbertson,Carol-Jean.Gilbertson@dummymail.com,Carol-Jean.Gilbertson@dummymail.com,developer
929,Lenna,Redmond,Lenna.Redmond@dummymail.com,Lenna.Redmond@dummymail.com,worker
930,Kirstin,Dawkins,Kirstin.Dawkins@dummymail.com,Kirstin.Dawkins@dummymail.com,developer
931,Winny,McGrody,Winny.McGrody@dummymail.com,Winny.McGrody@dummymail.com,doctor
932,Patricia,Juliet,Patricia.Juliet@dummymail.com,Patricia.Juliet@dummymail.com,firefighter
933,Marguerite,Chaing,Marguerite.Chaing@dummymail.com,Marguerite.Chaing@dummymail.com,developer
934,Ann-Marie,Ball,Ann-Marie.Ball@dummymail.com,Ann-Marie.Ball@dummymail.com,doctor
935,Valera,Nester,Valera.Nester@dummymail.com,Valera.Nester@dummymail.com,firefighter
936,Livvyy,Elbertina,Livvyy.Elbertina@dummymail.com,Livvyy.Elbertina@dummymail.com,worker
937,Pollyanna,Leffen,Pollyanna.Leffen@dummymail.com,Pollyanna.Leffen@dummymail.com,police officer
938,Libbie,Noman,Libbie.Noman@dummymail.com,Libbie.Noman@dummymail.com,police officer
939,Doralynne,Cornelia,Doralynne.Cornelia@dummymail.com,Doralynne.Cornelia@dummymail.com,doctor
940,Millie,Cohdwell,Millie.Cohdwell@dummymail.com,Millie.Cohdwell@dummymail.com,developer
941,Florie,Fennessy,Florie.Fennessy@dummymail.com,Florie.Fennessy@dummymail.com,doctor
942,Fayre,Richers,Fayre.Richers@dummymail.com,Fayre.Richers@dummymail.com,worker
943,Caritta,Alfons,Caritta.Alfons@dummymail.com,Caritta.Alfons@dummymail.com,police officer
944,Angela,Stevy,Angela.Stevy@dummymail.com,Angela.Stevy@dummymail.com,doctor
945,Dede,Abbot,Dede.Abbot@dummymail.com,Dede.Abbot@dummymail.com,developer
946,Gianina,Swanhildas,Gianina.Swanhildas@dummymail.com,Gianina.Swanhildas@dummymail.com,worker
947,Debee,Idelia,Debee.Idelia@dummymail.com,Debee.Idelia@dummymail.com,firefighter
948,Theodora,Kosey,Theodora.Kosey@dummymail.com,Theodora.Kosey@dummymail.com,firefighter
949,Jaclyn,Sherrie,Jaclyn.Sherrie@dummymail.com,Jaclyn.Sherrie@dummymail.com,police officer
950,Clarice,Zachary,Clarice.Zachary@dummymail.com,Clarice.Zachary@dummymail.com,firefighter
951,Cyb,Lia,Cyb.Lia@dummymail.com,Cyb.Lia@dummymail.com,worker
952,Clo,Neils,Clo.Neils@dummymail.com,Clo.Neils@dummymail.com,police officer
953,Phylis,Velick,Phylis.Velick@dummymail.com,Phylis.Velick@dummymail.com,developer
954,Paulita,Arathorn,Paulita.Arathorn@dummymail.com,Paulita.Arathorn@dummymail.com,developer
955,Nickie,Carmena,Nickie.Carmena@dummymail.com,Nickie.Carmena@dummymail.com,police officer
956,Amara,Joni,Amara.Joni@dummymail.com,Amara.Joni@dummymail.com,police officer
957,Barbara,Wilona,Barbara.Wilona@dummymail.com,Barbara.Wilona@dummymail.com,firefighter
958,Elmira,Rustice,Elmira.Rustice@dummymail.com,Elmira.Rustice@dummymail.com,firefighter
959,Gianina,Ingra,Gianina.Ingra@dummymail.com,Gianina.Ingra@dummymail.com,police officer
960,Kenna,Cottle,Kenna.Cottle@dummymail.com,Kenna.Cottle@dummymail.com,police officer
961,Iseabal,Zeeba,Iseabal.Zeeba@dummymail.com,Iseabal.Zeeba@dummymail.com,doctor
962,Dianemarie,Michella,Dianemarie.Michella@dummymail.com,Dianemarie.Michella@dummymail.com,doctor
963,Dulcinea,Love,Dulcinea.Love@dummymail.com,Dulcinea.Love@dummymail.com,doctor
964,Yvonne,Baylor,Yvonne.Baylor@dummymail.com,Yvonne.Baylor@dummymail.com,firefighter
965,Caressa,Niccolo,Caressa.Niccolo@dummymail.com,Caressa.Niccolo@dummymail.com,firefighter
966,Lita,Nickola,Lita.Nickola@dummymail.com,Lita.Nickola@dummymail.com,doctor
967,Margarette,Baudin,Margarette.Baudin@dummymail.com,Margarette.Baudin@dummymail.com,worker
968,Luci,Ventre,Luci.Ventre@dummymail.com,Luci.Ventre@dummymail.com,police officer
969,Darci,Kronfeld,Darci.Kronfeld@dummymail.com,Darci.Kronfeld@dummymail.com,developer
970,Valeda,Malanie,Valeda.Malanie@dummymail.com,Valeda.Malanie@dummymail.com,developer
971,Ninnetta,Faso,Ninnetta.Faso@dummymail.com,Ninnetta.Faso@dummymail.com,developer
972,Frieda,Shuler,Frieda.Shuler@dummymail.com,Frieda.Shuler@dummymail.com,firefighter
973,Fawne,Stuart,Fawne.Stuart@dummymail.com,Fawne.Stuart@dummymail.com,doctor
974,Caryl,Carleen,Caryl.Carleen@dummymail.com,Caryl.Carleen@dummymail.com,developer
975,Edith,Cadmar,Edith.Cadmar@dummymail.com,Edith.Cadmar@dummymail.com,doctor
976,Delilah,Maisey,Delilah.Maisey@dummymail.com,Delilah.Maisey@dummymail.com,developer
977,Asia,Irmine,Asia.Irmine@dummymail.com,Asia.Irmine@dummymail.com,police officer
978,Linet,Chobot,Linet.Chobot@dummymail.com,Linet.Chobot@dummymail.com,firefighter
979,Renae,Decato,Renae.Decato@dummymail.com,Renae.Decato@dummymail.com,doctor
980,Gratia,Brady,Gratia.Brady@dummymail.com,Gratia.Brady@dummymail.com,police officer
981,Harrietta,Goode,Harrietta.Goode@dummymail.com,Harrietta.Goode@dummymail.com,developer
982,Kimberley,Velick,Kimberley.Velick@dummymail.com,Kimberley.Velick@dummymail.com,doctor
983,Nyssa,Nisbet,Nyssa.Nisbet@dummymail.com,Nyssa.Nisbet@dummymail.com,developer
984,Ardys,Hartnett,Ardys.Hartnett@dummymail.com,Ardys.Hartnett@dummymail.com,developer
985,Winifred,Gombach,Winifred.Gombach@dummymail.com,Winifred.Gombach@dummymail.com,worker
986,Dode,Milde,Dode.Milde@dummymail.com,Dode.Milde@dummymail.com,police officer
987,Daune,Mullane,Daune.Mullane@dummymail.com,Daune.Mullane@dummymail.com,firefighter
988,Mureil,Bohlin,Mureil.Bohlin@dummymail.com,Mureil.Bohlin@dummymail.com,doctor
989,Kirbee,Erich,Kirbee.Erich@dummymail.com,Kirbee.Erich@dummymail.com,developer
990,Sidoney,Cecile,Sidoney.Cecile@dummymail.com,Sidoney.Cecile@dummymail.com,developer
991,Celisse,Montgomery,Celisse.Montgomery@dummymail.com,Celisse.Montgomery@dummymail.com,doctor
992,Anestassia,Bearnard,Anestassia.Bearnard@dummymail.com,Anestassia.Bearnard@dummymail.com,police officer
993,Elora,Angelis,Elora.Angelis@dummymail.com,Elora.Angelis@dummymail.com,firefighter
994,Sibella,Lareena,Sibella.Lareena@dummymail.com,Sibella.Lareena@dummymail.com,doctor
995,Pamella,Stevy,Pamella.Stevy@dummymail.com,Pamella.Stevy@dummymail.com,worker
996,Tiffie,Orpah,Tiffie.Orpah@dummymail.com,Tiffie.Orpah@dummymail.com,firefighter
997,Sherrie,Clie,Sherrie.Clie@dummymail.com,Sherrie.Clie@dummymail.com,worker
998,Frank,Aurelio,Frank.Aurelio@dummymail.com,Frank.Aurelio@dummymail.com,worker
999,Chickie,Even,Chickie.Even@dummymail.com,Chickie.Even@dummymail.com,worker
1000,Dede,Gilbertson,Dede.Gilbertson@dummymail.com,Dede.Gilbertson@dummymail.com,police officer
1001,Briney,Cadmar,Briney.Cadmar@dummymail.com,Briney.Cadmar@dummymail.com,doctor
1002,Ezmeralda,Peg,Ezmeralda.Peg@dummymail.com,Ezmeralda.Peg@dummymail.com,firefighter
1003,Nickie,Prouty,Nickie.Prouty@dummymail.com,Nickie.Prouty@dummymail.com,developer
1004,Ermengarde,Hewitt,Ermengarde.Hewitt@dummymail.com,Ermengarde.Hewitt@dummymail.com,worker
1005,Ellette,Bow,Ellette.Bow@dummymail.com,Ellette.Bow@dummymail.com,doctor
1006,Elsie,Franza,Elsie.Franza@dummymail.com,Elsie.Franza@dummymail.com,developer
1007,Joelly,Eldrid,Joelly.Eldrid@dummymail.com,Joelly.Eldrid@dummymail.com,police officer
1008,Lulita,Bahr,Lulita.Bahr@dummymail.com,Lulita.Bahr@dummymail.com,police officer
1009,Mignon,Melan,Mignon.Melan@dummymail.com,Mignon.Melan@dummymail.com,doctor
1010,Ethel,Lail,Ethel.Lail@dummymail.com,Ethel.Lail@dummymail.com,police officer
1011,Ulrike,Cadmar,Ulrike.Cadmar@dummymail.com,Ulrike.Cadmar@dummymail.com,developer
1012,Tybie,Avi,Tybie.Avi@dummymail.com,Tybie.Avi@dummymail.com,police officer
1013,Shaylyn,Erminia,Shaylyn.Erminia@dummymail.com,Shaylyn.Erminia@dummymail.com,doctor
1014,Lisette,Terencio,Lisette.Terencio@dummymail.com,Lisette.Terencio@dummymail.com,doctor
1015,Roslyn,Sadowski,Roslyn.Sadowski@dummymail.com,Roslyn.Sadowski@dummymail.com,developer
1016,Mallory,Thad,Mallory.Thad@dummymail.com,Mallory.Thad@dummymail.com,police officer
1017,Annabela,Hoenack,Annabela.Hoenack@dummymail.com,Annabela.Hoenack@dummymail.com,police officer
1018,Lacie,Sparhawk,Lacie.Sparhawk@dummymail.com,Lacie.Sparhawk@dummymail.com,doctor
1019,Ofilia,Deny,Ofilia.Deny@dummymail.com,Ofilia.Deny@dummymail.com,worker
1020,Gisela,Reinke,Gisela.Reinke@dummymail.com,Gisela.Reinke@dummymail.com,developer
1021,Trixi,Randene,Trixi.Randene@dummymail.com,Trixi.Randene@dummymail.com,firefighter
1022,Ericka,Hachmin,Ericka.Hachmin@dummymail.com,Ericka.Hachmin@dummymail.com,worker
1023,Pierette,Pillsbury,Pierette.Pillsbury@dummymail.com,Pierette.Pillsbury@dummymail.com,doctor
1024,Lucy,Manolo,Lucy.Manolo@dummymail.com,Lucy.Manolo@dummymail.com,police officer
1025,Chere,Kermit,Chere.Kermit@dummymail.com,Chere.Kermit@dummymail.com,firefighter
1026,Sophia,Aprile,Sophia.Aprile@dummymail.com,Sophia.Aprile@dummymail.com,developer
1027,Addia,Garbe,Addia.Garbe@dummymail.com,Addia.Garbe@dummymail.com,firefighter
1028,Mildrid,Barrus,Mildrid.Barrus@dummymail.com,Mildrid.Barrus@dummymail.com,doctor
1029,Susan,Hourigan,Susan.Hourigan@dummymail.com,Susan.Hourigan@dummymail.com,police officer
1030,Aimil,Yam,Aimil.Yam@dummymail.com,Aimil.Yam@dummymail.com,firefighter
1031,Vita,Ciapas,Vita.Ciapas@dummymail.com,Vita.Ciapas@dummymail.com,doctor
1032,Ingrid,Gaulin,Ingrid.Gaulin@dummymail.com,Ingrid.Gaulin@dummymail.com,developer
1033,Elfreda,Lauraine,Elfreda.Lauraine@dummymail.com,Elfreda.Lauraine@dummymail.com,firefighter
1034,Merle,Honoria,Merle.Honoria@dummymail.com,Merle.Honoria@dummymail.com,police officer
1035,Monika,Havens,Monika.Havens@dummymail.com,Monika.Havens@dummymail.com,doctor
1036,Trudie,Bollay,Trudie.Bollay@dummymail.com,Trudie.Bollay@dummymail.com,worker
1037,Cordi,Douglass,Cordi.Douglass@dummymail.com,Cordi.Douglass@dummymail.com,developer
1038,Karlee,Demitria,Karlee.Demitria@dummymail.com,Karlee.Demitria@dummymail.com,doctor
1039,Pollyanna,Dorcy,Pollyanna.Dorcy@dummymail.com,Pollyanna.Dorcy@dummymail.com,doctor
1040,Luci,Thar,Luci.Thar@dummymail.com,Luci.Thar@dummymail.com,police officer
1041,Lolita,Alrich,Lolita.Alrich@dummymail.com,Lolita.Alrich@dummymail.com,worker
1042,Tani,Engdahl,Tani.Engdahl@dummymail.com,Tani.Engdahl@dummymail.com,worker
1043,Flo,Turne,Flo.Turne@dummymail.com,Flo.Turne@dummymail.com,doctor
1044,Pamella,Dorothy,Pamella.Dorothy@dummymail.com,Pamella.Dorothy@dummymail.com,police officer
1045,Carly,Eno,Carly.Eno@dummymail.com,Carly.Eno@dummymail.com,developer
1046,Marsiella,Lilas,Marsiella.Lilas@dummymail.com,Marsiella.Lilas@dummymail.com,developer
1047,Jacquetta,Sharl,Jacquetta.Sharl@dummymail.com,Jacquetta.Sharl@dummymail.com,doctor
1048,Cissiee,Lenny,Cissiee.Lenny@dummymail.com,Cissiee.Lenny@dummymail.com,firefighter
1049,Mignon,Dex,Mignon.Dex@dummymail.com,Mignon.Dex@dummymail.com,firefighter
1050,Harrietta,Baptlsta,Harrietta.Baptlsta@dummymail.com,Harrietta.Baptlsta@dummymail.com,firefighter
1051,Rani,Emmaline,Rani.Emmaline@dummymail.com,Rani.Emmaline@dummymail.com,police officer
1052,Demetris,Wildermuth,Demetris.Wildermuth@dummymail.com,Demetris.Wildermuth@dummymail.com,developer
1053,Althea,Ezar,Althea.Ezar@dummymail.com,Althea.Ezar@dummymail.com,firefighter
1054,Zaria,Hunfredo,Zaria.Hunfredo@dummymail.com,Zaria.Hunfredo@dummymail.com,firefighter
1055,Minda,Phi,Minda.Phi@dummymail.com,Minda.Phi@dummymail.com,worker
1056,Modestia,Tacye,Modestia.Tacye@dummymail.com,Modestia.Tacye@dummymail.com,police officer
1057,Madeleine,Buttaro,Madeleine.Buttaro@dummymail.com,Madeleine.Buttaro@dummymail.com,police officer
1058,Tressa,Gale,Tressa.Gale@dummymail.com,Tressa.Gale@dummymail.com,developer
1059,Elbertina,Alarise,Elbertina.Alarise@dummymail.com,Elbertina.Alarise@dummymail.com,developer
1060,Aeriela,Vins,Aeriela.Vins@dummymail.com,Aeriela.Vins@dummymail.com,police officer
1061,Henriette,Ulphia,Henriette.Ulphia@dummymail.com,Henriette.Ulphia@dummymail.com,firefighter
1062,Nadine,Cynar,Nadine.Cynar@dummymail.com,Nadine.Cynar@dummymail.com,police officer
1063,Amelia,Nisbet,Amelia.Nisbet@dummymail.com,Amelia.Nisbet@dummymail.com,doctor
1064,Zaria,Kimmie,Zaria.Kimmie@dummymail.com,Zaria.Kimmie@dummymail.com,developer
1065,Reeba,Gibbeon,Reeba.Gibbeon@dummymail.com,Reeba.Gibbeon@dummymail.com,developer
1066,June,Garek,June.Garek@dummymail.com,June.Garek@dummymail.com,police officer
1067,Kellen,Hazlett,Kellen.Hazlett@dummymail.com,Kellen.Hazlett@dummymail.com,doctor
1068,Ricky,Dearborn,Ricky.Dearborn@dummymail.com,Ricky.Dearborn@dummymail.com,police officer
1069,Feliza,Haldas,Feliza.Haldas@dummymail.com,Feliza.Haldas@dummymail.com,doctor
1070,Kimberley,Ietta,Kimberley.Ietta@dummymail.com,Kimberley.Ietta@dummymail.com,doctor
1071,Celestyna,Hartnett,Celestyna.Hartnett@dummymail.com,Celestyna.Hartnett@dummymail.com,developer
1072,Lily,Adalbert,Lily.Adalbert@dummymail.com,Lily.Adalbert@dummymail.com,worker
1073,Anallese,Junie,Anallese.Junie@dummymail.com,Anallese.Junie@dummymail.com,firefighter
1074,Jean,Richers,Jean.Richers@dummymail.com,Jean.Richers@dummymail.com,worker
1075,Leona,Eugenia,Leona.Eugenia@dummymail.com,Leona.Eugenia@dummymail.com,doctor
1076,Maisey,Adalbert,Maisey.Adalbert@dummymail.com,Maisey.Adalbert@dummymail.com,worker
1077,Evita,Gower,Evita.Gower@dummymail.com,Evita.Gower@dummymail.com,firefighter
1078,Dotty,Campball,Dotty.Campball@dummymail.com,Dotty.Campball@dummymail.com,developer
1079,Cherilyn,Pip,Cherilyn.Pip@dummymail.com,Cherilyn.Pip@dummymail.com,doctor
1080,Rozele,Jorgan,Rozele.Jorgan@dummymail.com,Rozele.Jorgan@dummymail.com,developer
1081,Iseabal,Helfand,Iseabal.Helfand@dummymail.com,Iseabal.Helfand@dummymail.com,developer
1082,Carol-Jean,Connelly,Carol-Jean.Connelly@dummymail.com,Carol-Jean.Connelly@dummymail.com,developer
1083,Roseline,Lynn,Roseline.Lynn@dummymail.com,Roseline.Lynn@dummymail.com,police officer
1084,Orsola,Isidore,Orsola.Isidore@dummymail.com,Orsola.Isidore@dummymail.com,developer
1085,Bertine,Iaverne,Bertine.Iaverne@dummymail.com,Bertine.Iaverne@dummymail.com,firefighter
1086,Dominga,Hanleigh,Dominga.Hanleigh@dummymail.com,Dominga.Hanleigh@dummymail.com,developer
1087,Ann-Marie,Stoller,Ann-Marie.Stoller@dummymail.com,Ann-Marie.Stoller@dummymail.com,developer
1088,Zia,Tice,Zia.Tice@dummymail.com,Zia.Tice@dummymail.com,police officer
1089,Aili,Dex,Aili.Dex@dummymail.com,Aili.Dex@dummymail.com,firefighter
1090,Wendi,Dahlia,Wendi.Dahlia@dummymail.com,Wendi.Dahlia@dummymail.com,doctor
1091,Valli,Bartlett,Valli.Bartlett@dummymail.com,Valli.Bartlett@dummymail.com,developer
1092,Ashlee,Christal,Ashlee.Christal@dummymail.com,Ashlee.Christal@dummymail.com,firefighter
1093,Lorenza,Carlson,Lorenza.Carlson@dummymail.com,Lorenza.Carlson@dummymail.com,developer
1094,Cecile,Bethany,Cecile.Bethany@dummymail.com,Cecile.Bethany@dummymail.com,police officer
1095,Agathe,Graig,Agathe.Graig@dummymail.com,Agathe.Graig@dummymail.com,worker
1096,Elie,Barbey,Elie.Barbey@dummymail.com,Elie.Barbey@dummymail.com,police officer
1097,Perry,Carri,Perry.Carri@dummymail.com,Perry.Carri@dummymail.com,police officer
1098,Anestassia,Gamaliel,Anestassia.Gamaliel@dummymail.com,Anestassia.Gamaliel@dummymail.com,firefighter
1099,Adele,Schonfeld,Adele.Schonfeld@dummymail.com,Adele.Schonfeld@dummymail.com,worker