id,firstname,lastname,email,email2,profession
100,Kayla,Koziara,Kayla.Koziara@dummymail.com,Kayla.Koziara@dummymail.com,doctor
101,Oona,Felizio,Oona.Felizio@dummymail.com,Oona.Felizio@dummymail.com,doctor
102,Babita,Reneta,Babita.Reneta@dummymail.com,Babita.Reneta@dummymail.com,firefighter
103,Esmeralda,Angelis,Esmeralda.Angelis@dummymail.com,Esmeralda.Angelis@dummymail.com,worker
104,Carly,Hurley,Carly.Hurley@dummymail.com,Carly.Hurley@dummymail.com,worker
105,Linet,Gusella,Linet.Gusella@dummymail.com,Linet.Gusella@dummymail.com,firefighter
106,Eve,Gilmour,Eve.Gilmour@dummymail.com,Eve.Gilmour@dummymail.com,worker
107,Ingrid,McClimans,Ingrid.McClimans@dummymail.com,Ingrid.McClimans@dummymail.com,doctor
108,Lila,Naor,Lila.Naor@dummymail.com,Lila.Naor@dummymail.com,developer
109,Myriam,Konyn,Myriam.Konyn@dummymail.com,Myriam.Konyn@dummymail.com,worker
110,Ann-Marie,Sallyann,Ann-Marie.Sallyann@dummymail.com,Ann-Marie.Sallyann@dummymail.com,firefighter
111,Sabina,Bakerman,Sabina.Bakerman@dummymail.com,Sabina.Bakerman@dummymail.com,worker
112,Maurene,Joachim,Maurene.Joachim@dummymail.com,Maurene.Joachim@dummymail.com,doctor
113,Romona,Kravits,Romona.Kravits@dummymail.com,Romona.Kravits@dummymail.com,doctor
114,Mildrid,Ellerey,Mildrid.Ellerey@dummymail.com,Mildrid.Ellerey@dummymail.com,worker
115,Glenda,Deny,Glenda.Deny@dummymail.com,Glenda.Deny@dummymail.com,worker
116,Emelina,Juan,Emelina.Juan@dummymail.com,Emelina.Juan@dummymail.com,doctor
117,Cassondra,Kimmie,Cassondra.Kimmie@dummymail.com,Cassondra.Kimmie@dummymail.com,firefighter
118,Feliza,Clarissa,Feliza.Clarissa@dummymail.com,Feliza.Clarissa@dummymail.com,police officer
119,Jordan,Meter,Jordan.Meter@dummymail.com,Jordan.Meter@dummymail.com,developer
120,Rhea,Juliet,Rhea.Juliet@dummymail.com,Rhea.Juliet@dummymail.com,worker
121,Magdalena,Aloise,Magdalena.Aloise@dummymail.com,Magdalena.Aloise@dummymail.com,worker
122,Inga,Lilybelle,Inga.Lilybelle@dummymail.com,Inga.Lilybelle@dummymail.com,developer
123,Catharine,Darian,Catharine.Darian@dummymail.com,Catharine.Darian@dummymail.com,firefighter
124,Cissiee,Lane,Cissiee.Lane@dummymail.com,Cissiee.Lane@dummymail.com,police officer
125,Adore,Baptlsta,Adore.Baptlsta@dummymail.com,Adore.Baptlsta@dummymail.com,worker
126,Merrie,Brieta,Merrie.Brieta@dummymail.com,Merrie.Brieta@dummymail.com,firefighter
127,Kellen,Baptlsta,Kellen.Baptlsta@dummymail.com,Kellen.Baptlsta@dummymail.com,police officer
128,Susan,Codding,Susan.Codding@dummymail.com,Susan.Codding@dummymail.com,police officer
129,Frieda,Salchunas,Frieda.Salchunas@dummymail.com,Frieda.Salchunas@dummymail.com,developer
130,Wendi,Leopold,Wendi.Leopold@dummymail.com,Wendi.Leopold@dummymail.com,firefighter
131,Hildegaard,Grayce,Hildegaard.Grayce@dummymail.com,Hildegaard.Grayce@dummymail.com,worker
132,Dorice,Pandolfi,Dorice.Pandolfi@dummymail.com,Dorice.Pandolfi@dummymail.com,worker
133,Leona,Cynar,Leona.Cynar@dummymail.com,Leona.Cynar@dummymail.com,police officer
134,Evaleen,Tound,Evaleen.Tound@dummymail.com,Evaleen.Tound@dummymail.com,developer
135,Mellicent,Bollay,Mellicent.Bollay@dummymail.com,Mellicent.Bollay@dummymail.com,developer
136,Orsola,Blake,Orsola.Blake@dummymail.com,Orsola.Blake@dummymail.com,developer
137,Florie,Gilbertson,Florie.Gilbertson@dummymail.com,Florie.Gilbertson@dummymail.com,developer
138,Annecorinne,Jeanne,Annecorinne.Jeanne@dummymail.com,Annecorinne.Jeanne@dummymail.com,firefighter
139,Dorene,Connelly,Dorene.Connelly@dummymail.com,Dorene.Connelly@dummymail.com,police officer
140,Cathyleen,Lutero,Cathyleen.Lutero@dummymail.com,Cathyleen.Lutero@dummymail.com,doctor
141,Bill,Naor,Bill.Naor@dummymail.com,Bill.Naor@dummymail.com,police officer
142,Gloria,Lynn,Gloria.Lynn@dummymail.com,Gloria.Lynn@dummymail.com,developer
143,Georgina,Francyne,Georgina.Francyne@dummymail.com,Georgina.Francyne@dummymail.com,developer
144,Renae,Tayib,Renae.Tayib@dummymail.com,Renae.Tayib@dummymail.com,worker
145,Jinny,Baylor,Jinny.Baylor@dummymail.com,Jinny.Baylor@dummymail.com,developer
146,Susan,Deegan,Susan.Deegan@dummymail.com,Susan.Deegan@dummymail.com,developer
147,Ermengarde,Erlandson,Ermengarde.Erlandson@dummymail.com,Ermengarde.Erlandson@dummymail.com,worker
148,Imojean,Salchunas,Imojean.Salchunas@dummymail.com,Imojean.Salchunas@dummymail.com,doctor
149,Elsie,Jacqui,Elsie.Jacqui@dummymail.com,Elsie.Jacqui@dummymail.com,worker
150,Rosene,Junie,Rosene.Junie@dummymail.com,Rosene.Junie@dummymail.com,firefighter
151,Riannon,Stanwood,Riannon.Stanwood@dummymail.com,Riannon.Stanwood@dummymail.com,doctor
152,Shaylyn,Leopold,Shaylyn.Leopold@dummymail.com,Shaylyn.Leopold@dummymail.com,worker
153,Dulcinea,Riva,Dulcinea.Riva@dummymail.com,Dulcinea.Riva@dummymail.com,police officer
154,Celestyna,Norrie,Celestyna.Norrie@dummymail.com,Celestyna.Norrie@dummymail.com,developer
155,Starla,Burch,Starla.Burch@dummymail.com,Starla.Burch@dummymail.com,developer
156,Sam,Bartlett,Sam.Bartlett@dummymail.com,Sam.Bartlett@dummymail.com,developer
157,Donetta,Anselmi,Donetta.Anselmi@dummymail.com,Donetta.Anselmi@dummymail.com,police officer
158,Carmela,Prouty,Carmela.Prouty@dummymail.com,Carmela.Prouty@dummymail.com,worker
159,Elmira,Harday,Elmira.Harday@dummymail.com,Elmira.Harday@dummymail.com,police officer
160,Brietta,Guthrie,Brietta.Guthrie@dummymail.com,Brietta.Guthrie@dummymail.com,developer
161,Rosaline,Hilbert,Rosaline.Hilbert@dummymail.com,Rosaline.Hilbert@dummymail.com,developer
162,Glenda,Killigrew,Glenda.Killigrew@dummymail.com,Glenda.Killigrew@dummymail.com,police officer
163,Fernande,Jammal,Fernande.Jammal@dummymail.com,Fernande.Jammal@dummymail.com,developer
164,Celisse,Christine,Celisse.Christine@dummymail.com,Celisse.Christine@dummymail.com,firefighter
165,Rhea,Primalia,Rhea.Primalia@dummymail.com,Rhea.Primalia@dummymail.com,doctor
166,Pierette,Markman,Pierette.Markman@dummymail.com,Pierette.Markman@dummymail.com,police officer
167,Wilma,Joseph,Wilma.Joseph@dummymail.com,Wilma.Joseph@dummymail.com,developer
168,Leia,Artie,Leia.Artie@dummymail.com,Leia.Artie@dummymail.com,doctor
169,Carly,Mathilde,Carly.Mathilde@dummymail.com,Carly.Mathilde@dummymail.com,firefighter
170,Mureil,Pitt,Mureil.Pitt@dummymail.com,Mureil.Pitt@dummymail.com,doctor
171,Sean,Primalia,Sean.Primalia@dummymail.com,Sean.Primalia@dummymail.com,worker
172,Inga,Gusella,Inga.Gusella@dummymail.com,Inga.Gusella@dummymail.com,developer
173,Elie,Fink,Elie.Fink@dummymail.com,Elie.Fink@dummymail.com,firefighter
174,Sissy,Fancie,Sissy.Fancie@dummymail.com,Sissy.Fancie@dummymail.com,worker
175,Belinda,Chesna,Belinda.Chesna@dummymail.com,Belinda.Chesna@dummymail.com,developer
176,Mary,Atcliffe,Mary.Atcliffe@dummymail.com,Mary.Atcliffe@dummymail.com,developer
177,Xylina,Letsou,Xylina.Letsou@dummymail.com,Xylina.Letsou@dummymail.com,worker
178,Sabina,Skurnik,Sabina.Skurnik@dummymail.com,Sabina.Skurnik@dummymail.com,developer
179,Selma,Colbert,Selma.Colbert@dummymail.com,Selma.Colbert@dummymail.com,developer
180,Jerry,Land,Jerry.Land@dummymail.com,Jerry.Land@dummymail.com,worker
181,Hildegaard,Nedrud,Hildegaard.Nedrud@dummymail.com,Hildegaard.Nedrud@dummymail.com,developer
182,Berget,Bryna,Berget.Bryna@dummymail.com,Berget.Bryna@dummymail.com,firefighter
183,Melina,Grimbly,Melina.Grimbly@dummymail.com,Melina.Grimbly@dummymail.com,police officer
184,Riannon,Phaidra,Riannon.Phaidra@dummymail.com,Riannon.Phaidra@dummymail.com,firefighter
185,Maisey,Anis,Maisey.Anis@dummymail.com,Maisey.Anis@dummymail.com,developer
186,Karena,Tarrant,Karena.Tarrant@dummymail.com,Karena.Tarrant@dummymail.com,police officer
187,Charmaine,Margarete,Charmaine.Margarete@dummymail.com,Charmaine.Margarete@dummymail.com,doctor
188,Penelopa,Skell,Penelopa.Skell@dummymail.com,Penelopa.Skell@dummymail.com,worker
189,Eugine,Firmin,Eugine.Firmin@dummymail.com,Eugine.Firmin@dummymail.com,worker
190,Celisse,Teryn,Celisse.Teryn@dummymail.com,Celisse.Teryn@dummymail.com,police officer
191,Fernande,Janene,Fernande.Janene@dummymail.com,Fernande.Janene@dummymail.com,developer
192,Bobbi,Bonucci,Bobbi.Bonucci@dummymail.com,Bobbi.Bonucci@dummymail.com,developer
193,Lorenza,Pelagias,Lorenza.Pelagias@dummymail.com,Lorenza.Pelagias@dummymail.com,firefighter
194,Marsiella,Estella,Marsiella.Estella@dummymail.com,Marsiella.Estella@dummymail.com,worker
195,Dulce,Rozanna,Dulce.Rozanna@dummymail.com,Dulce.Rozanna@dummymail.com,firefighter
196,Claresta,Ciapas,Claresta.Ciapas@dummymail.com,Claresta.Ciapas@dummymail.com,police officer
197,Kate,Bigner,Kate.Bigner@dummymail.com,Kate.Bigner@dummymail.com,police officer
198,Cacilie,Baudin,Cacilie.Baudin@dummymail.com,Cacilie.Baudin@dummymail.com,police officer
199,Hildegaard,Hoenack,Hildegaard.Hoenack@dummymail.com,Hildegaard.Hoenack@dummymail.com,developer
200,Lilith,Alfons,Lilith.Alfons@dummymail.com,Lilith.Alfons@dummymail.com,worker
201,Kary,Bertold,Kary.Bertold@dummymail.com,Kary.Bertold@dummymail.com,worker
202,Sibella,Lalitta,Sibella.Lalitta@dummymail.com,Sibella.Lalitta@dummymail.com,firefighter
203,Nanete,Concha,Nanete.Concha@dummymail.com,Nanete.Concha@dummymail.com,developer
204,Arlina,Kirstin,Arlina.Kirstin@dummymail.com,Arlina.Kirstin@dummymail.com,firefighter
205,Corly,Greenwald,Corly.Greenwald@dummymail.com,Corly.Greenwald@dummymail.com,worker
206,Harrietta,Hachmin,Harrietta.Hachmin@dummymail.com,Harrietta.Hachmin@dummymail.com,police officer
207,Audrie,Pernick,Audrie.Pernick@dummymail.com,Audrie.Pernick@dummymail.com,firefighter
208,Adele,Federica,Adele.Federica@dummymail.com,Adele.Federica@dummymail.com,doctor
209,Meg,Seligman,Meg.Seligman@dummymail.com,Meg.Seligman@dummymail.com,doctor
210,Elka,Ader,Elka.Ader@dummymail.com,Elka.Ader@dummymail.com,worker
211,Elvira,Johnsson,Elvira.Johnsson@dummymail.com,Elvira.Johnsson@dummymail.com,police officer
212,Liana,Merell,Liana.Merell@dummymail.com,Liana.Merell@dummymail.com,firefighter
213,Joleen,Bethany,Joleen.Bethany@dummymail.com,Joleen.Bethany@dummymail.com,developer
214,Nessie,Charmine,Nessie.Charmine@dummymail.com,Nessie.Charmine@dummymail.com,firefighter
215,Maryellen,Zeeba,Maryellen.Zeeba@dummymail.com,Maryellen.Zeeba@dummymail.com,firefighter
216,Tobe,Giule,Tobe.Giule@dummymail.com,Tobe.Giule@dummymail.com,firefighter
217,Carly,Mata,Carly.Mata@dummymail.com,Carly.Mata@dummymail.com,worker
218,Heida,Hubert,Heida.Hubert@dummymail.com,Heida.Hubert@dummymail.com,developer
219,Xylina,Wandie,Xylina.Wandie@dummymail.com,Xylina.Wandie@dummymail.com,worker
220,Tamqrah,LaRue,Tamqrah.LaRue@dummymail.com,Tamqrah.LaRue@dummymail.com,police officer
221,Alisha,McGrody,Alisha.McGrody@dummymail.com,Alisha.McGrody@dummymail.com,police officer
222,Nerta,Velick,Nerta.Velick@dummymail.com,Nerta.Velick@dummymail.com,developer
223,Jessamyn,Bluh,Jessamyn.Bluh@dummymail.com,Jessamyn.Bluh@dummymail.com,doctor
224,Eolanda,Papageno,Eolanda.Papageno@dummymail.com,Eolanda.Papageno@dummymail.com,firefighter
225,Kenna,Terencio,Kenna.Terencio@dummymail.com,Kenna.Terencio@dummymail.com,worker
226,Ninnetta,Chabot,Ninnetta.Chabot@dummymail.com,Ninnetta.Chabot@dummymail.com,worker
227,Rivalee,Timon,Rivalee.Timon@dummymail.com,Rivalee.Timon@dummymail.com,developer
228,Ursulina,Velick,Ursulina.Velick@dummymail.com,Ursulina.Velick@dummymail.com,worker
229,Randa,Alabaster,Randa.Alabaster@dummymail.com,Randa.Alabaster@dummymail.com,worker
230,Cissiee,Aldric,Cissiee.Aldric@dummymail.com,Cissiee.Aldric@dummymail.com,doctor
231,Katharina,Oneida,Katharina.Oneida@dummymail.com,Katharina.Oneida@dummymail.com,firefighter
232,Trixi,Bobbee,Trixi.Bobbee@dummymail.com,Trixi.Bobbee@dummymail.com,firefighter
233,Jordan,Tice,Jordan.Tice@dummymail.com,Jordan.Tice@dummymail.com,police officer
234,Alyssa,Wu,Alyssa.Wu@dummymail.com,Alyssa.Wu@dummymail.com,police officer
235,Nananne,Yam,Nananne.Yam@dummymail.com,Nananne.Yam@dummymail.com,police officer
236,Oona,Merat,Oona.Merat@dummymail.com,Oona.Merat@dummymail.com,worker
237,Cassandra,Ochs,Cassandra.Ochs@dummymail.com,Cassandra.Ochs@dummymail.com,worker
238,Briney,Suzetta,Briney.Suzetta@dummymail.com,Briney.Suzetta@dummymail.com,police officer
239,Leona,Klotz,Leona.Klotz@dummymail.com,Leona.Klotz@dummymail.com,firefighter
240,Yolane,Phi,Yolane.Phi@dummymail.com,Yolane.Phi@dummymail.com,police officer
241,Abbie,Decato,Abbie.Decato@dummymail.com,Abbie.Decato@dummymail.com,developer
242,Sissy,Morgun,Sissy.Morgun@dummymail.com,Sissy.Morgun@dummymail.com,developer
243,Talya,Kesley,Talya.Kesley@dummymail.com,Talya.Kesley@dummymail.com,police officer
244,Margarette,Chapland,Margarette.Chapland@dummymail.com,Margarette.Chapland@dummymail.com,police officer
245,Courtnay,Plato,Courtnay.Plato@dummymail.com,Courtnay.Plato@dummymail.com,doctor
246,Nannie,Iaverne,Nannie.Iaverne@dummymail.com,Nannie.Iaverne@dummymail.com,firefighter
247,Jennica,Marijo,Jennica.Marijo@dummymail.com,Jennica.Marijo@dummymail.com,worker
248,Thalia,Erminia,Thalia.Erminia@dummymail.com,Thalia.Erminia@dummymail.com,firefighter
249,Krystle,Rebecka,Krystle.Rebecka@dummymail.com,Krystle.Rebecka@dummymail.com,firefighter
250,Abbie,Norvol,Abbie.Norvol@dummymail.com,Abbie.Norvol@dummymail.com,doctor
251,Rosaline,Thomasina,Rosaline.Thomasina@dummymail.com,Rosaline.Thomasina@dummymail.com,doctor
252,Florencia,Wooster,Florencia.Wooster@dummymail.com,Florencia.Wooster@dummymail.com,worker
253,Tami,Whittaker,Tami.Whittaker@dummymail.com,Tami.Whittaker@dummymail.com,firefighter
254,Marsiella,Quinn,Marsiella.Quinn@dummymail.com,Marsiella.Quinn@dummymail.com,developer
255,Audrie,Flyn,Audrie.Flyn@dummymail.com,Audrie.Flyn@dummymail.com,police officer
256,Alia,Bow,Alia.Bow@dummymail.com,Alia.Bow@dummymail.com,worker
257,Misha,Fitzsimmons,Misha.Fitzsimmons@dummymail.com,Misha.Fitzsimmons@dummymail.com,worker
258,Nadine,Lail,Nadine.Lail@dummymail.com,Nadine.Lail@dummymail.com,doctor
259,Linet,Wittie,Linet.Wittie@dummymail.com,Linet.Wittie@dummymail.com,developer
260,Kore,Mata,Kore.Mata@dummymail.com,Kore.Mata@dummymail.com,doctor
261,Luci,Pascia,Luci.Pascia@dummymail.com,Luci.Pascia@dummymail.com,firefighter
262,Jemie,Ezar,Jemie.Ezar@dummymail.com,Jemie.Ezar@dummymail.com,worker
263,Averyl,Mich,Averyl.Mich@dummymail.com,Averyl.Mich@dummymail.com,firefighter
264,Jeanna,Trinetta,Jeanna.Trinetta@dummymail.com,Jeanna.Trinetta@dummymail.com,worker
265,Lorie,Karl,Lorie.Karl@dummymail.com,Lorie.Karl@dummymail.com,developer
266,Correy,Sibyls,Correy.Sibyls@dummymail.com,Correy.Sibyls@dummymail.com,worker
267,Iseabal,Ranjiv,Iseabal.Ranjiv@dummymail.com,Iseabal.Ranjiv@dummymail.com,police officer
268,Sindee,Garrison,Sindee.Garrison@dummymail.com,Sindee.Garrison@dummymail.com,police officer
269,Dennie,Corilla,Dennie.Corilla@dummymail.com,Dennie.Corilla@dummymail.com,doctor
270,Demetris,Quent,Demetris.Quent@dummymail.com,Demetris.Quent@dummymail.com,firefighter
271,Gisela,Tarrant,Gisela.Tarrant@dummymail.com,Gisela.Tarrant@dummymail.com,doctor
272,Ashlee,Seagraves,Ashlee.Seagraves@dummymail.com,Ashlee.Seagraves@dummymail.com,doctor
273,Joleen,Hertzfeld,Joleen.Hertzfeld@dummymail.com,Joleen.Hertzfeld@dummymail.com,developer
274,Nariko,Lorenz,Nariko.Lorenz@dummymail.com,Nariko.Lorenz@dummymail.com,doctor
275,Taffy,Raffo,Taffy.Raffo@dummymail.com,Taffy.Raffo@dummymail.com,worker
276,Ira,Richers,Ira.Richers@dummymail.com,Ira.Richers@dummymail.com,developer
277,Anallese,Ietta,Anallese.Ietta@dummymail.com,Anallese.Ietta@dummymail.com,developer
278,Elie,Cleavland,Elie.Cleavland@dummymail.com,Elie.Cleavland@dummymail.com,firefighter
279,Kassey,Bryna,Kassey.Bryna@dummymail.com,Kassey.Bryna@dummymail.com,worker
280,Edyth,Magnolia,Edyth.Magnolia@dummymail.com,Edyth.Magnolia@dummymail.com,developer
281,Olivette,Colp,Olivette.Colp@dummymail.com,Olivette.Colp@dummymail.com,worker
282,Lynde,Zina,Lynde.Zina@dummymail.com,Lynde.Zina@dummymail.com,doctor
283,Clo,Glovsky,Clo.Glovsky@dummymail.com,Clo.Glovsky@dummymail.com,firefighter
284,Leia,Lail,Leia.Lail@dummymail.com,Leia.Lail@dummymail.com,doctor
285,Petronia,Annabella,Petronia.Annabella@dummymail.com,Petronia.Annabella@dummymail.com,firefighter
286,Tabbatha,Rudolph,Tabbatha.Rudolph@dummymail.com,Tabbatha.Rudolph@dummymail.com,police officer
287,Jordan,Kiyoshi,Jordan.Kiyoshi@dummymail.com,Jordan.Kiyoshi@dummymail.com,firefighter
288,Sissy,Berriman,Sissy.Berriman@dummymail.com,Sissy.Berriman@dummymail.com,police officer
289,Bernardine,Hurley,Bernardine.Hurley@dummymail.com,Bernardine.Hurley@dummymail.com,police officer
290,Odessa,Adore,Odessa.Adore@dummymail.com,Odessa.Adore@dummymail.com,firefighter
291,Gerrie,Behre,Gerrie.Behre@dummymail.com,Gerrie.Behre@dummymail.com,police officer
292,Kathi,Michella,Kathi.Michella@dummymail.com,Kathi.Michella@dummymail.com,police officer
293,Clo,Burkle,Clo.Burkle@dummymail.com,Clo.Burkle@dummymail.com,worker
294,Addia,Leopold,Addia.Leopold@dummymail.com,Addia.Leopold@dummymail.com,developer
295,Betta,Santoro,Betta.Santoro@dummymail.com,Betta.Santoro@dummymail.com,firefighter
296,Kerrin,Schonfeld,Kerrin.Schonfeld@dummymail.com,Kerrin.Schonfeld@dummymail.com,doctor
297,Stevana,Mehalek,Stevana.Mehalek@dummymail.com,Stevana.Mehalek@dummymail.com,police officer
298,Dorice,Gillan,Dorice.Gillan@dummymail.com,Dorice.Gillan@dummymail.com,doctor
299,Kenna,Ethban,Kenna.Ethban@dummymail.com,Kenna.Ethban@dummymail.com,developer
300,Jan,Idelia,Jan.Idelia@dummymail.com,Jan.Idelia@dummymail.com,worker
301,Albertina,Esmaria,Albertina.Esmaria@dummymail.com,Albertina.Esmaria@dummymail.com,police officer
302,Tamqrah,Crudden,Tamqrah.Crudden@dummymail.com,Tamqrah.Crudden@dummymail.com,developer
303,Deloria,Ietta,Deloria.Ietta@dummymail.com,Deloria.Ietta@dummymail.com,firefighter
304,Cristine,Izaak,Cristine.Izaak@dummymail.com,Cristine.Izaak@dummymail.com,police officer
305,Fernande,Yam,Fernande.Yam@dummymail.com,Fernande.Yam@dummymail.com,doctor
306,Elora,Madox,Elora.Madox@dummymail.com,Elora.Madox@dummymail.com,doctor
307,Ronna,Karl,Ronna.Karl@dummymail.com,Ronna.Karl@dummymail.com,developer
308,Leontine,Capello,Leontine.Capello@dummymail.com,Leontine.Capello@dummymail.com,doctor
309,Nickie,Cleo,Nickie.Cleo@dummymail.com,Nickie.Cleo@dummymail.com,doctor
310,Shaine,Behre,Shaine.Behre@dummymail.com,Shaine.Behre@dummymail.com,police officer
311,Cathyleen,Blase,Cathyleen.Blase@dummymail.com,Cathyleen.Blase@dummymail.com,police officer
312,Gwyneth,Juan,Gwyneth.Juan@dummymail.com,Gwyneth.Juan@dummymail.com,worker
313,Consuela,Eiser,Consuela.Eiser@dummymail.com,Consuela.Eiser@dummymail.com,doctor
314,Valeda,Travax,Valeda.Travax@dummymail.com,Valeda.Travax@dummymail.com,developer
315,Heida,Horan,Heida.Horan@dummymail.com,Heida.Horan@dummymail.com,firefighter
316,Raf,Screens,Raf.Screens@dummymail.com,Raf.Screens@dummymail.com,firefighter
317,Rochette,Seumas,Rochette.Seumas@dummymail.com,Rochette.Seumas@dummymail.com,worker
318,Yetty,Truc,Yetty.Truc@dummymail.com,Yetty.Truc@dummymail.com,doctor
319,Trudie,Rhu,Trudie.Rhu@dummymail.com,Trudie.Rhu@dummymail.com,firefighter
320,Binny,Meter,Binny.Meter@dummymail.com,Binny.Meter@dummymail.com,doctor
321,Roseline,Hieronymus,Roseline.Hieronymus@dummymail.com,Roseline.Hieronymus@dummymail.com,developer
322,Ursulina,Simmonds,Ursulina.Simmonds@dummymail.com,Ursulina.Simmonds@dummymail.com,doctor
323,Alejandra,Lissi,Alejandra.Lissi@dummymail.com,Alejandra.Lissi@dummymail.com,doctor
324,Melanie,Hilbert,Melanie.Hilbert@dummymail.com,Melanie.Hilbert@dummymail.com,developer
325,Doro,Lutero,Doro.Lutero@dummymail.com,Doro.Lutero@dummymail.com,doctor
326,Tami,Shaver,Tami.Shaver@dummymail.com,Tami.Shaver@dummymail.com,police officer
327,Ana,Olnee,Ana.Olnee@dummymail.com,Ana.Olnee@dummymail.com,developer
328,Lily,Donoghue,Lily.Donoghue@dummymail.com,Lily.Donoghue@dummymail.com,police officer
329,Therine,Merna,Therine.Merna@dummymail.com,Therine.Merna@dummymail.com,police officer
330,Amara,Matthew,Amara.Matthew@dummymail.com,Amara.Matthew@dummymail.com,worker
331,Kore,Fulmer,Kore.Fulmer@dummymail.com,Kore.Fulmer@dummymail.com,firefighter
332,Louella,Swigart,Louella.Swigart@dummymail.com,Louella.Swigart@dummymail.com,doctor
333,Bee,Munn,Bee.Munn@dummymail.com,Bee.Munn@dummymail.com,firefighter
334,Valeda,Rozanna,Valeda.Rozanna@dummymail.com,Valeda.Rozanna@dummymail.com,doctor
335,Ellette,Fairweather,Ellette.Fairweather@dummymail.com,Ellette.Fairweather@dummymail.com,police officer
336,Claudina,Sancho,Claudina.Sancho@dummymail.com,Claudina.Sancho@dummymail.com,doctor
337,Livvyy,Pillsbury,Livvyy.Pillsbury@dummymail.com,Livvyy.Pillsbury@dummymail.com,doctor
338,Lucy,Zola,Lucy.Zola@dummymail.com,Lucy.Zola@dummymail.com,firefighter
339,Blake,Christal,Blake.Christal@dummymail.com,Blake.Christal@dummymail.com,firefighter
340,Ardenia,Cosenza,Ardenia.Cosenza@dummymail.com,Ardenia.Cosenza@dummymail.com,firefighter
341,Jennica,Estella,Jennica.Estella@dummymail.com,Jennica.Estella@dummymail.com,developer
342,Heida,Pernick,Heida.Pernick@dummymail.com,Heida.Pernick@dummymail.com,firefighter
343,Gui,Olin,Gui.Olin@dummymail.com,Gui.Olin@dummymail.com,worker
344,Norine,Natica,Norine.Natica@dummymail.com,Norine.Natica@dummymail.com,doctor
345,Ofilia,Jobi,Ofilia.Jobi@dummymail.com,Ofilia.Jobi@dummymail.com,worker
346,Hermione,Medrek,Hermione.Medrek@dummymail.com,Hermione.Medrek@dummymail.com,firefighter
347,Gwyneth,Nance,Gwyneth.Nance@dummymail.com,Gwyneth.Nance@dummymail.com,doctor
348,Tomasina,Lory,Tomasina.Lory@dummymail.com,Tomasina.Lory@dummymail.com,developer
349,Fanny,Couture,Fanny.Couture@dummymail.com,Fanny.Couture@dummymail.com,developer
350,Farrah,Dyche,Farrah.Dyche@dummymail.com,Farrah.Dyche@dummymail.com,developer
351,Codie,Sundin,Codie.Sundin@dummymail.com,Codie.Sundin@dummymail.com,worker
352,Corly,Ilka,Corly.Ilka@dummymail.com,Corly.Ilka@dummymail.com,worker
353,Marguerite,Janene,Marguerite.Janene@dummymail.com,Marguerite.Janene@dummymail.com,police officer
354,Augustine,Kesley,Augustine.Kesley@dummymail.com,Augustine.Kesley@dummymail.com,developer
355,Christian,Laverne,Christian.Laverne@dummymail.com,Christian.Laverne@dummymail.com,worker
356,Henriette,Jacinda,Henriette.Jacinda@dummymail.com,Henriette.Jacinda@dummymail.com,police officer
357,Carol-Jean,Fax,Carol-Jean.Fax@dummymail.com,Carol-Jean.Fax@dummymail.com,developer
358,Daryl,Hutchison,Daryl.Hutchison@dummymail.com,Daryl.Hutchison@dummymail.com,developer
359,Emma,Brian,Emma.Brian@dummymail.com,Emma.Brian@dummymail.com,worker
360,Stacey,Latini,Stacey.Latini@dummymail.com,Stacey.Latini@dummymail.com,developer
361,Jessy,Bartlett,Jessy.Bartlett@dummymail.com,Jessy.Bartlett@dummymail.com,doctor
362,Bettine,Ivens,Bettine.Ivens@dummymail.com,Bettine.Ivens@dummymail.com,doctor
363,Veda,Dimitris,Veda.Dimitris@dummymail.com,Veda.Dimitris@dummymail.com,doctor
364,Mady,Hertzfeld,Mady.Hertzfeld@dummymail.com,Mady.Hertzfeld@dummymail.com,police officer
365,Angelique,Eben,Angelique.Eben@dummymail.com,Angelique.Eben@dummymail.com,worker
366,Amelia,Kronfeld,Amelia.Kronfeld@dummymail.com,Amelia.Kronfeld@dummymail.com,firefighter
367,Leontine,Behre,Leontine.Behre@dummymail.com,Leontine.Behre@dummymail.com,worker
368,Aurore,Gwenore,Aurore.Gwenore@dummymail.com,Aurore.Gwenore@dummymail.com,doctor
369,Monika,Emmaline,Monika.Emmaline@dummymail.com,Monika.Emmaline@dummymail.com,developer
370,Debee,Thad,Debee.Thad@dummymail.com,Debee.Thad@dummymail.com,firefighter
371,Kenna,Ursulette,Kenna.Ursulette@dummymail.com,Kenna.Ursulette@dummymail.com,doctor
372,Fina,Kenwood,Fina.Kenwood@dummymail.com,Fina.Kenwood@dummymail.com,doctor
373,Sue,Markman,Sue.Markman@dummymail.com,Sue.Markman@dummymail.com,doctor
374,Patricia,Agle,Patricia.Agle@dummymail.com,Patricia.Agle@dummymail.com,developer
375,Carmela,Noelyn,Carmela.Noelyn@dummymail.com,Carmela.Noelyn@dummymail.com,firefighter
376,Gertrud,Odell,Gertrud.Odell@dummymail.com,Gertrud.Odell@dummymail.com,developer
377,Sarette,Saunderson,Sarette.Saunderson@dummymail.com,Sarette.Saunderson@dummymail.com,worker
378,Talya,Eiser,Talya.Eiser@dummymail.com,Talya.Eiser@dummymail.com,developer
379,Eolanda,Cottle,Eolanda.Cottle@dummymail.com,Eolanda.Cottle@dummymail.com,police officer
380,Monika,Klotz,Monika.Klotz@dummymail.com,Monika.Klotz@dummymail.com,developer
381,Judy,Milde,Judy.Milde@dummymail.com,Judy.Milde@dummymail.com,developer
382,Elena,Vilma,Elena.Vilma@dummymail.com,Elena.Vilma@dummymail.com,firefighter
383,Georgina,Hachmin,Georgina.Hachmin@dummymail.com,Georgina.Hachmin@dummymail.com,doctor
384,Brandise,Voletta,Brandise.Voletta@dummymail.com,Brandise.Voletta@dummymail.com,police officer
385,Shaylyn,Moina,Shaylyn.Moina@dummymail.com,Shaylyn.Moina@dummymail.com,firefighter
386,Gloria,Stevy,Gloria.Stevy@dummymail.com,Gloria.Stevy@dummymail.com,worker
387,Meriel,Rebecka,Meriel.Rebecka@dummymail.com,Meriel.Rebecka@dummymail.com,firefighter
388,Roz,Maroney,Roz.Maroney@dummymail.com,Roz.Maroney@dummymail.com,worker
389,Aryn,Manolo,Aryn.Manolo@dummymail.com,Aryn.Manolo@dummymail.com,police officer
390,Allis,Kosey,Allis.Kosey@dummymail.com,Allis.Kosey@dummymail.com,worker
391,Ellette,Faust,Ellette.Faust@dummymail.com,Ellette.Faust@dummymail.com,worker
392,Bobinette,Frendel,Bobinette.Frendel@dummymail.com,Bobinette.Frendel@dummymail.com,doctor
393,Ketti,Milson,Ketti.Milson@dummymail.com,Ketti.Milson@dummymail.com,police officer
394,Tressa,Carbo,Tressa.Carbo@dummymail.com,Tressa.Carbo@dummymail.com,worker
395,Tobe,Billye,Tobe.Billye@dummymail.com,Tobe.Billye@dummymail.com,police officer
396,Dotty,Alexandr,Dotty.Alexandr@dummymail.com,Dotty.Alexandr@dummymail.com,doctor
397,Wileen,Jeanne,Wileen.Jeanne@dummymail.com,Wileen.Jeanne@dummymail.com,doctor
398,Pierette,Arquit,Pierette.Arquit@dummymail.com,Pierette.Arquit@dummymail.com,firefighter
399,Sallie,Roarke,Sallie.Roarke@dummymail.com,Sallie.Roarke@dummymail.com,developer
400,Frieda,Gabrielli,Frieda.Gabrielli@dummymail.com,Frieda.Gabrielli@dummymail.com,doctor
401,Hettie,Means,Hettie.Means@dummymail.com,Hettie.Means@dummymail.com,worker
402,Jemie,Maryanne,Jemie.Maryanne@dummymail.com,Jemie.Maryanne@dummymail.com,doctor
403,Elvira,Kesley,Elvira.Kesley@dummymail.com,Elvira.Kesley@dummymail.com,developer
404,Nicoli,Sundin,Nicoli.Sundin@dummymail.com,Nicoli.Sundin@dummymail.com,firefighter
405,Alia,Shuler,Alia.Shuler@dummymail.com,Alia.Shuler@dummymail.com,worker
406,Alleen,Hamil,Alleen.Hamil@dummymail.com,Alleen.Hamil@dummymail.com,worker
407,Heida,Rudolph,Heida.Rudolph@dummymail.com,Heida.Rudolph@dummymail.com,police officer
408,Orsola,Shaver,Orsola.Shaver@dummymail.com,Orsola.Shaver@dummymail.com,firefighter
409,Mariann,Beniamino,Mariann.Beniamino@dummymail.com,Mariann.Beniamino@dummymail.com,developer
410,Lynnea,Hepsibah,Lynnea.Hepsibah@dummymail.com,Lynnea.Hepsibah@dummymail.com,police officer
411,Marline,Stilwell,Marline.Stilwell@dummymail.com,Marline.Stilwell@dummymail.com,worker
412,Sallie,Marisa,Sallie.Marisa@dummymail.com,Sallie.Marisa@dummymail.com,developer
413,Anallese,Winthorpe,Anallese.Winthorpe@dummymail.com,Anallese.Winthorpe@dummymail.com,doctor
414,Candy,Kathie,Candy.Kathie@dummymail.com,Candy.Kathie@dummymail.com,doctor
415,Kenna,Georas,Kenna.Georas@dummymail.com,Kenna.Georas@dummymail.com,developer
416,Dulce,Zachary,Dulce.Zachary@dummymail.com,Dulce.Zachary@dummymail.com,developer
417,Iseabal,Goode,Iseabal.Goode@dummymail.com,Iseabal.Goode@dummymail.com,developer
418,Alameda,Edmund,Alameda.Edmund@dummymail.com,Alameda.Edmund@dummymail.com,developer
419,Dorene,Kress,Dorene.Kress@dummymail.com,Dorene.Kress@dummymail.com,worker
420,Evaleen,Brotherson,Evaleen.Brotherson@dummymail.com,Evaleen.Brotherson@dummymail.com,police officer
421,Amii,Tybald,Amii.Tybald@dummymail.com,Amii.Tybald@dummymail.com,doctor
422,Mireielle,Dowski,Mireielle.Dowski@dummymail.com,Mireielle.Dowski@dummymail.com,firefighter
423,Dyann,Brackely,Dyann.Brackely@dummymail.com,Dyann.Brackely@dummymail.com,doctor
424,Sissy,Delila,Sissy.Delila@dummymail.com,Sissy.Delila@dummymail.com,doctor
425,Cherilyn,Letsou,Cherilyn.Letsou@dummymail.com,Cherilyn.Letsou@dummymail.com,worker
426,Iseabal,Talia,Iseabal.Talia@dummymail.com,Iseabal.Talia@dummymail.com,police officer
427,Madeleine,Melony,Madeleine.Melony@dummymail.com,Madeleine.Melony@dummymail.com,worker
428,Clementine,Salvidor,Clementine.Salvidor@dummymail.com,Clementine.Salvidor@dummymail.com,police officer
429,Netty,Maurine,Netty.Maurine@dummymail.com,Netty.Maurine@dummymail.com,police officer
430,Britni,Marisa,Britni.Marisa@dummymail.com,Britni.Marisa@dummymail.com,doctor
431,Darci,Hertzfeld,Darci.Hertzfeld@dummymail.com,Darci.Hertzfeld@dummymail.com,police officer
432,Genovera,Stoller,Genovera.Stoller@dummymail.com,Genovera.Stoller@dummymail.com,developer
433,Verla,Yerkovich,Verla.Yerkovich@dummymail.com,Verla.Yerkovich@dummymail.com,firefighter
434,Helsa,McLaughlin,Helsa.McLaughlin@dummymail.com,Helsa.McLaughlin@dummymail.com,police officer
435,Beth,Riva,Beth.Riva@dummymail.com,Beth.Riva@dummymail.com,firefighter
436,Concettina,Stoller,Concettina.Stoller@dummymail.com,Concettina.Stoller@dummymail.com,worker
437,Alie,Capello,Alie.Capello@dummymail.com,Alie.Capello@dummymail.com,worker
438,Ana,Guthrie,Ana.Guthrie@dummymail.com,Ana.Guthrie@dummymail.com,worker
439,Stevana,Goerke,Stevana.Goerke@dummymail.com,Stevana.Goerke@dummymail.com,doctor
440,Magdalena,Koziara,Magdalena.Koziara@dummymail.com,Magdalena.Koziara@dummymail.com,developer
441,Judy,Jobi,Judy.Jobi@dummymail.com,Judy.Jobi@dummymail.com,firefighter
442,Aili,Simmonds,Aili.Simmonds@dummymail.com,Aili.Simmonds@dummymail.com,developer
443,Dyann,Syd,Dyann.Syd@dummymail.com,Dyann.Syd@dummymail.com,firefighter
444,Ann-Marie,Mich,Ann-Marie.Mich@dummymail.com,Ann-Marie.Mich@dummymail.com,police officer
445,Ardeen,Charmine,Ardeen.Charmine@dummymail.com,Ardeen.Charmine@dummymail.com,doctor
446,Darlleen,Land,Darlleen.Land@dummymail.com,Darlleen.Land@dummymail.com,police officer
447,Anestassia,McGrody,Anestassia.McGrody@dummymail.com,Anestassia.McGrody@dummymail.com,doctor
448,Anestassia,Faro,Anestassia.Faro@dummymail.com,Anestassia.Faro@dummymail.com,doctor
449,Deirdre,Bonilla,Deirdre.Bonilla@dummymail.com,Deirdre.Bonilla@dummymail.com,firefighter
450,Lonnie,Dearborn,Lonnie.Dearborn@dummymail.com,Lonnie.Dearborn@dummymail.com,worker
451,Meriel,Herrera,Meriel.Herrera@dummymail.com,Meriel.Herrera@dummymail.com,doctor
452,Dominga,Dorcy,Dominga.Dorcy@dummymail.com,Dominga.Dorcy@dummymail.com,developer
453,Gratia,Chauncey,Gratia.Chauncey@dummymail.com,Gratia.Chauncey@dummymail.com,worker
454,Dorice,Forrer,Dorice.Forrer@dummymail.com,Dorice.Forrer@dummymail.com,firefighter
455,Daune,Malvino,Daune.Malvino@dummymail.com,Daune.Malvino@dummymail.com,doctor
456,Chickie,Aida,Chickie.Aida@dummymail.com,Chickie.Aida@dummymail.com,firefighter
457,Lelah,Reidar,Lelah.Reidar@dummymail.com,Lelah.Reidar@dummymail.com,worker
458,Beverley,Demitria,Beverley.Demitria@dummymail.com,Beverley.Demitria@dummymail.com,firefighter
459,Blake,Bobbee,Blake.Bobbee@dummymail.com,Blake.Bobbee@dummymail.com,doctor
460,Gisela,Revkah,Gisela.Revkah@dummymail.com,Gisela.Revkah@dummymail.com,developer
461,Jacquetta,Annabella,Jacquetta.Annabella@dummymail.com,Jacquetta.Annabella@dummymail.com,developer
462,Correy,Uird,Correy.Uird@dummymail.com,Correy.Uird@dummymail.com,police officer
463,Marcelline,Earlie,Marcelline.Earlie@dummymail.com,Marcelline.Earlie@dummymail.com,firefighter
464,Renae,Stuart,Renae.Stuart@dummymail.com,Renae.Stuart@dummymail.com,police officer
465,Corry,Hoenack,Corry.Hoenack@dummymail.com,Corry.Hoenack@dummymail.com,worker
466,Ricky,Berriman,Ricky.Berriman@dummymail.com,Ricky.Berriman@dummymail.com,police officer
467,Zondra,Longfellow,Zondra.Longfellow@dummymail.com,Zondra.Longfellow@dummymail.com,police officer
468,Leanna,Medrek,Leanna.Medrek@dummymail.com,Leanna.Medrek@dummymail.com,firefighter
469,Carol-Jean,Sawtelle,Carol-Jean.Sawtelle@dummymail.com,Carol-Jean.Sawtelle@dummymail.com,firefighter
470,Paola,Lynn,Paola.Lynn@dummymail.com,Paola.Lynn@dummymail.com,firefighter
471,Vita,Strephon,Vita.Strephon@dummymail.com,Vita.Strephon@dummymail.com,doctor
472,Lusa,Prober,Lusa.Prober@dummymail.com,Lusa.Prober@dummymail.com,doctor
473,Siana,Charity,Siana.Charity@dummymail.com,Siana.Charity@dummymail.com,doctor
474,Isa,Saunderson,Isa.Saunderson@dummymail.com,Isa.Saunderson@dummymail.com,worker
475,Marguerite,Ciro,Marguerite.Ciro@dummymail.com,Marguerite.Ciro@dummymail.com,firefighter
476,Sallie,Toni,Sallie.Toni@dummymail.com,Sallie.Toni@dummymail.com,developer
477,Shannah,Podvin,Shannah.Podvin@dummymail.com,Shannah.Podvin@dummymail.com,firefighter
478,Justinn,Salvidor,Justinn.Salvidor@dummymail.com,Justinn.Salvidor@dummymail.com,developer
479,Penelopa,Slifka,Penelopa.Slifka@dummymail.com,Penelopa.Slifka@dummymail.com,doctor
480,Tomasina,Georgy,Tomasina.Georgy@dummymail.com,Tomasina.Georgy@dummymail.com,developer
481,Courtnay,Alisia,Courtnay.Alisia@dummymail.com,Courtnay.Alisia@dummymail.com,police officer
482,Agnese,Abernon,Agnese.Abernon@dummymail.com,Agnese.Abernon@dummymail.com,firefighter
483,Marinna,Hutchison,Marinna.Hutchison@dummymail.com,Marinna.Hutchison@dummymail.com,police officer
484,Marinna,Cavan,Marinna.Cavan@dummymail.com,Marinna.Cavan@dummymail.com,developer
485,Karena,Hermes,Karena.Hermes@dummymail.com,Karena.Hermes@dummymail.com,doctor
486,Ashlee,Tamsky,Ashlee.Tamsky@dummymail.com,Ashlee.Tamsky@dummymail.com,police officer
487,Sue,Naashom,Sue.Naashom@dummymail.com,Sue.Naashom@dummymail.com,worker
488,Ricky,Corilla,Ricky.Corilla@dummymail.com,Ricky.Corilla@dummymail.com,worker
489,Deane,Boycey,Deane.Boycey@dummymail.com,Deane.Boycey@dummymail.com,developer
490,Dorthy,Yusuk,Dorthy.Yusuk@dummymail.com,Dorthy.Yusuk@dummymail.com,worker
491,Cristine,Erlandson,Cristine.Erlandson@dummymail.com,Cristine.Erlandson@dummymail.com,firefighter
492,Ellette,Kravits,Ellette.Kravits@dummymail.com,Ellette.Kravits@dummymail.com,worker
493,Frieda,Albertine,Frieda.Albertine@dummymail.com,Frieda.Albertine@dummymail.com,firefighter
494,Imojean,Drisko,Imojean.Drisko@dummymail.com,Imojean.Drisko@dummymail.com,police officer
495,Julieta,Dowski,Julieta.Dowski@dummymail.com,Julieta.Dowski@dummymail.com,worker
496,Genevra,Cimbura,Genevra.Cimbura@dummymail.com,Genevra.Cimbura@dummymail.com,developer
497,Clementine,Cimbura,Clementine.Cimbura@dummymail.com,Clementine.Cimbura@dummymail.com,developer
498,Trudie,Skurnik,Trudie.Skurnik@dummymail.com,Trudie.Skurnik@dummymail.com,developer
499,Madalyn,Thunell,Madalyn.Thunell@dummymail.com,Madalyn.Thunell@dummymail.com,police officer
500,Helena,Arathorn,Helena.Arathorn@dummymail.com,Helena.Arathorn@dummymail.com,developer
501,Lila,Nore,Lila.Nore@dummymail.com,Lila.Nore@dummymail.com,worker
502,Xylina,Rossner,Xylina.Rossner@dummymail.com,Xylina.Rossner@dummymail.com,developer
503,Melina,Armanda,Melina.Armanda@dummymail.com,Melina.Armanda@dummymail.com,police officer
504,Mildrid,Lorenz,Mildrid.Lorenz@dummymail.com,Mildrid.Lorenz@dummymail.com,firefighter
505,Adriana,Concha,Adriana.Concha@dummymail.com,Adriana.Concha@dummymail.com,police officer
506,Leeanne,Hull,Leeanne.Hull@dummymail.com,Leeanne.Hull@dummymail.com,developer
507,Katharina,Therine,Katharina.Therine@dummymail.com,Katharina.Therine@dummymail.com,worker
508,Adelle,Saree,Adelle.Saree@dummymail.com,Adelle.Saree@dummymail.com,firefighter
509,Henriette,Randene,Henriette.Randene@dummymail.com,Henriette.Randene@dummymail.com,worker
510,Beth,Ezar,Beth.Ezar@dummymail.com,Beth.Ezar@dummymail.com,developer
511,Carree,Standing,Carree.Standing@dummymail.com,Carree.Standing@dummymail.com,doctor
512,Daryl,Lory,Daryl.Lory@dummymail.com,Daryl.Lory@dummymail.com,doctor
513,Ada,Philipp,Ada.Philipp@dummymail.com,Ada.Philipp@dummymail.com,worker
514,Nelle,Mauer,Nelle.Mauer@dummymail.com,Nelle.Mauer@dummymail.com,doctor
515,Dianemarie,Leifeste,Dianemarie.Leifeste@dummymail.com,Dianemarie.Leifeste@dummymail.com,worker
516,Allis,Vorster,Allis.Vorster@dummymail.com,Allis.Vorster@dummymail.com,police officer
517,Glynnis,Sadowski,Glynnis.Sadowski@dummymail.com,Glynnis.Sadowski@dummymail.com,doctor
518,Thalia,Jefferey,Thalia.Jefferey@dummymail.com,Thalia.Jefferey@dummymail.com,firefighter
519,Meriel,Rozanna,Meriel.Rozanna@dummymail.com,Meriel.Rozanna@dummymail.com,police officer
520,Monika,Shaddock,Monika.Shaddock@dummymail.com,Monika.Shaddock@dummymail.com,doctor
521,Emmey,Stoller,Emmey.Stoller@dummymail.com,Emmey.Stoller@dummymail.com,developer
522,Jean,Urania,Jean.Urania@dummymail.com,Jean.Urania@dummymail.com,police officer
523,Zaria,Soneson,Zaria.Soneson@dummymail.com,Zaria.Soneson@dummymail.com,developer
524,Nanete,Vins,Nanete.Vins@dummymail.com,Nanete.Vins@dummymail.com,police officer
525,Mariann,Sibyls,Mariann.Sibyls@dummymail.com,Mariann.Sibyls@dummymail.com,police officer
526,Elmira,Lissi,Elmira.Lissi@dummymail.com,Elmira.Lissi@dummymail.com,firefighter
527,Dolli,Ovid,Dolli.Ovid@dummymail.com,Dolli.Ovid@dummymail.com,firefighter
528,Sean,Tayib,Sean.Tayib@dummymail.com,Sean.Tayib@dummymail.com,police officer
529,Jere,Blake,Jere.Blake@dummymail.com,Jere.Blake@dummymail.com,police officer
530,Lita,Salvidor,Lita.Salvidor@dummymail.com,Lita.Salvidor@dummymail.com,police officer
531,Nollie,Zuzana,Nollie.Zuzana@dummymail.com,Nollie.Zuzana@dummymail.com,police officer
532,Ernesta,Joachim,Ernesta.Joachim@dummymail.com,Ernesta.Joachim@dummymail.com,doctor
533,Oralee,Hortensia,Oralee.Hortensia@dummymail.com,Oralee.Hortensia@dummymail.com,worker
534,Brynna,Armanda,Brynna.Armanda@dummymail.com,Brynna.Armanda@dummymail.com,police officer
535,Mellicent,Carolin,Mellicent.Carolin@dummymail.com,Mellicent.Carolin@dummymail.com,worker
536,Miquela,Orlene,Miquela.Orlene@dummymail.com,Miquela.Orlene@dummymail.com,worker
537,Nariko,Stelle,Nariko.Stelle@dummymail.com,Nariko.Stelle@dummymail.com,firefighter
538,Audrie,Millda,Audrie.Millda@dummymail.com,Audrie.Millda@dummymail.com,developer
539,Margarette,Fitzsimmons,Margarette.Fitzsimmons@dummymail.com,Margarette.Fitzsimmons@dummymail.com,doctor
540,Shell,Nedrud,Shell.Nedrud@dummymail.com,Shell.Nedrud@dummymail.com,worker
541,Lorenza,Ahab,Lorenza.Ahab@dummymail.com,Lorenza.Ahab@dummymail.com,police officer
542,Cherrita,Zola,Cherrita.Zola@dummymail.com,Cherrita.Zola@dummymail.com,firefighter
543,Jenilee,Tice,Jenilee.Tice@dummymail.com,Jenilee.Tice@dummymail.com,worker
544,Melodie,Teddman,Melodie.Teddman@dummymail.com,Melodie.Teddman@dummymail.com,firefighter
545,Edyth,Myrilla,Edyth.Myrilla@dummymail.com,Edyth.Myrilla@dummymail.com,police officer
546,Ronna,Sperling,Ronna.Sperling@dummymail.com,Ronna.Sperling@dummymail.com,worker
547,Nita,Korey,Nita.Korey@dummymail.com,Nita.Korey@dummymail.com,doctor
548,Jolyn,Jenness,Jolyn.Jenness@dummymail.com,Jolyn.Jenness@dummymail.com,firefighter
549,Molli,Haerr,Molli.Haerr@dummymail.com,Molli.Haerr@dummymail.com,police officer
550,Flory,Vharat,Flory.Vharat@dummymail.com,Flory.Vharat@dummymail.com,doctor
551,Leontine,Munn,Leontine.Munn@dummymail.com,Leontine.Munn@dummymail.com,developer
552,Annecorinne,Francene,Annecorinne.Francene@dummymail.com,Annecorinne.Francene@dummymail.com,doctor
553,Jasmina,Marijo,Jasmina.Marijo@dummymail.com,Jasmina.Marijo@dummymail.com,police officer
554,Marline,Havens,Marline.Havens@dummymail.com,Marline.Havens@dummymail.com,developer
555,Selia,Tayib,Selia.Tayib@dummymail.com,Selia.Tayib@dummymail.com,doctor
556,Lusa,McCutcheon,Lusa.McCutcheon@dummymail.com,Lusa.McCutcheon@dummymail.com,police officer
557,Olivette,Stuart,Olivette.Stuart@dummymail.com,Olivette.Stuart@dummymail.com,firefighter
558,Florie,Kellby,Florie.Kellby@dummymail.com,Florie.Kellby@dummymail.com,worker
559,Rivalee,Kiyoshi,Rivalee.Kiyoshi@dummymail.com,Rivalee.Kiyoshi@dummymail.com,developer
560,Jordan,Thornburg,Jordan.Thornburg@dummymail.com,Jordan.Thornburg@dummymail.com,police officer
561,Jolyn,Arathorn,Jolyn.Arathorn@dummymail.com,Jolyn.Arathorn@dummymail.com,firefighter
562,Dode,Ader,Dode.Ader@dummymail.com,Dode.Ader@dummymail.com,worker
563,Gloria,Lanita,Gloria.Lanita@dummymail.com,Gloria.Lanita@dummymail.com,worker
564,Elsie,Lanita,Elsie.Lanita@dummymail.com,Elsie.Lanita@dummymail.com,developer
565,Trixi,Suzetta,Trixi.Suzetta@dummymail.com,Trixi.Suzetta@dummymail.com,police officer
566,Elena,Ciapas,Elena.Ciapas@dummymail.com,Elena.Ciapas@dummymail.com,police officer
567,Carmela,Darian,Carmela.Darian@dummymail.com,Carmela.Darian@dummymail.com,worker
568,Mallory,Clywd,Mallory.Clywd@dummymail.com,Mallory.Clywd@dummymail.com,worker
569,Philis,Sabella,Philis.Sabella@dummymail.com,Philis.Sabella@dummymail.com,doctor
570,Eve,Fitzsimmons,Eve.Fitzsimmons@dummymail.com,Eve.Fitzsimmons@dummymail.com,worker
571,Dulce,Wallis,Dulce.Wallis@dummymail.com,Dulce.Wallis@dummymail.com,firefighter
572,Constance,Publia,Constance.Publia@dummymail.com,Constance.Publia@dummymail.com,developer
573,Janenna,Tillford,Janenna.Tillford@dummymail.com,Janenna.Tillford@dummymail.com,doctor
574,Teriann,Stover,Teriann.Stover@dummymail.com,Teriann.Stover@dummymail.com,police officer
575,Cathyleen,Papageno,Cathyleen.Papageno@dummymail.com,Cathyleen.Papageno@dummymail.com,doctor
576,Caryl,Frodi,Caryl.Frodi@dummymail.com,Caryl.Frodi@dummymail.com,police officer
577,Chrystel,Tjon,Chrystel.Tjon@dummymail.com,Chrystel.Tjon@dummymail.com,doctor
578,Wanda,Fontana,Wanda.Fontana@dummymail.com,Wanda.Fontana@dummymail.com,worker
579,Fanny,Haymes,Fanny.Haymes@dummymail.com,Fanny.Haymes@dummymail.com,police officer
580,Rosene,Halsey,Rosene.Halsey@dummymail.com,Rosene.Halsey@dummymail.com,doctor
581,Tiffie,Klotz,Tiffie.Klotz@dummymail.com,Tiffie.Klotz@dummymail.com,doctor
582,Orelia,Girardo,Orelia.Girardo@dummymail.com,Orelia.Girardo@dummymail.com,firefighter
583,Rivalee,Tiffa,Rivalee.Tiffa@dummymail.com,Rivalee.Tiffa@dummymail.com,developer
584,Veda,Sancho,Veda.Sancho@dummymail.com,Veda.Sancho@dummymail.com,firefighter
585,Tersina,Sharl,Tersina.Sharl@dummymail.com,Tersina.Sharl@dummymail.com,developer
586,Jere,Colleen,Jere.Colleen@dummymail.com,Jere.Colleen@dummymail.com,doctor
587,Chloris,Rona,Chloris.Rona@dummymail.com,Chloris.Rona@dummymail.com,developer
588,Minda,Ezar,Minda.Ezar@dummymail.com,Minda.Ezar@dummymail.com,firefighter
589,Joelly,Hertzfeld,Joelly.Hertzfeld@dummymail.com,Joelly.Hertzfeld@dummymail.com,developer
590,Ida,Kendrick,Ida.Kendrick@dummymail.com,Ida.Kendrick@dummymail.com,worker
591,Donnie,Granoff,Donnie.Granoff@dummymail.com,Donnie.Granoff@dummymail.com,doctor
592,Caryl,Bari,Caryl.Bari@dummymail.com,Caryl.Bari@dummymail.com,developer
593,Delilah,Syd,Delilah.Syd@dummymail.com,Delilah.Syd@dummymail.com,worker
594,Grier,Shuler,Grier.Shuler@dummymail.com,Grier.Shuler@dummymail.com,firefighter
595,Katleen,Cookie,Katleen.Cookie@dummymail.com,Katleen.Cookie@dummymail.com,doctor
596,Harmonia,Berard,Harmonia.Berard@dummymail.com,Harmonia.Berard@dummymail.com,worker
597,Vita,Stelle,Vita.Stelle@dummymail.com,Vita.Stelle@dummymail.com,worker
598,Max,Havens,Max.Havens@dummymail.com,Max.Havens@dummymail.com,developer
599,Ardeen,Bahr,Ardeen.Bahr@dummymail.com,Ardeen.Bahr@dummymail.com,firefighter
600,Feliza,Kannry,Feliza.Kannry@dummymail.com,Feliza.Kannry@dummymail.com,doctor
601,Tomasina,Bashemeth,Tomasina.Bashemeth@dummymail.com,Tomasina.Bashemeth@dummymail.com,developer
602,Tonia,Urania,Tonia.Urania@dummymail.com,Tonia.Urania@dummymail.com,doctor
603,Rayna,Aurelio,Rayna.Aurelio@dummymail.com,Rayna.Aurelio@dummymail.com,worker
604,Wanda,Baptlsta,Wanda.Baptlsta@dummymail.com,Wanda.Baptlsta@dummymail.com,developer
605,Grier,Clarissa,Grier.Clarissa@dummymail.com,Grier.Clarissa@dummymail.com,developer
606,Claresta,Seagraves,Claresta.Seagraves@dummymail.com,Claresta.Seagraves@dummymail.com,worker
607,Lyssa,O'Neill,Lyssa.O'Neill@dummymail.com,Lyssa.O'Neill@dummymail.com,developer
608,Kathy,Vastah,Kathy.Vastah@dummymail.com,Kathy.Vastah@dummymail.com,police officer
609,Ardeen,Nisbet,Ardeen.Nisbet@dummymail.com,Ardeen.Nisbet@dummymail.com,police officer
610,Felice,Skell,Felice.Skell@dummymail.com,Felice.Skell@dummymail.com,doctor
611,Nita,Gladstone,Nita.Gladstone@dummymail.com,Nita.Gladstone@dummymail.com,doctor
612,Agnese,Leler,Agnese.Leler@dummymail.com,Agnese.Leler@dummymail.com,developer
613,Kaja,Christine,Kaja.Christine@dummymail.com,Kaja.Christine@dummymail.com,developer
614,Emma,Afton,Emma.Afton@dummymail.com,Emma.Afton@dummymail.com,doctor
615,Nelle,Xerxes,Nelle.Xerxes@dummymail.com,Nelle.Xerxes@dummymail.com,developer
616,Valera,Claudine,Valera.Claudine@dummymail.com,Valera.Claudine@dummymail.com,police officer
617,Britte,Lorenz,Britte.Lorenz@dummymail.com,Britte.Lorenz@dummymail.com,firefighter
618,Olwen,Geffner,Olwen.Geffner@dummymail.com,Olwen.Geffner@dummymail.com,police officer
619,Kary,Hortensia,Kary.Hortensia@dummymail.com,Kary.Hortensia@dummymail.com,doctor
620,Paulita,Taam,Paulita.Taam@dummymail.com,Paulita.Taam@dummymail.com,worker
621,Dorthy,Taima,Dorthy.Taima@dummymail.com,Dorthy.Taima@dummymail.com,doctor
622,Dennie,Rese,Dennie.Rese@dummymail.com,Dennie.Rese@dummymail.com,police officer
623,Ermengarde,Bronk,Ermengarde.Bronk@dummymail.com,Ermengarde.Bronk@dummymail.com,doctor
624,Marika,Bendick,Marika.Bendick@dummymail.com,Marika.Bendick@dummymail.com,worker
625,Doro,Medrek,Doro.Medrek@dummymail.com,Doro.Medrek@dummymail.com,firefighter
626,Gale,Laverne,Gale.Laverne@dummymail.com,Gale.Laverne@dummymail.com,doctor
627,Shell,Arquit,Shell.Arquit@dummymail.com,Shell.Arquit@dummymail.com,police officer
628,Genevra,Shaver,Genevra.Shaver@dummymail.com,Genevra.Shaver@dummymail.com,firefighter
629,Allis,Palocz,Allis.Palocz@dummymail.com,Allis.Palocz@dummymail.com,firefighter
630,Jaime,Chandler,Jaime.Chandler@dummymail.com,Jaime.Chandler@dummymail.com,firefighter
631,Dulcinea,Uund,Dulcinea.Uund@dummymail.com,Dulcinea.Uund@dummymail.com,doctor
632,Marylou,Cynar,Marylou.Cynar@dummymail.com,Marylou.Cynar@dummymail.com,firefighter
633,Barbi,Jerald,Barbi.Jerald@dummymail.com,Barbi.Jerald@dummymail.com,police officer
634,Coral,Auberbach,Coral.Auberbach@dummymail.com,Coral.Auberbach@dummymail.com,developer
635,Dorothy,Duwalt,Dorothy.Duwalt@dummymail.com,Dorothy.Duwalt@dummymail.com,doctor
636,Fina,O'Neill,Fina.O'Neill@dummymail.com,Fina.O'Neill@dummymail.com,worker
637,Alyssa,Capello,Alyssa.Capello@dummymail.com,Alyssa.Capello@dummymail.com,police officer
638,Fredericka,Chauncey,Fredericka.Chauncey@dummymail.com,Fredericka.Chauncey@dummymail.com,firefighter
639,Talya,Olnee,Talya.Olnee@dummymail.com,Talya.Olnee@dummymail.com,police officer
640,Mara,Toni,Mara.Toni@dummymail.com,Mara.Toni@dummymail.com,developer
641,Monika,Hull,Monika.Hull@dummymail.com,Monika.Hull@dummymail.com,police officer
642,Ivett,Lipson,Ivett.Lipson@dummymail.com,Ivett.Lipson@dummymail.com,police officer
643,Jordan,Sheng,Jordan.Sheng@dummymail.com,Jordan.Sheng@dummymail.com,police officer
644,Ericka,Blake,Ericka.Blake@dummymail.com,Ericka.Blake@dummymail.com,doctor
645,Anica,Parsaye,Anica.Parsaye@dummymail.com,Anica.Parsaye@dummymail.com,doctor
646,Aubrie,Torray,Aubrie.Torray@dummymail.com,Aubrie.Torray@dummymail.com,doctor
647,Ana,Lewes,Ana.Lewes@dummymail.com,Ana.Lewes@dummymail.com,worker
648,Ginnie,Nicoline,Ginnie.Nicoline@dummymail.com,Ginnie.Nicoline@dummymail.com,worker
649,Christy,Callista,Christy.Callista@dummymail.com,Christy.Callista@dummymail.com,developer
650,Dania,Diann,Dania.Diann@dummymail.com,Dania.Diann@dummymail.com,worker
651,Candi,Lory,Candi.Lory@dummymail.com,Candi.Lory@dummymail.com,worker
652,Annabela,Stacy,Annabela.Stacy@dummymail.com,Annabela.Stacy@dummymail.com,firefighter
653,Carlie,Pyle,Carlie.Pyle@dummymail.com,Carlie.Pyle@dummymail.com,developer
654,Emylee,Sikorski,Emylee.Sikorski@dummymail.com,Emylee.Sikorski@dummymail.com,doctor
655,Brandise,Zitvaa,Brandise.Zitvaa@dummymail.com,Brandise.Zitvaa@dummymail.com,doctor
656,Vivia,Clarissa,Vivia.Clarissa@dummymail.com,Vivia.Clarissa@dummymail.com,worker
657,Sandie,MacIntosh,Sandie.MacIntosh@dummymail.com,Sandie.MacIntosh@dummymail.com,worker
658,Lanae,Hirsch,Lanae.Hirsch@dummymail.com,Lanae.Hirsch@dummymail.com,police officer
659,Kenna,Justinn,Kenna.Justinn@dummymail.com,Kenna.Justinn@dummymail.com,developer
660,Veda,Elisha,Veda.Elisha@dummymail.com,Veda.Elisha@dummymail.com,firefighter
661,Kaja,Dearborn,Kaja.Dearborn@dummymail.com,Kaja.Dearborn@dummymail.com,worker
662,Danny,Uird,Danny.Uird@dummymail.com,Danny.Uird@dummymail.com,doctor
663,Mahalia,Madaih,Mahalia.Madaih@dummymail.com,Mahalia.Madaih@dummymail.com,developer
664,Marline,Berl,Marline.Berl@dummymail.com,Marline.Berl@dummymail.com,worker
665,Consuela,Schwejda,Consuela.Schwejda@dummymail.com,Consuela.Schwejda@dummymail.com,worker
666,Korrie,Hollingsworth,Korrie.Hollingsworth@dummymail.com,Korrie.Hollingsworth@dummymail.com,firefighter
667,Xylina,Kinnard,Xylina.Kinnard@dummymail.com,Xylina.Kinnard@dummymail.com,firefighter
668,Norine,Alwin,Norine.Alwin@dummymail.com,Norine.Alwin@dummymail.com,doctor
669,Beverley,Presber,Beverley.Presber@dummymail.com,Beverley.Presber@dummymail.com,doctor
670,Genevra,Buffum,Genevra.Buffum@dummymail.com,Genevra.Buffum@dummymail.com,worker
671,Tori,Francyne,Tori.Francyne@dummymail.com,Tori.Francyne@dummymail.com,worker
672,Claudina,Giule,Claudina.Giule@dummymail.com,Claudina.Giule@dummymail.com,doctor
673,Lanae,Stevy,Lanae.Stevy@dummymail.com,Lanae.Stevy@dummymail.com,worker
674,Margalo,Estella,Margalo.Estella@dummymail.com,Margalo.Estella@dummymail.com,police officer
675,Beverley,Rogerio,Beverley.Rogerio@dummymail.com,Beverley.Rogerio@dummymail.com,doctor
676,Elyssa,Bandeen,Elyssa.Bandeen@dummymail.com,Elyssa.Bandeen@dummymail.com,firefighter
677,Imojean,Solitta,Imojean.Solitta@dummymail.com,Imojean.Solitta@dummymail.com,doctor
678,Demetris,Havens,Demetris.Havens@dummymail.com,Demetris.Havens@dummymail.com,developer
679,Donetta,Magdalen,Donetta.Magdalen@dummymail.com,Donetta.Magdalen@dummymail.com,developer
680,Marcelline,Peti,Marcelline.Peti@dummymail.com,Marcelline.Peti@dummymail.com,doctor
681,Thalia,Ochs,Thalia.Ochs@dummymail.com,Thalia.Ochs@dummymail.com,firefighter
682,Leia,Hieronymus,Leia.Hieronymus@dummymail.com,Leia.Hieronymus@dummymail.com,worker
683,Anthia,Rubie,Anthia.Rubie@dummymail.com,Anthia.Rubie@dummymail.com,doctor
684,Lyssa,Florina,Lyssa.Florina@dummymail.com,Lyssa.Florina@dummymail.com,developer
685,Gui,Calhoun,Gui.Calhoun@dummymail.com,Gui.Calhoun@dummymail.com,police officer
686,Joceline,Socha,Joceline.Socha@dummymail.com,Joceline.Socha@dummymail.com,doctor
687,Alleen,Madox,Alleen.Madox@dummymail.com,Alleen.Madox@dummymail.com,worker
688,Latisha,Rheingold,Latisha.Rheingold@dummymail.com,Latisha.Rheingold@dummymail.com,worker
689,Corly,Yusuk,Corly.Yusuk@dummymail.com,Corly.Yusuk@dummymail.com,doctor
690,Rosabelle,Vilma,Rosabelle.Vilma@dummymail.com,Rosabelle.Vilma@dummymail.com,police officer
691,Lanae,Hollingsworth,Lanae.Hollingsworth@dummymail.com,Lanae.Hollingsworth@dummymail.com,police officer
692,Gilligan,Brackely,Gilligan.Brackely@dummymail.com,Gilligan.Brackely@dummymail.com,firefighter
693,Sissy,Zamora,Sissy.Zamora@dummymail.com,Sissy.Zamora@dummymail.com,police officer
694,Britni,Freddi,Britni.Freddi@dummymail.com,Britni.Freddi@dummymail.com,doctor
695,Claudina,Leifeste,Claudina.Leifeste@dummymail.com,Claudina.Leifeste@dummymail.com,developer
696,Florencia,Marsden,Florencia.Marsden@dummymail.com,Florencia.Marsden@dummymail.com,doctor
697,Darlleen,Delp,Darlleen.Delp@dummymail.com,Darlleen.Delp@dummymail.com,worker
698,Gavrielle,Tippets,Gavrielle.Tippets@dummymail.com,Gavrielle.Tippets@dummymail.com,police officer
699,Karlee,Teddman,Karlee.Teddman@dummymail.com,Karlee.Teddman@dummymail.com,doctor
700,Sam,Ovid,Sam.Ovid@dummymail.com,Sam.Ovid@dummymail.com,developer
701,Janeczka,Sheng,Janeczka.Sheng@dummymail.com,Janeczka.Sheng@dummymail.com,police officer
702,Talya,Rugen,Talya.Rugen@dummymail.com,Talya.Rugen@dummymail.com,developer
703,Robbi,Emerson,Robbi.Emerson@dummymail.com,Robbi.Emerson@dummymail.com,firefighter
704,Bobbi,Glovsky,Bobbi.Glovsky@dummymail.com,Bobbi.Glovsky@dummymail.com,developer
705,Ana,Turne,Ana.Turne@dummymail.com,Ana.Turne@dummymail.com,firefighter
706,Ana,Korey,Ana.Korey@dummymail.com,Ana.Korey@dummymail.com,firefighter
707,Meghann,Trinetta,Meghann.Trinetta@dummymail.com,Meghann.Trinetta@dummymail.com,police officer
708,Rosanne,Cornelia,Rosanne.Cornelia@dummymail.com,Rosanne.Cornelia@dummymail.com,doctor
709,Caritta,Ries,Caritta.Ries@dummymail.com,Caritta.Ries@dummymail.com,worker
710,Agathe,Phyllis,Agathe.Phyllis@dummymail.com,Agathe.Phyllis@dummymail.com,developer
711,Christian,Bahr,Christian.Bahr@dummymail.com,Christian.Bahr@dummymail.com,developer
712,Carly,Edison,Carly.Edison@dummymail.com,Carly.Edison@dummymail.com,police officer
713,Aurelie,Shields,Aurelie.Shields@dummymail.com,Aurelie.Shields@dummymail.com,doctor
714,Christian,Velick,Christian.Velick@dummymail.com,Christian.Velick@dummymail.com,developer
715,Jordan,Engdahl,Jordan.Engdahl@dummymail.com,Jordan.Engdahl@dummymail.com,developer
716,Eugine,Delp,Eugine.Delp@dummymail.com,Eugine.Delp@dummymail.com,police officer
717,Adore,Cleavland,Adore.Cleavland@dummymail.com,Adore.Cleavland@dummymail.com,worker
718,Reeba,Leifeste,Reeba.Leifeste@dummymail.com,Reeba.Leifeste@dummymail.com,firefighter
719,Cassondra,Remmer,Cassondra.Remmer@dummymail.com,Cassondra.Remmer@dummymail.com,firefighter
720,Carmela,Dahlia,Carmela.Dahlia@dummymail.com,Carmela.Dahlia@dummymail.com,firefighter
721,Elvira,Quinn,Elvira.Quinn@dummymail.com,Elvira.Quinn@dummymail.com,firefighter
722,Marsiella,Ulphia,Marsiella.Ulphia@dummymail.com,Marsiella.Ulphia@dummymail.com,police officer
723,Kate,Craggie,Kate.Craggie@dummymail.com,Kate.Craggie@dummymail.com,worker
724,Krystle,Merat,Krystle.Merat@dummymail.com,Krystle.Merat@dummymail.com,doctor
725,Bill,Poll,Bill.Poll@dummymail.com,Bill.Poll@dummymail.com,firefighter
726,Ericka,Posner,Ericka.Posner@dummymail.com,Ericka.Posner@dummymail.com,developer
727,Desirae,Whiffen,Desirae.Whiffen@dummymail.com,Desirae.Whiffen@dummymail.com,firefighter
728,Emylee,Vharat,Emylee.Vharat@dummymail.com,Emylee.Vharat@dummymail.com,doctor
729,Barbi,Bebe,Barbi.Bebe@dummymail.com,Barbi.Bebe@dummymail.com,doctor
730,Ivett,Simmonds,Ivett.Simmonds@dummymail.com,Ivett.Simmonds@dummymail.com,firefighter
731,Audrie,Dituri,Audrie.Dituri@dummymail.com,Audrie.Dituri@dummymail.com,worker
732,Jean,Elsinore,Jean.Elsinore@dummymail.com,Jean.Elsinore@dummymail.com,worker
733,Frank,Shanley,Frank.Shanley@dummymail.com,Frank.Shanley@dummymail.com,developer
734,Peri,Denis,Peri.Denis@dummymail.com,Peri.Denis@dummymail.com,worker
735,Rhea,Gemini,Rhea.Gemini@dummymail.com,Rhea.Gemini@dummymail.com,worker
736,Nikki,Philoo,Nikki.Philoo@dummymail.com,Nikki.Philoo@dummymail.com,developer
737,Frieda,Erminia,Frieda.Erminia@dummymail.com,Frieda.Erminia@dummymail.com,police officer
738,Mellicent,Melony,Mellicent.Melony@dummymail.com,Mellicent.Melony@dummymail.com,firefighter
739,Lorie,Percy,Lorie.Percy@dummymail.com,Lorie.Percy@dummymail.com,worker
740,Evaleen,Caitlin,Evaleen.Caitlin@dummymail.com,Evaleen.Caitlin@dummymail.com,developer
741,Dorthy,Si,Dorthy.Si@dummymail.com,Dorthy.Si@dummymail.com,firefighter
742,Angela,Salchunas,Angela.Salchunas@dummymail.com,Angela.Salchunas@dummymail.com,developer
743,Yolane,Weide,Yolane.Weide@dummymail.com,Yolane.Weide@dummymail.com,doctor
744,Zia,Marlie,Zia.Marlie@dummymail.com,Zia.Marlie@dummymail.com,police officer
745,Maisey,Wenda,Maisey.Wenda@dummymail.com,Maisey.Wenda@dummymail.com,police officer
746,Marti,Bibi,Marti.Bibi@dummymail.com,Marti.Bibi@dummymail.com,developer
747,Maryellen,Naashom,Maryellen.Naashom@dummymail.com,Maryellen.Naashom@dummymail.com,firefighter
748,Lucille,Huggins,Lucille.Huggins@dummymail.com,Lucille.Huggins@dummymail.com,firefighter
749,Dulce,Wareing,Dulce.Wareing@dummymail.com,Dulce.Wareing@dummymail.com,firefighter
750,Heddie,Zeeba,Heddie.Zeeba@dummymail.com,Heddie.Zeeba@dummymail.com,worker
751,Hallie,Colbert,Hallie.Colbert@dummymail.com,Hallie.Colbert@dummymail.com,firefighter
752,Berta,Horan,Berta.Horan@dummymail.com,Berta.Horan@dummymail.com,doctor
753,Cordi,Nicoline,Cordi.Nicoline@dummymail.com,Cordi.Nicoline@dummymail.com,doctor
754,Antonietta,Nedrud,Antonietta.Nedrud@dummymail.com,Antonietta.Nedrud@dummymail.com,police officer
755,Demetris,Blisse,Demetris.Blisse@dummymail.com,Demetris.Blisse@dummymail.com,police officer
756,Augustine,Latini,Augustine.Latini@dummymail.com,Augustine.Latini@dummymail.com,police officer
757,Feliza,Durware,Feliza.Durware@dummymail.com,Feliza.Durware@dummymail.com,police officer
758,Britni,Kare,Britni.Kare@dummymail.com,Britni.Kare@dummymail.com,doctor
759,Rosaline,Markman,Rosaline.Markman@dummymail.com,Rosaline.Markman@dummymail.com,police officer
760,Marsiella,Swanhildas,Marsiella.Swanhildas@dummymail.com,Marsiella.Swanhildas@dummymail.com,firefighter
761,Rubie,Faria,Rubie.Faria@dummymail.com,Rubie.Faria@dummymail.com,doctor
762,Ira,Bollay,Ira.Bollay@dummymail.com,Ira.Bollay@dummymail.com,firefighter
763,Lanae,Toor,Lanae.Toor@dummymail.com,Lanae.Toor@dummymail.com,doctor
764,Sibella,Sheedy,Sibella.Sheedy@dummymail.com,Sibella.Sheedy@dummymail.com,worker
765,Dorthy,Connelly,Dorthy.Connelly@dummymail.com,Dorthy.Connelly@dummymail.com,doctor
766,Mary,Kiersten,Mary.Kiersten@dummymail.com,Mary.Kiersten@dummymail.com,developer
767,Helsa,Virgin,Helsa.Virgin@dummymail.com,Helsa.Virgin@dummymail.com,doctor
768,Dale,Lacombe,Dale.Lacombe@dummymail.com,Dale.Lacombe@dummymail.com,police officer
769,Mellicent,Bobbee,Mellicent.Bobbee@dummymail.com,Mellicent.Bobbee@dummymail.com,police officer
770,Flory,Lindemann,Flory.Lindemann@dummymail.com,Flory.Lindemann@dummymail.com,firefighter
771,Annabela,Chauncey,Annabela.Chauncey@dummymail.com,Annabela.Chauncey@dummymail.com,developer
772,Merle,Raychel,Merle.Raychel@dummymail.com,Merle.Raychel@dummymail.com,police officer
773,Jere,Radu,Jere.Radu@dummymail.com,Jere.Radu@dummymail.com,worker
774,Doralynne,Redmond,Doralynne.Redmond@dummymail.com,Doralynne.Redmond@dummymail.com,developer
775,Winifred,Fairweather,Winifred.Fairweather@dummymail.com,Winifred.Fairweather@dummymail.com,doctor
776,Emma,Gaal,Emma.Gaal@dummymail.com,Emma.Gaal@dummymail.com,doctor
777,Valeda,Bryna,Valeda.Bryna@dummymail.com,Valeda.Bryna@dummymail.com,worker
778,Rozele,Si,Rozele.Si@dummymail.com,Rozele.Si@dummymail.com,police officer
779,Mariann,Voletta,Mariann.Voletta@dummymail.com,Mariann.Voletta@dummymail.com,worker
780,Wileen,Kylander,Wileen.Kylander@dummymail.com,Wileen.Kylander@dummymail.com,police officer
781,Alameda,Tengdin,Alameda.Tengdin@dummymail.com,Alameda.Tengdin@dummymail.com,worker
782,Rhea,Granoff,Rhea.Granoff@dummymail.com,Rhea.Granoff@dummymail.com,developer
783,Carmencita,Primalia,Carmencita.Primalia@dummymail.com,Carmencita.Primalia@dummymail.com,worker
784,Atlanta,Johnsson,Atlanta.Johnsson@dummymail.com,Atlanta.Johnsson@dummymail.com,worker
785,Hildegaard,Chauncey,Hildegaard.Chauncey@dummymail.com,Hildegaard.Chauncey@dummymail.com,worker
786,Laurene,Allina,Laurene.Allina@dummymail.com,Laurene.Allina@dummymail.com,developer
787,Cecile,Hazlett,Cecile.Hazlett@dummymail.com,Cecile.Hazlett@dummymail.com,worker
788,Ardeen,Gemini,Ardeen.Gemini@dummymail.com,Ardeen.Gemini@dummymail.com,doctor
789,Vivia,Byrne,Vivia.Byrne@dummymail.com,Vivia.Byrne@dummymail.com,developer
790,Debee,Fredi,Debee.Fredi@dummymail.com,Debee.Fredi@dummymail.com,police officer
791,Dede,Guthrie,Dede.Guthrie@dummymail.com,Dede.Guthrie@dummymail.com,police officer
792,Marita,Weaks,Marita.Weaks@dummymail.com,Marita.Weaks@dummymail.com,firefighter
793,Aaren,Fabiola,Aaren.Fabiola@dummymail.com,Aaren.Fabiola@dummymail.com,doctor
794,Daune,Ardra,Daune.Ardra@dummymail.com,Daune.Ardra@dummymail.com,doctor
795,Joeann,Iaverne,Joeann.Iaverne@dummymail.com,Joeann.Iaverne@dummymail.com,worker
796,Coral,Lunsford,Coral.Lunsford@dummymail.com,Coral.Lunsford@dummymail.com,doctor
797,Dulce,Emmaline,Dulce.Emmaline@dummymail.com,Dulce.Emmaline@dummymail.com,developer
798,Codie,Keily,Codie.Keily@dummymail.com,Codie.Keily@dummymail.com,worker
799,Zsa Zsa,Garrison,Zsa Zsa.Garrison@dummymail.com,Zsa Zsa.Garrison@dummymail.com,firefighter
800,Ottilie,Gabrielli,Ottilie.Gabrielli@dummymail.com,Ottilie.Gabrielli@dummymail.com,firefighter
801,Florencia,Stefa,Florencia.Stefa@dummymail.com,Florencia.Stefa@dummymail.com,worker
802,Annaliese,Oneida,Annaliese.Oneida@dummymail.com,Annaliese.Oneida@dummymail.com,developer
803,Katleen,Gunn,Katleen.Gunn@dummymail.com,Katleen.Gunn@dummymail.com,firefighter
804,Pierette,Daegal,Pierette.Daegal@dummymail.com,Pierette.Daegal@dummymail.com,developer
805,Farrah,Hutchison,Farrah.Hutchison@dummymail.com,Farrah.Hutchison@dummymail.com,police officer
806,Wanda,Constancy,Wanda.Constancy@dummymail.com,Wanda.Constancy@dummymail.com,developer
807,Kary,Dominy,Kary.Dominy@dummymail.com,Kary.Dominy@dummymail.com,police officer
808,Lorne,Gwenore,Lorne.Gwenore@dummymail.com,Lorne.Gwenore@dummymail.com,developer
809,Tomasina,Thomasina,Tomasina.Thomasina@dummymail.com,Tomasina.Thomasina@dummymail.com,police officer
810,Jorry,Chauncey,Jorry.Chauncey@dummymail.com,Jorry.Chauncey@dummymail.com,firefighter
811,Andree,Maisey,Andree.Maisey@dummymail.com,Andree.Maisey@dummymail.com,doctor
812,Augustine,Argus,Augustine.Argus@dummymail.com,Augustine.Argus@dummymail.com,worker
813,Jessy,Parsaye,Jessy.Parsaye@dummymail.com,Jessy.Parsaye@dummymail.com,developer
814,Justinn,Dex,Justinn.Dex@dummymail.com,Justinn.Dex@dummymail.com,worker
815,Arlena,Grobe,Arlena.Grobe@dummymail.com,Arlena.Grobe@dummymail.com,worker
816,Mady,Hanleigh,Mady.Hanleigh@dummymail.com,Mady.Hanleigh@dummymail.com,worker
817,Dotty,Darrell,Dotty.Darrell@dummymail.com,Dotty.Darrell@dummymail.com,developer
818,Shel,Bonilla,Shel.Bonilla@dummymail.com,Shel.Bonilla@dummymail.com,developer
819,Ashlee,Kristi,Ashlee.Kristi@dummymail.com,Ashlee.Kristi@dummymail.com,police officer
820,Juliane,Hurley,Juliane.Hurley@dummymail.com,Juliane.Hurley@dummymail.com,doctor
821,Mariele,Read,Mariele.Read@dummymail.com,Mariele.Read@dummymail.com,police officer
822,Veda,Parette,Veda.Parette@dummymail.com,Veda.Parette@dummymail.com,police officer
823,Diena,Emmaline,Diena.Emmaline@dummymail.com,Diena.Emmaline@dummymail.com,police officer
824,Marinna,Valoniah,Marinna.Valoniah@dummymail.com,Marinna.Valoniah@dummymail.com,worker
825,Phedra,Chabot,Phedra.Chabot@dummymail.com,Phedra.Chabot@dummymail.com,developer
826,Gratia,Elo,Gratia.Elo@dummymail.com,Gratia.Elo@dummymail.com,developer
827,Jorry,Francene,Jorry.Francene@dummymail.com,Jorry.Francene@dummymail.com,firefighter
828,Ardeen,Corilla,Ardeen.Corilla@dummymail.com,Ardeen.Corilla@dummymail.com,police officer
829,Donnie,Timon,Donnie.Timon@dummymail.com,Donnie.Timon@dummymail.com,developer
830,Madeleine,Bonucci,Madeleine.Bonucci@dummymail.com,Madeleine.Bonucci@dummymail.com,doctor
831,Elyssa,Klemperer,Elyssa.Klemperer@dummymail.com,Elyssa.Klemperer@dummymail.com,police officer
832,Sophia,Fry,Sophia.Fry@dummymail.com,Sophia.Fry@dummymail.com,developer
833,Carree,Ardeha,Carree.Ardeha@dummymail.com,Carree.Ardeha@dummymail.com,doctor
834,Carilyn,Lucienne,Carilyn.Lucienne@dummymail.com,Carilyn.Lucienne@dummymail.com,firefighter
835,Jan,Raimondo,Jan.Raimondo@dummymail.com,Jan.Raimondo@dummymail.com,firefighter
836,Hayley,Creamer,Hayley.Creamer@dummymail.com,Hayley.Creamer@dummymail.com,doctor
837,Fredericka,Screens,Fredericka.Screens@dummymail.com,Fredericka.Screens@dummymail.com,doctor
838,Patricia,Swigart,Patricia.Swigart@dummymail.com,Patricia.Swigart@dummymail.com,developer
839,Bernardine,Roarke,Bernardine.Roarke@dummymail.com,Bernardine.Roarke@dummymail.com,worker
840,Bobbi,Amand,Bobbi.Amand@dummymail.com,Bobbi.Amand@dummymail.com,firefighter
841,Ileana,Sidonius,Ileana.Sidonius@dummymail.com,Ileana.Sidonius@dummymail.com,doctor
842,Molli,Carey,Molli.Carey@dummymail.com,Molli.Carey@dummymail.com,worker
843,Gratia,Rhu,Gratia.Rhu@dummymail.com,Gratia.Rhu@dummymail.com,worker
844,Harmonia,Sekofski,Harmonia.Sekofski@dummymail.com,Harmonia.Sekofski@dummymail.com,developer
845,Yolane,Jobi,Yolane.Jobi@dummymail.com,Yolane.Jobi@dummymail.com,police officer
846,Loree,Anton,Loree.Anton@dummymail.com,Loree.Anton@dummymail.com,police officer
847,Evita,Naor,Evita.Naor@dummymail.com,Evita.Naor@dummymail.com,worker
848,Laure,Cohdwell,Laure.Cohdwell@dummymail.com,Laure.Cohdwell@dummymail.com,police officer
849,Vere,Mehalek,Vere.Mehalek@dummymail.com,Vere.Mehalek@dummymail.com,developer
850,Christal,Tippets,Christal.Tippets@dummymail.com,Christal.Tippets@dummymail.com,worker
851,Giustina,Casimir,Giustina.Casimir@dummymail.com,Giustina.Casimir@dummymail.com,firefighter
852,Eugine,Goldina,Eugine.Goldina@dummymail.com,Eugine.Goldina@dummymail.com,doctor
853,Andeee,Nisbet,Andeee.Nisbet@dummymail.com,Andeee.Nisbet@dummymail.com,developer
854,Nessie,Nelsen,Nessie.Nelsen@dummymail.com,Nessie.Nelsen@dummymail.com,doctor
855,Nessie,Medrek,Nessie.Medrek@dummymail.com,Nessie.Medrek@dummymail.com,developer
856,Orsola,Gladstone,Orsola.Gladstone@dummymail.com,Orsola.Gladstone@dummymail.com,developer
857,Leanna,Nedrud,Leanna.Nedrud@dummymail.com,Leanna.Nedrud@dummymail.com,doctor
858,Loree,Gower,Loree.Gower@dummymail.com,Loree.Gower@dummymail.com,firefighter
859,Dagmar,Ferrell,Dagmar.Ferrell@dummymail.com,Dagmar.Ferrell@dummymail.com,worker
860,Catrina,Kolnick,Catrina.Kolnick@dummymail.com,Catrina.Kolnick@dummymail.com,doctor
861,Mignon,Skurnik,Mignon.Skurnik@dummymail.com,Mignon.Skurnik@dummymail.com,worker
862,Renie,Hilbert,Renie.Hilbert@dummymail.com,Renie.Hilbert@dummymail.com,worker
863,Jessamyn,Hylan,Jessamyn.Hylan@dummymail.com,Jessamyn.Hylan@dummymail.com,developer
864,Marinna,Giff,Marinna.Giff@dummymail.com,Marinna.Giff@dummymail.com,police officer
865,Consuela,Payson,Consuela.Payson@dummymail.com,Consuela.Payson@dummymail.com,doctor
866,Tarra,Dearborn,Tarra.Dearborn@dummymail.com,Tarra.Dearborn@dummymail.com,worker
867,Maye,Sheedy,Maye.Sheedy@dummymail.com,Maye.Sheedy@dummymail.com,firefighter
868,Mathilda,Blase,Mathilda.Blase@dummymail.com,Mathilda.Blase@dummymail.com,developer
869,Tera,Rona,Tera.Rona@dummymail.com,Tera.Rona@dummymail.com,doctor
870,Pearline,Tound,Pearline.Tound@dummymail.com,Pearline.Tound@dummymail.com,worker
871,Annecorinne,Ferino,Annecorinne.Ferino@dummymail.com,Annecorinne.Ferino@dummymail.com,police officer
872,Molli,Oscar,Molli.Oscar@dummymail.com,Molli.Oscar@dummymail.com,firefighter
873,Amara,Meli,Amara.Meli@dummymail.com,Amara.Meli@dummymail.com,firefighter
874,Ellette,Gert,Ellette.Gert@dummymail.com,Ellette.Gert@dummymail.com,worker
875,Sheree,Even,Sheree.Even@dummymail.com,Sheree.Even@dummymail.com,police officer
876,Penelopa,Stilwell,Penelopa.Stilwell@dummymail.com,Penelopa.Stilwell@dummymail.com,worker
877,Kathy,Slifka,Kathy.Slifka@dummymail.com,Kathy.Slifka@dummymail.com,police officer
878,Josephine,Schroth,Josephine.Schroth@dummymail.com,Josephine.Schroth@dummymail.com,worker
879,Laurene,Seligman,Laurene.Seligman@dummymail.com,Laurene.Seligman@dummymail.com,police officer
880,Belva,Eliathas,Belva.Eliathas@dummymail.com,Belva.Eliathas@dummymail.com,police officer
881,Carol-Jean,Mendez,Carol-Jean.Mendez@dummymail.com,Carol-Jean.Mendez@dummymail.com,developer
882,Odessa,Thar,Odessa.Thar@dummymail.com,Odessa.Thar@dummymail.com,firefighter
883,Glenda,Durante,Glenda.Durante@dummymail.com,Glenda.Durante@dummymail.com,developer
884,Babita,Harned,Babita.Harned@dummymail.com,Babita.Harned@dummymail.com,police officer
885,Penelopa,Knowling,Penelopa.Knowling@dummymail.com,Penelopa.Knowling@dummymail.com,firefighter
886,Brietta,Alarise,Brietta.Alarise@dummymail.com,Brietta.Alarise@dummymail.com,worker
887,Viki,Himelman,Viki.Himelman@dummymail.com,Viki.Himelman@dummymail.com,police officer
888,Brianna,Kosey,Brianna.Kosey@dummymail.com,Brianna.Kosey@dummymail.com,doctor
889,Gaylene,Goerke,Gaylene.Goerke@dummymail.com,Gaylene.Goerke@dummymail.com,police officer
890,Edyth,Franza,Edyth.Franza@dummymail.com,Edyth.Franza@dummymail.com,firefighter
891,Misha,Behre,Misha.Behre@dummymail.com,Misha.Behre@dummymail.com,developer
892,Ursulina,Karl,Ursulina.Karl@dummymail.com,Ursulina.Karl@dummymail.com,developer
893,Elbertina,Girardo,Elbertina.Girardo@dummymail.com,Elbertina.Girardo@dummymail.com,developer
894,Kylynn,Schroth,Kylynn.Schroth@dummymail.com,Kylynn.Schroth@dummymail.com,worker
895,Frank,Sparhawk,Frank.Sparhawk@dummymail.com,Frank.Sparhawk@dummymail.com,developer
896,Renae,Stoller,Renae.Stoller@dummymail.com,Renae.Stoller@dummymail.com,worker
897,Janeczka,Barrus,Janeczka.Barrus@dummymail.com,Janeczka.Barrus@dummymail.com,firefighter
898,Mildrid,Ralfston,Mildrid.Ralfston@dummymail.com,Mildrid.Ralfston@dummymail.com,firefighter
899,Melisent,Primalia,Melisent.Primalia@dummymail.com,Melisent.Primalia@dummymail.com,firefighter
900,Sara-Ann,Terrence,Sara-Ann.Terrence@dummymail.com,Sara-Ann.Terrence@dummymail.com,developer
901,Alie,Angelis,Alie.Angelis@dummymail.com,Alie.Angelis@dummymail.com,developer
902,Ricky,Ashely,Ricky.Ashely@dummymail.com,Ricky.Ashely@dummymail.com,doctor
903,Petronia,Behre,Petronia.Behre@dummymail.com,Petronia.Behre@dummymail.com,firefighter
904,Tonia,Suk,Tonia.Suk@dummymail.com,Tonia.Suk@dummymail.com,worker
905,Elie,Saint,Elie.Saint@dummymail.com,Elie.Saint@dummymail.com,police officer
906,Kayla,Clywd,Kayla.Clywd@dummymail.com,Kayla.Clywd@dummymail.com,doctor
907,Kamilah,Pauly,Kamilah.Pauly@dummymail.com,Kamilah.Pauly@dummymail.com,firefighter
908,Jaime,Infield,Jaime.Infield@dummymail.com,Jaime.Infield@dummymail.com,police officer
909,Magdalena,Helve,Magdalena.Helve@dummymail.com,Magdalena.Helve@dummymail.com,doctor
910,Hyacinthe,Mich,Hyacinthe.Mich@dummymail.com,Hyacinthe.Mich@dummymail.com,police officer
911,Joeann,Berriman,Joeann.Berriman@dummymail.com,Joeann.Berriman@dummymail.com,firefighter
912,Harrietta,Docilla,Harrietta.Docilla@dummymail.com,Harrietta.Docilla@dummymail.com,firefighter
913,Chandra,Anestassia,Chandra.Anestassia@dummymail.com,Chandra.Anestassia@dummymail.com,developer
914,Marita,Leler,Marita.Leler@dummymail.com,Marita.Leler@dummymail.com,doctor
915,Noelle,Berard,Noelle.Berard@dummymail.com,Noelle.Berard@dummymail.com,developer
916,Mellicent,Egbert,Mellicent.Egbert@dummymail.com,Mellicent.Egbert@dummymail.com,worker
917,Henriette,Stacy,Henriette.Stacy@dummymail.com,Henriette.Stacy@dummymail.com,doctor
918,Correy,Bluh,Correy.Bluh@dummymail.com,Correy.Bluh@dummymail.com,doctor
919,Ida,Yorick,Ida.Yorick@dummymail.com,Ida.Yorick@dummymail.com,doctor
920,Rosene,Gombach,Rosene.Gombach@dummymail.com,Rosene.Gombach@dummymail.com,police officer
921,Julieta,Khorma,Julieta.Khorma@dummymail.com,Julieta.Khorma@dummymail.com,worker
922,Lesly,Adamsen,Lesly.Adamsen@dummymail.com,Lesly.Adamsen@dummymail.com,doctor
923,Cathie,Lory,Cathie.Lory@dummymail.com,Cathie.Lory@dummymail.com,doctor
924,Brena,Rolf,Brena.Rolf@dummymail.com,Brena.Rolf@dummymail.com,police officer
925,Jasmina,Riordan,Jasmina.Riordan@dummymail.com,Jasmina.Riordan@dummymail.com,police officer
926,Angela,Reinke,Angela.Reinke@dummymail.com,Angela.Reinke@dummymail.com,firefighter
927,Rosabelle,Lareena,Rosabelle.Lareena@dummymail.com,Rosabelle.Lareena@dummymail.com,police officer
928,Rozele,Hepsibah,Rozele.Hepsibah@dummymail.com,Rozele.Hepsibah@dummymail.com,worker
929,Laurene,Pyle,Laurene.Pyle@dummymail.com,Laurene.Pyle@dummymail.com,developer
930,Andree,Wilona,Andree.Wilona@dummymail.com,Andree.Wilona@dummymail.com,developer
931,Elyssa,Johanna,Elyssa.Johanna@dummymail.com,Elyssa.Johanna@dummymail.com,police officer
932,Phedra,Kazimir,Phedra.Kazimir@dummymail.com,Phedra.Kazimir@dummymail.com,doctor
933,Wendi,Grimbly,Wendi.Grimbly@dummymail.com,Wendi.Grimbly@dummymail.com,developer
934,Joceline,Kazimir,Joceline.Kazimir@dummymail.com,Joceline.Kazimir@dummymail.com,worker
935,Ann-Marie,Kirbee,Ann-Marie.Kirbee@dummymail.com,Ann-Marie.Kirbee@dummymail.com,firefighter
936,Hayley,Giule,Hayley.Giule@dummymail.com,Hayley.Giule@dummymail.com,firefighter
937,Paola,Nadia,Paola.Nadia@dummymail.com,Paola.Nadia@dummymail.com,developer
938,Dania,Bennie,Dania.Bennie@dummymail.com,Dania.Bennie@dummymail.com,police officer
939,Dorthy,Kare,Dorthy.Kare@dummymail.com,Dorthy.Kare@dummymail.com,firefighter
940,Jacquetta,Brian,Jacquetta.Brian@dummymail.com,Jacquetta.Brian@dummymail.com,developer
941,Althea,Zeeba,Althea.Zeeba@dummymail.com,Althea.Zeeba@dummymail.com,police officer
942,Catrina,Elbertina,Catrina.Elbertina@dummymail.com,Catrina.Elbertina@dummymail.com,worker
943,Mallory,Halsey,Mallory.Halsey@dummymail.com,Mallory.Halsey@dummymail.com,doctor
944,Elvira,Maurine,Elvira.Maurine@dummymail.com,Elvira.Maurine@dummymail.com,doctor
945,Desirae,Percy,Desirae.Percy@dummymail.com,Desirae.Percy@dummymail.com,developer
946,Lorenza,Weide,Lorenza.Weide@dummymail.com,Lorenza.Weide@dummymail.com,worker
947,Di,Hepsibah,Di.Hepsibah@dummymail.com,Di.Hepsibah@dummymail.com,developer
948,Celestyna,Nerita,Celestyna.Nerita@dummymail.com,Celestyna.Nerita@dummymail.com,doctor
949,Joleen,Sekofski,Joleen.Sekofski@dummymail.com,Joleen.Sekofski@dummymail.com,worker
950,Bibby,Rozanna,Bibby.Rozanna@dummymail.com,Bibby.Rozanna@dummymail.com,doctor
951,Tracey,Sisile,Tracey.Sisile@dummymail.com,Tracey.Sisile@dummymail.com,doctor
952,Shaine,Wareing,Shaine.Wareing@dummymail.com,Shaine.Wareing@dummymail.com,doctor
953,Bertine,Aloise,Bertine.Aloise@dummymail.com,Bertine.Aloise@dummymail.com,firefighter
954,Carree,Papageno,Carree.Papageno@dummymail.com,Carree.Papageno@dummymail.com,firefighter
955,Violet,Isacco,Violet.Isacco@dummymail.com,Violet.Isacco@dummymail.com,firefighter
956,Coral,Destinee,Coral.Destinee@dummymail.com,Coral.Destinee@dummymail.com,worker
957,Chloris,Latini,Chloris.Latini@dummymail.com,Chloris.Latini@dummymail.com,firefighter
958,Rubie,Ortrude,Rubie.Ortrude@dummymail.com,Rubie.Ortrude@dummymail.com,developer
959,Madelle,Korey,Madelle.Korey@dummymail.com,Madelle.Korey@dummymail.com,police officer
960,Gerrie,Wandie,Gerrie.Wandie@dummymail.com,Gerrie.Wandie@dummymail.com,firefighter
961,Pearline,Greyson,Pearline.Greyson@dummymail.com,Pearline.Greyson@dummymail.com,firefighter
962,Ingrid,Armanda,Ingrid.Armanda@dummymail.com,Ingrid.Armanda@dummymail.com,developer
963,Alexine,Merna,Alexine.Merna@dummymail.com,Alexine.Merna@dummymail.com,firefighter
964,Caryl,Toor,Caryl.Toor@dummymail.com,Caryl.Toor@dummymail.com,doctor
965,Delilah,Granoff,Delilah.Granoff@dummymail.com,Delilah.Granoff@dummymail.com,firefighter
966,Rosaline,Irmine,Rosaline.Irmine@dummymail.com,Rosaline.Irmine@dummymail.com,firefighter
967,Hettie,Maribeth,Hettie.Maribeth@dummymail.com,Hettie.Maribeth@dummymail.com,doctor
968,Sonni,Karna,Sonni.Karna@dummymail.com,Sonni.Karna@dummymail.com,worker
969,Cassondra,Arne,Cassondra.Arne@dummymail.com,Cassondra.Arne@dummymail.com,developer
970,Eve,Burkle,Eve.Burkle@dummymail.com,Eve.Burkle@dummymail.com,firefighter
971,Chloris,Adore,Chloris.Adore@dummymail.com,Chloris.Adore@dummymail.com,doctor
972,Alex,Jefferey,Alex.Jefferey@dummymail.com,Alex.Jefferey@dummymail.com,doctor
973,Rayna,Tayib,Rayna.Tayib@dummymail.com,Rayna.Tayib@dummymail.com,doctor
974,Caressa,Margarete,Caressa.Margarete@dummymail.com,Caressa.Margarete@dummymail.com,doctor
975,Glynnis,Minetta,Glynnis.Minetta@dummymail.com,Glynnis.Minetta@dummymail.com,worker
976,Tomasina,Goldina,Tomasina.Goldina@dummymail.com,Tomasina.Goldina@dummymail.com,developer
977,Fawne,Kauppi,Fawne.Kauppi@dummymail.com,Fawne.Kauppi@dummymail.com,police officer
978,Ketti,Aldric,Ketti.Aldric@dummymail.com,Ketti.Aldric@dummymail.com,developer
979,Merci,Goldina,Merci.Goldina@dummymail.com,Merci.Goldina@dummymail.com,developer
980,Moyna,Honoria,Moyna.Honoria@dummymail.com,Moyna.Honoria@dummymail.com,police officer
981,Korrie,Baudin,Korrie.Baudin@dummymail.com,Korrie.Baudin@dummymail.com,worker
982,Mariele,Glovsky,Mariele.Glovsky@dummymail.com,Mariele.Glovsky@dummymail.com,worker
983,Gui,Soneson,Gui.Soneson@dummymail.com,Gui.Soneson@dummymail.com,developer
984,Angelique,Louanna,Angelique.Louanna@dummymail.com,Angelique.Louanna@dummymail.com,doctor
985,Kayla,Halsey,Kayla.Halsey@dummymail.com,Kayla.Halsey@dummymail.com,firefighter
986,Ida,Roarke,Ida.Roarke@dummymail.com,Ida.Roarke@dummymail.com,developer
987,Benita,Fulmer,Benita.Fulmer@dummymail.com,Benita.Fulmer@dummymail.com,worker
988,Ardenia,Libna,Ardenia.Libna@dummymail.com,Ardenia.Libna@dummymail.com,worker
989,Fredericka,Lymann,Fredericka.Lymann@dummymail.com,Fredericka.Lymann@dummymail.com,firefighter
990,Cyb,Leopold,Cyb.Leopold@dummymail.com,Cyb.Leopold@dummymail.com,doctor
991,Anestassia,Willie,Anestassia.Willie@dummymail.com,Anestassia.Willie@dummymail.com,firefighter
992,Elfreda,Fadiman,Elfreda.Fadiman@dummymail.com,Elfreda.Fadiman@dummymail.com,developer
993,Shannah,Honoria,Shannah.Honoria@dummymail.com,Shannah.Honoria@dummymail.com,doctor
994,Eadie,Raul,Eadie.Raul@dummymail.com,Eadie.Raul@dummymail.com,police officer
995,Nannie,Anastatius,Nannie.Anastatius@dummymail.com,Nannie.Anastatius@dummymail.com,developer
996,Demetris,Yusuk,Demetris.Yusuk@dummymail.com,Demetris.Yusuk@dummymail.com,developer
997,Amelia,Devlen,Amelia.Devlen@dummymail.com,Amelia.Devlen@dummymail.com,doctor
998,Leontine,Nea,Leontine.Nea@dummymail.com,Leontine.Nea@dummymail.com,worker
999,Latisha,Koziara,Latisha.Koziara@dummymail.com,Latisha.Koziara@dummymail.com,firefighter
1000,Meg,Joli,Meg.Joli@dummymail.com,Meg.Joli@dummymail.com,doctor
1001,Aubrie,Rocray,Aubrie.Rocray@dummymail.com,Aubrie.Rocray@dummymail.com,doctor
1002,Blinni,Ferino,Blinni.Ferino@dummymail.com,Blinni.Ferino@dummymail.com,doctor
1003,Sindee,Nikaniki,Sindee.Nikaniki@dummymail.com,Sindee.Nikaniki@dummymail.com,firefighter
1004,Katleen,Maxi,Katleen.Maxi@dummymail.com,Katleen.Maxi@dummymail.com,developer
1005,Orelia,Gherardo,Orelia.Gherardo@dummymail.com,Orelia.Gherardo@dummymail.com,doctor
1006,Eve,Kelula,Eve.Kelula@dummymail.com,Eve.Kelula@dummymail.com,worker
1007,Viviene,Raama,Viviene.Raama@dummymail.com,Viviene.Raama@dummymail.com,worker
1008,Andree,Merat,Andree.Merat@dummymail.com,Andree.Merat@dummymail.com,doctor
1009,Lelah,Maryanne,Lelah.Maryanne@dummymail.com,Lelah.Maryanne@dummymail.com,worker
1010,Corry,Ehrman,Corry.Ehrman@dummymail.com,Corry.Ehrman@dummymail.com,police officer
1011,Heida,Croix,Heida.Croix@dummymail.com,Heida.Croix@dummymail.com,police officer
1012,Olivette,Montgomery,Olivette.Montgomery@dummymail.com,Olivette.Montgomery@dummymail.com,firefighter
1013,Roseline,Brackely,Roseline.Brackely@dummymail.com,Roseline.Brackely@dummymail.com,doctor
1014,Heddie,Gordon,Heddie.Gordon@dummymail.com,Heddie.Gordon@dummymail.com,doctor
1015,Shirlee,Jacqui,Shirlee.Jacqui@dummymail.com,Shirlee.Jacqui@dummymail.com,doctor
1016,Demetris,Gladstone,Demetris.Gladstone@dummymail.com,Demetris.Gladstone@dummymail.com,police officer
1017,Alameda,Rosalba,Alameda.Rosalba@dummymail.com,Alameda.Rosalba@dummymail.com,developer
1018,Ada,Faso,Ada.Faso@dummymail.com,Ada.Faso@dummymail.com,developer
1019,Shaine,Vale,Shaine.Vale@dummymail.com,Shaine.Vale@dummymail.com,worker
1020,Celisse,Callista,Celisse.Callista@dummymail.com,Celisse.Callista@dummymail.com,developer
1021,Tami,Leffen,Tami.Leffen@dummymail.com,Tami.Leffen@dummymail.com,police officer
1022,Judy,Kravits,Judy.Kravits@dummymail.com,Judy.Kravits@dummymail.com,police officer
1023,Nanete,Poppy,Nanete.Poppy@dummymail.com,Nanete.Poppy@dummymail.com,firefighter
1024,Elyssa,Annice,Elyssa.Annice@dummymail.com,Elyssa.Annice@dummymail.com,worker
1025,Anica,Schwejda,Anica.Schwejda@dummymail.com,Anica.Schwejda@dummymail.com,developer
1026,Shandie,Viddah,Shandie.Viddah@dummymail.com,Shandie.Viddah@dummymail.com,doctor
1027,Concettina,McGrody,Concettina.McGrody@dummymail.com,Concettina.McGrody@dummymail.com,firefighter
1028,Gusty,Docilla,Gusty.Docilla@dummymail.com,Gusty.Docilla@dummymail.com,developer
1029,Leontine,Howlyn,Leontine.Howlyn@dummymail.com,Leontine.Howlyn@dummymail.com,police officer
1030,Joceline,Atonsah,Joceline.Atonsah@dummymail.com,Joceline.Atonsah@dummymail.com,police officer
1031,Xylina,Joachim,Xylina.Joachim@dummymail.com,Xylina.Joachim@dummymail.com,developer
1032,Paule,Garbe,Paule.Garbe@dummymail.com,Paule.Garbe@dummymail.com,doctor
1033,Alyssa,Deegan,Alyssa.Deegan@dummymail.com,Alyssa.Deegan@dummymail.com,firefighter
1034,Jessy,Raul,Jessy.Raul@dummymail.com,Jessy.Raul@dummymail.com,developer
1035,Elyssa,Maurine,Elyssa.Maurine@dummymail.com,Elyssa.Maurine@dummymail.com,firefighter
1036,Elfreda,Pierette,Elfreda.Pierette@dummymail.com,Elfreda.Pierette@dummymail.com,developer
1037,Candy,McGrody,Candy.McGrody@dummymail.com,Candy.McGrody@dummymail.com,worker
1038,Tamqrah,Lorenz,Tamqrah.Lorenz@dummymail.com,Tamqrah.Lorenz@dummymail.com,firefighter
1039,Lonnie,Nahum,Lonnie.Nahum@dummymail.com,Lonnie.Nahum@dummymail.com,worker
1040,Robinia,Moseley,Robinia.Moseley@dummymail.com,Robinia.Moseley@dummymail.com,firefighter
1041,Aeriela,Raul,Aeriela.Raul@dummymail.com,Aeriela.Raul@dummymail.com,doctor
1042,Florencia,Wyn,Florencia.Wyn@dummymail.com,Florencia.Wyn@dummymail.com,firefighter
1043,Gretal,Agle,Gretal.Agle@dummymail.com,Gretal.Agle@dummymail.com,doctor
1044,Bernardine,Raychel,Bernardine.Raychel@dummymail.com,Bernardine.Raychel@dummymail.com,worker
1045,Ethel,Couture,Ethel.Couture@dummymail.com,Ethel.Couture@dummymail.com,developer
1046,Rani,Stoller,Rani.Stoller@dummymail.com,Rani.Stoller@dummymail.com,police officer
1047,Leeanne,Raul,Leeanne.Raul@dummymail.com,Leeanne.Raul@dummymail.com,police officer
1048,Roz,Adore,Roz.Adore@dummymail.com,Roz.Adore@dummymail.com,worker
1049,Maye,Dichy,Maye.Dichy@dummymail.com,Maye.Dichy@dummymail.com,firefighter
1050,Tori,Jess,Tori.Jess@dummymail.com,Tori.Jess@dummymail.com,doctor
1051,Roslyn,Fiann,Roslyn.Fiann@dummymail.com,Roslyn.Fiann@dummymail.com,worker
1052,Aili,Kaja,Aili.Kaja@dummymail.com,Aili.Kaja@dummymail.com,police officer
1053,Tatiania,Faust,Tatiania.Faust@dummymail.com,Tatiania.Faust@dummymail.com,doctor
1054,Mireielle,Merna,Mireielle.Merna@dummymail.com,Mireielle.Merna@dummymail.com,doctor
1055,Xylina,Wallis,Xylina.Wallis@dummymail.com,Xylina.Wallis@dummymail.com,police officer
1056,Courtnay,Baptlsta,Courtnay.Baptlsta@dummymail.com,Courtnay.Baptlsta@dummymail.com,worker
1057,Dede,Olnee,Dede.Olnee@dummymail.com,Dede.Olnee@dummymail.com,worker
1058,Sandie,Thomasina,Sandie.Thomasina@dummymail.com,Sandie.Thomasina@dummymail.com,doctor
1059,Susan,Jaylene,Susan.Jaylene@dummymail.com,Susan.Jaylene@dummymail.com,firefighter
1060,Kirstin,Desai,Kirstin.Desai@dummymail.com,Kirstin.Desai@dummymail.com,developer
1061,Emilia,Bashemeth,Emilia.Bashemeth@dummymail.com,Emilia.Bashemeth@dummymail.com,police officer
1062,Florie,Alrich,Florie.Alrich@dummymail.com,Florie.Alrich@dummymail.com,firefighter
1063,Minda,Center,Minda.Center@dummymail.com,Minda.Center@dummymail.com,firefighter
1064,Shaylyn,Allys,Shaylyn.Allys@dummymail.com,Shaylyn.Allys@dummymail.com,developer
1065,Kristan,Johnsson,Kristan.Johnsson@dummymail.com,Kristan.Johnsson@dummymail.com,doctor
1066,Merle,Septima,Merle.Septima@dummymail.com,Merle.Septima@dummymail.com,developer
1067,Marleah,Delila,Marleah.Delila@dummymail.com,Marleah.Delila@dummymail.com,firefighter
1068,Melanie,Othilia,Melanie.Othilia@dummymail.com,Melanie.Othilia@dummymail.com,developer
1069,Althea,Ephrem,Althea.Ephrem@dummymail.com,Althea.Ephrem@dummymail.com,developer
1070,Madelle,Elo,Madelle.Elo@dummymail.com,Madelle.Elo@dummymail.com,worker
1071,Edith,Cynar,Edith.Cynar@dummymail.com,Edith.Cynar@dummymail.com,doctor
1072,Elena,Katrine,Elena.Katrine@dummymail.com,Elena.Katrine@dummymail.com,doctor
1073,Dorthy,Bronk,Dorthy.Bronk@dummymail.com,Dorthy.Bronk@dummymail.com,police officer
1074,Meghann,Pernick,Meghann.Pernick@dummymail.com,Meghann.Pernick@dummymail.com,worker
1075,Collen,Clara,Collen.Clara@dummymail.com,Collen.Clara@dummymail.com,worker
1076,Marti,Penelopa,Marti.Penelopa@dummymail.com,Marti.Penelopa@dummymail.com,doctor
1077,Marline,Tatianas,Marline.Tatianas@dummymail.com,Marline.Tatianas@dummymail.com,police officer
1078,Flo,Fitzsimmons,Flo.Fitzsimmons@dummymail.com,Flo.Fitzsimmons@dummymail.com,police officer
1079,Hettie,Forrer,Hettie.Forrer@dummymail.com,Hettie.Forrer@dummymail.com,developer
1080,Anestassia,Arley,Anestassia.Arley@dummymail.com,Anestassia.Arley@dummymail.com,doctor
1081,Ellette,Melan,Ellette.Melan@dummymail.com,Ellette.Melan@dummymail.com,developer
1082,Karena,Rese,Karena.Rese@dummymail.com,Karena.Rese@dummymail.com,developer
1083,Sharlene,Dorcy,Sharlene.Dorcy@dummymail.com,Sharlene.Dorcy@dummymail.com,doctor
1084,Kimmy,Amethist,Kimmy.Amethist@dummymail.com,Kimmy.Amethist@dummymail.com,doctor
1085,Paola,Means,Paola.Means@dummymail.com,Paola.Means@dummymail.com,police officer
1086,Merrie,Ledah,Merrie.Ledah@dummymail.com,Merrie.Ledah@dummymail.com,firefighter
1087,Tobe,Salchunas,Tobe.Salchunas@dummymail.com,Tobe.Salchunas@dummymail.com,firefighter
1088,Kara-Lynn,Jotham,Kara-Lynn.Jotham@dummymail.com,Kara-Lynn.Jotham@dummymail.com,developer
1089,Barbi,Raama,Barbi.Raama@dummymail.com,Barbi.Raama@dummymail.com,developer
1090,Gwyneth,Buckler,Gwyneth.Buckler@dummymail.com,Gwyneth.Buckler@dummymail.com,worker
1091,Ursulina,Odysseus,Ursulina.Odysseus@dummymail.com,Ursulina.Odysseus@dummymail.com,doctor
1092,Calla,Alarise,Calla.Alarise@dummymail.com,Calla.Alarise@dummymail.com,doctor
1093,Wynne,Eliathas,Wynne.Eliathas@dummymail.com,Wynne.Eliathas@dummymail.com,firefighter
1094,Britte,Berriman,Britte.Berriman@dummymail.com,Britte.Berriman@dummymail.com,police officer
1095,Deirdre,Cavan,Deirdre.Cavan@dummymail.com,Deirdre.Cavan@dummymail.com,police officer
1096,Florie,Baylor,Florie.Baylor@dummymail.com,Florie.Baylor@dummymail.com,doctor
1097,Gwyneth,Wilona,Gwyneth.Wilona@dummymail.com,Gwyneth.Wilona@dummymail.com,worker
1098,Nataline,Rudolph,Nataline.Rudolph@dummymail.com,Nataline.Rudolph@dummymail.com,doctor
1099,Babita,Erb,Babita.Erb@dummymail.com,Babita.Erb@dummymail.com,developer