id,firstname,lastname,email,email2,profession
100,Florie,Lia,Florie.Lia@dummymail.com,Florie.Lia@dummymail.com,police officer
101,Renie,Colbert,Renie.Colbert@dummymail.com,Renie.Colbert@dummymail.com,police officer
102,Claudina,Madelene,Claudina.Madelene@dummymail.com,Claudina.Madelene@dummymail.com,doctor
103,Cherilyn,Ailyn,Cherilyn.Ailyn@dummymail.com,Cherilyn.Ailyn@dummymail.com,police officer
104,Shell,Callista,Shell.Callista@dummymail.com,Shell.Callista@dummymail.com,doctor
105,Meg,Daveta,Meg.Daveta@dummymail.com,Meg.Daveta@dummymail.com,developer
106,Rivalee,Rooney,Rivalee.Rooney@dummymail.com,Rivalee.Rooney@dummymail.com,police officer
107,Averyl,Zuzana,Averyl.Zuzana@dummymail.com,Averyl.Zuzana@dummymail.com,police officer
108,Agathe,Bearnard,Agathe.Bearnard@dummymail.com,Agathe.Bearnard@dummymail.com,developer
109,Jobi,Dex,Jobi.Dex@dummymail.com,Jobi.Dex@dummymail.com,worker
110,Maud,Tybald,Maud.Tybald@dummymail.com,Maud.Tybald@dummymail.com,worker
111,Dania,Stanwood,Dania.Stanwood@dummymail.com,Dania.Stanwood@dummymail.com,worker
112,Allyce,Buffum,Allyce.Buffum@dummymail.com,Allyce.Buffum@dummymail.com,doctor
113,Kirbee,Kylander,Kirbee.Kylander@dummymail.com,Kirbee.Kylander@dummymail.com,doctor
114,Kara-Lynn,Sasnett,Kara-Lynn.Sasnett@dummymail.com,Kara-Lynn.Sasnett@dummymail.com,police officer
115,Tracey,Teddman,Tracey.Teddman@dummymail.com,Tracey.Teddman@dummymail.com,firefighter
116,Donetta,Newell,Donetta.Newell@dummymail.com,Donetta.Newell@dummymail.com,police officer
117,Gianina,Hazlett,Gianina.Hazlett@dummymail.com,Gianina.Hazlett@dummymail.com,firefighter
118,Jaime,Cohdwell,Jaime.Cohdwell@dummymail.com,Jaime.Cohdwell@dummymail.com,developer
119,Ethel,Edee,Ethel.Edee@dummymail.com,Ethel.Edee@dummymail.com,doctor
120,Adele,Erich,Adele.Erich@dummymail.com,Adele.Erich@dummymail.com,developer
121,Briney,Isidore,Briney.Isidore@dummymail.com,Briney.Isidore@dummymail.com,police officer
122,Donetta,Lissi,Donetta.Lissi@dummymail.com,Donetta.Lissi@dummymail.com,doctor
123,Kassey,Jefferey,Kassey.Jefferey@dummymail.com,Kassey.Jefferey@dummymail.com,developer
124,Verla,Prouty,Verla.Prouty@dummymail.com,Verla.Prouty@dummymail.com,worker
125,Gaylene,Erminia,Gaylene.Erminia@dummymail.com,Gaylene.Erminia@dummymail.com,worker
126,Karlee,Lory,Karlee.Lory@dummymail.com,Karlee.Lory@dummymail.com,worker
127,Sarette,Cyrie,Sarette.Cyrie@dummymail.com,Sarette.Cyrie@dummymail.com,doctor
128,Britni,Sophronia,Britni.Sophronia@dummymail.com,Britni.Sophronia@dummymail.com,worker
129,Collen,Kat,Collen.Kat@dummymail.com,Collen.Kat@dummymail.com,doctor
130,Corene,Hieronymus,Corene.Hieronymus@dummymail.com,Corene.Hieronymus@dummymail.com,worker
131,Tami,Craggie,Tami.Craggie@dummymail.com,Tami.Craggie@dummymail.com,worker
132,Trudie,Koziara,Trudie.Koziara@dummymail.com,Trudie.Koziara@dummymail.com,firefighter
133,Gusty,Naashom,Gusty.Naashom@dummymail.com,Gusty.Naashom@dummymail.com,worker
134,Emma,Magdalen,Emma.Magdalen@dummymail.com,Emma.Magdalen@dummymail.com,worker
135,Mary,Michella,Mary.Michella@dummymail.com,Mary.Michella@dummymail.com,police officer
136,Joleen,Jefferey,Joleen.Jefferey@dummymail.com,Joleen.Jefferey@dummymail.com,doctor
137,Loree,Mike,Loree.Mike@dummymail.com,Loree.Mike@dummymail.com,doctor
138,Katharina,Thema,Katharina.Thema@dummymail.com,Katharina.Thema@dummymail.com,developer
139,Valera,Weaks,Valera.Weaks@dummymail.com,Valera.Weaks@dummymail.com,worker
140,Kial,Nahum,Kial.Nahum@dummymail.com,Kial.Nahum@dummymail.com,worker
141,Dyann,Sundin,Dyann.Sundin@dummymail.com,Dyann.Sundin@dummymail.com,police officer
142,Lulita,Anastatius,Lulita.Anastatius@dummymail.com,Lulita.Anastatius@dummymail.com,police officer
143,Orsola,Karylin,Orsola.Karylin@dummymail.com,Orsola.Karylin@dummymail.com,police officer
144,Rhoda,Glovsky,Rhoda.Glovsky@dummymail.com,Rhoda.Glovsky@dummymail.com,doctor
145,Cecile,Therine,Cecile.Therine@dummymail.com,Cecile.Therine@dummymail.com,police officer
146,Janeczka,Sothena,Janeczka.Sothena@dummymail.com,Janeczka.Sothena@dummymail.com,doctor
147,Marita,Firmin,Marita.Firmin@dummymail.com,Marita.Firmin@dummymail.com,firefighter
148,Jere,Woodberry,Jere.Woodberry@dummymail.com,Jere.Woodberry@dummymail.com,firefighter
149,Tybie,Elisha,Tybie.Elisha@dummymail.com,Tybie.Elisha@dummymail.com,doctor
150,Hettie,Darian,Hettie.Darian@dummymail.com,Hettie.Darian@dummymail.com,developer
151,Paola,Rozanna,Paola.Rozanna@dummymail.com,Paola.Rozanna@dummymail.com,worker
152,Sharlene,Gert,Sharlene.Gert@dummymail.com,Sharlene.Gert@dummymail.com,worker
153,Shell,Tengdin,Shell.Tengdin@dummymail.com,Shell.Tengdin@dummymail.com,firefighter
154,Mariele,Greenwald,Mariele.Greenwald@dummymail.com,Mariele.Greenwald@dummymail.com,worker
155,Anestassia,Etom,Anestassia.Etom@dummymail.com,Anestassia.Etom@dummymail.com,worker
156,Gratia,Love,Gratia.Love@dummymail.com,Gratia.Love@dummymail.com,developer
157,Wynne,Elvyn,Wynne.Elvyn@dummymail.com,Wynne.Elvyn@dummymail.com,doctor
158,Amelia,Newell,Amelia.Newell@dummymail.com,Amelia.Newell@dummymail.com,firefighter
159,Elvira,Alisia,Elvira.Alisia@dummymail.com,Elvira.Alisia@dummymail.com,doctor
160,Maisey,Timon,Maisey.Timon@dummymail.com,Maisey.Timon@dummymail.com,worker
161,Betta,Cecile,Betta.Cecile@dummymail.com,Betta.Cecile@dummymail.com,doctor
162,Linzy,Halla,Linzy.Halla@dummymail.com,Linzy.Halla@dummymail.com,doctor
163,Corene,Susannah,Corene.Susannah@dummymail.com,Corene.Susannah@dummymail.com,police officer
164,Julieta,Paine,Julieta.Paine@dummymail.com,Julieta.Paine@dummymail.com,firefighter
165,Binny,Tayib,Binny.Tayib@dummymail.com,Binny.Tayib@dummymail.com,firefighter
166,Chandra,Rolf,Chandra.Rolf@dummymail.com,Chandra.Rolf@dummymail.com,police officer
167,Allyce,Kimmie,Allyce.Kimmie@dummymail.com,Allyce.Kimmie@dummymail.com,firefighter
168,Arlina,Bryna,Arlina.Bryna@dummymail.com,Arlina.Bryna@dummymail.com,worker
169,Aryn,Abbot,Aryn.Abbot@dummymail.com,Aryn.Abbot@dummymail.com,police officer
170,Brynna,Prober,Brynna.Prober@dummymail.com,Brynna.Prober@dummymail.com,doctor
171,Florencia,Laurianne,Florencia.Laurianne@dummymail.com,Florencia.Laurianne@dummymail.com,worker
172,Bibby,Jefferey,Bibby.Jefferey@dummymail.com,Bibby.Jefferey@dummymail.com,doctor
173,Dolli,Hessler,Dolli.Hessler@dummymail.com,Dolli.Hessler@dummymail.com,doctor
174,Sara-Ann,Erlandson,Sara-Ann.Erlandson@dummymail.com,Sara-Ann.Erlandson@dummymail.com,developer
175,Raf,Mullane,Raf.Mullane@dummymail.com,Raf.Mullane@dummymail.com,police officer
176,Aubrie,Ferrell,Aubrie.Ferrell@dummymail.com,Aubrie.Ferrell@dummymail.com,developer
177,Mignon,Norvol,Mignon.Norvol@dummymail.com,Mignon.Norvol@dummymail.com,doctor
178,Cyndie,Hunfredo,Cyndie.Hunfredo@dummymail.com,Cyndie.Hunfredo@dummymail.com,developer
179,Myriam,Zetta,Myriam.Zetta@dummymail.com,Myriam.Zetta@dummymail.com,police officer
180,Vivia,Iphlgenia,Vivia.Iphlgenia@dummymail.com,Vivia.Iphlgenia@dummymail.com,worker
181,Almeta,Mauer,Almeta.Mauer@dummymail.com,Almeta.Mauer@dummymail.com,worker
182,Frank,Phi,Frank.Phi@dummymail.com,Frank.Phi@dummymail.com,firefighter
183,Marleah,Klotz,Marleah.Klotz@dummymail.com,Marleah.Klotz@dummymail.com,developer
184,Basia,Bigner,Basia.Bigner@dummymail.com,Basia.Bigner@dummymail.com,doctor
185,Emelina,Chinua,Emelina.Chinua@dummymail.com,Emelina.Chinua@dummymail.com,doctor
186,Vevay,Vittoria,Vevay.Vittoria@dummymail.com,Vevay.Vittoria@dummymail.com,firefighter
187,Louella,Greyson,Louella.Greyson@dummymail.com,Louella.Greyson@dummymail.com,doctor
188,Anestassia,Yerkovich,Anestassia.Yerkovich@dummymail.com,Anestassia.Yerkovich@dummymail.com,doctor
189,Abbie,Dowski,Abbie.Dowski@dummymail.com,Abbie.Dowski@dummymail.com,worker
190,Kial,Hertzfeld,Kial.Hertzfeld@dummymail.com,Kial.Hertzfeld@dummymail.com,doctor
191,Joy,Sherrie,Joy.Sherrie@dummymail.com,Joy.Sherrie@dummymail.com,police officer
192,Xylina,Ciro,Xylina.Ciro@dummymail.com,Xylina.Ciro@dummymail.com,worker
193,Kamilah,Nadia,Kamilah.Nadia@dummymail.com,Kamilah.Nadia@dummymail.com,doctor
194,Teriann,Sawtelle,Teriann.Sawtelle@dummymail.com,Teriann.Sawtelle@dummymail.com,doctor
195,Frances,Clarissa,Frances.Clarissa@dummymail.com,Frances.Clarissa@dummymail.com,firefighter
196,Fanchon,Sheedy,Fanchon.Sheedy@dummymail.com,Fanchon.Sheedy@dummymail.com,firefighter
197,Jsandye,Gwenore,Jsandye.Gwenore@dummymail.com,Jsandye.Gwenore@dummymail.com,firefighter
198,Ashlee,Nea,Ashlee.Nea@dummymail.com,Ashlee.Nea@dummymail.com,firefighter
199,Merrie,Calhoun,Merrie.Calhoun@dummymail.com,Merrie.Calhoun@dummymail.com,doctor
200,Babita,Sibyls,Babita.Sibyls@dummymail.com,Babita.Sibyls@dummymail.com,firefighter
201,Nickie,Colyer,Nickie.Colyer@dummymail.com,Nickie.Colyer@dummymail.com,doctor
202,Kamilah,Michella,Kamilah.Michella@dummymail.com,Kamilah.Michella@dummymail.com,police officer
203,Marika,Aloise,Marika.Aloise@dummymail.com,Marika.Aloise@dummymail.com,doctor
204,Nannie,Monaco,Nannie.Monaco@dummymail.com,Nannie.Monaco@dummymail.com,firefighter
205,Esmeralda,Morrill,Esmeralda.Morrill@dummymail.com,Esmeralda.Morrill@dummymail.com,developer
206,Fredericka,Kellby,Fredericka.Kellby@dummymail.com,Fredericka.Kellby@dummymail.com,firefighter
207,Bee,Bergman,Bee.Bergman@dummymail.com,Bee.Bergman@dummymail.com,police officer
208,Ernesta,Talia,Ernesta.Talia@dummymail.com,Ernesta.Talia@dummymail.com,police officer
209,Ricky,Sparhawk,Ricky.Sparhawk@dummymail.com,Ricky.Sparhawk@dummymail.com,worker
210,Binny,Mullane,Binny.Mullane@dummymail.com,Binny.Mullane@dummymail.com,police officer
211,Lolita,Letsou,Lolita.Letsou@dummymail.com,Lolita.Letsou@dummymail.com,doctor
212,Janeczka,Kannry,Janeczka.Kannry@dummymail.com,Janeczka.Kannry@dummymail.com,developer
213,Coral,Levey,Coral.Levey@dummymail.com,Coral.Levey@dummymail.com,police officer
214,Di,Marijo,Di.Marijo@dummymail.com,Di.Marijo@dummymail.com,worker
215,Modestia,Noman,Modestia.Noman@dummymail.com,Modestia.Noman@dummymail.com,firefighter
216,Anica,Bennie,Anica.Bennie@dummymail.com,Anica.Bennie@dummymail.com,developer
217,Alyssa,Brenn,Alyssa.Brenn@dummymail.com,Alyssa.Brenn@dummymail.com,firefighter
218,Genevra,Kazimir,Genevra.Kazimir@dummymail.com,Genevra.Kazimir@dummymail.com,worker
219,Zaria,Frodi,Zaria.Frodi@dummymail.com,Zaria.Frodi@dummymail.com,developer
220,Katharina,Kress,Katharina.Kress@dummymail.com,Katharina.Kress@dummymail.com,firefighter
221,Steffane,Valoniah,Steffane.Valoniah@dummymail.com,Steffane.Valoniah@dummymail.com,developer
222,Kate,Jagir,Kate.Jagir@dummymail.com,Kate.Jagir@dummymail.com,firefighter
223,Aryn,Lay,Aryn.Lay@dummymail.com,Aryn.Lay@dummymail.com,worker
224,Dotty,Melony,Dotty.Melony@dummymail.com,Dotty.Melony@dummymail.com,doctor
225,Ana,Billye,Ana.Billye@dummymail.com,Ana.Billye@dummymail.com,developer
226,Sherrie,Rebecka,Sherrie.Rebecka@dummymail.com,Sherrie.Rebecka@dummymail.com,worker
227,Suzette,Leary,Suzette.Leary@dummymail.com,Suzette.Leary@dummymail.com,doctor
228,Gilda,Yate,Gilda.Yate@dummymail.com,Gilda.Yate@dummymail.com,doctor
229,Nanete,Wolfgram,Nanete.Wolfgram@dummymail.com,Nanete.Wolfgram@dummymail.com,firefighter
230,Mariele,Sherrie,Mariele.Sherrie@dummymail.com,Mariele.Sherrie@dummymail.com,developer
231,Roseline,Ariella,Roseline.Ariella@dummymail.com,Roseline.Ariella@dummymail.com,police officer
232,Robbi,Kesley,Robbi.Kesley@dummymail.com,Robbi.Kesley@dummymail.com,worker
233,Gabi,Judye,Gabi.Judye@dummymail.com,Gabi.Judye@dummymail.com,police officer
234,Shandie,Bari,Shandie.Bari@dummymail.com,Shandie.Bari@dummymail.com,firefighter
235,Annice,Kristi,Annice.Kristi@dummymail.com,Annice.Kristi@dummymail.com,worker
236,Camile,Denis,Camile.Denis@dummymail.com,Camile.Denis@dummymail.com,doctor
237,Lauryn,Genna,Lauryn.Genna@dummymail.com,Lauryn.Genna@dummymail.com,police officer
238,Annecorinne,Zetta,Annecorinne.Zetta@dummymail.com,Annecorinne.Zetta@dummymail.com,worker
239,Ginnie,Diann,Ginnie.Diann@dummymail.com,Ginnie.Diann@dummymail.com,doctor
240,Melina,Grobe,Melina.Grobe@dummymail.com,Melina.Grobe@dummymail.com,firefighter
241,Dennie,Wilkinson,Dennie.Wilkinson@dummymail.com,Dennie.Wilkinson@dummymail.com,developer
242,Gabi,Fleeta,Gabi.Fleeta@dummymail.com,Gabi.Fleeta@dummymail.com,doctor
243,Karena,Ilka,Karena.Ilka@dummymail.com,Karena.Ilka@dummymail.com,developer
244,Lorne,Candy,Lorne.Candy@dummymail.com,Lorne.Candy@dummymail.com,developer
245,Petronia,Kolnick,Petronia.Kolnick@dummymail.com,Petronia.Kolnick@dummymail.com,developer
246,Regina,Malvino,Regina.Malvino@dummymail.com,Regina.Malvino@dummymail.com,firefighter
247,Giustina,Christal,Giustina.Christal@dummymail.com,Giustina.Christal@dummymail.com,firefighter
248,Collen,Rillings,Collen.Rillings@dummymail.com,Collen.Rillings@dummymail.com,firefighter
249,Katharina,Judye,Katharina.Judye@dummymail.com,Katharina.Judye@dummymail.com,firefighter
250,Alameda,Duwalt,Alameda.Duwalt@dummymail.com,Alameda.Duwalt@dummymail.com,developer
251,Gabi,Stoller,Gabi.Stoller@dummymail.com,Gabi.Stoller@dummymail.com,doctor
252,Vere,Raama,Vere.Raama@dummymail.com,Vere.Raama@dummymail.com,police officer
253,Tomasina,Rillings,Tomasina.Rillings@dummymail.com,Tomasina.Rillings@dummymail.com,developer
254,Randa,Haldas,Randa.Haldas@dummymail.com,Randa.Haldas@dummymail.com,police officer
255,Leona,Frodi,Leona.Frodi@dummymail.com,Leona.Frodi@dummymail.com,worker
256,Anestassia,Kamaria,Anestassia.Kamaria@dummymail.com,Anestassia.Kamaria@dummymail.com,police officer
257,Dotty,Alabaster,Dotty.Alabaster@dummymail.com,Dotty.Alabaster@dummymail.com,doctor
258,Kate,Millda,Kate.Millda@dummymail.com,Kate.Millda@dummymail.com,police officer
259,Joane,Meter,Joane.Meter@dummymail.com,Joane.Meter@dummymail.com,police officer
260,Caryl,Iphlgenia,Caryl.Iphlgenia@dummymail.com,Caryl.Iphlgenia@dummymail.com,worker
261,Jinny,Decato,Jinny.Decato@dummymail.com,Jinny.Decato@dummymail.com,firefighter
262,Demetris,Fiann,Demetris.Fiann@dummymail.com,Demetris.Fiann@dummymail.com,worker
263,Merci,Jefferey,Merci.Jefferey@dummymail.com,Merci.Jefferey@dummymail.com,firefighter
264,Elie,Florina,Elie.Florina@dummymail.com,Elie.Florina@dummymail.com,developer
265,Jan,Minetta,Jan.Minetta@dummymail.com,Jan.Minetta@dummymail.com,doctor
266,Molli,Bohlin,Molli.Bohlin@dummymail.com,Molli.Bohlin@dummymail.com,worker
267,Chickie,Nisbet,Chickie.Nisbet@dummymail.com,Chickie.Nisbet@dummymail.com,worker
268,Hettie,Carey,Hettie.Carey@dummymail.com,Hettie.Carey@dummymail.com,developer
269,Alisha,Carbo,Alisha.Carbo@dummymail.com,Alisha.Carbo@dummymail.com,doctor
270,Betta,Hull,Betta.Hull@dummymail.com,Betta.Hull@dummymail.com,firefighter
271,Maisey,Pettiford,Maisey.Pettiford@dummymail.com,Maisey.Pettiford@dummymail.com,doctor
272,Gratia,Carbo,Gratia.Carbo@dummymail.com,Gratia.Carbo@dummymail.com,worker
273,Cyb,Emmaline,Cyb.Emmaline@dummymail.com,Cyb.Emmaline@dummymail.com,police officer
274,Devina,Pozzy,Devina.Pozzy@dummymail.com,Devina.Pozzy@dummymail.com,developer
275,Sherrie,Garlinda,Sherrie.Garlinda@dummymail.com,Sherrie.Garlinda@dummymail.com,police officer
276,Andeee,Erb,Andeee.Erb@dummymail.com,Andeee.Erb@dummymail.com,developer
277,Emma,Seagraves,Emma.Seagraves@dummymail.com,Emma.Seagraves@dummymail.com,doctor
278,Marinna,Ophelia,Marinna.Ophelia@dummymail.com,Marinna.Ophelia@dummymail.com,doctor
279,Leanna,Gwenore,Leanna.Gwenore@dummymail.com,Leanna.Gwenore@dummymail.com,worker
280,Shel,Jotham,Shel.Jotham@dummymail.com,Shel.Jotham@dummymail.com,worker
281,Atlanta,Obed,Atlanta.Obed@dummymail.com,Atlanta.Obed@dummymail.com,worker
282,Marita,Brittani,Marita.Brittani@dummymail.com,Marita.Brittani@dummymail.com,firefighter
283,Dolli,Mike,Dolli.Mike@dummymail.com,Dolli.Mike@dummymail.com,police officer
284,Brandise,Paine,Brandise.Paine@dummymail.com,Brandise.Paine@dummymail.com,firefighter
285,Arabel,Corilla,Arabel.Corilla@dummymail.com,Arabel.Corilla@dummymail.com,police officer
286,Fernande,Goode,Fernande.Goode@dummymail.com,Fernande.Goode@dummymail.com,doctor
287,Nariko,Arvo,Nariko.Arvo@dummymail.com,Nariko.Arvo@dummymail.com,firefighter
288,Donetta,Darbie,Donetta.Darbie@dummymail.com,Donetta.Darbie@dummymail.com,police officer
289,Eolanda,McAdams,Eolanda.McAdams@dummymail.com,Eolanda.McAdams@dummymail.com,doctor
290,Tarra,Niles,Tarra.Niles@dummymail.com,Tarra.Niles@dummymail.com,firefighter
291,Jackie,Keelia,Jackie.Keelia@dummymail.com,Jackie.Keelia@dummymail.com,worker
292,Dianemarie,Serilda,Dianemarie.Serilda@dummymail.com,Dianemarie.Serilda@dummymail.com,developer
293,Magdalena,Hylan,Magdalena.Hylan@dummymail.com,Magdalena.Hylan@dummymail.com,worker
294,Rosanne,Haldas,Rosanne.Haldas@dummymail.com,Rosanne.Haldas@dummymail.com,police officer
295,Cathyleen,Euridice,Cathyleen.Euridice@dummymail.com,Cathyleen.Euridice@dummymail.com,worker
296,Janenna,Hanshaw,Janenna.Hanshaw@dummymail.com,Janenna.Hanshaw@dummymail.com,doctor
297,Kayla,Alabaster,Kayla.Alabaster@dummymail.com,Kayla.Alabaster@dummymail.com,firefighter
298,Maurene,Kravits,Maurene.Kravits@dummymail.com,Maurene.Kravits@dummymail.com,developer
299,Lorie,Ezar,Lorie.Ezar@dummymail.com,Lorie.Ezar@dummymail.com,developer
300,Dorthy,Dearborn,Dorthy.Dearborn@dummymail.com,Dorthy.Dearborn@dummymail.com,police officer
301,Merle,Burnside,Merle.Burnside@dummymail.com,Merle.Burnside@dummymail.com,worker
302,Carilyn,Corilla,Carilyn.Corilla@dummymail.com,Carilyn.Corilla@dummymail.com,developer
303,Amalie,Morgun,Amalie.Morgun@dummymail.com,Amalie.Morgun@dummymail.com,firefighter
304,Jessamyn,Fax,Jessamyn.Fax@dummymail.com,Jessamyn.Fax@dummymail.com,worker
305,Justinn,Ochs,Justinn.Ochs@dummymail.com,Justinn.Ochs@dummymail.com,developer
306,Joane,Hamil,Joane.Hamil@dummymail.com,Joane.Hamil@dummymail.com,worker
307,Carilyn,Travax,Carilyn.Travax@dummymail.com,Carilyn.Travax@dummymail.com,firefighter
308,Philis,Sekofski,Philis.Sekofski@dummymail.com,Philis.Sekofski@dummymail.com,doctor
309,Vonny,Pip,Vonny.Pip@dummymail.com,Vonny.Pip@dummymail.com,firefighter
310,Taffy,Redmond,Taffy.Redmond@dummymail.com,Taffy.Redmond@dummymail.com,developer
311,Dawn,Carbo,Dawn.Carbo@dummymail.com,Dawn.Carbo@dummymail.com,firefighter
312,Chickie,Niles,Chickie.Niles@dummymail.com,Chickie.Niles@dummymail.com,developer
313,Ottilie,Magdalen,Ottilie.Magdalen@dummymail.com,Ottilie.Magdalen@dummymail.com,developer
314,Carlie,Sharl,Carlie.Sharl@dummymail.com,Carlie.Sharl@dummymail.com,doctor
315,Arabel,Smitt,Arabel.Smitt@dummymail.com,Arabel.Smitt@dummymail.com,police officer
316,Danika,Avi,Danika.Avi@dummymail.com,Danika.Avi@dummymail.com,doctor
317,Barbara,Nore,Barbara.Nore@dummymail.com,Barbara.Nore@dummymail.com,developer
318,Fanchon,Honoria,Fanchon.Honoria@dummymail.com,Fanchon.Honoria@dummymail.com,doctor
319,Kelly,Elephus,Kelly.Elephus@dummymail.com,Kelly.Elephus@dummymail.com,worker
320,Sue,Bakerman,Sue.Bakerman@dummymail.com,Sue.Bakerman@dummymail.com,doctor
321,Fidelia,Horan,Fidelia.Horan@dummymail.com,Fidelia.Horan@dummymail.com,doctor
322,Corry,Rocray,Corry.Rocray@dummymail.com,Corry.Rocray@dummymail.com,worker
323,Kial,Hunfredo,Kial.Hunfredo@dummymail.com,Kial.Hunfredo@dummymail.com,developer
324,Ginnie,Jethro,Ginnie.Jethro@dummymail.com,Ginnie.Jethro@dummymail.com,doctor
325,Gratia,Nahum,Gratia.Nahum@dummymail.com,Gratia.Nahum@dummymail.com,developer
326,Charmaine,Monaco,Charmaine.Monaco@dummymail.com,Charmaine.Monaco@dummymail.com,police officer
327,Perry,Bashemeth,Perry.Bashemeth@dummymail.com,Perry.Bashemeth@dummymail.com,developer
328,Tabbatha,Cimbura,Tabbatha.Cimbura@dummymail.com,Tabbatha.Cimbura@dummymail.com,firefighter
329,Pearline,Roscoe,Pearline.Roscoe@dummymail.com,Pearline.Roscoe@dummymail.com,firefighter
330,Xylina,Dominy,Xylina.Dominy@dummymail.com,Xylina.Dominy@dummymail.com,worker
331,Brianna,Geffner,Brianna.Geffner@dummymail.com,Brianna.Geffner@dummymail.com,doctor
332,Cassondra,Gert,Cassondra.Gert@dummymail.com,Cassondra.Gert@dummymail.com,developer
333,Mellicent,Stephie,Mellicent.Stephie@dummymail.com,Mellicent.Stephie@dummymail.com,worker
334,Lucille,Gaspard,Lucille.Gaspard@dummymail.com,Lucille.Gaspard@dummymail.com,developer
335,Molli,Bach,Molli.Bach@dummymail.com,Molli.Bach@dummymail.com,worker
336,Clary,Timon,Clary.Timon@dummymail.com,Clary.Timon@dummymail.com,police officer
337,Jere,Diann,Jere.Diann@dummymail.com,Jere.Diann@dummymail.com,doctor
338,Luci,Alwin,Luci.Alwin@dummymail.com,Luci.Alwin@dummymail.com,firefighter
339,Kara-Lynn,Decato,Kara-Lynn.Decato@dummymail.com,Kara-Lynn.Decato@dummymail.com,firefighter
340,Fina,Cottle,Fina.Cottle@dummymail.com,Fina.Cottle@dummymail.com,firefighter
341,Claresta,Meter,Claresta.Meter@dummymail.com,Claresta.Meter@dummymail.com,developer
342,Annora,Stav,Annora.Stav@dummymail.com,Annora.Stav@dummymail.com,worker
343,Lanna,Hartnett,Lanna.Hartnett@dummymail.com,Lanna.Hartnett@dummymail.com,developer
344,Caressa,Allare,Caressa.Allare@dummymail.com,Caressa.Allare@dummymail.com,doctor
345,Gwenneth,Zrike,Gwenneth.Zrike@dummymail.com,Gwenneth.Zrike@dummymail.com,doctor
346,Bobbi,Montgomery,Bobbi.Montgomery@dummymail.com,Bobbi.Montgomery@dummymail.com,doctor
347,Danny,Elo,Danny.Elo@dummymail.com,Danny.Elo@dummymail.com,firefighter
348,Collen,Alabaster,Collen.Alabaster@dummymail.com,Collen.Alabaster@dummymail.com,doctor
349,Ottilie,Halsey,Ottilie.Halsey@dummymail.com,Ottilie.Halsey@dummymail.com,worker
350,Ursulina,Hylan,Ursulina.Hylan@dummymail.com,Ursulina.Hylan@dummymail.com,worker
351,Sue,Tacye,Sue.Tacye@dummymail.com,Sue.Tacye@dummymail.com,doctor
352,Chandra,Serilda,Chandra.Serilda@dummymail.com,Chandra.Serilda@dummymail.com,firefighter
353,Desirae,Merna,Desirae.Merna@dummymail.com,Desirae.Merna@dummymail.com,doctor
354,Norine,Cleavland,Norine.Cleavland@dummymail.com,Norine.Cleavland@dummymail.com,police officer
355,Norine,Mike,Norine.Mike@dummymail.com,Norine.Mike@dummymail.com,worker
356,Josephine,Ardeha,Josephine.Ardeha@dummymail.com,Josephine.Ardeha@dummymail.com,worker
357,Claudina,Sidonius,Claudina.Sidonius@dummymail.com,Claudina.Sidonius@dummymail.com,doctor
358,Reeba,Westphal,Reeba.Westphal@dummymail.com,Reeba.Westphal@dummymail.com,firefighter
359,Ginnie,Hedve,Ginnie.Hedve@dummymail.com,Ginnie.Hedve@dummymail.com,developer
360,Sissy,Ummersen,Sissy.Ummersen@dummymail.com,Sissy.Ummersen@dummymail.com,police officer
361,Kirstin,Flyn,Kirstin.Flyn@dummymail.com,Kirstin.Flyn@dummymail.com,developer
362,Tamqrah,Alabaster,Tamqrah.Alabaster@dummymail.com,Tamqrah.Alabaster@dummymail.com,developer
363,Pamella,Emmy,Pamella.Emmy@dummymail.com,Pamella.Emmy@dummymail.com,worker
364,Marsiella,Vacuva,Marsiella.Vacuva@dummymail.com,Marsiella.Vacuva@dummymail.com,doctor
365,Deloria,Baptlsta,Deloria.Baptlsta@dummymail.com,Deloria.Baptlsta@dummymail.com,doctor
366,Clary,Angelis,Clary.Angelis@dummymail.com,Clary.Angelis@dummymail.com,police officer
367,Yvonne,MacIntosh,Yvonne.MacIntosh@dummymail.com,Yvonne.MacIntosh@dummymail.com,worker
368,Nikki,Dominy,Nikki.Dominy@dummymail.com,Nikki.Dominy@dummymail.com,police officer
369,Trixi,Anestassia,Trixi.Anestassia@dummymail.com,Trixi.Anestassia@dummymail.com,doctor
370,Shaylyn,Nerita,Shaylyn.Nerita@dummymail.com,Shaylyn.Nerita@dummymail.com,firefighter
371,Ada,Soneson,Ada.Soneson@dummymail.com,Ada.Soneson@dummymail.com,firefighter
372,Louella,Pond,Louella.Pond@dummymail.com,Louella.Pond@dummymail.com,worker
373,Adriana,Georgy,Adriana.Georgy@dummymail.com,Adriana.Georgy@dummymail.com,doctor
374,Joeann,Chinua,Joeann.Chinua@dummymail.com,Joeann.Chinua@dummymail.com,police officer
375,Lesly,Mintz,Lesly.Mintz@dummymail.com,Lesly.Mintz@dummymail.com,doctor
376,Dorice,Hourigan,Dorice.Hourigan@dummymail.com,Dorice.Hourigan@dummymail.com,firefighter
377,Jennica,Hashim,Jennica.Hashim@dummymail.com,Jennica.Hashim@dummymail.com,doctor
378,Cacilie,Zuzana,Cacilie.Zuzana@dummymail.com,Cacilie.Zuzana@dummymail.com,worker
379,Adelle,Jefferey,Adelle.Jefferey@dummymail.com,Adelle.Jefferey@dummymail.com,worker
380,Selma,Joseph,Selma.Joseph@dummymail.com,Selma.Joseph@dummymail.com,doctor
381,Christy,Tice,Christy.Tice@dummymail.com,Christy.Tice@dummymail.com,developer
382,Mariele,Dom,Mariele.Dom@dummymail.com,Mariele.Dom@dummymail.com,firefighter
383,Sadie,Screens,Sadie.Screens@dummymail.com,Sadie.Screens@dummymail.com,police officer
384,Roberta,Grobe,Roberta.Grobe@dummymail.com,Roberta.Grobe@dummymail.com,doctor
385,Ethel,Marlie,Ethel.Marlie@dummymail.com,Ethel.Marlie@dummymail.com,police officer
386,Courtnay,Schalles,Courtnay.Schalles@dummymail.com,Courtnay.Schalles@dummymail.com,firefighter
387,Ezmeralda,Wareing,Ezmeralda.Wareing@dummymail.com,Ezmeralda.Wareing@dummymail.com,developer
388,Valera,Stanwood,Valera.Stanwood@dummymail.com,Valera.Stanwood@dummymail.com,worker
389,Sheelagh,Goerke,Sheelagh.Goerke@dummymail.com,Sheelagh.Goerke@dummymail.com,police officer
390,Kittie,Wesle,Kittie.Wesle@dummymail.com,Kittie.Wesle@dummymail.com,worker
391,Margette,Astra,Margette.Astra@dummymail.com,Margette.Astra@dummymail.com,police officer
392,Ilse,Latini,Ilse.Latini@dummymail.com,Ilse.Latini@dummymail.com,firefighter
393,Merci,Rubie,Merci.Rubie@dummymail.com,Merci.Rubie@dummymail.com,worker
394,Chastity,Aida,Chastity.Aida@dummymail.com,Chastity.Aida@dummymail.com,developer
395,Susette,Anastatius,Susette.Anastatius@dummymail.com,Susette.Anastatius@dummymail.com,police officer
396,Brana,Mendez,Brana.Mendez@dummymail.com,Brana.Mendez@dummymail.com,worker
397,Christy,Wattenberg,Christy.Wattenberg@dummymail.com,Christy.Wattenberg@dummymail.com,doctor
398,Tamqrah,Jerald,Tamqrah.Jerald@dummymail.com,Tamqrah.Jerald@dummymail.com,firefighter
399,Mady,Montgomery,Mady.Montgomery@dummymail.com,Mady.Montgomery@dummymail.com,doctor
400,Alia,Vins,Alia.Vins@dummymail.com,Alia.Vins@dummymail.com,worker
401,Jsandye,Tamsky,Jsandye.Tamsky@dummymail.com,Jsandye.Tamsky@dummymail.com,doctor
402,Misha,Palocz,Misha.Palocz@dummymail.com,Misha.Palocz@dummymail.com,firefighter
403,Brandise,Candy,Brandise.Candy@dummymail.com,Brandise.Candy@dummymail.com,doctor
404,Shaine,Gladstone,Shaine.Gladstone@dummymail.com,Shaine.Gladstone@dummymail.com,doctor
405,Gloria,Gusella,Gloria.Gusella@dummymail.com,Gloria.Gusella@dummymail.com,worker
406,Alameda,Ries,Alameda.Ries@dummymail.com,Alameda.Ries@dummymail.com,developer
407,Grier,Dichy,Grier.Dichy@dummymail.com,Grier.Dichy@dummymail.com,firefighter
408,Janis,Colleen,Janis.Colleen@dummymail.com,Janis.Colleen@dummymail.com,developer
409,Wanda,Terrence,Wanda.Terrence@dummymail.com,Wanda.Terrence@dummymail.com,worker
410,Barbara,Gwenore,Barbara.Gwenore@dummymail.com,Barbara.Gwenore@dummymail.com,police officer
411,Valli,Rozanna,Valli.Rozanna@dummymail.com,Valli.Rozanna@dummymail.com,police officer
412,Bibby,Tiffa,Bibby.Tiffa@dummymail.com,Bibby.Tiffa@dummymail.com,police officer
413,Harrietta,Philipp,Harrietta.Philipp@dummymail.com,Harrietta.Philipp@dummymail.com,developer
414,Corry,Aloise,Corry.Aloise@dummymail.com,Corry.Aloise@dummymail.com,police officer
415,Jaclyn,Nerita,Jaclyn.Nerita@dummymail.com,Jaclyn.Nerita@dummymail.com,police officer
416,Sonni,Boycey,Sonni.Boycey@dummymail.com,Sonni.Boycey@dummymail.com,developer
417,Roslyn,Nester,Roslyn.Nester@dummymail.com,Roslyn.Nester@dummymail.com,developer
418,Marinna,Donoghue,Marinna.Donoghue@dummymail.com,Marinna.Donoghue@dummymail.com,doctor
419,Di,Brandice,Di.Brandice@dummymail.com,Di.Brandice@dummymail.com,firefighter
420,Blinni,Baudin,Blinni.Baudin@dummymail.com,Blinni.Baudin@dummymail.com,doctor
421,Georgetta,Vorster,Georgetta.Vorster@dummymail.com,Georgetta.Vorster@dummymail.com,doctor
422,Dania,Johanna,Dania.Johanna@dummymail.com,Dania.Johanna@dummymail.com,police officer
423,Kathi,Riordan,Kathi.Riordan@dummymail.com,Kathi.Riordan@dummymail.com,police officer
424,Bernie,Cullin,Bernie.Cullin@dummymail.com,Bernie.Cullin@dummymail.com,worker
425,Lucille,Atcliffe,Lucille.Atcliffe@dummymail.com,Lucille.Atcliffe@dummymail.com,firefighter
426,Emmey,Haymes,Emmey.Haymes@dummymail.com,Emmey.Haymes@dummymail.com,developer
427,Gilda,Fink,Gilda.Fink@dummymail.com,Gilda.Fink@dummymail.com,firefighter
428,Aimil,Thomasina,Aimil.Thomasina@dummymail.com,Aimil.Thomasina@dummymail.com,police officer
429,Marleah,Tarrant,Marleah.Tarrant@dummymail.com,Marleah.Tarrant@dummymail.com,police officer
430,Kristan,Yorick,Kristan.Yorick@dummymail.com,Kristan.Yorick@dummymail.com,worker
431,Eugine,Granoff,Eugine.Granoff@dummymail.com,Eugine.Granoff@dummymail.com,firefighter
432,Gretal,Peonir,Gretal.Peonir@dummymail.com,Gretal.Peonir@dummymail.com,worker
433,Charlena,Bates,Charlena.Bates@dummymail.com,Charlena.Bates@dummymail.com,worker
434,Katleen,Swanhildas,Katleen.Swanhildas@dummymail.com,Katleen.Swanhildas@dummymail.com,doctor
435,Adele,Lia,Adele.Lia@dummymail.com,Adele.Lia@dummymail.com,worker
436,Sean,Frendel,Sean.Frendel@dummymail.com,Sean.Frendel@dummymail.com,firefighter
437,Carol-Jean,Dash,Carol-Jean.Dash@dummymail.com,Carol-Jean.Dash@dummymail.com,developer
438,Sheelagh,Love,Sheelagh.Love@dummymail.com,Sheelagh.Love@dummymail.com,doctor
439,Marsiella,Stefa,Marsiella.Stefa@dummymail.com,Marsiella.Stefa@dummymail.com,firefighter
440,Merrie,Ingra,Merrie.Ingra@dummymail.com,Merrie.Ingra@dummymail.com,police officer
441,Randa,Ezar,Randa.Ezar@dummymail.com,Randa.Ezar@dummymail.com,police officer
442,Estell,Yuille,Estell.Yuille@dummymail.com,Estell.Yuille@dummymail.com,worker
443,Riannon,Presber,Riannon.Presber@dummymail.com,Riannon.Presber@dummymail.com,police officer
444,Tori,Hourigan,Tori.Hourigan@dummymail.com,Tori.Hourigan@dummymail.com,firefighter
445,Esmeralda,Connelly,Esmeralda.Connelly@dummymail.com,Esmeralda.Connelly@dummymail.com,firefighter
446,Tami,Ingra,Tami.Ingra@dummymail.com,Tami.Ingra@dummymail.com,police officer
447,Gretal,Hamil,Gretal.Hamil@dummymail.com,Gretal.Hamil@dummymail.com,developer
448,Calla,Rese,Calla.Rese@dummymail.com,Calla.Rese@dummymail.com,worker
449,Madeleine,Papageno,Madeleine.Papageno@dummymail.com,Madeleine.Papageno@dummymail.com,police officer
450,Kittie,Dielu,Kittie.Dielu@dummymail.com,Kittie.Dielu@dummymail.com,worker
451,Darci,Suzetta,Darci.Suzetta@dummymail.com,Darci.Suzetta@dummymail.com,worker
452,Liana,Sparhawk,Liana.Sparhawk@dummymail.com,Liana.Sparhawk@dummymail.com,developer
453,Sue,Rozanna,Sue.Rozanna@dummymail.com,Sue.Rozanna@dummymail.com,doctor
454,Cindelyn,Fabiola,Cindelyn.Fabiola@dummymail.com,Cindelyn.Fabiola@dummymail.com,police officer
455,Shandie,Hylan,Shandie.Hylan@dummymail.com,Shandie.Hylan@dummymail.com,firefighter
456,Sabina,Penelopa,Sabina.Penelopa@dummymail.com,Sabina.Penelopa@dummymail.com,doctor
457,Leona,Lissi,Leona.Lissi@dummymail.com,Leona.Lissi@dummymail.com,doctor
458,Gabriellia,Hirsch,Gabriellia.Hirsch@dummymail.com,Gabriellia.Hirsch@dummymail.com,police officer
459,Emma,Elephus,Emma.Elephus@dummymail.com,Emma.Elephus@dummymail.com,worker
460,Bobbi,Rosette,Bobbi.Rosette@dummymail.com,Bobbi.Rosette@dummymail.com,firefighter
461,Amii,Delacourt,Amii.Delacourt@dummymail.com,Amii.Delacourt@dummymail.com,developer
462,Zaria,Meli,Zaria.Meli@dummymail.com,Zaria.Meli@dummymail.com,police officer
463,Moyna,Sparhawk,Moyna.Sparhawk@dummymail.com,Moyna.Sparhawk@dummymail.com,police officer
464,Heida,Chauncey,Heida.Chauncey@dummymail.com,Heida.Chauncey@dummymail.com,police officer
465,Jacquetta,LaRue,Jacquetta.LaRue@dummymail.com,Jacquetta.LaRue@dummymail.com,worker
466,Mignon,Avi,Mignon.Avi@dummymail.com,Mignon.Avi@dummymail.com,developer
467,Elyssa,Podvin,Elyssa.Podvin@dummymail.com,Elyssa.Podvin@dummymail.com,firefighter
468,Annecorinne,Palocz,Annecorinne.Palocz@dummymail.com,Annecorinne.Palocz@dummymail.com,developer
469,Sissy,Iiette,Sissy.Iiette@dummymail.com,Sissy.Iiette@dummymail.com,developer
470,Deirdre,Shuler,Deirdre.Shuler@dummymail.com,Deirdre.Shuler@dummymail.com,firefighter
471,Lily,Septima,Lily.Septima@dummymail.com,Lily.Septima@dummymail.com,police officer
472,Charmaine,Bahr,Charmaine.Bahr@dummymail.com,Charmaine.Bahr@dummymail.com,doctor
473,Nariko,Candy,Nariko.Candy@dummymail.com,Nariko.Candy@dummymail.com,worker
474,Lily,Sherrie,Lily.Sherrie@dummymail.com,Lily.Sherrie@dummymail.com,doctor
475,Chastity,Konyn,Chastity.Konyn@dummymail.com,Chastity.Konyn@dummymail.com,doctor
476,Clo,Paine,Clo.Paine@dummymail.com,Clo.Paine@dummymail.com,developer
477,Kristina,Hanleigh,Kristina.Hanleigh@dummymail.com,Kristina.Hanleigh@dummymail.com,worker
478,Mellicent,Clara,Mellicent.Clara@dummymail.com,Mellicent.Clara@dummymail.com,worker
479,Micheline,Reneta,Micheline.Reneta@dummymail.com,Micheline.Reneta@dummymail.com,doctor
480,Jerry,Judye,Jerry.Judye@dummymail.com,Jerry.Judye@dummymail.com,police officer
481,Fernande,Rubie,Fernande.Rubie@dummymail.com,Fernande.Rubie@dummymail.com,doctor
482,Zaria,Janith,Zaria.Janith@dummymail.com,Zaria.Janith@dummymail.com,developer
483,Meriel,Cristi,Meriel.Cristi@dummymail.com,Meriel.Cristi@dummymail.com,firefighter
484,Lila,Saint,Lila.Saint@dummymail.com,Lila.Saint@dummymail.com,police officer
485,Fidelia,Sasnett,Fidelia.Sasnett@dummymail.com,Fidelia.Sasnett@dummymail.com,firefighter
486,Frances,Lory,Frances.Lory@dummymail.com,Frances.Lory@dummymail.com,police officer
487,Ericka,Ietta,Ericka.Ietta@dummymail.com,Ericka.Ietta@dummymail.com,developer
488,Henriette,Goldina,Henriette.Goldina@dummymail.com,Henriette.Goldina@dummymail.com,developer
489,Layla,Dermott,Layla.Dermott@dummymail.com,Layla.Dermott@dummymail.com,worker
490,Consuela,Monk,Consuela.Monk@dummymail.com,Consuela.Monk@dummymail.com,worker
491,Nadine,Annabella,Nadine.Annabella@dummymail.com,Nadine.Annabella@dummymail.com,police officer
492,Ezmeralda,Miru,Ezmeralda.Miru@dummymail.com,Ezmeralda.Miru@dummymail.com,police officer
493,Isa,Faro,Isa.Faro@dummymail.com,Isa.Faro@dummymail.com,firefighter
494,Lily,Colyer,Lily.Colyer@dummymail.com,Lily.Colyer@dummymail.com,police officer
495,Amalie,Grayce,Amalie.Grayce@dummymail.com,Amalie.Grayce@dummymail.com,developer
496,Lorie,Swigart,Lorie.Swigart@dummymail.com,Lorie.Swigart@dummymail.com,police officer
497,Ofilia,Guthrie,Ofilia.Guthrie@dummymail.com,Ofilia.Guthrie@dummymail.com,police officer
498,Fernande,Demitria,Fernande.Demitria@dummymail.com,Fernande.Demitria@dummymail.com,developer
499,Gui,O'Rourke,Gui.O'Rourke@dummymail.com,Gui.O'Rourke@dummymail.com,police officer
500,Debee,Ralfston,Debee.Ralfston@dummymail.com,Debee.Ralfston@dummymail.com,firefighter
501,Kimberley,Gwenore,Kimberley.Gwenore@dummymail.com,Kimberley.Gwenore@dummymail.com,police officer
502,Nanete,Munn,Nanete.Munn@dummymail.com,Nanete.Munn@dummymail.com,developer
503,Ricky,Lamoree,Ricky.Lamoree@dummymail.com,Ricky.Lamoree@dummymail.com,worker
504,Sonni,Nahum,Sonni.Nahum@dummymail.com,Sonni.Nahum@dummymail.com,doctor
505,Tabbatha,Pillsbury,Tabbatha.Pillsbury@dummymail.com,Tabbatha.Pillsbury@dummymail.com,developer
506,Fernande,Egbert,Fernande.Egbert@dummymail.com,Fernande.Egbert@dummymail.com,doctor
507,Codie,Roarke,Codie.Roarke@dummymail.com,Codie.Roarke@dummymail.com,developer
508,Di,Hermes,Di.Hermes@dummymail.com,Di.Hermes@dummymail.com,firefighter
509,Lenna,Garlinda,Lenna.Garlinda@dummymail.com,Lenna.Garlinda@dummymail.com,developer
510,Brena,Gamaliel,Brena.Gamaliel@dummymail.com,Brena.Gamaliel@dummymail.com,worker
511,Nessie,Burch,Nessie.Burch@dummymail.com,Nessie.Burch@dummymail.com,worker
512,Jean,Milde,Jean.Milde@dummymail.com,Jean.Milde@dummymail.com,doctor
513,Abbie,Martsen,Abbie.Martsen@dummymail.com,Abbie.Martsen@dummymail.com,police officer
514,Annabela,Shields,Annabela.Shields@dummymail.com,Annabela.Shields@dummymail.com,firefighter
515,Lacie,Hollingsworth,Lacie.Hollingsworth@dummymail.com,Lacie.Hollingsworth@dummymail.com,police officer
516,Ninnetta,Milde,Ninnetta.Milde@dummymail.com,Ninnetta.Milde@dummymail.com,developer
517,Lynde,Geffner,Lynde.Geffner@dummymail.com,Lynde.Geffner@dummymail.com,doctor
518,Cam,Afton,Cam.Afton@dummymail.com,Cam.Afton@dummymail.com,police officer
519,Bobinette,Frodi,Bobinette.Frodi@dummymail.com,Bobinette.Frodi@dummymail.com,firefighter
520,Hayley,Gaynor,Hayley.Gaynor@dummymail.com,Hayley.Gaynor@dummymail.com,developer
521,Marita,Wandie,Marita.Wandie@dummymail.com,Marita.Wandie@dummymail.com,doctor
522,Tera,Hachmin,Tera.Hachmin@dummymail.com,Tera.Hachmin@dummymail.com,police officer
523,Janeczka,Desai,Janeczka.Desai@dummymail.com,Janeczka.Desai@dummymail.com,worker
524,Morganica,Philipp,Morganica.Philipp@dummymail.com,Morganica.Philipp@dummymail.com,developer
525,Rosaline,Delila,Rosaline.Delila@dummymail.com,Rosaline.Delila@dummymail.com,worker
526,Janenna,Newell,Janenna.Newell@dummymail.com,Janenna.Newell@dummymail.com,police officer
527,Renie,Meli,Renie.Meli@dummymail.com,Renie.Meli@dummymail.com,developer
528,Dawn,Myrilla,Dawn.Myrilla@dummymail.com,Dawn.Myrilla@dummymail.com,firefighter
529,Marjie,Couture,Marjie.Couture@dummymail.com,Marjie.Couture@dummymail.com,worker
530,Cassandra,McAdams,Cassandra.McAdams@dummymail.com,Cassandra.McAdams@dummymail.com,police officer
531,Meg,Cutlerr,Meg.Cutlerr@dummymail.com,Meg.Cutlerr@dummymail.com,worker
532,Shannah,Jerald,Shannah.Jerald@dummymail.com,Shannah.Jerald@dummymail.com,police officer
533,Veda,Gahl,Veda.Gahl@dummymail.com,Veda.Gahl@dummymail.com,doctor
534,Hope,Maxi,Hope.Maxi@dummymail.com,Hope.Maxi@dummymail.com,police officer
535,Lacie,Constancy,Lacie.Constancy@dummymail.com,Lacie.Constancy@dummymail.com,worker
536,Katleen,Shelba,Katleen.Shelba@dummymail.com,Katleen.Shelba@dummymail.com,developer
537,Harmonia,Roscoe,Harmonia.Roscoe@dummymail.com,Harmonia.Roscoe@dummymail.com,developer
538,Raina,Arley,Raina.Arley@dummymail.com,Raina.Arley@dummymail.com,developer
539,Barbara,Oriana,Barbara.Oriana@dummymail.com,Barbara.Oriana@dummymail.com,police officer
540,Mady,Frendel,Mady.Frendel@dummymail.com,Mady.Frendel@dummymail.com,firefighter
541,Halette,Shields,Halette.Shields@dummymail.com,Halette.Shields@dummymail.com,worker
542,Kaia,Thema,Kaia.Thema@dummymail.com,Kaia.Thema@dummymail.com,police officer
543,Ruthe,Behre,Ruthe.Behre@dummymail.com,Ruthe.Behre@dummymail.com,worker
544,Iseabal,Giule,Iseabal.Giule@dummymail.com,Iseabal.Giule@dummymail.com,police officer
545,Rori,Truc,Rori.Truc@dummymail.com,Rori.Truc@dummymail.com,doctor
546,Sherrie,Tamsky,Sherrie.Tamsky@dummymail.com,Sherrie.Tamsky@dummymail.com,developer
547,Glenda,Ries,Glenda.Ries@dummymail.com,Glenda.Ries@dummymail.com,police officer
548,Kaja,Susannah,Kaja.Susannah@dummymail.com,Kaja.Susannah@dummymail.com,developer
549,Emelina,Hebner,Emelina.Hebner@dummymail.com,Emelina.Hebner@dummymail.com,developer
550,Rochette,Chaing,Rochette.Chaing@dummymail.com,Rochette.Chaing@dummymail.com,worker
551,Magdalena,Bouchard,Magdalena.Bouchard@dummymail.com,Magdalena.Bouchard@dummymail.com,worker
552,Fred,Thema,Fred.Thema@dummymail.com,Fred.Thema@dummymail.com,firefighter
553,Dari,Cornelia,Dari.Cornelia@dummymail.com,Dari.Cornelia@dummymail.com,worker
554,Anica,Mott,Anica.Mott@dummymail.com,Anica.Mott@dummymail.com,firefighter
555,Joy,Carbo,Joy.Carbo@dummymail.com,Joy.Carbo@dummymail.com,doctor
556,Elmira,Magdalen,Elmira.Magdalen@dummymail.com,Elmira.Magdalen@dummymail.com,doctor
557,Helsa,O'Carroll,Helsa.O'Carroll@dummymail.com,Helsa.O'Carroll@dummymail.com,firefighter
558,Diena,Ralfston,Diena.Ralfston@dummymail.com,Diena.Ralfston@dummymail.com,doctor
559,Merrie,Robertson,Merrie.Robertson@dummymail.com,Merrie.Robertson@dummymail.com,doctor
560,Kirstin,Kinnard,Kirstin.Kinnard@dummymail.com,Kirstin.Kinnard@dummymail.com,doctor
561,Aaren,Cleavland,Aaren.Cleavland@dummymail.com,Aaren.Cleavland@dummymail.com,worker
562,Carmencita,Earlie,Carmencita.Earlie@dummymail.com,Carmencita.Earlie@dummymail.com,worker
563,Hildegaard,Amethist,Hildegaard.Amethist@dummymail.com,Hildegaard.Amethist@dummymail.com,developer
564,Joelly,Newell,Joelly.Newell@dummymail.com,Joelly.Newell@dummymail.com,worker
565,Merrie,Danby,Merrie.Danby@dummymail.com,Merrie.Danby@dummymail.com,worker
566,Esmeralda,Raul,Esmeralda.Raul@dummymail.com,Esmeralda.Raul@dummymail.com,police officer
567,Mildrid,Thunell,Mildrid.Thunell@dummymail.com,Mildrid.Thunell@dummymail.com,developer
568,Ermengarde,Barbey,Ermengarde.Barbey@dummymail.com,Ermengarde.Barbey@dummymail.com,police officer
569,Bee,Noam,Bee.Noam@dummymail.com,Bee.Noam@dummymail.com,worker
570,Sashenka,Gwenore,Sashenka.Gwenore@dummymail.com,Sashenka.Gwenore@dummymail.com,doctor
571,Alyssa,Elsinore,Alyssa.Elsinore@dummymail.com,Alyssa.Elsinore@dummymail.com,firefighter
572,Kial,Barney,Kial.Barney@dummymail.com,Kial.Barney@dummymail.com,developer
573,Ketti,Jerald,Ketti.Jerald@dummymail.com,Ketti.Jerald@dummymail.com,worker
574,Kathy,Tomasina,Kathy.Tomasina@dummymail.com,Kathy.Tomasina@dummymail.com,firefighter
575,Perry,Clara,Perry.Clara@dummymail.com,Perry.Clara@dummymail.com,police officer
576,Korrie,Joli,Korrie.Joli@dummymail.com,Korrie.Joli@dummymail.com,worker
577,Rosene,Hazlett,Rosene.Hazlett@dummymail.com,Rosene.Hazlett@dummymail.com,police officer
578,Donetta,Rosette,Donetta.Rosette@dummymail.com,Donetta.Rosette@dummymail.com,developer
579,Priscilla,Kat,Priscilla.Kat@dummymail.com,Priscilla.Kat@dummymail.com,developer
580,Norine,Stav,Norine.Stav@dummymail.com,Norine.Stav@dummymail.com,worker
581,Jinny,Hermes,Jinny.Hermes@dummymail.com,Jinny.Hermes@dummymail.com,police officer
582,Nikki,Vins,Nikki.Vins@dummymail.com,Nikki.Vins@dummymail.com,worker
583,Ardeen,Tjon,Ardeen.Tjon@dummymail.com,Ardeen.Tjon@dummymail.com,worker
584,Katleen,Faro,Katleen.Faro@dummymail.com,Katleen.Faro@dummymail.com,doctor
585,Jaime,Pitt,Jaime.Pitt@dummymail.com,Jaime.Pitt@dummymail.com,doctor
586,Dianemarie,Maribeth,Dianemarie.Maribeth@dummymail.com,Dianemarie.Maribeth@dummymail.com,police officer
587,Joelly,Erb,Joelly.Erb@dummymail.com,Joelly.Erb@dummymail.com,worker
588,Dominga,Kress,Dominga.Kress@dummymail.com,Dominga.Kress@dummymail.com,worker
589,Molli,Sammons,Molli.Sammons@dummymail.com,Molli.Sammons@dummymail.com,firefighter
590,Tiffie,Kamaria,Tiffie.Kamaria@dummymail.com,Tiffie.Kamaria@dummymail.com,doctor
591,Jacquetta,Avi,Jacquetta.Avi@dummymail.com,Jacquetta.Avi@dummymail.com,developer
592,Sidoney,Luhe,Sidoney.Luhe@dummymail.com,Sidoney.Luhe@dummymail.com,doctor
593,Frank,Letsou,Frank.Letsou@dummymail.com,Frank.Letsou@dummymail.com,doctor
594,Valli,Ashok,Valli.Ashok@dummymail.com,Valli.Ashok@dummymail.com,worker
595,Meg,Sacken,Meg.Sacken@dummymail.com,Meg.Sacken@dummymail.com,developer
596,Kittie,Lissi,Kittie.Lissi@dummymail.com,Kittie.Lissi@dummymail.com,firefighter
597,Merrie,Gaulin,Merrie.Gaulin@dummymail.com,Merrie.Gaulin@dummymail.com,worker
598,Annecorinne,Skurnik,Annecorinne.Skurnik@dummymail.com,Annecorinne.Skurnik@dummymail.com,developer
599,Vivia,Ader,Vivia.Ader@dummymail.com,Vivia.Ader@dummymail.com,doctor
600,Sadie,Sammons,Sadie.Sammons@dummymail.com,Sadie.Sammons@dummymail.com,developer
601,Gabi,Albertine,Gabi.Albertine@dummymail.com,Gabi.Albertine@dummymail.com,doctor
602,Deirdre,Ioab,Deirdre.Ioab@dummymail.com,Deirdre.Ioab@dummymail.com,doctor
603,Mireielle,Wolfgram,Mireielle.Wolfgram@dummymail.com,Mireielle.Wolfgram@dummymail.com,firefighter
604,Pollyanna,Nedrud,Pollyanna.Nedrud@dummymail.com,Pollyanna.Nedrud@dummymail.com,doctor
605,Mamie,Cyrie,Mamie.Cyrie@dummymail.com,Mamie.Cyrie@dummymail.com,firefighter
606,Bill,Screens,Bill.Screens@dummymail.com,Bill.Screens@dummymail.com,doctor
607,Shel,Kosey,Shel.Kosey@dummymail.com,Shel.Kosey@dummymail.com,firefighter
608,Catrina,Norrie,Catrina.Norrie@dummymail.com,Catrina.Norrie@dummymail.com,doctor
609,Ida,Adore,Ida.Adore@dummymail.com,Ida.Adore@dummymail.com,firefighter
610,Averyl,Jagir,Averyl.Jagir@dummymail.com,Averyl.Jagir@dummymail.com,developer
611,Lynea,Egbert,Lynea.Egbert@dummymail.com,Lynea.Egbert@dummymail.com,developer
612,Fidelia,Raseda,Fidelia.Raseda@dummymail.com,Fidelia.Raseda@dummymail.com,police officer
613,Clo,Pelagias,Clo.Pelagias@dummymail.com,Clo.Pelagias@dummymail.com,firefighter
614,Halette,Brieta,Halette.Brieta@dummymail.com,Halette.Brieta@dummymail.com,developer
615,Maryellen,Muriel,Maryellen.Muriel@dummymail.com,Maryellen.Muriel@dummymail.com,police officer
616,Rosaline,Velick,Rosaline.Velick@dummymail.com,Rosaline.Velick@dummymail.com,developer
617,Olwen,Gino,Olwen.Gino@dummymail.com,Olwen.Gino@dummymail.com,doctor
618,Kristan,Elsinore,Kristan.Elsinore@dummymail.com,Kristan.Elsinore@dummymail.com,police officer
619,Adore,Medrek,Adore.Medrek@dummymail.com,Adore.Medrek@dummymail.com,worker
620,Linzy,Faria,Linzy.Faria@dummymail.com,Linzy.Faria@dummymail.com,firefighter
621,Lila,Erb,Lila.Erb@dummymail.com,Lila.Erb@dummymail.com,developer
622,Maye,Jacinda,Maye.Jacinda@dummymail.com,Maye.Jacinda@dummymail.com,police officer
623,Jacenta,Kolnick,Jacenta.Kolnick@dummymail.com,Jacenta.Kolnick@dummymail.com,police officer
624,Jere,Colp,Jere.Colp@dummymail.com,Jere.Colp@dummymail.com,firefighter
625,Damaris,Dorine,Damaris.Dorine@dummymail.com,Damaris.Dorine@dummymail.com,worker
626,Edee,Chesna,Edee.Chesna@dummymail.com,Edee.Chesna@dummymail.com,doctor
627,Lita,Wenda,Lita.Wenda@dummymail.com,Lita.Wenda@dummymail.com,developer
628,Luci,Kannry,Luci.Kannry@dummymail.com,Luci.Kannry@dummymail.com,police officer
629,Beth,Yuille,Beth.Yuille@dummymail.com,Beth.Yuille@dummymail.com,police officer
630,Adore,Ade,Adore.Ade@dummymail.com,Adore.Ade@dummymail.com,doctor
631,Allis,Honoria,Allis.Honoria@dummymail.com,Allis.Honoria@dummymail.com,developer
632,Nelle,Dichy,Nelle.Dichy@dummymail.com,Nelle.Dichy@dummymail.com,worker
633,Therine,Rosemary,Therine.Rosemary@dummymail.com,Therine.Rosemary@dummymail.com,firefighter
634,Drucie,Waite,Drucie.Waite@dummymail.com,Drucie.Waite@dummymail.com,police officer
635,Ethel,Ledah,Ethel.Ledah@dummymail.com,Ethel.Ledah@dummymail.com,worker
636,Aigneis,McCutcheon,Aigneis.McCutcheon@dummymail.com,Aigneis.McCutcheon@dummymail.com,police officer
637,Kristina,O'Rourke,Kristina.O'Rourke@dummymail.com,Kristina.O'Rourke@dummymail.com,police officer
638,Gale,Anestassia,Gale.Anestassia@dummymail.com,Gale.Anestassia@dummymail.com,police officer
639,Loree,Jammal,Loree.Jammal@dummymail.com,Loree.Jammal@dummymail.com,worker
640,Camile,Noam,Camile.Noam@dummymail.com,Camile.Noam@dummymail.com,police officer
641,Daphne,Dahlia,Daphne.Dahlia@dummymail.com,Daphne.Dahlia@dummymail.com,worker
642,Corene,Cavan,Corene.Cavan@dummymail.com,Corene.Cavan@dummymail.com,firefighter
643,Sean,Klemperer,Sean.Klemperer@dummymail.com,Sean.Klemperer@dummymail.com,police officer
644,Genovera,Malina,Genovera.Malina@dummymail.com,Genovera.Malina@dummymail.com,police officer
645,Lyssa,Norrie,Lyssa.Norrie@dummymail.com,Lyssa.Norrie@dummymail.com,police officer
646,Tori,Haymes,Tori.Haymes@dummymail.com,Tori.Haymes@dummymail.com,worker
647,Carmela,Stacy,Carmela.Stacy@dummymail.com,Carmela.Stacy@dummymail.com,firefighter
648,Raina,Hessler,Raina.Hessler@dummymail.com,Raina.Hessler@dummymail.com,developer
649,Sherrie,Orpah,Sherrie.Orpah@dummymail.com,Sherrie.Orpah@dummymail.com,police officer
650,Rozele,Roscoe,Rozele.Roscoe@dummymail.com,Rozele.Roscoe@dummymail.com,police officer
651,Susan,Atonsah,Susan.Atonsah@dummymail.com,Susan.Atonsah@dummymail.com,firefighter
652,Coral,Lucienne,Coral.Lucienne@dummymail.com,Coral.Lucienne@dummymail.com,firefighter
653,Roz,Rustice,Roz.Rustice@dummymail.com,Roz.Rustice@dummymail.com,worker
654,Laurene,Robertson,Laurene.Robertson@dummymail.com,Laurene.Robertson@dummymail.com,worker
655,Delilah,Letsou,Delilah.Letsou@dummymail.com,Delilah.Letsou@dummymail.com,doctor
656,Coral,Yuille,Coral.Yuille@dummymail.com,Coral.Yuille@dummymail.com,firefighter
657,Elise,Jaylene,Elise.Jaylene@dummymail.com,Elise.Jaylene@dummymail.com,doctor
658,Justinn,Toor,Justinn.Toor@dummymail.com,Justinn.Toor@dummymail.com,worker
659,Ilse,Alarise,Ilse.Alarise@dummymail.com,Ilse.Alarise@dummymail.com,developer
660,Liana,Fredi,Liana.Fredi@dummymail.com,Liana.Fredi@dummymail.com,police officer
661,Beverley,Velick,Beverley.Velick@dummymail.com,Beverley.Velick@dummymail.com,developer
662,Trixi,Juan,Trixi.Juan@dummymail.com,Trixi.Juan@dummymail.com,police officer
663,Dorene,Rhu,Dorene.Rhu@dummymail.com,Dorene.Rhu@dummymail.com,firefighter
664,Dyann,Delila,Dyann.Delila@dummymail.com,Dyann.Delila@dummymail.com,developer
665,Hannis,Hutchison,Hannis.Hutchison@dummymail.com,Hannis.Hutchison@dummymail.com,worker
666,Dominga,Carey,Dominga.Carey@dummymail.com,Dominga.Carey@dummymail.com,developer
667,Merry,Dielu,Merry.Dielu@dummymail.com,Merry.Dielu@dummymail.com,police officer
668,Britte,Linskey,Britte.Linskey@dummymail.com,Britte.Linskey@dummymail.com,police officer
669,Karly,Teryn,Karly.Teryn@dummymail.com,Karly.Teryn@dummymail.com,firefighter
670,Nonnah,Lanita,Nonnah.Lanita@dummymail.com,Nonnah.Lanita@dummymail.com,worker
671,Caritta,Wenda,Caritta.Wenda@dummymail.com,Caritta.Wenda@dummymail.com,worker
672,Reeba,Atonsah,Reeba.Atonsah@dummymail.com,Reeba.Atonsah@dummymail.com,doctor
673,Wanda,Cookie,Wanda.Cookie@dummymail.com,Wanda.Cookie@dummymail.com,worker
674,Sallie,Sacken,Sallie.Sacken@dummymail.com,Sallie.Sacken@dummymail.com,firefighter
675,Fayre,Bluh,Fayre.Bluh@dummymail.com,Fayre.Bluh@dummymail.com,firefighter
676,Angela,Genna,Angela.Genna@dummymail.com,Angela.Genna@dummymail.com,worker
677,Ivett,Si,Ivett.Si@dummymail.com,Ivett.Si@dummymail.com,firefighter
678,Marylou,Greyson,Marylou.Greyson@dummymail.com,Marylou.Greyson@dummymail.com,doctor
679,Paola,Kronfeld,Paola.Kronfeld@dummymail.com,Paola.Kronfeld@dummymail.com,worker
680,Madalyn,Chandler,Madalyn.Chandler@dummymail.com,Madalyn.Chandler@dummymail.com,worker
681,Suzette,Vastah,Suzette.Vastah@dummymail.com,Suzette.Vastah@dummymail.com,doctor
682,Valeda,Fairweather,Valeda.Fairweather@dummymail.com,Valeda.Fairweather@dummymail.com,worker
683,Blake,Barrus,Blake.Barrus@dummymail.com,Blake.Barrus@dummymail.com,firefighter
684,Tierney,Konyn,Tierney.Konyn@dummymail.com,Tierney.Konyn@dummymail.com,developer
685,Vevay,Delila,Vevay.Delila@dummymail.com,Vevay.Delila@dummymail.com,police officer
686,Henriette,Cosenza,Henriette.Cosenza@dummymail.com,Henriette.Cosenza@dummymail.com,doctor
687,Brynna,Sharl,Brynna.Sharl@dummymail.com,Brynna.Sharl@dummymail.com,developer
688,Merry,Olin,Merry.Olin@dummymail.com,Merry.Olin@dummymail.com,doctor
689,Valera,Orpah,Valera.Orpah@dummymail.com,Valera.Orpah@dummymail.com,doctor
690,Clarice,Norvol,Clarice.Norvol@dummymail.com,Clarice.Norvol@dummymail.com,firefighter
691,Hallie,Crudden,Hallie.Crudden@dummymail.com,Hallie.Crudden@dummymail.com,doctor
692,Bill,Magnolia,Bill.Magnolia@dummymail.com,Bill.Magnolia@dummymail.com,doctor
693,Viki,Wittie,Viki.Wittie@dummymail.com,Viki.Wittie@dummymail.com,worker
694,Pamella,Sacken,Pamella.Sacken@dummymail.com,Pamella.Sacken@dummymail.com,doctor
695,Shandie,Cimbura,Shandie.Cimbura@dummymail.com,Shandie.Cimbura@dummymail.com,firefighter
696,Angela,Rudolph,Angela.Rudolph@dummymail.com,Angela.Rudolph@dummymail.com,police officer
697,Vanessa,Gherardo,Vanessa.Gherardo@dummymail.com,Vanessa.Gherardo@dummymail.com,worker
698,Melodie,Armanda,Melodie.Armanda@dummymail.com,Melodie.Armanda@dummymail.com,firefighter
699,Stephanie,Hertzfeld,Stephanie.Hertzfeld@dummymail.com,Stephanie.Hertzfeld@dummymail.com,firefighter
700,Concettina,Minetta,Concettina.Minetta@dummymail.com,Concettina.Minetta@dummymail.com,worker
701,Kylynn,Dalli,Kylynn.Dalli@dummymail.com,Kylynn.Dalli@dummymail.com,firefighter
702,Elyssa,Rustice,Elyssa.Rustice@dummymail.com,Elyssa.Rustice@dummymail.com,worker
703,Roxane,Verger,Roxane.Verger@dummymail.com,Roxane.Verger@dummymail.com,developer
704,Janey,Juan,Janey.Juan@dummymail.com,Janey.Juan@dummymail.com,developer
705,Blake,Viddah,Blake.Viddah@dummymail.com,Blake.Viddah@dummymail.com,doctor
706,Krystle,Esmaria,Krystle.Esmaria@dummymail.com,Krystle.Esmaria@dummymail.com,doctor
707,Odessa,Schwejda,Odessa.Schwejda@dummymail.com,Odessa.Schwejda@dummymail.com,police officer
708,Cassandra,Stav,Cassandra.Stav@dummymail.com,Cassandra.Stav@dummymail.com,developer
709,Leanna,Oscar,Leanna.Oscar@dummymail.com,Leanna.Oscar@dummymail.com,doctor
710,Glynnis,Daveta,Glynnis.Daveta@dummymail.com,Glynnis.Daveta@dummymail.com,worker
711,Ottilie,Rubie,Ottilie.Rubie@dummymail.com,Ottilie.Rubie@dummymail.com,police officer
712,Gwenneth,Madaih,Gwenneth.Madaih@dummymail.com,Gwenneth.Madaih@dummymail.com,doctor
713,Bill,Donoghue,Bill.Donoghue@dummymail.com,Bill.Donoghue@dummymail.com,police officer
714,Juliane,Aida,Juliane.Aida@dummymail.com,Juliane.Aida@dummymail.com,firefighter
715,Kimmy,Old,Kimmy.Old@dummymail.com,Kimmy.Old@dummymail.com,worker
716,Britni,Glenden,Britni.Glenden@dummymail.com,Britni.Glenden@dummymail.com,firefighter
717,Doro,Sadowski,Doro.Sadowski@dummymail.com,Doro.Sadowski@dummymail.com,doctor
718,Hallie,Lunsford,Hallie.Lunsford@dummymail.com,Hallie.Lunsford@dummymail.com,doctor
719,Dione,Percy,Dione.Percy@dummymail.com,Dione.Percy@dummymail.com,worker
720,Deedee,Huggins,Deedee.Huggins@dummymail.com,Deedee.Huggins@dummymail.com,developer
721,Karolina,Brandice,Karolina.Brandice@dummymail.com,Karolina.Brandice@dummymail.com,doctor
722,Gratia,Jorgan,Gratia.Jorgan@dummymail.com,Gratia.Jorgan@dummymail.com,developer
723,Trixi,Haymes,Trixi.Haymes@dummymail.com,Trixi.Haymes@dummymail.com,worker
724,Johna,Dahlia,Johna.Dahlia@dummymail.com,Johna.Dahlia@dummymail.com,police officer
725,Iseabal,Ailyn,Iseabal.Ailyn@dummymail.com,Iseabal.Ailyn@dummymail.com,firefighter
726,Ardeen,Tjon,Ardeen.Tjon@dummymail.com,Ardeen.Tjon@dummymail.com,police officer
727,Margette,Noelyn,Margette.Noelyn@dummymail.com,Margette.Noelyn@dummymail.com,developer
728,Frieda,Baudin,Frieda.Baudin@dummymail.com,Frieda.Baudin@dummymail.com,firefighter
729,Alyssa,Clywd,Alyssa.Clywd@dummymail.com,Alyssa.Clywd@dummymail.com,police officer
730,Marnia,Edmund,Marnia.Edmund@dummymail.com,Marnia.Edmund@dummymail.com,police officer
731,Catharine,Thar,Catharine.Thar@dummymail.com,Catharine.Thar@dummymail.com,worker
732,Regina,McNully,Regina.McNully@dummymail.com,Regina.McNully@dummymail.com,doctor
733,Adele,Myrilla,Adele.Myrilla@dummymail.com,Adele.Myrilla@dummymail.com,police officer
734,Lory,Persse,Lory.Persse@dummymail.com,Lory.Persse@dummymail.com,police officer
735,Gwyneth,Leonard,Gwyneth.Leonard@dummymail.com,Gwyneth.Leonard@dummymail.com,worker
736,Paulita,Borrell,Paulita.Borrell@dummymail.com,Paulita.Borrell@dummymail.com,doctor
737,Ivett,Swigart,Ivett.Swigart@dummymail.com,Ivett.Swigart@dummymail.com,police officer
738,Marcelline,Carolin,Marcelline.Carolin@dummymail.com,Marcelline.Carolin@dummymail.com,doctor
739,Madelle,Killigrew,Madelle.Killigrew@dummymail.com,Madelle.Killigrew@dummymail.com,worker
740,Nikki,Donoghue,Nikki.Donoghue@dummymail.com,Nikki.Donoghue@dummymail.com,developer
741,Alisha,Norvol,Alisha.Norvol@dummymail.com,Alisha.Norvol@dummymail.com,police officer
742,Sherrie,Marijo,Sherrie.Marijo@dummymail.com,Sherrie.Marijo@dummymail.com,firefighter
743,Karlee,Pacorro,Karlee.Pacorro@dummymail.com,Karlee.Pacorro@dummymail.com,developer
744,Lindie,Sammons,Lindie.Sammons@dummymail.com,Lindie.Sammons@dummymail.com,police officer
745,Concettina,Raimondo,Concettina.Raimondo@dummymail.com,Concettina.Raimondo@dummymail.com,developer
746,Phylis,Sidonius,Phylis.Sidonius@dummymail.com,Phylis.Sidonius@dummymail.com,worker
747,Eadie,Adamsen,Eadie.Adamsen@dummymail.com,Eadie.Adamsen@dummymail.com,police officer
748,Angelique,Cristi,Angelique.Cristi@dummymail.com,Angelique.Cristi@dummymail.com,developer
749,Sharlene,Graig,Sharlene.Graig@dummymail.com,Sharlene.Graig@dummymail.com,developer
750,Emelina,Mayeda,Emelina.Mayeda@dummymail.com,Emelina.Mayeda@dummymail.com,developer
751,Isa,Payson,Isa.Payson@dummymail.com,Isa.Payson@dummymail.com,worker
752,Shell,Autrey,Shell.Autrey@dummymail.com,Shell.Autrey@dummymail.com,doctor
753,Anallese,Anastatius,Anallese.Anastatius@dummymail.com,Anallese.Anastatius@dummymail.com,developer
754,Frieda,Old,Frieda.Old@dummymail.com,Frieda.Old@dummymail.com,firefighter
755,Kristan,Toor,Kristan.Toor@dummymail.com,Kristan.Toor@dummymail.com,worker
756,Carolina,Maribeth,Carolina.Maribeth@dummymail.com,Carolina.Maribeth@dummymail.com,firefighter
757,Joane,Chandler,Joane.Chandler@dummymail.com,Joane.Chandler@dummymail.com,developer
758,Averyl,Gale,Averyl.Gale@dummymail.com,Averyl.Gale@dummymail.com,worker
759,Ariela,Schalles,Ariela.Schalles@dummymail.com,Ariela.Schalles@dummymail.com,police officer
760,Silvana,Christal,Silvana.Christal@dummymail.com,Silvana.Christal@dummymail.com,firefighter
761,Abbie,Gilmour,Abbie.Gilmour@dummymail.com,Abbie.Gilmour@dummymail.com,worker
762,Nataline,Nickola,Nataline.Nickola@dummymail.com,Nataline.Nickola@dummymail.com,worker
763,Kathi,Adalbert,Kathi.Adalbert@dummymail.com,Kathi.Adalbert@dummymail.com,police officer
764,Suzette,Briney,Suzette.Briney@dummymail.com,Suzette.Briney@dummymail.com,police officer
765,Chrystel,Means,Chrystel.Means@dummymail.com,Chrystel.Means@dummymail.com,firefighter
766,Chrystel,Palocz,Chrystel.Palocz@dummymail.com,Chrystel.Palocz@dummymail.com,firefighter
767,Mireielle,Lindemann,Mireielle.Lindemann@dummymail.com,Mireielle.Lindemann@dummymail.com,doctor
768,Sean,Zamora,Sean.Zamora@dummymail.com,Sean.Zamora@dummymail.com,police officer
769,Edee,Rebecka,Edee.Rebecka@dummymail.com,Edee.Rebecka@dummymail.com,developer
770,Hallie,Persse,Hallie.Persse@dummymail.com,Hallie.Persse@dummymail.com,doctor
771,Jobi,Gombach,Jobi.Gombach@dummymail.com,Jobi.Gombach@dummymail.com,worker
772,Ann-Marie,Ochs,Ann-Marie.Ochs@dummymail.com,Ann-Marie.Ochs@dummymail.com,worker
773,Magdalena,Karna,Magdalena.Karna@dummymail.com,Magdalena.Karna@dummymail.com,developer
774,Emma,Hylan,Emma.Hylan@dummymail.com,Emma.Hylan@dummymail.com,developer
775,Riannon,Lindemann,Riannon.Lindemann@dummymail.com,Riannon.Lindemann@dummymail.com,police officer
776,Aryn,Slifka,Aryn.Slifka@dummymail.com,Aryn.Slifka@dummymail.com,worker
777,Gui,Bearnard,Gui.Bearnard@dummymail.com,Gui.Bearnard@dummymail.com,worker
778,Cyb,Leler,Cyb.Leler@dummymail.com,Cyb.Leler@dummymail.com,developer
779,Celisse,Delacourt,Celisse.Delacourt@dummymail.com,Celisse.Delacourt@dummymail.com,doctor
780,Ayn,Plato,Ayn.Plato@dummymail.com,Ayn.Plato@dummymail.com,doctor
781,Celisse,Turne,Celisse.Turne@dummymail.com,Celisse.Turne@dummymail.com,worker
782,Daphne,Stoller,Daphne.Stoller@dummymail.com,Daphne.Stoller@dummymail.com,police officer
783,Annabela,Japeth,Annabela.Japeth@dummymail.com,Annabela.Japeth@dummymail.com,worker
784,Yetty,Marijo,Yetty.Marijo@dummymail.com,Yetty.Marijo@dummymail.com,firefighter
785,Clementine,Vernier,Clementine.Vernier@dummymail.com,Clementine.Vernier@dummymail.com,worker
786,Brena,Gahl,Brena.Gahl@dummymail.com,Brena.Gahl@dummymail.com,police officer
787,Catrina,Azeria,Catrina.Azeria@dummymail.com,Catrina.Azeria@dummymail.com,developer
788,Annora,Dulciana,Annora.Dulciana@dummymail.com,Annora.Dulciana@dummymail.com,firefighter
789,Oralee,Poll,Oralee.Poll@dummymail.com,Oralee.Poll@dummymail.com,police officer
790,Harrietta,Zaslow,Harrietta.Zaslow@dummymail.com,Harrietta.Zaslow@dummymail.com,doctor
791,Jordan,Maxi,Jordan.Maxi@dummymail.com,Jordan.Maxi@dummymail.com,developer
792,Daune,Colyer,Daune.Colyer@dummymail.com,Daune.Colyer@dummymail.com,firefighter
793,Althea,Selway,Althea.Selway@dummymail.com,Althea.Selway@dummymail.com,doctor
794,Doro,Han,Doro.Han@dummymail.com,Doro.Han@dummymail.com,firefighter
795,Dale,Grayce,Dale.Grayce@dummymail.com,Dale.Grayce@dummymail.com,developer
796,Ivett,Amand,Ivett.Amand@dummymail.com,Ivett.Amand@dummymail.com,doctor
797,Cherrita,Yorick,Cherrita.Yorick@dummymail.com,Cherrita.Yorick@dummymail.com,police officer
798,Cindelyn,Dituri,Cindelyn.Dituri@dummymail.com,Cindelyn.Dituri@dummymail.com,worker
799,Consuela,Pernick,Consuela.Pernick@dummymail.com,Consuela.Pernick@dummymail.com,worker
800,Leeanne,Rodmann,Leeanne.Rodmann@dummymail.com,Leeanne.Rodmann@dummymail.com,developer
801,Jessy,Clywd,Jessy.Clywd@dummymail.com,Jessy.Clywd@dummymail.com,police officer
802,Ninnetta,Gahl,Ninnetta.Gahl@dummymail.com,Ninnetta.Gahl@dummymail.com,worker
803,Pierette,Michella,Pierette.Michella@dummymail.com,Pierette.Michella@dummymail.com,doctor
804,Emylee,Guildroy,Emylee.Guildroy@dummymail.com,Emylee.Guildroy@dummymail.com,doctor
805,Chickie,Kelula,Chickie.Kelula@dummymail.com,Chickie.Kelula@dummymail.com,doctor
806,Carilyn,Alfons,Carilyn.Alfons@dummymail.com,Carilyn.Alfons@dummymail.com,doctor
807,Quintina,Gamaliel,Quintina.Gamaliel@dummymail.com,Quintina.Gamaliel@dummymail.com,firefighter
808,Maye,Alejoa,Maye.Alejoa@dummymail.com,Maye.Alejoa@dummymail.com,firefighter
809,Cristabel,Cristi,Cristabel.Cristi@dummymail.com,Cristabel.Cristi@dummymail.com,firefighter
810,Karly,Tengdin,Karly.Tengdin@dummymail.com,Karly.Tengdin@dummymail.com,doctor
811,Debee,Maroney,Debee.Maroney@dummymail.com,Debee.Maroney@dummymail.com,worker
812,Dorothy,Doig,Dorothy.Doig@dummymail.com,Dorothy.Doig@dummymail.com,firefighter
813,Amalie,Meli,Amalie.Meli@dummymail.com,Amalie.Meli@dummymail.com,police officer
814,Jany,Melan,Jany.Melan@dummymail.com,Jany.Melan@dummymail.com,doctor
815,Basia,Dannye,Basia.Dannye@dummymail.com,Basia.Dannye@dummymail.com,firefighter
816,Karina,Saree,Karina.Saree@dummymail.com,Karina.Saree@dummymail.com,worker
817,Ruthe,Jotham,Ruthe.Jotham@dummymail.com,Ruthe.Jotham@dummymail.com,worker
818,Donnie,Thomasina,Donnie.Thomasina@dummymail.com,Donnie.Thomasina@dummymail.com,police officer
819,Janenna,Tamsky,Janenna.Tamsky@dummymail.com,Janenna.Tamsky@dummymail.com,doctor
820,Tierney,Natica,Tierney.Natica@dummymail.com,Tierney.Natica@dummymail.com,police officer
821,Kore,Gerge,Kore.Gerge@dummymail.com,Kore.Gerge@dummymail.com,worker
822,Evita,Tice,Evita.Tice@dummymail.com,Evita.Tice@dummymail.com,firefighter
823,Loree,Posner,Loree.Posner@dummymail.com,Loree.Posner@dummymail.com,police officer
824,Priscilla,McAdams,Priscilla.McAdams@dummymail.com,Priscilla.McAdams@dummymail.com,police officer
825,Roseline,Kat,Roseline.Kat@dummymail.com,Roseline.Kat@dummymail.com,police officer
826,Annecorinne,Chinua,Annecorinne.Chinua@dummymail.com,Annecorinne.Chinua@dummymail.com,developer
827,Elbertina,Fulmer,Elbertina.Fulmer@dummymail.com,Elbertina.Fulmer@dummymail.com,developer
828,Dione,Marisa,Dione.Marisa@dummymail.com,Dione.Marisa@dummymail.com,worker
829,Marti,Eiser,Marti.Eiser@dummymail.com,Marti.Eiser@dummymail.com,police officer
830,Jenilee,Raffo,Jenilee.Raffo@dummymail.com,Jenilee.Raffo@dummymail.com,developer
831,Caritta,Stoller,Caritta.Stoller@dummymail.com,Caritta.Stoller@dummymail.com,police officer
832,Sidoney,Kathie,Sidoney.Kathie@dummymail.com,Sidoney.Kathie@dummymail.com,developer
833,Perry,Joli,Perry.Joli@dummymail.com,Perry.Joli@dummymail.com,firefighter
834,Deloria,Chabot,Deloria.Chabot@dummymail.com,Deloria.Chabot@dummymail.com,developer
835,Paola,Cressida,Paola.Cressida@dummymail.com,Paola.Cressida@dummymail.com,worker
836,Bernardine,Cohdwell,Bernardine.Cohdwell@dummymail.com,Bernardine.Cohdwell@dummymail.com,police officer
837,Ernesta,Berriman,Ernesta.Berriman@dummymail.com,Ernesta.Berriman@dummymail.com,developer
838,Elka,Roscoe,Elka.Roscoe@dummymail.com,Elka.Roscoe@dummymail.com,developer
839,Lorie,Malina,Lorie.Malina@dummymail.com,Lorie.Malina@dummymail.com,doctor
840,Gaylene,Manolo,Gaylene.Manolo@dummymail.com,Gaylene.Manolo@dummymail.com,police officer
841,Ulrike,Ashok,Ulrike.Ashok@dummymail.com,Ulrike.Ashok@dummymail.com,worker
842,Taffy,Lail,Taffy.Lail@dummymail.com,Taffy.Lail@dummymail.com,police officer
843,Gilligan,Leffen,Gilligan.Leffen@dummymail.com,Gilligan.Leffen@dummymail.com,developer
844,Ottilie,Chobot,Ottilie.Chobot@dummymail.com,Ottilie.Chobot@dummymail.com,firefighter
845,Alleen,Holtz,Alleen.Holtz@dummymail.com,Alleen.Holtz@dummymail.com,worker
846,Tobe,Neva,Tobe.Neva@dummymail.com,Tobe.Neva@dummymail.com,firefighter
847,Fawne,Erminia,Fawne.Erminia@dummymail.com,Fawne.Erminia@dummymail.com,doctor
848,Larine,Modie,Larine.Modie@dummymail.com,Larine.Modie@dummymail.com,doctor
849,Nicoli,Avi,Nicoli.Avi@dummymail.com,Nicoli.Avi@dummymail.com,worker
850,Margarette,Docilla,Margarette.Docilla@dummymail.com,Margarette.Docilla@dummymail.com,police officer
851,Lynea,Hull,Lynea.Hull@dummymail.com,Lynea.Hull@dummymail.com,doctor
852,Edee,Ries,Edee.Ries@dummymail.com,Edee.Ries@dummymail.com,police officer
853,Maud,Jacobah,Maud.Jacobah@dummymail.com,Maud.Jacobah@dummymail.com,firefighter
854,Feliza,Beebe,Feliza.Beebe@dummymail.com,Feliza.Beebe@dummymail.com,worker
855,Marguerite,Astra,Marguerite.Astra@dummymail.com,Marguerite.Astra@dummymail.com,developer
856,Elfreda,Whiffen,Elfreda.Whiffen@dummymail.com,Elfreda.Whiffen@dummymail.com,police officer
857,Ardys,Thema,Ardys.Thema@dummymail.com,Ardys.Thema@dummymail.com,doctor
858,Marti,Stover,Marti.Stover@dummymail.com,Marti.Stover@dummymail.com,police officer
859,Marline,Rosemary,Marline.Rosemary@dummymail.com,Marline.Rosemary@dummymail.com,police officer
860,Iseabal,Timon,Iseabal.Timon@dummymail.com,Iseabal.Timon@dummymail.com,doctor
861,Aryn,Stefa,Aryn.Stefa@dummymail.com,Aryn.Stefa@dummymail.com,police officer
862,Lita,Rolf,Lita.Rolf@dummymail.com,Lita.Rolf@dummymail.com,doctor
863,Lesly,Genna,Lesly.Genna@dummymail.com,Lesly.Genna@dummymail.com,police officer
864,Gisela,Sabella,Gisela.Sabella@dummymail.com,Gisela.Sabella@dummymail.com,police officer
865,Brietta,Zina,Brietta.Zina@dummymail.com,Brietta.Zina@dummymail.com,developer
866,Amelia,Huggins,Amelia.Huggins@dummymail.com,Amelia.Huggins@dummymail.com,developer
867,Janeczka,Kirstin,Janeczka.Kirstin@dummymail.com,Janeczka.Kirstin@dummymail.com,developer
868,Alameda,Magdalen,Alameda.Magdalen@dummymail.com,Alameda.Magdalen@dummymail.com,firefighter
869,Vevay,Hubert,Vevay.Hubert@dummymail.com,Vevay.Hubert@dummymail.com,worker
870,Jasmina,Obed,Jasmina.Obed@dummymail.com,Jasmina.Obed@dummymail.com,police officer
871,Lucy,Mata,Lucy.Mata@dummymail.com,Lucy.Mata@dummymail.com,firefighter
872,Shaine,My,Shaine.My@dummymail.com,Shaine.My@dummymail.com,worker
873,Nanete,Laurianne,Nanete.Laurianne@dummymail.com,Nanete.Laurianne@dummymail.com,developer
874,Kristina,Pond,Kristina.Pond@dummymail.com,Kristina.Pond@dummymail.com,police officer
875,Jobi,Jorgan,Jobi.Jorgan@dummymail.com,Jobi.Jorgan@dummymail.com,worker
876,Rebeca,Shelba,Rebeca.Shelba@dummymail.com,Rebeca.Shelba@dummymail.com,firefighter
877,Cathie,Tillford,Cathie.Tillford@dummymail.com,Cathie.Tillford@dummymail.com,firefighter
878,Melisent,Fry,Melisent.Fry@dummymail.com,Melisent.Fry@dummymail.com,doctor
879,Lindie,Read,Lindie.Read@dummymail.com,Lindie.Read@dummymail.com,worker
880,Shirlee,Karl,Shirlee.Karl@dummymail.com,Shirlee.Karl@dummymail.com,police officer
881,Doralynne,Richers,Doralynne.Richers@dummymail.com,Doralynne.Richers@dummymail.com,police officer
882,Berta,Anton,Berta.Anton@dummymail.com,Berta.Anton@dummymail.com,police officer
883,Fred,Elo,Fred.Elo@dummymail.com,Fred.Elo@dummymail.com,worker
884,Florencia,Jacobah,Florencia.Jacobah@dummymail.com,Florencia.Jacobah@dummymail.com,worker
885,Dorothy,Jaylene,Dorothy.Jaylene@dummymail.com,Dorothy.Jaylene@dummymail.com,worker
886,Daphne,Cassius,Daphne.Cassius@dummymail.com,Daphne.Cassius@dummymail.com,doctor
887,Paola,Percy,Paola.Percy@dummymail.com,Paola.Percy@dummymail.com,police officer
888,Elena,Fink,Elena.Fink@dummymail.com,Elena.Fink@dummymail.com,firefighter
889,Corina,Stacy,Corina.Stacy@dummymail.com,Corina.Stacy@dummymail.com,firefighter
890,Max,Bonilla,Max.Bonilla@dummymail.com,Max.Bonilla@dummymail.com,police officer
891,Melodie,Roumell,Melodie.Roumell@dummymail.com,Melodie.Roumell@dummymail.com,doctor
892,Natka,Naashom,Natka.Naashom@dummymail.com,Natka.Naashom@dummymail.com,worker
893,Daryl,Roxanna,Daryl.Roxanna@dummymail.com,Daryl.Roxanna@dummymail.com,developer
894,Ida,Loeb,Ida.Loeb@dummymail.com,Ida.Loeb@dummymail.com,firefighter
895,Tersina,Bow,Tersina.Bow@dummymail.com,Tersina.Bow@dummymail.com,police officer
896,Libbie,Fairweather,Libbie.Fairweather@dummymail.com,Libbie.Fairweather@dummymail.com,police officer
897,Nessie,Palocz,Nessie.Palocz@dummymail.com,Nessie.Palocz@dummymail.com,police officer
898,Kenna,Neva,Kenna.Neva@dummymail.com,Kenna.Neva@dummymail.com,firefighter
899,Livvyy,Corrine,Livvyy.Corrine@dummymail.com,Livvyy.Corrine@dummymail.com,worker
900,Harmonia,Gibbeon,Harmonia.Gibbeon@dummymail.com,Harmonia.Gibbeon@dummymail.com,doctor
901,Rozele,Esmaria,Rozele.Esmaria@dummymail.com,Rozele.Esmaria@dummymail.com,police officer
902,Marcy,Rosette,Marcy.Rosette@dummymail.com,Marcy.Rosette@dummymail.com,worker
903,Janey,Himelman,Janey.Himelman@dummymail.com,Janey.Himelman@dummymail.com,police officer
904,Joane,Annice,Joane.Annice@dummymail.com,Joane.Annice@dummymail.com,police officer
905,Lelah,Mayeda,Lelah.Mayeda@dummymail.com,Lelah.Mayeda@dummymail.com,firefighter
906,Kara-Lynn,Elvyn,Kara-Lynn.Elvyn@dummymail.com,Kara-Lynn.Elvyn@dummymail.com,doctor
907,Dominga,Bow,Dominga.Bow@dummymail.com,Dominga.Bow@dummymail.com,worker
908,Jessy,Ogren,Jessy.Ogren@dummymail.com,Jessy.Ogren@dummymail.com,worker
909,Sybille,Kermit,Sybille.Kermit@dummymail.com,Sybille.Kermit@dummymail.com,worker
910,Reeba,Markman,Reeba.Markman@dummymail.com,Reeba.Markman@dummymail.com,developer
911,Keelia,Noman,Keelia.Noman@dummymail.com,Keelia.Noman@dummymail.com,developer
912,Leontine,Dom,Leontine.Dom@dummymail.com,Leontine.Dom@dummymail.com,worker
913,Lita,Nedrud,Lita.Nedrud@dummymail.com,Lita.Nedrud@dummymail.com,worker
914,Tybie,Lauraine,Tybie.Lauraine@dummymail.com,Tybie.Lauraine@dummymail.com,firefighter
915,Marnia,Naor,Marnia.Naor@dummymail.com,Marnia.Naor@dummymail.com,firefighter
916,Arlina,Tamar,Arlina.Tamar@dummymail.com,Arlina.Tamar@dummymail.com,firefighter
917,Adriana,Vivle,Adriana.Vivle@dummymail.com,Adriana.Vivle@dummymail.com,police officer
918,Frieda,Egbert,Frieda.Egbert@dummymail.com,Frieda.Egbert@dummymail.com,developer
919,Lusa,Erminia,Lusa.Erminia@dummymail.com,Lusa.Erminia@dummymail.com,police officer
920,Feliza,Shirberg,Feliza.Shirberg@dummymail.com,Feliza.Shirberg@dummymail.com,police officer
921,Caressa,Hieronymus,Caressa.Hieronymus@dummymail.com,Caressa.Hieronymus@dummymail.com,doctor
922,Ardys,Gusella,Ardys.Gusella@dummymail.com,Ardys.Gusella@dummymail.com,worker
923,Elmira,Mendez,Elmira.Mendez@dummymail.com,Elmira.Mendez@dummymail.com,developer
924,Konstance,Cleo,Konstance.Cleo@dummymail.com,Konstance.Cleo@dummymail.com,firefighter
925,Etta,Kaja,Etta.Kaja@dummymail.com,Etta.Kaja@dummymail.com,police officer
926,Zsa Zsa,Monaco,Zsa Zsa.Monaco@dummymail.com,Zsa Zsa.Monaco@dummymail.com,police officer
927,Jillayne,Capello,Jillayne.Capello@dummymail.com,Jillayne.Capello@dummymail.com,police officer
928,Averyl,Means,Averyl.Means@dummymail.com,Averyl.Means@dummymail.com,worker
929,Brooks,Euridice,Brooks.Euridice@dummymail.com,Brooks.Euridice@dummymail.com,police officer
930,Juliane,Abernon,Juliane.Abernon@dummymail.com,Juliane.Abernon@dummymail.com,developer
931,Annaliese,Wilona,Annaliese.Wilona@dummymail.com,Annaliese.Wilona@dummymail.com,firefighter
932,Sharai,Gahl,Sharai.Gahl@dummymail.com,Sharai.Gahl@dummymail.com,developer
933,Brandise,Mozelle,Brandise.Mozelle@dummymail.com,Brandise.Mozelle@dummymail.com,worker
934,Adriana,Lauraine,Adriana.Lauraine@dummymail.com,Adriana.Lauraine@dummymail.com,police officer
935,Lelah,Philipp,Lelah.Philipp@dummymail.com,Lelah.Philipp@dummymail.com,police officer
936,Suzette,Judye,Suzette.Judye@dummymail.com,Suzette.Judye@dummymail.com,worker
937,Leona,Regan,Leona.Regan@dummymail.com,Leona.Regan@dummymail.com,police officer
938,Micheline,Lauraine,Micheline.Lauraine@dummymail.com,Micheline.Lauraine@dummymail.com,developer
939,Nannie,Destinee,Nannie.Destinee@dummymail.com,Nannie.Destinee@dummymail.com,worker
940,Marcelline,Naashom,Marcelline.Naashom@dummymail.com,Marcelline.Naashom@dummymail.com,firefighter
941,Albertina,Rhu,Albertina.Rhu@dummymail.com,Albertina.Rhu@dummymail.com,doctor
942,Alexine,Shirberg,Alexine.Shirberg@dummymail.com,Alexine.Shirberg@dummymail.com,firefighter
943,Lory,Sigfrid,Lory.Sigfrid@dummymail.com,Lory.Sigfrid@dummymail.com,doctor
944,Nickie,Krystle,Nickie.Krystle@dummymail.com,Nickie.Krystle@dummymail.com,worker
945,Lynea,Tufts,Lynea.Tufts@dummymail.com,Lynea.Tufts@dummymail.com,police officer
946,Kristina,Leifeste,Kristina.Leifeste@dummymail.com,Kristina.Leifeste@dummymail.com,developer
947,Cherilyn,Tufts,Cherilyn.Tufts@dummymail.com,Cherilyn.Tufts@dummymail.com,worker
948,Tierney,Thunell,Tierney.Thunell@dummymail.com,Tierney.Thunell@dummymail.com,firefighter
949,Di,Klotz,Di.Klotz@dummymail.com,Di.Klotz@dummymail.com,worker
950,Beverley,Geffner,Beverley.Geffner@dummymail.com,Beverley.Geffner@dummymail.com,police officer
951,Heida,Hessler,Heida.Hessler@dummymail.com,Heida.Hessler@dummymail.com,firefighter
952,Angelique,Serilda,Angelique.Serilda@dummymail.com,Angelique.Serilda@dummymail.com,police officer
953,Joy,Kannry,Joy.Kannry@dummymail.com,Joy.Kannry@dummymail.com,firefighter
954,Kristan,Gemini,Kristan.Gemini@dummymail.com,Kristan.Gemini@dummymail.com,developer
955,Gilligan,Lanita,Gilligan.Lanita@dummymail.com,Gilligan.Lanita@dummymail.com,firefighter
956,Gisela,Wu,Gisela.Wu@dummymail.com,Gisela.Wu@dummymail.com,developer
957,Adelle,Hathaway,Adelle.Hathaway@dummymail.com,Adelle.Hathaway@dummymail.com,developer
958,Jenilee,Deny,Jenilee.Deny@dummymail.com,Jenilee.Deny@dummymail.com,developer
959,Bernie,Garek,Bernie.Garek@dummymail.com,Bernie.Garek@dummymail.com,police officer
960,Joane,Eckblad,Joane.Eckblad@dummymail.com,Joane.Eckblad@dummymail.com,worker
961,Philis,Raffo,Philis.Raffo@dummymail.com,Philis.Raffo@dummymail.com,doctor
962,Fredericka,Rodmann,Fredericka.Rodmann@dummymail.com,Fredericka.Rodmann@dummymail.com,firefighter
963,Dacia,Janene,Dacia.Janene@dummymail.com,Dacia.Janene@dummymail.com,worker
964,Rhea,Lauraine,Rhea.Lauraine@dummymail.com,Rhea.Lauraine@dummymail.com,firefighter
965,Jean,Rosalba,Jean.Rosalba@dummymail.com,Jean.Rosalba@dummymail.com,firefighter
966,Marinna,Georgy,Marinna.Georgy@dummymail.com,Marinna.Georgy@dummymail.com,police officer
967,Livvyy,Croix,Livvyy.Croix@dummymail.com,Livvyy.Croix@dummymail.com,worker
968,Audrie,Wadell,Audrie.Wadell@dummymail.com,Audrie.Wadell@dummymail.com,doctor
969,Fina,Timon,Fina.Timon@dummymail.com,Fina.Timon@dummymail.com,worker
970,Natka,Llovera,Natka.Llovera@dummymail.com,Natka.Llovera@dummymail.com,worker
971,Jessamyn,Waldron,Jessamyn.Waldron@dummymail.com,Jessamyn.Waldron@dummymail.com,police officer
972,Sharlene,Imelida,Sharlene.Imelida@dummymail.com,Sharlene.Imelida@dummymail.com,firefighter
973,Elka,Reneta,Elka.Reneta@dummymail.com,Elka.Reneta@dummymail.com,firefighter
974,Vivia,Ashok,Vivia.Ashok@dummymail.com,Vivia.Ashok@dummymail.com,doctor
975,Candi,Tyson,Candi.Tyson@dummymail.com,Candi.Tyson@dummymail.com,doctor
976,Alejandra,Lubin,Alejandra.Lubin@dummymail.com,Alejandra.Lubin@dummymail.com,firefighter
977,Helena,Bohlin,Helena.Bohlin@dummymail.com,Helena.Bohlin@dummymail.com,doctor
978,Lily,Revkah,Lily.Revkah@dummymail.com,Lily.Revkah@dummymail.com,police officer
979,Elora,Justinn,Elora.Justinn@dummymail.com,Elora.Justinn@dummymail.com,firefighter
980,Gabriellia,Hepsibah,Gabriellia.Hepsibah@dummymail.com,Gabriellia.Hepsibah@dummymail.com,developer
981,Vonny,Swigart,Vonny.Swigart@dummymail.com,Vonny.Swigart@dummymail.com,firefighter
982,Karly,Rustice,Karly.Rustice@dummymail.com,Karly.Rustice@dummymail.com,worker
983,Nickie,Faust,Nickie.Faust@dummymail.com,Nickie.Faust@dummymail.com,worker
984,Eadie,Braun,Eadie.Braun@dummymail.com,Eadie.Braun@dummymail.com,developer
985,Desirae,Jotham,Desirae.Jotham@dummymail.com,Desirae.Jotham@dummymail.com,police officer
986,Josephine,Kamaria,Josephine.Kamaria@dummymail.com,Josephine.Kamaria@dummymail.com,police officer
987,Dulce,Natalia,Dulce.Natalia@dummymail.com,Dulce.Natalia@dummymail.com,police officer
988,Jenda,Ahab,Jenda.Ahab@dummymail.com,Jenda.Ahab@dummymail.com,doctor
989,Eadie,Bashemeth,Eadie.Bashemeth@dummymail.com,Eadie.Bashemeth@dummymail.com,doctor
990,Phylis,Cadmar,Phylis.Cadmar@dummymail.com,Phylis.Cadmar@dummymail.com,developer
991,Dolli,Loring,Dolli.Loring@dummymail.com,Dolli.Loring@dummymail.com,doctor
992,Abbie,Vanni,Abbie.Vanni@dummymail.com,Abbie.Vanni@dummymail.com,firefighter
993,Grier,Barrus,Grier.Barrus@dummymail.com,Grier.Barrus@dummymail.com,doctor
994,Gertrud,Japeth,Gertrud.Japeth@dummymail.com,Gertrud.Japeth@dummymail.com,worker
995,Kathy,Jaylene,Kathy.Jaylene@dummymail.com,Kathy.Jaylene@dummymail.com,developer
996,Gaylene,Estella,Gaylene.Estella@dummymail.com,Gaylene.Estella@dummymail.com,developer
997,Jolyn,Ader,Jolyn.Ader@dummymail.com,Jolyn.Ader@dummymail.com,firefighter
998,Cissiee,Maples,Cissiee.Maples@dummymail.com,Cissiee.Maples@dummymail.com,developer
999,Etta,Irmine,Etta.Irmine@dummymail.com,Etta.Irmine@dummymail.com,doctor
1000,Beatriz,Maurine,Beatriz.Maurine@dummymail.com,Beatriz.Maurine@dummymail.com,firefighter
1001,Konstance,Kamaria,Konstance.Kamaria@dummymail.com,Konstance.Kamaria@dummymail.com,worker
1002,Fanchon,Charity,Fanchon.Charity@dummymail.com,Fanchon.Charity@dummymail.com,worker
1003,Joelly,Wenoa,Joelly.Wenoa@dummymail.com,Joelly.Wenoa@dummymail.com,worker
1004,Korrie,Audly,Korrie.Audly@dummymail.com,Korrie.Audly@dummymail.com,developer
1005,Paule,Sothena,Paule.Sothena@dummymail.com,Paule.Sothena@dummymail.com,worker
1006,Tina,Anastatius,Tina.Anastatius@dummymail.com,Tina.Anastatius@dummymail.com,police officer
1007,Shauna,Autrey,Shauna.Autrey@dummymail.com,Shauna.Autrey@dummymail.com,developer
1008,Kassey,Minetta,Kassey.Minetta@dummymail.com,Kassey.Minetta@dummymail.com,firefighter
1009,Stephanie,Lorain,Stephanie.Lorain@dummymail.com,Stephanie.Lorain@dummymail.com,firefighter
1010,Elyssa,Chobot,Elyssa.Chobot@dummymail.com,Elyssa.Chobot@dummymail.com,firefighter
1011,Gratia,Socha,Gratia.Socha@dummymail.com,Gratia.Socha@dummymail.com,firefighter
1012,Bernardine,Chobot,Bernardine.Chobot@dummymail.com,Bernardine.Chobot@dummymail.com,worker
1013,Natka,Andrel,Natka.Andrel@dummymail.com,Natka.Andrel@dummymail.com,police officer
1014,Deedee,Knowling,Deedee.Knowling@dummymail.com,Deedee.Knowling@dummymail.com,developer
1015,Maurene,Bivins,Maurene.Bivins@dummymail.com,Maurene.Bivins@dummymail.com,worker
1016,Moyna,Goth,Moyna.Goth@dummymail.com,Moyna.Goth@dummymail.com,police officer
1017,Meriel,MacIntosh,Meriel.MacIntosh@dummymail.com,Meriel.MacIntosh@dummymail.com,worker
1018,Brietta,Whiffen,Brietta.Whiffen@dummymail.com,Brietta.Whiffen@dummymail.com,developer
1019,Jaime,Sikorski,Jaime.Sikorski@dummymail.com,Jaime.Sikorski@dummymail.com,doctor
1020,Gwyneth,Dimitris,Gwyneth.Dimitris@dummymail.com,Gwyneth.Dimitris@dummymail.com,worker
1021,Fayre,Weaks,Fayre.Weaks@dummymail.com,Fayre.Weaks@dummymail.com,firefighter
1022,Fidelia,Gavrila,Fidelia.Gavrila@dummymail.com,Fidelia.Gavrila@dummymail.com,developer
1023,Kaia,Cutlerr,Kaia.Cutlerr@dummymail.com,Kaia.Cutlerr@dummymail.com,firefighter
1024,Kerrin,Olin,Kerrin.Olin@dummymail.com,Kerrin.Olin@dummymail.com,doctor
1025,Rori,Ellerey,Rori.Ellerey@dummymail.com,Rori.Ellerey@dummymail.com,developer
1026,Cassandra,Weaks,Cassandra.Weaks@dummymail.com,Cassandra.Weaks@dummymail.com,firefighter
1027,Giustina,Xerxes,Giustina.Xerxes@dummymail.com,Giustina.Xerxes@dummymail.com,developer
1028,Zia,Eben,Zia.Eben@dummymail.com,Zia.Eben@dummymail.com,firefighter
1029,Jaclyn,Kenwood,Jaclyn.Kenwood@dummymail.com,Jaclyn.Kenwood@dummymail.com,police officer
1030,Lacie,Edee,Lacie.Edee@dummymail.com,Lacie.Edee@dummymail.com,doctor
1031,Rebeca,Loring,Rebeca.Loring@dummymail.com,Rebeca.Loring@dummymail.com,developer
1032,Cindelyn,Klotz,Cindelyn.Klotz@dummymail.com,Cindelyn.Klotz@dummymail.com,firefighter
1033,Marline,Vins,Marline.Vins@dummymail.com,Marline.Vins@dummymail.com,firefighter
1034,Vonny,Carleen,Vonny.Carleen@dummymail.com,Vonny.Carleen@dummymail.com,doctor
1035,Katharina,Talia,Katharina.Talia@dummymail.com,Katharina.Talia@dummymail.com,firefighter
1036,Reeba,Secrest,Reeba.Secrest@dummymail.com,Reeba.Secrest@dummymail.com,doctor
1037,Doro,Elsinore,Doro.Elsinore@dummymail.com,Doro.Elsinore@dummymail.com,firefighter
1038,Aeriela,Lamoree,Aeriela.Lamoree@dummymail.com,Aeriela.Lamoree@dummymail.com,developer
1039,Tani,Melony,Tani.Melony@dummymail.com,Tani.Melony@dummymail.com,firefighter
1040,Jenilee,Millda,Jenilee.Millda@dummymail.com,Jenilee.Millda@dummymail.com,police officer
1041,Kristan,Dulciana,Kristan.Dulciana@dummymail.com,Kristan.Dulciana@dummymail.com,worker
1042,Mellicent,Oriana,Mellicent.Oriana@dummymail.com,Mellicent.Oriana@dummymail.com,police officer
1043,Marsiella,Jagir,Marsiella.Jagir@dummymail.com,Marsiella.Jagir@dummymail.com,worker
1044,Eugine,Emmaline,Eugine.Emmaline@dummymail.com,Eugine.Emmaline@dummymail.com,firefighter
1045,Melanie,Ariella,Melanie.Ariella@dummymail.com,Melanie.Ariella@dummymail.com,doctor
1046,Winny,Skurnik,Winny.Skurnik@dummymail.com,Winny.Skurnik@dummymail.com,developer
1047,Nyssa,Rhu,Nyssa.Rhu@dummymail.com,Nyssa.Rhu@dummymail.com,firefighter
1048,Danny,Laurianne,Danny.Laurianne@dummymail.com,Danny.Laurianne@dummymail.com,developer
1049,Celestyna,Wildermuth,Celestyna.Wildermuth@dummymail.com,Celestyna.Wildermuth@dummymail.com,developer
1050,Deirdre,Sharl,Deirdre.Sharl@dummymail.com,Deirdre.Sharl@dummymail.com,worker
1051,Krystle,Posner,Krystle.Posner@dummymail.com,Krystle.Posner@dummymail.com,police officer
1052,Gui,August,Gui.August@dummymail.com,Gui.August@dummymail.com,worker
1053,Cyb,Celestine,Cyb.Celestine@dummymail.com,Cyb.Celestine@dummymail.com,firefighter
1054,Belva,Dreda,Belva.Dreda@dummymail.com,Belva.Dreda@dummymail.com,doctor
1055,Alyssa,Salchunas,Alyssa.Salchunas@dummymail.com,Alyssa.Salchunas@dummymail.com,worker
1056,Christal,Montgomery,Christal.Montgomery@dummymail.com,Christal.Montgomery@dummymail.com,worker
1057,Miquela,Hunfredo,Miquela.Hunfredo@dummymail.com,Miquela.Hunfredo@dummymail.com,developer
1058,Joleen,Fredi,Joleen.Fredi@dummymail.com,Joleen.Fredi@dummymail.com,firefighter
1059,Alex,Maiah,Alex.Maiah@dummymail.com,Alex.Maiah@dummymail.com,doctor
1060,Farrah,Schlosser,Farrah.Schlosser@dummymail.com,Farrah.Schlosser@dummymail.com,firefighter
1061,Malina,Knowling,Malina.Knowling@dummymail.com,Malina.Knowling@dummymail.com,worker
1062,Katuscha,Therine,Katuscha.Therine@dummymail.com,Katuscha.Therine@dummymail.com,firefighter
1063,Mureil,Tippets,Mureil.Tippets@dummymail.com,Mureil.Tippets@dummymail.com,doctor
1064,Joy,Kelula,Joy.Kelula@dummymail.com,Joy.Kelula@dummymail.com,firefighter
1065,Halette,Morehouse,Halette.Morehouse@dummymail.com,Halette.Morehouse@dummymail.com,worker
1066,Leona,Posner,Leona.Posner@dummymail.com,Leona.Posner@dummymail.com,doctor
1067,Harmonia,Bultman,Harmonia.Bultman@dummymail.com,Harmonia.Bultman@dummymail.com,firefighter
1068,Alexine,Mozelle,Alexine.Mozelle@dummymail.com,Alexine.Mozelle@dummymail.com,worker
1069,Concettina,Fennessy,Concettina.Fennessy@dummymail.com,Concettina.Fennessy@dummymail.com,police officer
1070,Dennie,Miru,Dennie.Miru@dummymail.com,Dennie.Miru@dummymail.com,police officer
1071,Patricia,Thema,Patricia.Thema@dummymail.com,Patricia.Thema@dummymail.com,doctor
1072,Ninnetta,Birdella,Ninnetta.Birdella@dummymail.com,Ninnetta.Birdella@dummymail.com,firefighter
1073,Wilma,Alabaster,Wilma.Alabaster@dummymail.com,Wilma.Alabaster@dummymail.com,police officer
1074,Wileen,Ferrell,Wileen.Ferrell@dummymail.com,Wileen.Ferrell@dummymail.com,developer
1075,Carol-Jean,Melan,Carol-Jean.Melan@dummymail.com,Carol-Jean.Melan@dummymail.com,firefighter
1076,Kristan,Guildroy,Kristan.Guildroy@dummymail.com,Kristan.Guildroy@dummymail.com,doctor
1077,Codie,Douglass,Codie.Douglass@dummymail.com,Codie.Douglass@dummymail.com,firefighter
1078,Gloria,Anyah,Gloria.Anyah@dummymail.com,Gloria.Anyah@dummymail.com,firefighter
1079,Odessa,Audly,Odessa.Audly@dummymail.com,Odessa.Audly@dummymail.com,firefighter
1080,Ursulina,Desai,Ursulina.Desai@dummymail.com,Ursulina.Desai@dummymail.com,developer
1081,Viki,Sperling,Viki.Sperling@dummymail.com,Viki.Sperling@dummymail.com,developer
1082,Neila,Magnolia,Neila.Magnolia@dummymail.com,Neila.Magnolia@dummymail.com,developer
1083,Lulita,Dituri,Lulita.Dituri@dummymail.com,Lulita.Dituri@dummymail.com,police officer
1084,Gratia,Tengdin,Gratia.Tengdin@dummymail.com,Gratia.Tengdin@dummymail.com,police officer
1085,Eugine,Raul,Eugine.Raul@dummymail.com,Eugine.Raul@dummymail.com,doctor
1086,Elyssa,Kelula,Elyssa.Kelula@dummymail.com,Elyssa.Kelula@dummymail.com,firefighter
1087,Myriam,Ummersen,Myriam.Ummersen@dummymail.com,Myriam.Ummersen@dummymail.com,worker
1088,Priscilla,Kylander,Priscilla.Kylander@dummymail.com,Priscilla.Kylander@dummymail.com,firefighter
1089,Yetty,Giff,Yetty.Giff@dummymail.com,Yetty.Giff@dummymail.com,firefighter
1090,Johna,Radu,Johna.Radu@dummymail.com,Johna.Radu@dummymail.com,police officer
1091,Selia,Deegan,Selia.Deegan@dummymail.com,Selia.Deegan@dummymail.com,doctor
1092,Judy,Pierette,Judy.Pierette@dummymail.com,Judy.Pierette@dummymail.com,developer
1093,Glenda,Shelba,Glenda.Shelba@dummymail.com,Glenda.Shelba@dummymail.com,firefighter
1094,Tilly,Lilas,Tilly.Lilas@dummymail.com,Tilly.Lilas@dummymail.com,doctor
1095,Dorene,Hartnett,Dorene.Hartnett@dummymail.com,Dorene.Hartnett@dummymail.com,worker
1096,Dorice,Suk,Dorice.Suk@dummymail.com,Dorice.Suk@dummymail.com,firefighter
1097,Mireielle,Grimbly,Mireielle.Grimbly@dummymail.com,Mireielle.Grimbly@dummymail.com,doctor
1098,Layla,Grobe,Layla.Grobe@dummymail.com,Layla.Grobe@dummymail.com,worker
1099,Karena,Valerio,Karena.Valerio@dummymail.com,Karena.Valerio@dummymail.com,worker