id,firstname,lastname,email,email2,profession
100,Barbara,Pip,Barbara.Pip@dummymail.com,Barbara.Pip@dummymail.com,doctor
101,Starla,Goddard,Starla.Goddard@dummymail.com,Starla.Goddard@dummymail.com,worker
102,Rosene,Ioab,Rosene.Ioab@dummymail.com,Rosene.Ioab@dummymail.com,doctor
103,Tani,Nadia,Tani.Nadia@dummymail.com,Tani.Nadia@dummymail.com,doctor
104,Britte,Leary,Britte.Leary@dummymail.com,Britte.Leary@dummymail.com,developer
105,Beth,Sawtelle,Beth.Sawtelle@dummymail.com,Beth.Sawtelle@dummymail.com,worker
106,Dania,Korey,Dania.Korey@dummymail.com,Dania.Korey@dummymail.com,police officer
107,Susette,Dunkin,Susette.Dunkin@dummymail.com,Susette.Dunkin@dummymail.com,developer
108,Bernardine,Casimir,Bernardine.Casimir@dummymail.com,Bernardine.Casimir@dummymail.com,firefighter
109,Damaris,Fancie,Damaris.Fancie@dummymail.com,Damaris.Fancie@dummymail.com,firefighter
110,Paola,Fredi,Paola.Fredi@dummymail.com,Paola.Fredi@dummymail.com,firefighter
111,Norine,Garlinda,Norine.Garlinda@dummymail.com,Norine.Garlinda@dummymail.com,firefighter
112,Aurore,Konyn,Aurore.Konyn@dummymail.com,Aurore.Konyn@dummymail.com,worker
113,Dode,Jeanne,Dode.Jeanne@dummymail.com,Dode.Jeanne@dummymail.com,doctor
114,Antonietta,Sadowski,Antonietta.Sadowski@dummymail.com,Antonietta.Sadowski@dummymail.com,police officer
115,Maud,Zola,Maud.Zola@dummymail.com,Maud.Zola@dummymail.com,police officer
116,Marleah,Aurelio,Marleah.Aurelio@dummymail.com,Marleah.Aurelio@dummymail.com,doctor
117,Kassey,Vivle,Kassey.Vivle@dummymail.com,Kassey.Vivle@dummymail.com,developer
118,Daphne,Bandeen,Daphne.Bandeen@dummymail.com,Daphne.Bandeen@dummymail.com,firefighter
119,Kenna,Kinnard,Kenna.Kinnard@dummymail.com,Kenna.Kinnard@dummymail.com,doctor
120,Nickie,Pierette,Nickie.Pierette@dummymail.com,Nickie.Pierette@dummymail.com,firefighter
121,Jacquetta,Vorster,Jacquetta.Vorster@dummymail.com,Jacquetta.Vorster@dummymail.com,firefighter
122,Clarice,Sherfield,Clarice.Sherfield@dummymail.com,Clarice.Sherfield@dummymail.com,developer
123,Annaliese,Dannye,Annaliese.Dannye@dummymail.com,Annaliese.Dannye@dummymail.com,worker
124,June,Leifeste,June.Leifeste@dummymail.com,June.Leifeste@dummymail.com,doctor
125,Lory,Whittaker,Lory.Whittaker@dummymail.com,Lory.Whittaker@dummymail.com,firefighter
126,Justinn,Pierette,Justinn.Pierette@dummymail.com,Justinn.Pierette@dummymail.com,developer
127,Celene,Rosemary,Celene.Rosemary@dummymail.com,Celene.Rosemary@dummymail.com,developer
128,Kimberley,Armanda,Kimberley.Armanda@dummymail.com,Kimberley.Armanda@dummymail.com,worker
129,Hildegaard,Barbey,Hildegaard.Barbey@dummymail.com,Hildegaard.Barbey@dummymail.com,worker
130,Gilligan,Roarke,Gilligan.Roarke@dummymail.com,Gilligan.Roarke@dummymail.com,firefighter
131,Shaylyn,Faust,Shaylyn.Faust@dummymail.com,Shaylyn.Faust@dummymail.com,police officer
132,Annecorinne,Abram,Annecorinne.Abram@dummymail.com,Annecorinne.Abram@dummymail.com,developer
133,Talya,Yuille,Talya.Yuille@dummymail.com,Talya.Yuille@dummymail.com,developer
134,Max,Suk,Max.Suk@dummymail.com,Max.Suk@dummymail.com,doctor
135,Georgina,Carbo,Georgina.Carbo@dummymail.com,Georgina.Carbo@dummymail.com,firefighter
136,Aurore,Tamsky,Aurore.Tamsky@dummymail.com,Aurore.Tamsky@dummymail.com,police officer
137,Gusty,Salchunas,Gusty.Salchunas@dummymail.com,Gusty.Salchunas@dummymail.com,doctor
138,Carly,Voletta,Carly.Voletta@dummymail.com,Carly.Voletta@dummymail.com,developer
139,Paule,Nisbet,Paule.Nisbet@dummymail.com,Paule.Nisbet@dummymail.com,firefighter
140,Edyth,Blase,Edyth.Blase@dummymail.com,Edyth.Blase@dummymail.com,worker
141,Dorthy,Ortrude,Dorthy.Ortrude@dummymail.com,Dorthy.Ortrude@dummymail.com,doctor
142,Ricky,Chapland,Ricky.Chapland@dummymail.com,Ricky.Chapland@dummymail.com,doctor
143,Karina,Ambrosia,Karina.Ambrosia@dummymail.com,Karina.Ambrosia@dummymail.com,police officer
144,Laure,Masao,Laure.Masao@dummymail.com,Laure.Masao@dummymail.com,firefighter
145,Nollie,Publia,Nollie.Publia@dummymail.com,Nollie.Publia@dummymail.com,developer
146,Clo,Middleton,Clo.Middleton@dummymail.com,Clo.Middleton@dummymail.com,doctor
147,Camile,Devlen,Camile.Devlen@dummymail.com,Camile.Devlen@dummymail.com,doctor
148,Candy,Mendez,Candy.Mendez@dummymail.com,Candy.Mendez@dummymail.com,worker
149,Chere,Ilka,Chere.Ilka@dummymail.com,Chere.Ilka@dummymail.com,worker
150,Zaria,Sophronia,Zaria.Sophronia@dummymail.com,Zaria.Sophronia@dummymail.com,firefighter
151,Jaclyn,Blake,Jaclyn.Blake@dummymail.com,Jaclyn.Blake@dummymail.com,worker
152,Ileana,Riordan,Ileana.Riordan@dummymail.com,Ileana.Riordan@dummymail.com,police officer
153,Shaine,Sacken,Shaine.Sacken@dummymail.com,Shaine.Sacken@dummymail.com,firefighter
154,Margette,Carleen,Margette.Carleen@dummymail.com,Margette.Carleen@dummymail.com,worker
155,Katharina,Ioab,Katharina.Ioab@dummymail.com,Katharina.Ioab@dummymail.com,doctor
156,Rhoda,Wareing,Rhoda.Wareing@dummymail.com,Rhoda.Wareing@dummymail.com,developer
157,Darci,Odell,Darci.Odell@dummymail.com,Darci.Odell@dummymail.com,doctor
158,Roz,Gregrory,Roz.Gregrory@dummymail.com,Roz.Gregrory@dummymail.com,worker
159,Veda,Rolf,Veda.Rolf@dummymail.com,Veda.Rolf@dummymail.com,developer
160,Jaime,Tengdin,Jaime.Tengdin@dummymail.com,Jaime.Tengdin@dummymail.com,firefighter
161,Hallie,Phaidra,Hallie.Phaidra@dummymail.com,Hallie.Phaidra@dummymail.com,firefighter
162,Hallie,Amasa,Hallie.Amasa@dummymail.com,Hallie.Amasa@dummymail.com,police officer
163,Kate,Nea,Kate.Nea@dummymail.com,Kate.Nea@dummymail.com,developer
164,Cyndie,Jefferey,Cyndie.Jefferey@dummymail.com,Cyndie.Jefferey@dummymail.com,doctor
165,Bee,Martsen,Bee.Martsen@dummymail.com,Bee.Martsen@dummymail.com,firefighter
166,Kial,Wind,Kial.Wind@dummymail.com,Kial.Wind@dummymail.com,police officer
167,Eolanda,Dalli,Eolanda.Dalli@dummymail.com,Eolanda.Dalli@dummymail.com,doctor
168,Chastity,Durante,Chastity.Durante@dummymail.com,Chastity.Durante@dummymail.com,firefighter
169,Sandie,Wind,Sandie.Wind@dummymail.com,Sandie.Wind@dummymail.com,doctor
170,Pollyanna,Milde,Pollyanna.Milde@dummymail.com,Pollyanna.Milde@dummymail.com,doctor
171,Karly,Sandye,Karly.Sandye@dummymail.com,Karly.Sandye@dummymail.com,firefighter
172,Consuela,Dahlia,Consuela.Dahlia@dummymail.com,Consuela.Dahlia@dummymail.com,police officer
173,Flory,Rheingold,Flory.Rheingold@dummymail.com,Flory.Rheingold@dummymail.com,doctor
174,Ingrid,Corrine,Ingrid.Corrine@dummymail.com,Ingrid.Corrine@dummymail.com,doctor
175,Addia,Delacourt,Addia.Delacourt@dummymail.com,Addia.Delacourt@dummymail.com,developer
176,Brana,Skell,Brana.Skell@dummymail.com,Brana.Skell@dummymail.com,worker
177,Phedra,Estella,Phedra.Estella@dummymail.com,Phedra.Estella@dummymail.com,doctor
178,Tani,Horan,Tani.Horan@dummymail.com,Tani.Horan@dummymail.com,worker
179,Aryn,Regan,Aryn.Regan@dummymail.com,Aryn.Regan@dummymail.com,developer
180,Hayley,Phi,Hayley.Phi@dummymail.com,Hayley.Phi@dummymail.com,police officer
181,Thalia,Hillel,Thalia.Hillel@dummymail.com,Thalia.Hillel@dummymail.com,worker
182,Darlleen,Talia,Darlleen.Talia@dummymail.com,Darlleen.Talia@dummymail.com,police officer
183,Di,Junie,Di.Junie@dummymail.com,Di.Junie@dummymail.com,doctor
184,Fanny,Alisia,Fanny.Alisia@dummymail.com,Fanny.Alisia@dummymail.com,firefighter
185,Jessy,Kannry,Jessy.Kannry@dummymail.com,Jessy.Kannry@dummymail.com,police officer
186,Noelle,Gower,Noelle.Gower@dummymail.com,Noelle.Gower@dummymail.com,worker
187,Chere,Devlen,Chere.Devlen@dummymail.com,Chere.Devlen@dummymail.com,worker
188,Nadine,Lilas,Nadine.Lilas@dummymail.com,Nadine.Lilas@dummymail.com,police officer
189,Cassondra,Denis,Cassondra.Denis@dummymail.com,Cassondra.Denis@dummymail.com,worker
190,Henriette,O'Neill,Henriette.O'Neill@dummymail.com,Henriette.O'Neill@dummymail.com,firefighter
191,Dede,Arley,Dede.Arley@dummymail.com,Dede.Arley@dummymail.com,doctor
192,Florie,Peonir,Florie.Peonir@dummymail.com,Florie.Peonir@dummymail.com,police officer
193,Carree,Eliathas,Carree.Eliathas@dummymail.com,Carree.Eliathas@dummymail.com,developer
194,Karina,Fontana,Karina.Fontana@dummymail.com,Karina.Fontana@dummymail.com,firefighter
195,Maud,Kravits,Maud.Kravits@dummymail.com,Maud.Kravits@dummymail.com,doctor
196,Charissa,Idelia,Charissa.Idelia@dummymail.com,Charissa.Idelia@dummymail.com,police officer
197,Meriel,Dulciana,Meriel.Dulciana@dummymail.com,Meriel.Dulciana@dummymail.com,developer
198,Max,Irmine,Max.Irmine@dummymail.com,Max.Irmine@dummymail.com,doctor
199,Lynnea,Hirsch,Lynnea.Hirsch@dummymail.com,Lynnea.Hirsch@dummymail.com,worker
200,Raina,Arvo,Raina.Arvo@dummymail.com,Raina.Arvo@dummymail.com,worker
201,Joelly,Lauraine,Joelly.Lauraine@dummymail.com,Joelly.Lauraine@dummymail.com,police officer
202,Celisse,O'Neill,Celisse.O'Neill@dummymail.com,Celisse.O'Neill@dummymail.com,doctor
203,Ekaterina,Clara,Ekaterina.Clara@dummymail.com,Ekaterina.Clara@dummymail.com,firefighter
204,Jillayne,Glenden,Jillayne.Glenden@dummymail.com,Jillayne.Glenden@dummymail.com,firefighter
205,Fanchon,Euridice,Fanchon.Euridice@dummymail.com,Fanchon.Euridice@dummymail.com,firefighter
206,Tiffie,Longfellow,Tiffie.Longfellow@dummymail.com,Tiffie.Longfellow@dummymail.com,doctor
207,Emylee,Nester,Emylee.Nester@dummymail.com,Emylee.Nester@dummymail.com,worker
208,Marcelline,Estella,Marcelline.Estella@dummymail.com,Marcelline.Estella@dummymail.com,doctor
209,Jemie,Gherardo,Jemie.Gherardo@dummymail.com,Jemie.Gherardo@dummymail.com,firefighter
210,Eugine,Uird,Eugine.Uird@dummymail.com,Eugine.Uird@dummymail.com,worker
211,Ivett,Bethany,Ivett.Bethany@dummymail.com,Ivett.Bethany@dummymail.com,worker
212,Rosaline,Aaberg,Rosaline.Aaberg@dummymail.com,Rosaline.Aaberg@dummymail.com,police officer
213,Linet,Wittie,Linet.Wittie@dummymail.com,Linet.Wittie@dummymail.com,firefighter
214,Clarice,Bebe,Clarice.Bebe@dummymail.com,Clarice.Bebe@dummymail.com,worker
215,Lorne,Desai,Lorne.Desai@dummymail.com,Lorne.Desai@dummymail.com,doctor
216,Vere,Colbert,Vere.Colbert@dummymail.com,Vere.Colbert@dummymail.com,worker
217,Anica,Brian,Anica.Brian@dummymail.com,Anica.Brian@dummymail.com,doctor
218,Adore,Sadowski,Adore.Sadowski@dummymail.com,Adore.Sadowski@dummymail.com,worker
219,Wanda,Shields,Wanda.Shields@dummymail.com,Wanda.Shields@dummymail.com,developer
220,Leona,Leonard,Leona.Leonard@dummymail.com,Leona.Leonard@dummymail.com,firefighter
221,Danika,Rossner,Danika.Rossner@dummymail.com,Danika.Rossner@dummymail.com,worker
222,Kerrin,Melony,Kerrin.Melony@dummymail.com,Kerrin.Melony@dummymail.com,firefighter
223,Jorry,Andrel,Jorry.Andrel@dummymail.com,Jorry.Andrel@dummymail.com,doctor
224,Larine,Kannry,Larine.Kannry@dummymail.com,Larine.Kannry@dummymail.com,doctor
225,Lexine,Bow,Lexine.Bow@dummymail.com,Lexine.Bow@dummymail.com,firefighter
226,Chloris,Eachern,Chloris.Eachern@dummymail.com,Chloris.Eachern@dummymail.com,doctor
227,Claudina,Braun,Claudina.Braun@dummymail.com,Claudina.Braun@dummymail.com,firefighter
228,Angela,Even,Angela.Even@dummymail.com,Angela.Even@dummymail.com,worker
229,Carlie,Elisha,Carlie.Elisha@dummymail.com,Carlie.Elisha@dummymail.com,firefighter
230,Joleen,Bluh,Joleen.Bluh@dummymail.com,Joleen.Bluh@dummymail.com,doctor
231,Chickie,Dawkins,Chickie.Dawkins@dummymail.com,Chickie.Dawkins@dummymail.com,developer
232,Fanny,Annice,Fanny.Annice@dummymail.com,Fanny.Annice@dummymail.com,police officer
233,Marsiella,Delp,Marsiella.Delp@dummymail.com,Marsiella.Delp@dummymail.com,worker
234,Bernardine,Grayce,Bernardine.Grayce@dummymail.com,Bernardine.Grayce@dummymail.com,firefighter
235,Myrtice,Noelyn,Myrtice.Noelyn@dummymail.com,Myrtice.Noelyn@dummymail.com,worker
236,Moyna,Prober,Moyna.Prober@dummymail.com,Moyna.Prober@dummymail.com,worker
237,Janis,Nicoline,Janis.Nicoline@dummymail.com,Janis.Nicoline@dummymail.com,doctor
238,Sam,Abram,Sam.Abram@dummymail.com,Sam.Abram@dummymail.com,worker
239,Rosabelle,Wareing,Rosabelle.Wareing@dummymail.com,Rosabelle.Wareing@dummymail.com,worker
240,Heddie,Alcott,Heddie.Alcott@dummymail.com,Heddie.Alcott@dummymail.com,developer
241,Sarette,Judye,Sarette.Judye@dummymail.com,Sarette.Judye@dummymail.com,developer
242,Xylina,Sharl,Xylina.Sharl@dummymail.com,Xylina.Sharl@dummymail.com,worker
243,Gaylene,Neva,Gaylene.Neva@dummymail.com,Gaylene.Neva@dummymail.com,firefighter
244,Mathilda,Ciro,Mathilda.Ciro@dummymail.com,Mathilda.Ciro@dummymail.com,developer
245,Dagmar,Ranjiv,Dagmar.Ranjiv@dummymail.com,Dagmar.Ranjiv@dummymail.com,police officer
246,Tami,Mozelle,Tami.Mozelle@dummymail.com,Tami.Mozelle@dummymail.com,developer
247,Cassondra,Saunderson,Cassondra.Saunderson@dummymail.com,Cassondra.Saunderson@dummymail.com,doctor
248,Winny,Dominy,Winny.Dominy@dummymail.com,Winny.Dominy@dummymail.com,police officer
249,Barbi,Sigfrid,Barbi.Sigfrid@dummymail.com,Barbi.Sigfrid@dummymail.com,doctor
250,Carolina,Behre,Carolina.Behre@dummymail.com,Carolina.Behre@dummymail.com,worker
251,Ada,Ramona,Ada.Ramona@dummymail.com,Ada.Ramona@dummymail.com,worker
252,Lusa,Daegal,Lusa.Daegal@dummymail.com,Lusa.Daegal@dummymail.com,doctor
253,Zaria,Radu,Zaria.Radu@dummymail.com,Zaria.Radu@dummymail.com,worker
254,Letizia,Sibyls,Letizia.Sibyls@dummymail.com,Letizia.Sibyls@dummymail.com,firefighter
255,Rosabelle,Luhe,Rosabelle.Luhe@dummymail.com,Rosabelle.Luhe@dummymail.com,police officer
256,Carolina,Tyson,Carolina.Tyson@dummymail.com,Carolina.Tyson@dummymail.com,police officer
257,Chloris,Vilma,Chloris.Vilma@dummymail.com,Chloris.Vilma@dummymail.com,firefighter
258,Elise,Astra,Elise.Astra@dummymail.com,Elise.Astra@dummymail.com,developer
259,Cindelyn,Imelida,Cindelyn.Imelida@dummymail.com,Cindelyn.Imelida@dummymail.com,doctor
260,Jordan,Munn,Jordan.Munn@dummymail.com,Jordan.Munn@dummymail.com,police officer
261,Ada,Carleen,Ada.Carleen@dummymail.com,Ada.Carleen@dummymail.com,firefighter
262,Raina,Voletta,Raina.Voletta@dummymail.com,Raina.Voletta@dummymail.com,firefighter
263,Rosabelle,Grosz,Rosabelle.Grosz@dummymail.com,Rosabelle.Grosz@dummymail.com,police officer
264,Atlanta,Ummersen,Atlanta.Ummersen@dummymail.com,Atlanta.Ummersen@dummymail.com,firefighter
265,Atlanta,Hieronymus,Atlanta.Hieronymus@dummymail.com,Atlanta.Hieronymus@dummymail.com,firefighter
266,Aaren,Brenn,Aaren.Brenn@dummymail.com,Aaren.Brenn@dummymail.com,police officer
267,Tarra,Kinnard,Tarra.Kinnard@dummymail.com,Tarra.Kinnard@dummymail.com,developer
268,Isa,Winthorpe,Isa.Winthorpe@dummymail.com,Isa.Winthorpe@dummymail.com,worker
269,Ruthe,Alwin,Ruthe.Alwin@dummymail.com,Ruthe.Alwin@dummymail.com,worker
270,Linet,Gherardo,Linet.Gherardo@dummymail.com,Linet.Gherardo@dummymail.com,developer
271,Dianemarie,Florina,Dianemarie.Florina@dummymail.com,Dianemarie.Florina@dummymail.com,developer
272,Yvonne,Dom,Yvonne.Dom@dummymail.com,Yvonne.Dom@dummymail.com,doctor
273,Lucy,Jotham,Lucy.Jotham@dummymail.com,Lucy.Jotham@dummymail.com,firefighter
274,Dagmar,Tound,Dagmar.Tound@dummymail.com,Dagmar.Tound@dummymail.com,doctor
275,Marcelline,Torray,Marcelline.Torray@dummymail.com,Marcelline.Torray@dummymail.com,police officer
276,Vanessa,Voletta,Vanessa.Voletta@dummymail.com,Vanessa.Voletta@dummymail.com,developer
277,Karolina,Winthorpe,Karolina.Winthorpe@dummymail.com,Karolina.Winthorpe@dummymail.com,doctor
278,Gertrud,Lorenz,Gertrud.Lorenz@dummymail.com,Gertrud.Lorenz@dummymail.com,developer
279,Maisey,Wesle,Maisey.Wesle@dummymail.com,Maisey.Wesle@dummymail.com,developer
280,Nerta,Arvo,Nerta.Arvo@dummymail.com,Nerta.Arvo@dummymail.com,developer
281,Winny,Rosemary,Winny.Rosemary@dummymail.com,Winny.Rosemary@dummymail.com,developer
282,Halette,Frendel,Halette.Frendel@dummymail.com,Halette.Frendel@dummymail.com,doctor
283,Georgetta,Mauer,Georgetta.Mauer@dummymail.com,Georgetta.Mauer@dummymail.com,worker
284,Judy,Weaks,Judy.Weaks@dummymail.com,Judy.Weaks@dummymail.com,doctor
285,Gilda,Fairweather,Gilda.Fairweather@dummymail.com,Gilda.Fairweather@dummymail.com,firefighter
286,Nerta,Uund,Nerta.Uund@dummymail.com,Nerta.Uund@dummymail.com,developer
287,Myriam,Ioab,Myriam.Ioab@dummymail.com,Myriam.Ioab@dummymail.com,worker
288,Dione,Joeann,Dione.Joeann@dummymail.com,Dione.Joeann@dummymail.com,developer
289,Lindie,Kiyoshi,Lindie.Kiyoshi@dummymail.com,Lindie.Kiyoshi@dummymail.com,developer
290,Moyna,Bobbee,Moyna.Bobbee@dummymail.com,Moyna.Bobbee@dummymail.com,developer
291,Kate,Zaslow,Kate.Zaslow@dummymail.com,Kate.Zaslow@dummymail.com,doctor
292,Jere,McAdams,Jere.McAdams@dummymail.com,Jere.McAdams@dummymail.com,worker
293,Jenda,Jalbert,Jenda.Jalbert@dummymail.com,Jenda.Jalbert@dummymail.com,police officer
294,Ernesta,Gherardo,Ernesta.Gherardo@dummymail.com,Ernesta.Gherardo@dummymail.com,firefighter
295,Diena,Shirberg,Diena.Shirberg@dummymail.com,Diena.Shirberg@dummymail.com,firefighter
296,Dolli,Chandler,Dolli.Chandler@dummymail.com,Dolli.Chandler@dummymail.com,firefighter
297,Teriann,Pernick,Teriann.Pernick@dummymail.com,Teriann.Pernick@dummymail.com,firefighter
298,Peri,Saree,Peri.Saree@dummymail.com,Peri.Saree@dummymail.com,worker
299,Karolina,Sothena,Karolina.Sothena@dummymail.com,Karolina.Sothena@dummymail.com,doctor
300,Renie,Kamaria,Renie.Kamaria@dummymail.com,Renie.Kamaria@dummymail.com,doctor
301,Yolane,Jenness,Yolane.Jenness@dummymail.com,Yolane.Jenness@dummymail.com,developer
302,Rosene,Smitt,Rosene.Smitt@dummymail.com,Rosene.Smitt@dummymail.com,worker
303,Desirae,Mauer,Desirae.Mauer@dummymail.com,Desirae.Mauer@dummymail.com,developer
304,Thalia,Sallyann,Thalia.Sallyann@dummymail.com,Thalia.Sallyann@dummymail.com,police officer
305,Aryn,Bow,Aryn.Bow@dummymail.com,Aryn.Bow@dummymail.com,developer
306,Hettie,Ammann,Hettie.Ammann@dummymail.com,Hettie.Ammann@dummymail.com,worker
307,Vonny,Margarete,Vonny.Margarete@dummymail.com,Vonny.Margarete@dummymail.com,developer
308,Margalo,Gaulin,Margalo.Gaulin@dummymail.com,Margalo.Gaulin@dummymail.com,worker
309,Vere,Kussell,Vere.Kussell@dummymail.com,Vere.Kussell@dummymail.com,worker
310,Ebonee,Georgy,Ebonee.Georgy@dummymail.com,Ebonee.Georgy@dummymail.com,doctor
311,Florencia,Chem,Florencia.Chem@dummymail.com,Florencia.Chem@dummymail.com,developer
312,Silvana,Modie,Silvana.Modie@dummymail.com,Silvana.Modie@dummymail.com,doctor
313,Binny,Merat,Binny.Merat@dummymail.com,Binny.Merat@dummymail.com,firefighter
314,Belva,Rosemary,Belva.Rosemary@dummymail.com,Belva.Rosemary@dummymail.com,firefighter
315,Rosabelle,Jarib,Rosabelle.Jarib@dummymail.com,Rosabelle.Jarib@dummymail.com,developer
316,Delilah,Sekofski,Delilah.Sekofski@dummymail.com,Delilah.Sekofski@dummymail.com,worker
317,Jessy,Gabrielli,Jessy.Gabrielli@dummymail.com,Jessy.Gabrielli@dummymail.com,firefighter
318,Winny,Taam,Winny.Taam@dummymail.com,Winny.Taam@dummymail.com,developer
319,Phedra,Kirbee,Phedra.Kirbee@dummymail.com,Phedra.Kirbee@dummymail.com,developer
320,Karina,Anastatius,Karina.Anastatius@dummymail.com,Karina.Anastatius@dummymail.com,developer
321,Asia,Luhe,Asia.Luhe@dummymail.com,Asia.Luhe@dummymail.com,worker
322,Andree,Laverne,Andree.Laverne@dummymail.com,Andree.Laverne@dummymail.com,firefighter
323,Catharine,Flyn,Catharine.Flyn@dummymail.com,Catharine.Flyn@dummymail.com,developer
324,Joleen,Narton,Joleen.Narton@dummymail.com,Joleen.Narton@dummymail.com,developer
325,Sindee,Hathaway,Sindee.Hathaway@dummymail.com,Sindee.Hathaway@dummymail.com,police officer
326,Jenda,Lumbard,Jenda.Lumbard@dummymail.com,Jenda.Lumbard@dummymail.com,police officer
327,Kerrin,Saree,Kerrin.Saree@dummymail.com,Kerrin.Saree@dummymail.com,developer
328,Millie,Timon,Millie.Timon@dummymail.com,Millie.Timon@dummymail.com,firefighter
329,Tani,Martguerita,Tani.Martguerita@dummymail.com,Tani.Martguerita@dummymail.com,doctor
330,Karly,Obed,Karly.Obed@dummymail.com,Karly.Obed@dummymail.com,doctor
331,Estell,Leopold,Estell.Leopold@dummymail.com,Estell.Leopold@dummymail.com,firefighter
332,Corene,Cloris,Corene.Cloris@dummymail.com,Corene.Cloris@dummymail.com,police officer
333,Kirstin,Love,Kirstin.Love@dummymail.com,Kirstin.Love@dummymail.com,doctor
334,Harmonia,Helfand,Harmonia.Helfand@dummymail.com,Harmonia.Helfand@dummymail.com,worker
335,Rori,Mata,Rori.Mata@dummymail.com,Rori.Mata@dummymail.com,firefighter
336,Moyna,Pillsbury,Moyna.Pillsbury@dummymail.com,Moyna.Pillsbury@dummymail.com,doctor
337,Frank,Dunkin,Frank.Dunkin@dummymail.com,Frank.Dunkin@dummymail.com,worker
338,Chandra,Aaberg,Chandra.Aaberg@dummymail.com,Chandra.Aaberg@dummymail.com,firefighter
339,Sindee,Hedve,Sindee.Hedve@dummymail.com,Sindee.Hedve@dummymail.com,firefighter
340,Hope,Read,Hope.Read@dummymail.com,Hope.Read@dummymail.com,police officer
341,Brianna,Rebecka,Brianna.Rebecka@dummymail.com,Brianna.Rebecka@dummymail.com,police officer
342,Julieta,Korey,Julieta.Korey@dummymail.com,Julieta.Korey@dummymail.com,police officer
343,Monika,Drus,Monika.Drus@dummymail.com,Monika.Drus@dummymail.com,doctor
344,Corly,Rad,Corly.Rad@dummymail.com,Corly.Rad@dummymail.com,police officer
345,Corene,Jarib,Corene.Jarib@dummymail.com,Corene.Jarib@dummymail.com,doctor
346,Margarette,Fitzsimmons,Margarette.Fitzsimmons@dummymail.com,Margarette.Fitzsimmons@dummymail.com,police officer
347,Brooks,Erminia,Brooks.Erminia@dummymail.com,Brooks.Erminia@dummymail.com,doctor
348,Stacey,Corrine,Stacey.Corrine@dummymail.com,Stacey.Corrine@dummymail.com,worker
349,Helena,Joeann,Helena.Joeann@dummymail.com,Helena.Joeann@dummymail.com,doctor
350,Jenda,Dom,Jenda.Dom@dummymail.com,Jenda.Dom@dummymail.com,police officer
351,Imojean,Moina,Imojean.Moina@dummymail.com,Imojean.Moina@dummymail.com,worker
352,Cherrita,Vivle,Cherrita.Vivle@dummymail.com,Cherrita.Vivle@dummymail.com,firefighter
353,Willetta,Zitvaa,Willetta.Zitvaa@dummymail.com,Willetta.Zitvaa@dummymail.com,police officer
354,Christal,Wilkinson,Christal.Wilkinson@dummymail.com,Christal.Wilkinson@dummymail.com,developer
355,Sadie,Burnside,Sadie.Burnside@dummymail.com,Sadie.Burnside@dummymail.com,doctor
356,Mildrid,Arvo,Mildrid.Arvo@dummymail.com,Mildrid.Arvo@dummymail.com,worker
357,Viviene,Firmin,Viviene.Firmin@dummymail.com,Viviene.Firmin@dummymail.com,police officer
358,Blondelle,Burch,Blondelle.Burch@dummymail.com,Blondelle.Burch@dummymail.com,worker
359,Harrietta,Ahab,Harrietta.Ahab@dummymail.com,Harrietta.Ahab@dummymail.com,doctor
360,Shannah,Bettine,Shannah.Bettine@dummymail.com,Shannah.Bettine@dummymail.com,developer
361,Tressa,Kenwood,Tressa.Kenwood@dummymail.com,Tressa.Kenwood@dummymail.com,police officer
362,Claresta,Pitt,Claresta.Pitt@dummymail.com,Claresta.Pitt@dummymail.com,police officer
363,Mariele,Kosey,Mariele.Kosey@dummymail.com,Mariele.Kosey@dummymail.com,police officer
364,Dode,Valoniah,Dode.Valoniah@dummymail.com,Dode.Valoniah@dummymail.com,worker
365,Betta,Helfand,Betta.Helfand@dummymail.com,Betta.Helfand@dummymail.com,firefighter
366,Marjie,Hirsch,Marjie.Hirsch@dummymail.com,Marjie.Hirsch@dummymail.com,firefighter
367,Mady,Rooney,Mady.Rooney@dummymail.com,Mady.Rooney@dummymail.com,doctor
368,Beth,Rozanna,Beth.Rozanna@dummymail.com,Beth.Rozanna@dummymail.com,developer
369,Ileana,Rosalba,Ileana.Rosalba@dummymail.com,Ileana.Rosalba@dummymail.com,worker
370,Arlena,Alfons,Arlena.Alfons@dummymail.com,Arlena.Alfons@dummymail.com,doctor
371,Daryl,Breed,Daryl.Breed@dummymail.com,Daryl.Breed@dummymail.com,police officer
372,Kerrin,Read,Kerrin.Read@dummymail.com,Kerrin.Read@dummymail.com,developer
373,Alyda,Rebecka,Alyda.Rebecka@dummymail.com,Alyda.Rebecka@dummymail.com,doctor
374,Alexine,Kathie,Alexine.Kathie@dummymail.com,Alexine.Kathie@dummymail.com,worker
375,Linzy,Constancy,Linzy.Constancy@dummymail.com,Linzy.Constancy@dummymail.com,worker
376,Lorie,Weinreb,Lorie.Weinreb@dummymail.com,Lorie.Weinreb@dummymail.com,police officer
377,Marylou,Shama,Marylou.Shama@dummymail.com,Marylou.Shama@dummymail.com,developer
378,Mariann,Campball,Mariann.Campball@dummymail.com,Mariann.Campball@dummymail.com,firefighter
379,Elbertina,Joeann,Elbertina.Joeann@dummymail.com,Elbertina.Joeann@dummymail.com,firefighter
380,Tina,Tristram,Tina.Tristram@dummymail.com,Tina.Tristram@dummymail.com,doctor
381,Tersina,Faria,Tersina.Faria@dummymail.com,Tersina.Faria@dummymail.com,firefighter
382,Helsa,Tremayne,Helsa.Tremayne@dummymail.com,Helsa.Tremayne@dummymail.com,police officer
383,Camile,Burch,Camile.Burch@dummymail.com,Camile.Burch@dummymail.com,firefighter
384,Genovera,Amethist,Genovera.Amethist@dummymail.com,Genovera.Amethist@dummymail.com,developer
385,Yvonne,Lubin,Yvonne.Lubin@dummymail.com,Yvonne.Lubin@dummymail.com,police officer
386,Leanna,Amand,Leanna.Amand@dummymail.com,Leanna.Amand@dummymail.com,doctor
387,Kathi,Stover,Kathi.Stover@dummymail.com,Kathi.Stover@dummymail.com,worker
388,Tersina,Ellord,Tersina.Ellord@dummymail.com,Tersina.Ellord@dummymail.com,police officer
389,Brana,Sikorski,Brana.Sikorski@dummymail.com,Brana.Sikorski@dummymail.com,worker
390,Nyssa,Pattin,Nyssa.Pattin@dummymail.com,Nyssa.Pattin@dummymail.com,doctor
391,Madalyn,Corrine,Madalyn.Corrine@dummymail.com,Madalyn.Corrine@dummymail.com,firefighter
392,Madeleine,Stephie,Madeleine.Stephie@dummymail.com,Madeleine.Stephie@dummymail.com,doctor
393,Alexine,Pulsifer,Alexine.Pulsifer@dummymail.com,Alexine.Pulsifer@dummymail.com,developer
394,Zondra,Yoko,Zondra.Yoko@dummymail.com,Zondra.Yoko@dummymail.com,worker
395,Rhoda,Karna,Rhoda.Karna@dummymail.com,Rhoda.Karna@dummymail.com,worker
396,Hyacinthe,Pascia,Hyacinthe.Pascia@dummymail.com,Hyacinthe.Pascia@dummymail.com,worker
397,Ebonee,Shirberg,Ebonee.Shirberg@dummymail.com,Ebonee.Shirberg@dummymail.com,police officer
398,Elfreda,Eben,Elfreda.Eben@dummymail.com,Elfreda.Eben@dummymail.com,developer
399,Correy,McLaughlin,Correy.McLaughlin@dummymail.com,Correy.McLaughlin@dummymail.com,police officer
400,Catharine,Wilkinson,Catharine.Wilkinson@dummymail.com,Catharine.Wilkinson@dummymail.com,firefighter
401,Bobinette,Maxi,Bobinette.Maxi@dummymail.com,Bobinette.Maxi@dummymail.com,police officer
402,Fredericka,Cassius,Fredericka.Cassius@dummymail.com,Fredericka.Cassius@dummymail.com,doctor
403,Josephine,Naor,Josephine.Naor@dummymail.com,Josephine.Naor@dummymail.com,worker
404,Hildegaard,Jobi,Hildegaard.Jobi@dummymail.com,Hildegaard.Jobi@dummymail.com,worker
405,Gisela,Dielu,Gisela.Dielu@dummymail.com,Gisela.Dielu@dummymail.com,doctor
406,Rhea,Ioab,Rhea.Ioab@dummymail.com,Rhea.Ioab@dummymail.com,doctor
407,Annora,Hedve,Annora.Hedve@dummymail.com,Annora.Hedve@dummymail.com,firefighter
408,Rosabelle,Hertzfeld,Rosabelle.Hertzfeld@dummymail.com,Rosabelle.Hertzfeld@dummymail.com,developer
409,Jordan,Clie,Jordan.Clie@dummymail.com,Jordan.Clie@dummymail.com,doctor
410,Alie,Elisha,Alie.Elisha@dummymail.com,Alie.Elisha@dummymail.com,doctor
411,Tybie,Konyn,Tybie.Konyn@dummymail.com,Tybie.Konyn@dummymail.com,doctor
412,Georgina,Kannry,Georgina.Kannry@dummymail.com,Georgina.Kannry@dummymail.com,developer
413,Marylou,Ivens,Marylou.Ivens@dummymail.com,Marylou.Ivens@dummymail.com,developer
414,Korrie,Poll,Korrie.Poll@dummymail.com,Korrie.Poll@dummymail.com,worker
415,Merci,Sophronia,Merci.Sophronia@dummymail.com,Merci.Sophronia@dummymail.com,developer
416,Aurelie,Ader,Aurelie.Ader@dummymail.com,Aurelie.Ader@dummymail.com,worker
417,Emylee,Anyah,Emylee.Anyah@dummymail.com,Emylee.Anyah@dummymail.com,firefighter
418,Consuela,Rad,Consuela.Rad@dummymail.com,Consuela.Rad@dummymail.com,police officer
419,Leeanne,Capello,Leeanne.Capello@dummymail.com,Leeanne.Capello@dummymail.com,doctor
420,Gabi,Evangelia,Gabi.Evangelia@dummymail.com,Gabi.Evangelia@dummymail.com,police officer
421,Tybie,Fabiola,Tybie.Fabiola@dummymail.com,Tybie.Fabiola@dummymail.com,firefighter
422,Priscilla,Lutero,Priscilla.Lutero@dummymail.com,Priscilla.Lutero@dummymail.com,developer
423,Jeanna,Ranjiv,Jeanna.Ranjiv@dummymail.com,Jeanna.Ranjiv@dummymail.com,developer
424,Eolanda,Vilma,Eolanda.Vilma@dummymail.com,Eolanda.Vilma@dummymail.com,worker
425,Devina,Zitvaa,Devina.Zitvaa@dummymail.com,Devina.Zitvaa@dummymail.com,doctor
426,Sadie,Vittoria,Sadie.Vittoria@dummymail.com,Sadie.Vittoria@dummymail.com,developer
427,Adele,Telfer,Adele.Telfer@dummymail.com,Adele.Telfer@dummymail.com,firefighter
428,Shaylyn,Miru,Shaylyn.Miru@dummymail.com,Shaylyn.Miru@dummymail.com,police officer
429,Clo,Nadia,Clo.Nadia@dummymail.com,Clo.Nadia@dummymail.com,developer
430,Gertrud,Natalia,Gertrud.Natalia@dummymail.com,Gertrud.Natalia@dummymail.com,police officer
431,Farrah,Tyson,Farrah.Tyson@dummymail.com,Farrah.Tyson@dummymail.com,police officer
432,Lorne,Bivins,Lorne.Bivins@dummymail.com,Lorne.Bivins@dummymail.com,firefighter
433,Yolane,Uird,Yolane.Uird@dummymail.com,Yolane.Uird@dummymail.com,developer
434,Mary,Camden,Mary.Camden@dummymail.com,Mary.Camden@dummymail.com,doctor
435,Ira,Odysseus,Ira.Odysseus@dummymail.com,Ira.Odysseus@dummymail.com,doctor
436,Julieta,Gunn,Julieta.Gunn@dummymail.com,Julieta.Gunn@dummymail.com,firefighter
437,Ermengarde,Alabaster,Ermengarde.Alabaster@dummymail.com,Ermengarde.Alabaster@dummymail.com,police officer
438,Nariko,Robertson,Nariko.Robertson@dummymail.com,Nariko.Robertson@dummymail.com,firefighter
439,Trixi,Byrne,Trixi.Byrne@dummymail.com,Trixi.Byrne@dummymail.com,police officer
440,Jorry,Carolin,Jorry.Carolin@dummymail.com,Jorry.Carolin@dummymail.com,doctor
441,Siana,Melony,Siana.Melony@dummymail.com,Siana.Melony@dummymail.com,doctor
442,Vita,Klemperer,Vita.Klemperer@dummymail.com,Vita.Klemperer@dummymail.com,developer
443,Averyl,Ilka,Averyl.Ilka@dummymail.com,Averyl.Ilka@dummymail.com,doctor
444,Jacquetta,Larochelle,Jacquetta.Larochelle@dummymail.com,Jacquetta.Larochelle@dummymail.com,doctor
445,Ilse,Faso,Ilse.Faso@dummymail.com,Ilse.Faso@dummymail.com,doctor
446,Kenna,Brodench,Kenna.Brodench@dummymail.com,Kenna.Brodench@dummymail.com,police officer
447,Wileen,Craggie,Wileen.Craggie@dummymail.com,Wileen.Craggie@dummymail.com,developer
448,Verla,Schenck,Verla.Schenck@dummymail.com,Verla.Schenck@dummymail.com,developer
449,Jessy,Brodench,Jessy.Brodench@dummymail.com,Jessy.Brodench@dummymail.com,developer
450,Estell,Joli,Estell.Joli@dummymail.com,Estell.Joli@dummymail.com,worker
451,Dorthy,Baptlsta,Dorthy.Baptlsta@dummymail.com,Dorthy.Baptlsta@dummymail.com,firefighter
452,Kellen,Ventre,Kellen.Ventre@dummymail.com,Kellen.Ventre@dummymail.com,worker
453,Janenna,Kussell,Janenna.Kussell@dummymail.com,Janenna.Kussell@dummymail.com,worker
454,Camile,Lymann,Camile.Lymann@dummymail.com,Camile.Lymann@dummymail.com,doctor
455,Xylina,Tayib,Xylina.Tayib@dummymail.com,Xylina.Tayib@dummymail.com,worker
456,Dulce,Alfons,Dulce.Alfons@dummymail.com,Dulce.Alfons@dummymail.com,doctor
457,Dione,Buckler,Dione.Buckler@dummymail.com,Dione.Buckler@dummymail.com,developer
458,Iseabal,Vins,Iseabal.Vins@dummymail.com,Iseabal.Vins@dummymail.com,worker
459,Christian,Oster,Christian.Oster@dummymail.com,Christian.Oster@dummymail.com,worker
460,Angelique,Bryna,Angelique.Bryna@dummymail.com,Angelique.Bryna@dummymail.com,firefighter
461,Marguerite,Vernier,Marguerite.Vernier@dummymail.com,Marguerite.Vernier@dummymail.com,police officer
462,Shannah,Munn,Shannah.Munn@dummymail.com,Shannah.Munn@dummymail.com,doctor
463,Imojean,Cherianne,Imojean.Cherianne@dummymail.com,Imojean.Cherianne@dummymail.com,doctor
464,Mellicent,Charity,Mellicent.Charity@dummymail.com,Mellicent.Charity@dummymail.com,doctor
465,Loree,Agle,Loree.Agle@dummymail.com,Loree.Agle@dummymail.com,worker
466,Kenna,Roxanna,Kenna.Roxanna@dummymail.com,Kenna.Roxanna@dummymail.com,firefighter
467,Nickie,Cleavland,Nickie.Cleavland@dummymail.com,Nickie.Cleavland@dummymail.com,police officer
468,Chandra,Scammon,Chandra.Scammon@dummymail.com,Chandra.Scammon@dummymail.com,doctor
469,Donnie,Erlandson,Donnie.Erlandson@dummymail.com,Donnie.Erlandson@dummymail.com,doctor
470,Nessie,Rogerio,Nessie.Rogerio@dummymail.com,Nessie.Rogerio@dummymail.com,police officer
471,Christian,Henebry,Christian.Henebry@dummymail.com,Christian.Henebry@dummymail.com,police officer
472,Cyndie,Chobot,Cyndie.Chobot@dummymail.com,Cyndie.Chobot@dummymail.com,worker
473,Tina,Pond,Tina.Pond@dummymail.com,Tina.Pond@dummymail.com,developer
474,Zondra,Grobe,Zondra.Grobe@dummymail.com,Zondra.Grobe@dummymail.com,police officer
475,Robinia,Matthew,Robinia.Matthew@dummymail.com,Robinia.Matthew@dummymail.com,doctor
476,Briney,Wildermuth,Briney.Wildermuth@dummymail.com,Briney.Wildermuth@dummymail.com,doctor
477,Bettine,Lesley,Bettine.Lesley@dummymail.com,Bettine.Lesley@dummymail.com,firefighter
478,Xylina,Niles,Xylina.Niles@dummymail.com,Xylina.Niles@dummymail.com,worker
479,Chandra,Narton,Chandra.Narton@dummymail.com,Chandra.Narton@dummymail.com,police officer
480,Ellette,Bakerman,Ellette.Bakerman@dummymail.com,Ellette.Bakerman@dummymail.com,firefighter
481,Valera,O'Rourke,Valera.O'Rourke@dummymail.com,Valera.O'Rourke@dummymail.com,firefighter
482,Catrina,Ambrosia,Catrina.Ambrosia@dummymail.com,Catrina.Ambrosia@dummymail.com,police officer
483,Annora,Chobot,Annora.Chobot@dummymail.com,Annora.Chobot@dummymail.com,firefighter
484,Anthia,Pond,Anthia.Pond@dummymail.com,Anthia.Pond@dummymail.com,police officer
485,Barbi,Solitta,Barbi.Solitta@dummymail.com,Barbi.Solitta@dummymail.com,developer
486,Dari,Maisey,Dari.Maisey@dummymail.com,Dari.Maisey@dummymail.com,developer
487,Sophia,Kravits,Sophia.Kravits@dummymail.com,Sophia.Kravits@dummymail.com,developer
488,Kristina,Rogerio,Kristina.Rogerio@dummymail.com,Kristina.Rogerio@dummymail.com,developer
489,Mellicent,Edee,Mellicent.Edee@dummymail.com,Mellicent.Edee@dummymail.com,firefighter
490,Carol-Jean,Truc,Carol-Jean.Truc@dummymail.com,Carol-Jean.Truc@dummymail.com,police officer
491,Althea,Leary,Althea.Leary@dummymail.com,Althea.Leary@dummymail.com,doctor
492,Dianemarie,Ilka,Dianemarie.Ilka@dummymail.com,Dianemarie.Ilka@dummymail.com,firefighter
493,Danny,Arvo,Danny.Arvo@dummymail.com,Danny.Arvo@dummymail.com,worker
494,Aeriela,Ralfston,Aeriela.Ralfston@dummymail.com,Aeriela.Ralfston@dummymail.com,police officer
495,Bee,Kiyoshi,Bee.Kiyoshi@dummymail.com,Bee.Kiyoshi@dummymail.com,police officer
496,Wilma,Lucienne,Wilma.Lucienne@dummymail.com,Wilma.Lucienne@dummymail.com,worker
497,Carol-Jean,Joseph,Carol-Jean.Joseph@dummymail.com,Carol-Jean.Joseph@dummymail.com,doctor
498,Genovera,Monaco,Genovera.Monaco@dummymail.com,Genovera.Monaco@dummymail.com,firefighter
499,Trudie,Blisse,Trudie.Blisse@dummymail.com,Trudie.Blisse@dummymail.com,doctor
500,Helena,Borrell,Helena.Borrell@dummymail.com,Helena.Borrell@dummymail.com,developer
501,Janey,Friede,Janey.Friede@dummymail.com,Janey.Friede@dummymail.com,firefighter
502,Veda,Jess,Veda.Jess@dummymail.com,Veda.Jess@dummymail.com,police officer
503,Dianemarie,Septima,Dianemarie.Septima@dummymail.com,Dianemarie.Septima@dummymail.com,firefighter
504,Genovera,Chapland,Genovera.Chapland@dummymail.com,Genovera.Chapland@dummymail.com,firefighter
505,Wynne,Ovid,Wynne.Ovid@dummymail.com,Wynne.Ovid@dummymail.com,firefighter
506,Binny,Amand,Binny.Amand@dummymail.com,Binny.Amand@dummymail.com,firefighter
507,Giustina,Evvie,Giustina.Evvie@dummymail.com,Giustina.Evvie@dummymail.com,doctor
508,Joane,Malanie,Joane.Malanie@dummymail.com,Joane.Malanie@dummymail.com,firefighter
509,Rosene,Carvey,Rosene.Carvey@dummymail.com,Rosene.Carvey@dummymail.com,worker
510,Rayna,Dannye,Rayna.Dannye@dummymail.com,Rayna.Dannye@dummymail.com,firefighter
511,Tori,Weide,Tori.Weide@dummymail.com,Tori.Weide@dummymail.com,developer
512,Merle,Forrer,Merle.Forrer@dummymail.com,Merle.Forrer@dummymail.com,worker
513,Ermengarde,Halsey,Ermengarde.Halsey@dummymail.com,Ermengarde.Halsey@dummymail.com,developer
514,Marita,Tarrant,Marita.Tarrant@dummymail.com,Marita.Tarrant@dummymail.com,worker
515,Therine,Rocray,Therine.Rocray@dummymail.com,Therine.Rocray@dummymail.com,worker
516,Charissa,My,Charissa.My@dummymail.com,Charissa.My@dummymail.com,police officer
517,Ernesta,Shirberg,Ernesta.Shirberg@dummymail.com,Ernesta.Shirberg@dummymail.com,police officer
518,Jackie,Wyn,Jackie.Wyn@dummymail.com,Jackie.Wyn@dummymail.com,developer
519,Meg,Liebermann,Meg.Liebermann@dummymail.com,Meg.Liebermann@dummymail.com,doctor
520,Odessa,Goode,Odessa.Goode@dummymail.com,Odessa.Goode@dummymail.com,worker
521,Lorne,Baylor,Lorne.Baylor@dummymail.com,Lorne.Baylor@dummymail.com,worker
522,Dulcinea,Hewitt,Dulcinea.Hewitt@dummymail.com,Dulcinea.Hewitt@dummymail.com,worker
523,Kelly,Corrine,Kelly.Corrine@dummymail.com,Kelly.Corrine@dummymail.com,police officer
524,Fredericka,Eiser,Fredericka.Eiser@dummymail.com,Fredericka.Eiser@dummymail.com,police officer
525,Collen,McGrody,Collen.McGrody@dummymail.com,Collen.McGrody@dummymail.com,doctor
526,Phedra,Phyllis,Phedra.Phyllis@dummymail.com,Phedra.Phyllis@dummymail.com,firefighter
527,Doro,Zeeba,Doro.Zeeba@dummymail.com,Doro.Zeeba@dummymail.com,police officer
528,Augustine,Chinua,Augustine.Chinua@dummymail.com,Augustine.Chinua@dummymail.com,firefighter
529,Valera,Rugen,Valera.Rugen@dummymail.com,Valera.Rugen@dummymail.com,police officer
530,Willetta,Marijo,Willetta.Marijo@dummymail.com,Willetta.Marijo@dummymail.com,developer
531,Ana,Waldron,Ana.Waldron@dummymail.com,Ana.Waldron@dummymail.com,developer
532,Riannon,Lilybelle,Riannon.Lilybelle@dummymail.com,Riannon.Lilybelle@dummymail.com,police officer
533,Suzette,Medrek,Suzette.Medrek@dummymail.com,Suzette.Medrek@dummymail.com,doctor
534,Mariele,Helfand,Mariele.Helfand@dummymail.com,Mariele.Helfand@dummymail.com,firefighter
535,Edee,Talia,Edee.Talia@dummymail.com,Edee.Talia@dummymail.com,worker
536,Gilda,Ruvolo,Gilda.Ruvolo@dummymail.com,Gilda.Ruvolo@dummymail.com,developer
537,Ebonee,Dituri,Ebonee.Dituri@dummymail.com,Ebonee.Dituri@dummymail.com,worker
538,Corry,Natica,Corry.Natica@dummymail.com,Corry.Natica@dummymail.com,doctor
539,Teddie,Lymann,Teddie.Lymann@dummymail.com,Teddie.Lymann@dummymail.com,firefighter
540,Leia,Stav,Leia.Stav@dummymail.com,Leia.Stav@dummymail.com,doctor
541,Perry,Gaulin,Perry.Gaulin@dummymail.com,Perry.Gaulin@dummymail.com,doctor
542,Malina,Santoro,Malina.Santoro@dummymail.com,Malina.Santoro@dummymail.com,police officer
543,Mady,Allys,Mady.Allys@dummymail.com,Mady.Allys@dummymail.com,firefighter
544,Wanda,Tufts,Wanda.Tufts@dummymail.com,Wanda.Tufts@dummymail.com,developer
545,Roslyn,Hunfredo,Roslyn.Hunfredo@dummymail.com,Roslyn.Hunfredo@dummymail.com,firefighter
546,Hettie,Kravits,Hettie.Kravits@dummymail.com,Hettie.Kravits@dummymail.com,police officer
547,Celisse,Robertson,Celisse.Robertson@dummymail.com,Celisse.Robertson@dummymail.com,doctor
548,Steffane,Dimitris,Steffane.Dimitris@dummymail.com,Steffane.Dimitris@dummymail.com,developer
549,Wilma,Chrystel,Wilma.Chrystel@dummymail.com,Wilma.Chrystel@dummymail.com,firefighter
550,Deedee,Mallon,Deedee.Mallon@dummymail.com,Deedee.Mallon@dummymail.com,police officer
551,Karlee,Margarete,Karlee.Margarete@dummymail.com,Karlee.Margarete@dummymail.com,police officer
552,Tami,Destinee,Tami.Destinee@dummymail.com,Tami.Destinee@dummymail.com,worker
553,Nannie,Kronfeld,Nannie.Kronfeld@dummymail.com,Nannie.Kronfeld@dummymail.com,doctor
554,Luci,Lutero,Luci.Lutero@dummymail.com,Luci.Lutero@dummymail.com,police officer
555,Sean,Raffo,Sean.Raffo@dummymail.com,Sean.Raffo@dummymail.com,worker
556,Carly,Gert,Carly.Gert@dummymail.com,Carly.Gert@dummymail.com,firefighter
557,Bernie,Stav,Bernie.Stav@dummymail.com,Bernie.Stav@dummymail.com,worker
558,Joane,McGrody,Joane.McGrody@dummymail.com,Joane.McGrody@dummymail.com,developer
559,Angela,Brunell,Angela.Brunell@dummymail.com,Angela.Brunell@dummymail.com,doctor
560,Kary,Liva,Kary.Liva@dummymail.com,Kary.Liva@dummymail.com,worker
561,Shannah,Daveta,Shannah.Daveta@dummymail.com,Shannah.Daveta@dummymail.com,worker
562,Carol-Jean,Barney,Carol-Jean.Barney@dummymail.com,Carol-Jean.Barney@dummymail.com,developer
563,Alia,Infield,Alia.Infield@dummymail.com,Alia.Infield@dummymail.com,developer
564,Alyssa,Gilbertson,Alyssa.Gilbertson@dummymail.com,Alyssa.Gilbertson@dummymail.com,firefighter
565,Devina,Kauppi,Devina.Kauppi@dummymail.com,Devina.Kauppi@dummymail.com,firefighter
566,Georgetta,Leffen,Georgetta.Leffen@dummymail.com,Georgetta.Leffen@dummymail.com,developer
567,Pierette,Dex,Pierette.Dex@dummymail.com,Pierette.Dex@dummymail.com,developer
568,Christian,Myrilla,Christian.Myrilla@dummymail.com,Christian.Myrilla@dummymail.com,developer
569,Johna,Gladstone,Johna.Gladstone@dummymail.com,Johna.Gladstone@dummymail.com,worker
570,Selma,Cohdwell,Selma.Cohdwell@dummymail.com,Selma.Cohdwell@dummymail.com,police officer
571,Robbi,Bari,Robbi.Bari@dummymail.com,Robbi.Bari@dummymail.com,police officer
572,Corina,Hathaway,Corina.Hathaway@dummymail.com,Corina.Hathaway@dummymail.com,worker
573,Lindie,Malvino,Lindie.Malvino@dummymail.com,Lindie.Malvino@dummymail.com,firefighter
574,Margette,Garek,Margette.Garek@dummymail.com,Margette.Garek@dummymail.com,developer
575,Aurore,Knowling,Aurore.Knowling@dummymail.com,Aurore.Knowling@dummymail.com,doctor
576,Coral,Bow,Coral.Bow@dummymail.com,Coral.Bow@dummymail.com,firefighter
577,Selia,Winthorpe,Selia.Winthorpe@dummymail.com,Selia.Winthorpe@dummymail.com,firefighter
578,Bernardine,Brodench,Bernardine.Brodench@dummymail.com,Bernardine.Brodench@dummymail.com,firefighter
579,Sophia,Chem,Sophia.Chem@dummymail.com,Sophia.Chem@dummymail.com,police officer
580,Halette,Helve,Halette.Helve@dummymail.com,Halette.Helve@dummymail.com,police officer
581,Shandie,Markman,Shandie.Markman@dummymail.com,Shandie.Markman@dummymail.com,firefighter
582,Briney,Fink,Briney.Fink@dummymail.com,Briney.Fink@dummymail.com,developer
583,Anthia,Socha,Anthia.Socha@dummymail.com,Anthia.Socha@dummymail.com,developer
584,Janeczka,Jerold,Janeczka.Jerold@dummymail.com,Janeczka.Jerold@dummymail.com,firefighter
585,Yetty,Jethro,Yetty.Jethro@dummymail.com,Yetty.Jethro@dummymail.com,worker
586,Hildegaard,Zitvaa,Hildegaard.Zitvaa@dummymail.com,Hildegaard.Zitvaa@dummymail.com,worker
587,Kate,Luhe,Kate.Luhe@dummymail.com,Kate.Luhe@dummymail.com,developer
588,Elmira,Elbertina,Elmira.Elbertina@dummymail.com,Elmira.Elbertina@dummymail.com,firefighter
589,Correy,Gunn,Correy.Gunn@dummymail.com,Correy.Gunn@dummymail.com,police officer
590,Neila,Pip,Neila.Pip@dummymail.com,Neila.Pip@dummymail.com,firefighter
591,Christal,Erlandson,Christal.Erlandson@dummymail.com,Christal.Erlandson@dummymail.com,doctor
592,Anthia,Hieronymus,Anthia.Hieronymus@dummymail.com,Anthia.Hieronymus@dummymail.com,worker
593,Angelique,Hedve,Angelique.Hedve@dummymail.com,Angelique.Hedve@dummymail.com,developer
594,Charissa,Bach,Charissa.Bach@dummymail.com,Charissa.Bach@dummymail.com,worker
595,Merrie,Laurianne,Merrie.Laurianne@dummymail.com,Merrie.Laurianne@dummymail.com,firefighter
596,Kaia,Garek,Kaia.Garek@dummymail.com,Kaia.Garek@dummymail.com,developer
597,Kathy,Valerio,Kathy.Valerio@dummymail.com,Kathy.Valerio@dummymail.com,worker
598,Aryn,Bouchard,Aryn.Bouchard@dummymail.com,Aryn.Bouchard@dummymail.com,police officer
599,Amara,Cecile,Amara.Cecile@dummymail.com,Amara.Cecile@dummymail.com,doctor
600,Olwen,Posner,Olwen.Posner@dummymail.com,Olwen.Posner@dummymail.com,firefighter
601,Anthia,Boehike,Anthia.Boehike@dummymail.com,Anthia.Boehike@dummymail.com,police officer
602,Shandie,Adalbert,Shandie.Adalbert@dummymail.com,Shandie.Adalbert@dummymail.com,police officer
603,Lorie,Zachary,Lorie.Zachary@dummymail.com,Lorie.Zachary@dummymail.com,doctor
604,Riannon,Japeth,Riannon.Japeth@dummymail.com,Riannon.Japeth@dummymail.com,doctor
605,Britte,Croix,Britte.Croix@dummymail.com,Britte.Croix@dummymail.com,doctor
606,Susan,Merriott,Susan.Merriott@dummymail.com,Susan.Merriott@dummymail.com,developer
607,Lita,Estella,Lita.Estella@dummymail.com,Lita.Estella@dummymail.com,worker
608,Christian,Jary,Christian.Jary@dummymail.com,Christian.Jary@dummymail.com,police officer
609,Sharai,Fabiola,Sharai.Fabiola@dummymail.com,Sharai.Fabiola@dummymail.com,firefighter
610,Frieda,Sprage,Frieda.Sprage@dummymail.com,Frieda.Sprage@dummymail.com,police officer
611,Constance,Garek,Constance.Garek@dummymail.com,Constance.Garek@dummymail.com,developer
612,Gabi,Madox,Gabi.Madox@dummymail.com,Gabi.Madox@dummymail.com,worker
613,Estell,Lilas,Estell.Lilas@dummymail.com,Estell.Lilas@dummymail.com,developer
614,Claresta,Tamar,Claresta.Tamar@dummymail.com,Claresta.Tamar@dummymail.com,firefighter
615,Aubrie,Vilma,Aubrie.Vilma@dummymail.com,Aubrie.Vilma@dummymail.com,worker
616,Cyb,Thunell,Cyb.Thunell@dummymail.com,Cyb.Thunell@dummymail.com,firefighter
617,Aimil,Decato,Aimil.Decato@dummymail.com,Aimil.Decato@dummymail.com,developer
618,Daune,Maisey,Daune.Maisey@dummymail.com,Daune.Maisey@dummymail.com,worker
619,Adore,Gale,Adore.Gale@dummymail.com,Adore.Gale@dummymail.com,worker
620,Kayla,Jotham,Kayla.Jotham@dummymail.com,Kayla.Jotham@dummymail.com,developer
621,Jerry,Primalia,Jerry.Primalia@dummymail.com,Jerry.Primalia@dummymail.com,developer
622,Ayn,Elephus,Ayn.Elephus@dummymail.com,Ayn.Elephus@dummymail.com,doctor
623,Emmey,Bouchard,Emmey.Bouchard@dummymail.com,Emmey.Bouchard@dummymail.com,developer
624,Charissa,Izaak,Charissa.Izaak@dummymail.com,Charissa.Izaak@dummymail.com,doctor
625,Constance,Erich,Constance.Erich@dummymail.com,Constance.Erich@dummymail.com,police officer
626,Dorthy,Cleo,Dorthy.Cleo@dummymail.com,Dorthy.Cleo@dummymail.com,police officer
627,Nataline,Olin,Nataline.Olin@dummymail.com,Nataline.Olin@dummymail.com,firefighter
628,Vinita,Shama,Vinita.Shama@dummymail.com,Vinita.Shama@dummymail.com,worker
629,Brietta,Montgomery,Brietta.Montgomery@dummymail.com,Brietta.Montgomery@dummymail.com,doctor
630,Ernesta,Esmaria,Ernesta.Esmaria@dummymail.com,Ernesta.Esmaria@dummymail.com,firefighter
631,Millie,Zenas,Millie.Zenas@dummymail.com,Millie.Zenas@dummymail.com,worker
632,Dominga,Gabrielli,Dominga.Gabrielli@dummymail.com,Dominga.Gabrielli@dummymail.com,doctor
633,Jean,Campball,Jean.Campball@dummymail.com,Jean.Campball@dummymail.com,worker
634,Britni,Jotham,Britni.Jotham@dummymail.com,Britni.Jotham@dummymail.com,worker
635,Ottilie,Euridice,Ottilie.Euridice@dummymail.com,Ottilie.Euridice@dummymail.com,worker
636,Sindee,Ramona,Sindee.Ramona@dummymail.com,Sindee.Ramona@dummymail.com,developer
637,Fanchon,Lanita,Fanchon.Lanita@dummymail.com,Fanchon.Lanita@dummymail.com,police officer
638,Fred,Camden,Fred.Camden@dummymail.com,Fred.Camden@dummymail.com,doctor
639,Evita,Liebermann,Evita.Liebermann@dummymail.com,Evita.Liebermann@dummymail.com,doctor
640,Lusa,Shaver,Lusa.Shaver@dummymail.com,Lusa.Shaver@dummymail.com,police officer
641,Ida,Publia,Ida.Publia@dummymail.com,Ida.Publia@dummymail.com,doctor
642,Mariann,Judye,Mariann.Judye@dummymail.com,Mariann.Judye@dummymail.com,doctor
643,Kerrin,Adalbert,Kerrin.Adalbert@dummymail.com,Kerrin.Adalbert@dummymail.com,developer
644,Mathilda,Dyche,Mathilda.Dyche@dummymail.com,Mathilda.Dyche@dummymail.com,worker
645,Berta,Stuart,Berta.Stuart@dummymail.com,Berta.Stuart@dummymail.com,doctor
646,Juliane,Aida,Juliane.Aida@dummymail.com,Juliane.Aida@dummymail.com,firefighter
647,Zia,Berl,Zia.Berl@dummymail.com,Zia.Berl@dummymail.com,firefighter
648,Lory,Mott,Lory.Mott@dummymail.com,Lory.Mott@dummymail.com,developer
649,Feliza,Johnsson,Feliza.Johnsson@dummymail.com,Feliza.Johnsson@dummymail.com,developer
650,Latisha,Voletta,Latisha.Voletta@dummymail.com,Latisha.Voletta@dummymail.com,firefighter
651,Jobi,Heidt,Jobi.Heidt@dummymail.com,Jobi.Heidt@dummymail.com,doctor
652,Cyb,Rurik,Cyb.Rurik@dummymail.com,Cyb.Rurik@dummymail.com,developer
653,Sallie,Reinke,Sallie.Reinke@dummymail.com,Sallie.Reinke@dummymail.com,police officer
654,Heddie,Lutero,Heddie.Lutero@dummymail.com,Heddie.Lutero@dummymail.com,developer
655,Rebeca,Burkle,Rebeca.Burkle@dummymail.com,Rebeca.Burkle@dummymail.com,doctor
656,Claresta,Ophelia,Claresta.Ophelia@dummymail.com,Claresta.Ophelia@dummymail.com,firefighter
657,Camile,Oneida,Camile.Oneida@dummymail.com,Camile.Oneida@dummymail.com,police officer
658,Mariann,Niccolo,Mariann.Niccolo@dummymail.com,Mariann.Niccolo@dummymail.com,worker
659,Jackie,Urias,Jackie.Urias@dummymail.com,Jackie.Urias@dummymail.com,developer
660,Zsa Zsa,Merna,Zsa Zsa.Merna@dummymail.com,Zsa Zsa.Merna@dummymail.com,police officer
661,Korrie,Slifka,Korrie.Slifka@dummymail.com,Korrie.Slifka@dummymail.com,police officer
662,Ofilia,Donoghue,Ofilia.Donoghue@dummymail.com,Ofilia.Donoghue@dummymail.com,worker
663,Nerta,Malina,Nerta.Malina@dummymail.com,Nerta.Malina@dummymail.com,firefighter
664,Mahalia,Lubin,Mahalia.Lubin@dummymail.com,Mahalia.Lubin@dummymail.com,firefighter
665,Winny,Willie,Winny.Willie@dummymail.com,Winny.Willie@dummymail.com,doctor
666,Nelle,Eben,Nelle.Eben@dummymail.com,Nelle.Eben@dummymail.com,worker
667,Olivette,Raseda,Olivette.Raseda@dummymail.com,Olivette.Raseda@dummymail.com,doctor
668,Mallory,Peg,Mallory.Peg@dummymail.com,Mallory.Peg@dummymail.com,firefighter
669,Maryellen,Rozanna,Maryellen.Rozanna@dummymail.com,Maryellen.Rozanna@dummymail.com,worker
670,Maisey,Lytton,Maisey.Lytton@dummymail.com,Maisey.Lytton@dummymail.com,doctor
671,Barbara,Neils,Barbara.Neils@dummymail.com,Barbara.Neils@dummymail.com,worker
672,Hyacinthe,Hanshaw,Hyacinthe.Hanshaw@dummymail.com,Hyacinthe.Hanshaw@dummymail.com,developer
673,Cacilie,Hoban,Cacilie.Hoban@dummymail.com,Cacilie.Hoban@dummymail.com,doctor
674,Hannis,Zamora,Hannis.Zamora@dummymail.com,Hannis.Zamora@dummymail.com,firefighter
675,Kial,Edmund,Kial.Edmund@dummymail.com,Kial.Edmund@dummymail.com,worker
676,Adriana,Amethist,Adriana.Amethist@dummymail.com,Adriana.Amethist@dummymail.com,developer
677,Ileana,Deny,Ileana.Deny@dummymail.com,Ileana.Deny@dummymail.com,doctor
678,Helsa,Erskine,Helsa.Erskine@dummymail.com,Helsa.Erskine@dummymail.com,police officer
679,Lizzie,Alice,Lizzie.Alice@dummymail.com,Lizzie.Alice@dummymail.com,doctor
680,Nita,Frodi,Nita.Frodi@dummymail.com,Nita.Frodi@dummymail.com,worker
681,Tressa,Hamil,Tressa.Hamil@dummymail.com,Tressa.Hamil@dummymail.com,police officer
682,Debee,Burnside,Debee.Burnside@dummymail.com,Debee.Burnside@dummymail.com,doctor
683,Elbertina,Casimir,Elbertina.Casimir@dummymail.com,Elbertina.Casimir@dummymail.com,worker
684,Orsola,Persse,Orsola.Persse@dummymail.com,Orsola.Persse@dummymail.com,developer
685,Janenna,Slifka,Janenna.Slifka@dummymail.com,Janenna.Slifka@dummymail.com,doctor
686,Vevay,Stover,Vevay.Stover@dummymail.com,Vevay.Stover@dummymail.com,worker
687,Margarette,Edvard,Margarette.Edvard@dummymail.com,Margarette.Edvard@dummymail.com,worker
688,Regina,Wyn,Regina.Wyn@dummymail.com,Regina.Wyn@dummymail.com,firefighter
689,Anallese,Hepsibah,Anallese.Hepsibah@dummymail.com,Anallese.Hepsibah@dummymail.com,doctor
690,Tami,Dowski,Tami.Dowski@dummymail.com,Tami.Dowski@dummymail.com,developer
691,Danika,Libna,Danika.Libna@dummymail.com,Danika.Libna@dummymail.com,doctor
692,Nerta,Stevy,Nerta.Stevy@dummymail.com,Nerta.Stevy@dummymail.com,firefighter
693,Madeleine,Primalia,Madeleine.Primalia@dummymail.com,Madeleine.Primalia@dummymail.com,worker
694,Rani,Bendick,Rani.Bendick@dummymail.com,Rani.Bendick@dummymail.com,police officer
695,Clarice,Nadia,Clarice.Nadia@dummymail.com,Clarice.Nadia@dummymail.com,worker
696,Theodora,Nickola,Theodora.Nickola@dummymail.com,Theodora.Nickola@dummymail.com,doctor
697,Dotty,Jerold,Dotty.Jerold@dummymail.com,Dotty.Jerold@dummymail.com,worker
698,Maud,Briney,Maud.Briney@dummymail.com,Maud.Briney@dummymail.com,developer
699,Tilly,Decato,Tilly.Decato@dummymail.com,Tilly.Decato@dummymail.com,worker
700,Kimberley,Screens,Kimberley.Screens@dummymail.com,Kimberley.Screens@dummymail.com,developer
701,Lindie,Behre,Lindie.Behre@dummymail.com,Lindie.Behre@dummymail.com,firefighter
702,Pamella,Millda,Pamella.Millda@dummymail.com,Pamella.Millda@dummymail.com,police officer
703,Kimmy,Nester,Kimmy.Nester@dummymail.com,Kimmy.Nester@dummymail.com,developer
704,Malina,Koehler,Malina.Koehler@dummymail.com,Malina.Koehler@dummymail.com,police officer
705,Modestia,O'Neill,Modestia.O'Neill@dummymail.com,Modestia.O'Neill@dummymail.com,police officer
706,Sallie,Fairweather,Sallie.Fairweather@dummymail.com,Sallie.Fairweather@dummymail.com,worker
707,Monika,Honoria,Monika.Honoria@dummymail.com,Monika.Honoria@dummymail.com,developer
708,Vanessa,Nance,Vanessa.Nance@dummymail.com,Vanessa.Nance@dummymail.com,firefighter
709,Pollyanna,Lane,Pollyanna.Lane@dummymail.com,Pollyanna.Lane@dummymail.com,developer
710,Mariele,Adore,Mariele.Adore@dummymail.com,Mariele.Adore@dummymail.com,doctor
711,Catrina,Lymann,Catrina.Lymann@dummymail.com,Catrina.Lymann@dummymail.com,doctor
712,Loree,Kermit,Loree.Kermit@dummymail.com,Loree.Kermit@dummymail.com,firefighter
713,Hayley,Denis,Hayley.Denis@dummymail.com,Hayley.Denis@dummymail.com,police officer
714,Annora,Natica,Annora.Natica@dummymail.com,Annora.Natica@dummymail.com,worker
715,Alameda,Kiyoshi,Alameda.Kiyoshi@dummymail.com,Alameda.Kiyoshi@dummymail.com,worker
716,Louella,Leopold,Louella.Leopold@dummymail.com,Louella.Leopold@dummymail.com,doctor
717,Fred,Agle,Fred.Agle@dummymail.com,Fred.Agle@dummymail.com,doctor
718,Jenda,Thad,Jenda.Thad@dummymail.com,Jenda.Thad@dummymail.com,police officer
719,Cristabel,Philoo,Cristabel.Philoo@dummymail.com,Cristabel.Philoo@dummymail.com,firefighter
720,Jolyn,Meli,Jolyn.Meli@dummymail.com,Jolyn.Meli@dummymail.com,doctor
721,Philis,Jorgan,Philis.Jorgan@dummymail.com,Philis.Jorgan@dummymail.com,developer
722,Gabriellia,Goddard,Gabriellia.Goddard@dummymail.com,Gabriellia.Goddard@dummymail.com,doctor
723,Ketti,Edmund,Ketti.Edmund@dummymail.com,Ketti.Edmund@dummymail.com,firefighter
724,Brianna,Carlson,Brianna.Carlson@dummymail.com,Brianna.Carlson@dummymail.com,doctor
725,Lorne,Bluh,Lorne.Bluh@dummymail.com,Lorne.Bluh@dummymail.com,police officer
726,Antonietta,Truc,Antonietta.Truc@dummymail.com,Antonietta.Truc@dummymail.com,firefighter
727,Heida,Nea,Heida.Nea@dummymail.com,Heida.Nea@dummymail.com,police officer
728,Blake,Roscoe,Blake.Roscoe@dummymail.com,Blake.Roscoe@dummymail.com,police officer
729,Rochette,Belanger,Rochette.Belanger@dummymail.com,Rochette.Belanger@dummymail.com,worker
730,Mignon,Isacco,Mignon.Isacco@dummymail.com,Mignon.Isacco@dummymail.com,developer
731,Johna,Valerio,Johna.Valerio@dummymail.com,Johna.Valerio@dummymail.com,police officer
732,Cyb,Rosalba,Cyb.Rosalba@dummymail.com,Cyb.Rosalba@dummymail.com,worker
733,Christy,Stevy,Christy.Stevy@dummymail.com,Christy.Stevy@dummymail.com,police officer
734,Jessamyn,Anyah,Jessamyn.Anyah@dummymail.com,Jessamyn.Anyah@dummymail.com,worker
735,Romona,Ortrude,Romona.Ortrude@dummymail.com,Romona.Ortrude@dummymail.com,worker
736,Talya,Leopold,Talya.Leopold@dummymail.com,Talya.Leopold@dummymail.com,police officer
737,Benita,Shields,Benita.Shields@dummymail.com,Benita.Shields@dummymail.com,doctor
738,Ermengarde,Sasnett,Ermengarde.Sasnett@dummymail.com,Ermengarde.Sasnett@dummymail.com,doctor
739,Leanna,Oneida,Leanna.Oneida@dummymail.com,Leanna.Oneida@dummymail.com,doctor
740,Renae,Mathilde,Renae.Mathilde@dummymail.com,Renae.Mathilde@dummymail.com,worker
741,Adriana,Payson,Adriana.Payson@dummymail.com,Adriana.Payson@dummymail.com,firefighter
742,Blinni,Hachmin,Blinni.Hachmin@dummymail.com,Blinni.Hachmin@dummymail.com,worker
743,Gerianna,Dosia,Gerianna.Dosia@dummymail.com,Gerianna.Dosia@dummymail.com,police officer
744,Orelia,Halsey,Orelia.Halsey@dummymail.com,Orelia.Halsey@dummymail.com,developer
745,Carmencita,Marsden,Carmencita.Marsden@dummymail.com,Carmencita.Marsden@dummymail.com,worker
746,Reeba,Rosalba,Reeba.Rosalba@dummymail.com,Reeba.Rosalba@dummymail.com,doctor
747,Florie,Horan,Florie.Horan@dummymail.com,Florie.Horan@dummymail.com,firefighter
748,Layla,Zetta,Layla.Zetta@dummymail.com,Layla.Zetta@dummymail.com,doctor
749,Lily,Campball,Lily.Campball@dummymail.com,Lily.Campball@dummymail.com,firefighter
750,Zsa Zsa,Talia,Zsa Zsa.Talia@dummymail.com,Zsa Zsa.Talia@dummymail.com,doctor
751,Carolina,Hubert,Carolina.Hubert@dummymail.com,Carolina.Hubert@dummymail.com,police officer
752,Kimberley,Oscar,Kimberley.Oscar@dummymail.com,Kimberley.Oscar@dummymail.com,doctor
753,Fina,Dunkin,Fina.Dunkin@dummymail.com,Fina.Dunkin@dummymail.com,developer
754,Drucie,Bakerman,Drucie.Bakerman@dummymail.com,Drucie.Bakerman@dummymail.com,police officer
755,Ermengarde,Federica,Ermengarde.Federica@dummymail.com,Ermengarde.Federica@dummymail.com,developer
756,Shauna,Kirbee,Shauna.Kirbee@dummymail.com,Shauna.Kirbee@dummymail.com,police officer
757,Blondelle,Schlosser,Blondelle.Schlosser@dummymail.com,Blondelle.Schlosser@dummymail.com,firefighter
758,Sheree,Lasley,Sheree.Lasley@dummymail.com,Sheree.Lasley@dummymail.com,police officer
759,Mary,Thilda,Mary.Thilda@dummymail.com,Mary.Thilda@dummymail.com,firefighter
760,Nerta,Wenoa,Nerta.Wenoa@dummymail.com,Nerta.Wenoa@dummymail.com,doctor
761,Renae,Emanuel,Renae.Emanuel@dummymail.com,Renae.Emanuel@dummymail.com,worker
762,Jinny,Erb,Jinny.Erb@dummymail.com,Jinny.Erb@dummymail.com,police officer
763,Konstance,Wenoa,Konstance.Wenoa@dummymail.com,Konstance.Wenoa@dummymail.com,developer
764,Karlee,Esmaria,Karlee.Esmaria@dummymail.com,Karlee.Esmaria@dummymail.com,doctor
765,Edee,Yate,Edee.Yate@dummymail.com,Edee.Yate@dummymail.com,developer
766,Daune,Teryn,Daune.Teryn@dummymail.com,Daune.Teryn@dummymail.com,police officer
767,Dominga,Berl,Dominga.Berl@dummymail.com,Dominga.Berl@dummymail.com,doctor
768,Agathe,Granoff,Agathe.Granoff@dummymail.com,Agathe.Granoff@dummymail.com,developer
769,Darlleen,Mauer,Darlleen.Mauer@dummymail.com,Darlleen.Mauer@dummymail.com,firefighter
770,Marsiella,Caitlin,Marsiella.Caitlin@dummymail.com,Marsiella.Caitlin@dummymail.com,developer
771,Beverley,Caitlin,Beverley.Caitlin@dummymail.com,Beverley.Caitlin@dummymail.com,firefighter
772,Roz,Granoff,Roz.Granoff@dummymail.com,Roz.Granoff@dummymail.com,worker
773,Binny,Bonilla,Binny.Bonilla@dummymail.com,Binny.Bonilla@dummymail.com,police officer
774,Alameda,Arne,Alameda.Arne@dummymail.com,Alameda.Arne@dummymail.com,firefighter
775,Dotty,Levey,Dotty.Levey@dummymail.com,Dotty.Levey@dummymail.com,developer
776,Cherrita,Mullane,Cherrita.Mullane@dummymail.com,Cherrita.Mullane@dummymail.com,police officer
777,Taffy,Naor,Taffy.Naor@dummymail.com,Taffy.Naor@dummymail.com,police officer
778,Livvyy,Louanna,Livvyy.Louanna@dummymail.com,Livvyy.Louanna@dummymail.com,doctor
779,Gratia,Schenck,Gratia.Schenck@dummymail.com,Gratia.Schenck@dummymail.com,police officer
780,Tatiania,Ferrell,Tatiania.Ferrell@dummymail.com,Tatiania.Ferrell@dummymail.com,firefighter
781,Flo,Berl,Flo.Berl@dummymail.com,Flo.Berl@dummymail.com,worker
782,Valli,Juan,Valli.Juan@dummymail.com,Valli.Juan@dummymail.com,police officer
783,Caritta,Pitt,Caritta.Pitt@dummymail.com,Caritta.Pitt@dummymail.com,police officer
784,Diena,Talia,Diena.Talia@dummymail.com,Diena.Talia@dummymail.com,worker
785,Louella,Merna,Louella.Merna@dummymail.com,Louella.Merna@dummymail.com,developer
786,Livvyy,Brittani,Livvyy.Brittani@dummymail.com,Livvyy.Brittani@dummymail.com,developer
787,Thalia,Blake,Thalia.Blake@dummymail.com,Thalia.Blake@dummymail.com,police officer
788,Melisent,Atonsah,Melisent.Atonsah@dummymail.com,Melisent.Atonsah@dummymail.com,developer
789,Berget,Barney,Berget.Barney@dummymail.com,Berget.Barney@dummymail.com,worker
790,Nananne,Pauly,Nananne.Pauly@dummymail.com,Nananne.Pauly@dummymail.com,doctor
791,Verla,Etom,Verla.Etom@dummymail.com,Verla.Etom@dummymail.com,firefighter
792,Sabina,Idelia,Sabina.Idelia@dummymail.com,Sabina.Idelia@dummymail.com,worker
793,Oralee,Pacorro,Oralee.Pacorro@dummymail.com,Oralee.Pacorro@dummymail.com,worker
794,Mildrid,Yate,Mildrid.Yate@dummymail.com,Mildrid.Yate@dummymail.com,police officer
795,Kristina,Kazimir,Kristina.Kazimir@dummymail.com,Kristina.Kazimir@dummymail.com,doctor
796,Sissy,Sasnett,Sissy.Sasnett@dummymail.com,Sissy.Sasnett@dummymail.com,doctor
797,Annice,Diogenes,Annice.Diogenes@dummymail.com,Annice.Diogenes@dummymail.com,police officer
798,Barbi,Turne,Barbi.Turne@dummymail.com,Barbi.Turne@dummymail.com,doctor
799,Malina,Morrill,Malina.Morrill@dummymail.com,Malina.Morrill@dummymail.com,worker
800,Cathyleen,Ashok,Cathyleen.Ashok@dummymail.com,Cathyleen.Ashok@dummymail.com,doctor
801,Cathie,Ferino,Cathie.Ferino@dummymail.com,Cathie.Ferino@dummymail.com,firefighter
802,Almeta,Germann,Almeta.Germann@dummymail.com,Almeta.Germann@dummymail.com,firefighter
803,Leontine,Tarrant,Leontine.Tarrant@dummymail.com,Leontine.Tarrant@dummymail.com,doctor
804,Justinn,Reneta,Justinn.Reneta@dummymail.com,Justinn.Reneta@dummymail.com,worker
805,Orelia,Anderea,Orelia.Anderea@dummymail.com,Orelia.Anderea@dummymail.com,worker
806,Regina,Adalbert,Regina.Adalbert@dummymail.com,Regina.Adalbert@dummymail.com,firefighter
807,Tina,Anderea,Tina.Anderea@dummymail.com,Tina.Anderea@dummymail.com,worker
808,Alex,Gillan,Alex.Gillan@dummymail.com,Alex.Gillan@dummymail.com,developer
809,Lucy,Strephon,Lucy.Strephon@dummymail.com,Lucy.Strephon@dummymail.com,worker
810,Maisey,Bahr,Maisey.Bahr@dummymail.com,Maisey.Bahr@dummymail.com,doctor
811,Mignon,Nerita,Mignon.Nerita@dummymail.com,Mignon.Nerita@dummymail.com,firefighter
812,Correy,Stover,Correy.Stover@dummymail.com,Correy.Stover@dummymail.com,police officer
813,Ofilia,Bach,Ofilia.Bach@dummymail.com,Ofilia.Bach@dummymail.com,worker
814,Norine,Phaidra,Norine.Phaidra@dummymail.com,Norine.Phaidra@dummymail.com,doctor
815,Lexine,Boehike,Lexine.Boehike@dummymail.com,Lexine.Boehike@dummymail.com,doctor
816,Barbi,Byrne,Barbi.Byrne@dummymail.com,Barbi.Byrne@dummymail.com,doctor
817,Vinita,Pitt,Vinita.Pitt@dummymail.com,Vinita.Pitt@dummymail.com,police officer
818,Lynnea,Hourigan,Lynnea.Hourigan@dummymail.com,Lynnea.Hourigan@dummymail.com,doctor
819,Celisse,Christine,Celisse.Christine@dummymail.com,Celisse.Christine@dummymail.com,firefighter
820,Lyssa,Dunkin,Lyssa.Dunkin@dummymail.com,Lyssa.Dunkin@dummymail.com,police officer
821,Petronia,Girardo,Petronia.Girardo@dummymail.com,Petronia.Girardo@dummymail.com,police officer
822,Lory,Bigner,Lory.Bigner@dummymail.com,Lory.Bigner@dummymail.com,firefighter
823,Inga,Halsey,Inga.Halsey@dummymail.com,Inga.Halsey@dummymail.com,developer
824,Cherilyn,Velick,Cherilyn.Velick@dummymail.com,Cherilyn.Velick@dummymail.com,firefighter
825,Elie,Naor,Elie.Naor@dummymail.com,Elie.Naor@dummymail.com,doctor
826,Suzette,Bethany,Suzette.Bethany@dummymail.com,Suzette.Bethany@dummymail.com,doctor
827,Adele,Chinua,Adele.Chinua@dummymail.com,Adele.Chinua@dummymail.com,worker
828,Farrah,Jefferey,Farrah.Jefferey@dummymail.com,Farrah.Jefferey@dummymail.com,developer
829,Violet,Fredi,Violet.Fredi@dummymail.com,Violet.Fredi@dummymail.com,police officer
830,Kassey,Thunell,Kassey.Thunell@dummymail.com,Kassey.Thunell@dummymail.com,firefighter
831,Gilda,Bluh,Gilda.Bluh@dummymail.com,Gilda.Bluh@dummymail.com,developer
832,Monika,Ulphia,Monika.Ulphia@dummymail.com,Monika.Ulphia@dummymail.com,developer
833,Roberta,Konyn,Roberta.Konyn@dummymail.com,Roberta.Konyn@dummymail.com,firefighter
834,Iseabal,Alcott,Iseabal.Alcott@dummymail.com,Iseabal.Alcott@dummymail.com,doctor
835,Darlleen,Hutchison,Darlleen.Hutchison@dummymail.com,Darlleen.Hutchison@dummymail.com,doctor
836,Paulita,Fabiola,Paulita.Fabiola@dummymail.com,Paulita.Fabiola@dummymail.com,firefighter
837,Grier,Gusella,Grier.Gusella@dummymail.com,Grier.Gusella@dummymail.com,police officer
838,Jorry,Pauly,Jorry.Pauly@dummymail.com,Jorry.Pauly@dummymail.com,police officer
839,Nelle,Marsden,Nelle.Marsden@dummymail.com,Nelle.Marsden@dummymail.com,worker
840,Anthia,Klotz,Anthia.Klotz@dummymail.com,Anthia.Klotz@dummymail.com,developer
841,Siana,Sharl,Siana.Sharl@dummymail.com,Siana.Sharl@dummymail.com,developer
842,Gabriellia,Prouty,Gabriellia.Prouty@dummymail.com,Gabriellia.Prouty@dummymail.com,developer
843,Amalie,Joachim,Amalie.Joachim@dummymail.com,Amalie.Joachim@dummymail.com,worker
844,Alejandra,Carmena,Alejandra.Carmena@dummymail.com,Alejandra.Carmena@dummymail.com,developer
845,Cindelyn,Harned,Cindelyn.Harned@dummymail.com,Cindelyn.Harned@dummymail.com,firefighter
846,Dulcinea,Thornburg,Dulcinea.Thornburg@dummymail.com,Dulcinea.Thornburg@dummymail.com,developer
847,Berta,Mitzi,Berta.Mitzi@dummymail.com,Berta.Mitzi@dummymail.com,firefighter
848,Cindelyn,Melony,Cindelyn.Melony@dummymail.com,Cindelyn.Melony@dummymail.com,doctor
849,Ashlee,Rodmann,Ashlee.Rodmann@dummymail.com,Ashlee.Rodmann@dummymail.com,doctor
850,Janeczka,Dimitris,Janeczka.Dimitris@dummymail.com,Janeczka.Dimitris@dummymail.com,worker
851,Jessy,Plato,Jessy.Plato@dummymail.com,Jessy.Plato@dummymail.com,doctor
852,Fredericka,Amethist,Fredericka.Amethist@dummymail.com,Fredericka.Amethist@dummymail.com,police officer
853,Misha,Joli,Misha.Joli@dummymail.com,Misha.Joli@dummymail.com,worker
854,Quintina,Goldina,Quintina.Goldina@dummymail.com,Quintina.Goldina@dummymail.com,worker
855,Kamilah,Harl,Kamilah.Harl@dummymail.com,Kamilah.Harl@dummymail.com,developer
856,Gavrielle,Fabiola,Gavrielle.Fabiola@dummymail.com,Gavrielle.Fabiola@dummymail.com,firefighter
857,Alyda,Quent,Alyda.Quent@dummymail.com,Alyda.Quent@dummymail.com,developer
858,Emmey,Isidore,Emmey.Isidore@dummymail.com,Emmey.Isidore@dummymail.com,worker
859,Ida,Ludewig,Ida.Ludewig@dummymail.com,Ida.Ludewig@dummymail.com,worker
860,Melina,Cristi,Melina.Cristi@dummymail.com,Melina.Cristi@dummymail.com,firefighter
861,Aili,Warthman,Aili.Warthman@dummymail.com,Aili.Warthman@dummymail.com,firefighter
862,Lory,Anis,Lory.Anis@dummymail.com,Lory.Anis@dummymail.com,worker
863,Karena,Charmine,Karena.Charmine@dummymail.com,Karena.Charmine@dummymail.com,doctor
864,Consuela,Lesley,Consuela.Lesley@dummymail.com,Consuela.Lesley@dummymail.com,firefighter
865,Melisent,Glovsky,Melisent.Glovsky@dummymail.com,Melisent.Glovsky@dummymail.com,firefighter
866,Valli,Craggie,Valli.Craggie@dummymail.com,Valli.Craggie@dummymail.com,firefighter
867,Donnie,Haerr,Donnie.Haerr@dummymail.com,Donnie.Haerr@dummymail.com,firefighter
868,Christian,Alrich,Christian.Alrich@dummymail.com,Christian.Alrich@dummymail.com,police officer
869,Rosanne,Kunin,Rosanne.Kunin@dummymail.com,Rosanne.Kunin@dummymail.com,doctor
870,Charlena,Boycey,Charlena.Boycey@dummymail.com,Charlena.Boycey@dummymail.com,developer
871,Betta,Clarissa,Betta.Clarissa@dummymail.com,Betta.Clarissa@dummymail.com,police officer
872,Shauna,Huggins,Shauna.Huggins@dummymail.com,Shauna.Huggins@dummymail.com,firefighter
873,Sabina,Ochs,Sabina.Ochs@dummymail.com,Sabina.Ochs@dummymail.com,doctor
874,Lory,Esmaria,Lory.Esmaria@dummymail.com,Lory.Esmaria@dummymail.com,worker
875,Sadie,Fairweather,Sadie.Fairweather@dummymail.com,Sadie.Fairweather@dummymail.com,firefighter
876,Emilia,Fleeta,Emilia.Fleeta@dummymail.com,Emilia.Fleeta@dummymail.com,doctor
877,Peri,Macey,Peri.Macey@dummymail.com,Peri.Macey@dummymail.com,worker
878,Hyacinthe,Candy,Hyacinthe.Candy@dummymail.com,Hyacinthe.Candy@dummymail.com,worker
879,Lenna,Buffum,Lenna.Buffum@dummymail.com,Lenna.Buffum@dummymail.com,doctor
880,Kassey,Hamil,Kassey.Hamil@dummymail.com,Kassey.Hamil@dummymail.com,worker
881,Helsa,Madaih,Helsa.Madaih@dummymail.com,Helsa.Madaih@dummymail.com,developer
882,Bee,Georas,Bee.Georas@dummymail.com,Bee.Georas@dummymail.com,doctor
883,Max,Corabella,Max.Corabella@dummymail.com,Max.Corabella@dummymail.com,police officer
884,Gwyneth,Billye,Gwyneth.Billye@dummymail.com,Gwyneth.Billye@dummymail.com,developer
885,Wendi,Eugenia,Wendi.Eugenia@dummymail.com,Wendi.Eugenia@dummymail.com,firefighter
886,Nicoli,Pitt,Nicoli.Pitt@dummymail.com,Nicoli.Pitt@dummymail.com,firefighter
887,Joleen,Corabella,Joleen.Corabella@dummymail.com,Joleen.Corabella@dummymail.com,developer
888,Marjie,Terrence,Marjie.Terrence@dummymail.com,Marjie.Terrence@dummymail.com,worker
889,Modestia,Graig,Modestia.Graig@dummymail.com,Modestia.Graig@dummymail.com,developer
890,Sibella,Brenn,Sibella.Brenn@dummymail.com,Sibella.Brenn@dummymail.com,doctor
891,Corina,Hanleigh,Corina.Hanleigh@dummymail.com,Corina.Hanleigh@dummymail.com,firefighter
892,Tracey,Imelida,Tracey.Imelida@dummymail.com,Tracey.Imelida@dummymail.com,police officer
893,Isa,Abernon,Isa.Abernon@dummymail.com,Isa.Abernon@dummymail.com,worker
894,Tomasina,Sandye,Tomasina.Sandye@dummymail.com,Tomasina.Sandye@dummymail.com,developer
895,Maryellen,Loring,Maryellen.Loring@dummymail.com,Maryellen.Loring@dummymail.com,doctor
896,Nerta,Garbe,Nerta.Garbe@dummymail.com,Nerta.Garbe@dummymail.com,doctor
897,Roberta,Stelle,Roberta.Stelle@dummymail.com,Roberta.Stelle@dummymail.com,doctor
898,June,Cynar,June.Cynar@dummymail.com,June.Cynar@dummymail.com,firefighter
899,Millie,Simmonds,Millie.Simmonds@dummymail.com,Millie.Simmonds@dummymail.com,developer
900,Annora,McNully,Annora.McNully@dummymail.com,Annora.McNully@dummymail.com,police officer
901,Angela,Anton,Angela.Anton@dummymail.com,Angela.Anton@dummymail.com,police officer
902,Roslyn,Dash,Roslyn.Dash@dummymail.com,Roslyn.Dash@dummymail.com,firefighter
903,Corry,Matthew,Corry.Matthew@dummymail.com,Corry.Matthew@dummymail.com,doctor
904,Fina,Lauraine,Fina.Lauraine@dummymail.com,Fina.Lauraine@dummymail.com,firefighter
905,Ileana,Felizio,Ileana.Felizio@dummymail.com,Ileana.Felizio@dummymail.com,police officer
906,Lila,Knowling,Lila.Knowling@dummymail.com,Lila.Knowling@dummymail.com,police officer
907,Melisent,Lanita,Melisent.Lanita@dummymail.com,Melisent.Lanita@dummymail.com,worker
908,Ginnie,Hedve,Ginnie.Hedve@dummymail.com,Ginnie.Hedve@dummymail.com,worker
909,Minda,Frodi,Minda.Frodi@dummymail.com,Minda.Frodi@dummymail.com,developer
910,Ardys,Aurelio,Ardys.Aurelio@dummymail.com,Ardys.Aurelio@dummymail.com,doctor
911,Althea,Zamora,Althea.Zamora@dummymail.com,Althea.Zamora@dummymail.com,firefighter
912,Marguerite,Medrek,Marguerite.Medrek@dummymail.com,Marguerite.Medrek@dummymail.com,doctor
913,Ellette,Astra,Ellette.Astra@dummymail.com,Ellette.Astra@dummymail.com,doctor
914,Candi,Fink,Candi.Fink@dummymail.com,Candi.Fink@dummymail.com,developer
915,Carree,Alwin,Carree.Alwin@dummymail.com,Carree.Alwin@dummymail.com,doctor
916,Elsie,Mintz,Elsie.Mintz@dummymail.com,Elsie.Mintz@dummymail.com,doctor
917,Emmey,Elbertina,Emmey.Elbertina@dummymail.com,Emmey.Elbertina@dummymail.com,worker
918,Ginnie,Shaver,Ginnie.Shaver@dummymail.com,Ginnie.Shaver@dummymail.com,developer
919,Jennica,Darian,Jennica.Darian@dummymail.com,Jennica.Darian@dummymail.com,developer
920,Lenna,Johanna,Lenna.Johanna@dummymail.com,Lenna.Johanna@dummymail.com,developer
921,Sophia,Strephon,Sophia.Strephon@dummymail.com,Sophia.Strephon@dummymail.com,worker
922,Aaren,Othilia,Aaren.Othilia@dummymail.com,Aaren.Othilia@dummymail.com,developer
923,Augustine,Cyrie,Augustine.Cyrie@dummymail.com,Augustine.Cyrie@dummymail.com,firefighter
924,Jany,Ackerley,Jany.Ackerley@dummymail.com,Jany.Ackerley@dummymail.com,police officer
925,Dulce,Valerio,Dulce.Valerio@dummymail.com,Dulce.Valerio@dummymail.com,doctor
926,Willetta,Stacy,Willetta.Stacy@dummymail.com,Willetta.Stacy@dummymail.com,firefighter
927,Aigneis,Jerald,Aigneis.Jerald@dummymail.com,Aigneis.Jerald@dummymail.com,worker
928,Rivalee,Mott,Rivalee.Mott@dummymail.com,Rivalee.Mott@dummymail.com,worker
929,Myrtice,Charmine,Myrtice.Charmine@dummymail.com,Myrtice.Charmine@dummymail.com,developer
930,Averyl,Read,Averyl.Read@dummymail.com,Averyl.Read@dummymail.com,police officer
931,Christy,Wind,Christy.Wind@dummymail.com,Christy.Wind@dummymail.com,police officer
932,Ardeen,Hamil,Ardeen.Hamil@dummymail.com,Ardeen.Hamil@dummymail.com,developer
933,Tarra,Pearse,Tarra.Pearse@dummymail.com,Tarra.Pearse@dummymail.com,police officer
934,Danny,Raseda,Danny.Raseda@dummymail.com,Danny.Raseda@dummymail.com,worker
935,Caressa,Yerkovich,Caressa.Yerkovich@dummymail.com,Caressa.Yerkovich@dummymail.com,doctor
936,Almeta,Slifka,Almeta.Slifka@dummymail.com,Almeta.Slifka@dummymail.com,police officer
937,Corly,Ophelia,Corly.Ophelia@dummymail.com,Corly.Ophelia@dummymail.com,worker
938,Brietta,Buttaro,Brietta.Buttaro@dummymail.com,Brietta.Buttaro@dummymail.com,police officer
939,Rosanne,Rona,Rosanne.Rona@dummymail.com,Rosanne.Rona@dummymail.com,firefighter
940,Dione,Jary,Dione.Jary@dummymail.com,Dione.Jary@dummymail.com,doctor
941,Jenilee,Han,Jenilee.Han@dummymail.com,Jenilee.Han@dummymail.com,doctor
942,Malina,Candy,Malina.Candy@dummymail.com,Malina.Candy@dummymail.com,police officer
943,Camile,Kermit,Camile.Kermit@dummymail.com,Camile.Kermit@dummymail.com,doctor
944,Siana,Robertson,Siana.Robertson@dummymail.com,Siana.Robertson@dummymail.com,worker
945,Damaris,Shaddock,Damaris.Shaddock@dummymail.com,Damaris.Shaddock@dummymail.com,worker
946,Marsiella,Lilybelle,Marsiella.Lilybelle@dummymail.com,Marsiella.Lilybelle@dummymail.com,developer
947,Tera,Adore,Tera.Adore@dummymail.com,Tera.Adore@dummymail.com,police officer
948,Krystle,Dyche,Krystle.Dyche@dummymail.com,Krystle.Dyche@dummymail.com,police officer
949,Emylee,Bluh,Emylee.Bluh@dummymail.com,Emylee.Bluh@dummymail.com,worker
950,Etta,Kosey,Etta.Kosey@dummymail.com,Etta.Kosey@dummymail.com,firefighter
951,Dianemarie,Roxanna,Dianemarie.Roxanna@dummymail.com,Dianemarie.Roxanna@dummymail.com,developer
952,Ileana,Kare,Ileana.Kare@dummymail.com,Ileana.Kare@dummymail.com,doctor
953,Jordan,Colleen,Jordan.Colleen@dummymail.com,Jordan.Colleen@dummymail.com,worker
954,Fidelia,Poll,Fidelia.Poll@dummymail.com,Fidelia.Poll@dummymail.com,firefighter
955,Leona,Buttaro,Leona.Buttaro@dummymail.com,Leona.Buttaro@dummymail.com,police officer
956,Elbertina,Girardo,Elbertina.Girardo@dummymail.com,Elbertina.Girardo@dummymail.com,firefighter
957,Millie,Wind,Millie.Wind@dummymail.com,Millie.Wind@dummymail.com,worker
958,Alleen,Konyn,Alleen.Konyn@dummymail.com,Alleen.Konyn@dummymail.com,developer
959,Justinn,Secrest,Justinn.Secrest@dummymail.com,Justinn.Secrest@dummymail.com,developer
960,Ann-Marie,Brodench,Ann-Marie.Brodench@dummymail.com,Ann-Marie.Brodench@dummymail.com,police officer
961,Ardenia,Bigner,Ardenia.Bigner@dummymail.com,Ardenia.Bigner@dummymail.com,firefighter
962,Nerta,Peg,Nerta.Peg@dummymail.com,Nerta.Peg@dummymail.com,doctor
963,Marti,Annice,Marti.Annice@dummymail.com,Marti.Annice@dummymail.com,police officer
964,Georgina,Billye,Georgina.Billye@dummymail.com,Georgina.Billye@dummymail.com,police officer
965,Carolina,Leonard,Carolina.Leonard@dummymail.com,Carolina.Leonard@dummymail.com,worker
966,Jessamyn,Meter,Jessamyn.Meter@dummymail.com,Jessamyn.Meter@dummymail.com,developer
967,Dianemarie,Revkah,Dianemarie.Revkah@dummymail.com,Dianemarie.Revkah@dummymail.com,firefighter
968,Janey,Corrine,Janey.Corrine@dummymail.com,Janey.Corrine@dummymail.com,doctor
969,Di,Gerge,Di.Gerge@dummymail.com,Di.Gerge@dummymail.com,worker
970,Ardenia,Johnsson,Ardenia.Johnsson@dummymail.com,Ardenia.Johnsson@dummymail.com,doctor
971,Josephine,Giff,Josephine.Giff@dummymail.com,Josephine.Giff@dummymail.com,doctor
972,Nelle,Korey,Nelle.Korey@dummymail.com,Nelle.Korey@dummymail.com,police officer
973,Vinita,Minetta,Vinita.Minetta@dummymail.com,Vinita.Minetta@dummymail.com,firefighter
974,Nita,Aida,Nita.Aida@dummymail.com,Nita.Aida@dummymail.com,police officer
975,Catrina,Faso,Catrina.Faso@dummymail.com,Catrina.Faso@dummymail.com,doctor
976,Britte,Junie,Britte.Junie@dummymail.com,Britte.Junie@dummymail.com,doctor
977,Paola,Means,Paola.Means@dummymail.com,Paola.Means@dummymail.com,police officer
978,Kathy,Schwejda,Kathy.Schwejda@dummymail.com,Kathy.Schwejda@dummymail.com,worker
979,Lorenza,Vorster,Lorenza.Vorster@dummymail.com,Lorenza.Vorster@dummymail.com,developer
980,Dale,O'Rourke,Dale.O'Rourke@dummymail.com,Dale.O'Rourke@dummymail.com,doctor
981,Genevra,Zachary,Genevra.Zachary@dummymail.com,Genevra.Zachary@dummymail.com,worker
982,Kristan,Amethist,Kristan.Amethist@dummymail.com,Kristan.Amethist@dummymail.com,worker
983,Clementine,Hull,Clementine.Hull@dummymail.com,Clementine.Hull@dummymail.com,developer
984,Carlie,Bennie,Carlie.Bennie@dummymail.com,Carlie.Bennie@dummymail.com,worker
985,Jaime,Pitt,Jaime.Pitt@dummymail.com,Jaime.Pitt@dummymail.com,police officer
986,Chloris,Cynar,Chloris.Cynar@dummymail.com,Chloris.Cynar@dummymail.com,worker
987,Ebonee,Faria,Ebonee.Faria@dummymail.com,Ebonee.Faria@dummymail.com,worker
988,Wynne,Marijo,Wynne.Marijo@dummymail.com,Wynne.Marijo@dummymail.com,doctor
989,Queenie,Lutero,Queenie.Lutero@dummymail.com,Queenie.Lutero@dummymail.com,police officer
990,Dianemarie,Juan,Dianemarie.Juan@dummymail.com,Dianemarie.Juan@dummymail.com,developer
991,Lolita,Colbert,Lolita.Colbert@dummymail.com,Lolita.Colbert@dummymail.com,developer
992,Kathi,Drus,Kathi.Drus@dummymail.com,Kathi.Drus@dummymail.com,worker
993,Rosaline,Monk,Rosaline.Monk@dummymail.com,Rosaline.Monk@dummymail.com,doctor
994,Dorothy,Wiener,Dorothy.Wiener@dummymail.com,Dorothy.Wiener@dummymail.com,police officer
995,Concettina,Cohdwell,Concettina.Cohdwell@dummymail.com,Concettina.Cohdwell@dummymail.com,firefighter
996,Almeta,Jess,Almeta.Jess@dummymail.com,Almeta.Jess@dummymail.com,developer
997,Inga,Fleeta,Inga.Fleeta@dummymail.com,Inga.Fleeta@dummymail.com,firefighter
998,Alia,Payson,Alia.Payson@dummymail.com,Alia.Payson@dummymail.com,worker
999,Berta,Curren,Berta.Curren@dummymail.com,Berta.Curren@dummymail.com,doctor
1000,Leanna,Libna,Leanna.Libna@dummymail.com,Leanna.Libna@dummymail.com,worker
1001,Maryellen,Dowski,Maryellen.Dowski@dummymail.com,Maryellen.Dowski@dummymail.com,developer
1002,Dulcinea,Neva,Dulcinea.Neva@dummymail.com,Dulcinea.Neva@dummymail.com,doctor
1003,Imojean,Stanwood,Imojean.Stanwood@dummymail.com,Imojean.Stanwood@dummymail.com,developer
1004,Wilma,Tengdin,Wilma.Tengdin@dummymail.com,Wilma.Tengdin@dummymail.com,developer
1005,Perry,Percy,Perry.Percy@dummymail.com,Perry.Percy@dummymail.com,worker
1006,Chere,Slifka,Chere.Slifka@dummymail.com,Chere.Slifka@dummymail.com,developer
1007,Lorenza,Abernon,Lorenza.Abernon@dummymail.com,Lorenza.Abernon@dummymail.com,doctor
1008,Di,Rese,Di.Rese@dummymail.com,Di.Rese@dummymail.com,worker
1009,Stevana,Angelis,Stevana.Angelis@dummymail.com,Stevana.Angelis@dummymail.com,developer
1010,Nananne,Pitt,Nananne.Pitt@dummymail.com,Nananne.Pitt@dummymail.com,doctor
1011,Corina,Gaynor,Corina.Gaynor@dummymail.com,Corina.Gaynor@dummymail.com,developer
1012,Libbie,Bahr,Libbie.Bahr@dummymail.com,Libbie.Bahr@dummymail.com,police officer
1013,Vita,Ailyn,Vita.Ailyn@dummymail.com,Vita.Ailyn@dummymail.com,doctor
1014,Jessy,Faria,Jessy.Faria@dummymail.com,Jessy.Faria@dummymail.com,doctor
1015,Verla,Cristi,Verla.Cristi@dummymail.com,Verla.Cristi@dummymail.com,developer
1016,Charmaine,Loeb,Charmaine.Loeb@dummymail.com,Charmaine.Loeb@dummymail.com,doctor
1017,Gusella,Allina,Gusella.Allina@dummymail.com,Gusella.Allina@dummymail.com,developer
1018,Keelia,Maroney,Keelia.Maroney@dummymail.com,Keelia.Maroney@dummymail.com,developer
1019,Karena,Goode,Karena.Goode@dummymail.com,Karena.Goode@dummymail.com,firefighter
1020,Jere,Rurik,Jere.Rurik@dummymail.com,Jere.Rurik@dummymail.com,developer
1021,Joane,Malina,Joane.Malina@dummymail.com,Joane.Malina@dummymail.com,worker
1022,Vere,Rolf,Vere.Rolf@dummymail.com,Vere.Rolf@dummymail.com,doctor
1023,Briney,Eliathas,Briney.Eliathas@dummymail.com,Briney.Eliathas@dummymail.com,police officer
1024,Jennica,Beniamino,Jennica.Beniamino@dummymail.com,Jennica.Beniamino@dummymail.com,firefighter
1025,Lonnie,Norvol,Lonnie.Norvol@dummymail.com,Lonnie.Norvol@dummymail.com,worker
1026,Cassandra,Fontana,Cassandra.Fontana@dummymail.com,Cassandra.Fontana@dummymail.com,doctor
1027,Thalia,Podvin,Thalia.Podvin@dummymail.com,Thalia.Podvin@dummymail.com,worker
1028,Beth,Shields,Beth.Shields@dummymail.com,Beth.Shields@dummymail.com,developer
1029,Nyssa,Fiester,Nyssa.Fiester@dummymail.com,Nyssa.Fiester@dummymail.com,police officer
1030,Estell,Alva,Estell.Alva@dummymail.com,Estell.Alva@dummymail.com,doctor
1031,Jasmina,Stav,Jasmina.Stav@dummymail.com,Jasmina.Stav@dummymail.com,firefighter
1032,Katharina,Georgy,Katharina.Georgy@dummymail.com,Katharina.Georgy@dummymail.com,firefighter
1033,Mara,Juan,Mara.Juan@dummymail.com,Mara.Juan@dummymail.com,doctor
1034,Petronia,Philipp,Petronia.Philipp@dummymail.com,Petronia.Philipp@dummymail.com,developer
1035,Margette,Ahab,Margette.Ahab@dummymail.com,Margette.Ahab@dummymail.com,developer
1036,Eugine,Winnick,Eugine.Winnick@dummymail.com,Eugine.Winnick@dummymail.com,firefighter
1037,Jacquetta,Dex,Jacquetta.Dex@dummymail.com,Jacquetta.Dex@dummymail.com,firefighter
1038,Steffane,Terencio,Steffane.Terencio@dummymail.com,Steffane.Terencio@dummymail.com,developer
1039,Shaine,Killigrew,Shaine.Killigrew@dummymail.com,Shaine.Killigrew@dummymail.com,police officer
1040,Antonietta,Peti,Antonietta.Peti@dummymail.com,Antonietta.Peti@dummymail.com,developer
1041,Darlleen,Prober,Darlleen.Prober@dummymail.com,Darlleen.Prober@dummymail.com,worker
1042,Cathie,Gilmour,Cathie.Gilmour@dummymail.com,Cathie.Gilmour@dummymail.com,doctor
1043,Marika,Dudley,Marika.Dudley@dummymail.com,Marika.Dudley@dummymail.com,doctor
1044,Sophia,Anastatius,Sophia.Anastatius@dummymail.com,Sophia.Anastatius@dummymail.com,worker
1045,Marnia,Pulsifer,Marnia.Pulsifer@dummymail.com,Marnia.Pulsifer@dummymail.com,doctor
1046,Cyb,Hebner,Cyb.Hebner@dummymail.com,Cyb.Hebner@dummymail.com,developer
1047,Modestia,Campball,Modestia.Campball@dummymail.com,Modestia.Campball@dummymail.com,worker
1048,Aurore,Garrison,Aurore.Garrison@dummymail.com,Aurore.Garrison@dummymail.com,developer
1049,Ruthe,Ferrell,Ruthe.Ferrell@dummymail.com,Ruthe.Ferrell@dummymail.com,worker
1050,Bibby,Leifeste,Bibby.Leifeste@dummymail.com,Bibby.Leifeste@dummymail.com,developer
1051,Arabel,Phaidra,Arabel.Phaidra@dummymail.com,Arabel.Phaidra@dummymail.com,worker
1052,Sandie,Charity,Sandie.Charity@dummymail.com,Sandie.Charity@dummymail.com,doctor
1053,Elbertina,Alva,Elbertina.Alva@dummymail.com,Elbertina.Alva@dummymail.com,developer
1054,Thalia,Jethro,Thalia.Jethro@dummymail.com,Thalia.Jethro@dummymail.com,firefighter
1055,Caritta,Darrell,Caritta.Darrell@dummymail.com,Caritta.Darrell@dummymail.com,firefighter
1056,Dominga,Cavan,Dominga.Cavan@dummymail.com,Dominga.Cavan@dummymail.com,doctor
1057,Loree,Michella,Loree.Michella@dummymail.com,Loree.Michella@dummymail.com,police officer
1058,Tarra,Fitzsimmons,Tarra.Fitzsimmons@dummymail.com,Tarra.Fitzsimmons@dummymail.com,police officer
1059,Molli,Taima,Molli.Taima@dummymail.com,Molli.Taima@dummymail.com,developer
1060,Cyndie,Blisse,Cyndie.Blisse@dummymail.com,Cyndie.Blisse@dummymail.com,worker
1061,Marleah,Bergman,Marleah.Bergman@dummymail.com,Marleah.Bergman@dummymail.com,worker
1062,Odessa,Obed,Odessa.Obed@dummymail.com,Odessa.Obed@dummymail.com,worker
1063,Dominga,Pearse,Dominga.Pearse@dummymail.com,Dominga.Pearse@dummymail.com,firefighter
1064,Annecorinne,Cath,Annecorinne.Cath@dummymail.com,Annecorinne.Cath@dummymail.com,police officer
1065,Nyssa,Fredi,Nyssa.Fredi@dummymail.com,Nyssa.Fredi@dummymail.com,firefighter
1066,Jordan,Kesley,Jordan.Kesley@dummymail.com,Jordan.Kesley@dummymail.com,developer
1067,Alia,Cordi,Alia.Cordi@dummymail.com,Alia.Cordi@dummymail.com,police officer
1068,Ileana,Grayce,Ileana.Grayce@dummymail.com,Ileana.Grayce@dummymail.com,developer
1069,Felice,Tayib,Felice.Tayib@dummymail.com,Felice.Tayib@dummymail.com,firefighter
1070,Delilah,Seessel,Delilah.Seessel@dummymail.com,Delilah.Seessel@dummymail.com,developer
1071,Ezmeralda,McAdams,Ezmeralda.McAdams@dummymail.com,Ezmeralda.McAdams@dummymail.com,doctor
1072,Gabriellia,Latini,Gabriellia.Latini@dummymail.com,Gabriellia.Latini@dummymail.com,developer
1073,Cristabel,Bonilla,Cristabel.Bonilla@dummymail.com,Cristabel.Bonilla@dummymail.com,developer
1074,Janenna,Carri,Janenna.Carri@dummymail.com,Janenna.Carri@dummymail.com,worker
1075,Celestyna,Paine,Celestyna.Paine@dummymail.com,Celestyna.Paine@dummymail.com,worker
1076,Nelle,Rugen,Nelle.Rugen@dummymail.com,Nelle.Rugen@dummymail.com,worker
1077,Emelina,Khorma,Emelina.Khorma@dummymail.com,Emelina.Khorma@dummymail.com,developer
1078,Deirdre,Wadell,Deirdre.Wadell@dummymail.com,Deirdre.Wadell@dummymail.com,firefighter
1079,Fanny,Kalinda,Fanny.Kalinda@dummymail.com,Fanny.Kalinda@dummymail.com,doctor
1080,Tierney,Regan,Tierney.Regan@dummymail.com,Tierney.Regan@dummymail.com,firefighter
1081,Codie,Mott,Codie.Mott@dummymail.com,Codie.Mott@dummymail.com,worker
1082,Ezmeralda,Bandeen,Ezmeralda.Bandeen@dummymail.com,Ezmeralda.Bandeen@dummymail.com,developer
1083,Kellen,Jacobah,Kellen.Jacobah@dummymail.com,Kellen.Jacobah@dummymail.com,police officer
1084,Tressa,Alarise,Tressa.Alarise@dummymail.com,Tressa.Alarise@dummymail.com,doctor
1085,Alia,Oscar,Alia.Oscar@dummymail.com,Alia.Oscar@dummymail.com,police officer
1086,Cassandra,Publia,Cassandra.Publia@dummymail.com,Cassandra.Publia@dummymail.com,worker
1087,Kathi,Gabrielli,Kathi.Gabrielli@dummymail.com,Kathi.Gabrielli@dummymail.com,worker
1088,Madelle,Philoo,Madelle.Philoo@dummymail.com,Madelle.Philoo@dummymail.com,firefighter
1089,Kylynn,Ephrem,Kylynn.Ephrem@dummymail.com,Kylynn.Ephrem@dummymail.com,worker
1090,Jean,Zeeba,Jean.Zeeba@dummymail.com,Jean.Zeeba@dummymail.com,developer
1091,Vanessa,Odell,Vanessa.Odell@dummymail.com,Vanessa.Odell@dummymail.com,police officer
1092,Candi,Ader,Candi.Ader@dummymail.com,Candi.Ader@dummymail.com,firefighter
1093,Kelly,Therine,Kelly.Therine@dummymail.com,Kelly.Therine@dummymail.com,firefighter
1094,Nessie,Bord,Nessie.Bord@dummymail.com,Nessie.Bord@dummymail.com,worker
1095,Robinia,Craggie,Robinia.Craggie@dummymail.com,Robinia.Craggie@dummymail.com,doctor
1096,Sean,Tybald,Sean.Tybald@dummymail.com,Sean.Tybald@dummymail.com,police officer
1097,Robinia,Dituri,Robinia.Dituri@dummymail.com,Robinia.Dituri@dummymail.com,developer
1098,Gwenneth,Niles,Gwenneth.Niles@dummymail.com,Gwenneth.Niles@dummymail.com,police officer
1099,Leontine,McLaughlin,Leontine.McLaughlin@dummymail.com,Leontine.McLaughlin@dummymail.com,developer