id,firstname,lastname,email,email2,profession
100,Frank,Marsden,Frank.Marsden@dummymail.com,Frank.Marsden@dummymail.com,police officer
101,Dulcinea,Sammons,Dulcinea.Sammons@dummymail.com,Dulcinea.Sammons@dummymail.com,worker
102,Christy,Radu,Christy.Radu@dummymail.com,Christy.Radu@dummymail.com,worker
103,Dacia,Guildroy,Dacia.Guildroy@dummymail.com,Dacia.Guildroy@dummymail.com,worker
104,Carol-Jean,Thilda,Carol-Jean.Thilda@dummymail.com,Carol-Jean.Thilda@dummymail.com,police officer
105,Meg,Sandye,Meg.Sandye@dummymail.com,Meg.Sandye@dummymail.com,police officer
106,Kylynn,Torray,Kylynn.Torray@dummymail.com,Kylynn.Torray@dummymail.com,worker
107,Lynea,O'Carroll,Lynea.O'Carroll@dummymail.com,Lynea.O'Carroll@dummymail.com,developer
108,Flory,Jacinda,Flory.Jacinda@dummymail.com,Flory.Jacinda@dummymail.com,firefighter
109,Tybie,Gualtiero,Tybie.Gualtiero@dummymail.com,Tybie.Gualtiero@dummymail.com,firefighter
110,Correy,Pattin,Correy.Pattin@dummymail.com,Correy.Pattin@dummymail.com,worker
111,Beverley,Wenoa,Beverley.Wenoa@dummymail.com,Beverley.Wenoa@dummymail.com,doctor
112,Audrie,Poll,Audrie.Poll@dummymail.com,Audrie.Poll@dummymail.com,firefighter
113,Giustina,Pierette,Giustina.Pierette@dummymail.com,Giustina.Pierette@dummymail.com,worker
114,Ethel,Chem,Ethel.Chem@dummymail.com,Ethel.Chem@dummymail.com,firefighter
115,Nollie,Turne,Nollie.Turne@dummymail.com,Nollie.Turne@dummymail.com,developer
116,Danika,Firmin,Danika.Firmin@dummymail.com,Danika.Firmin@dummymail.com,worker
117,Janeczka,Laurianne,Janeczka.Laurianne@dummymail.com,Janeczka.Laurianne@dummymail.com,firefighter
118,Carmela,Jerald,Carmela.Jerald@dummymail.com,Carmela.Jerald@dummymail.com,developer
119,Doralynne,Alarise,Doralynne.Alarise@dummymail.com,Doralynne.Alarise@dummymail.com,developer
120,Vita,Uund,Vita.Uund@dummymail.com,Vita.Uund@dummymail.com,worker
121,Lilith,Madaih,Lilith.Madaih@dummymail.com,Lilith.Madaih@dummymail.com,developer
122,Ursulina,Jagir,Ursulina.Jagir@dummymail.com,Ursulina.Jagir@dummymail.com,firefighter
123,Norine,Regan,Norine.Regan@dummymail.com,Norine.Regan@dummymail.com,developer
124,Gloria,Yusuk,Gloria.Yusuk@dummymail.com,Gloria.Yusuk@dummymail.com,firefighter
125,Netty,Teddman,Netty.Teddman@dummymail.com,Netty.Teddman@dummymail.com,developer
126,Bee,Brenn,Bee.Brenn@dummymail.com,Bee.Brenn@dummymail.com,firefighter
127,Moyna,Rosemary,Moyna.Rosemary@dummymail.com,Moyna.Rosemary@dummymail.com,doctor
128,Marjie,Llovera,Marjie.Llovera@dummymail.com,Marjie.Llovera@dummymail.com,developer
129,Melina,Klemperer,Melina.Klemperer@dummymail.com,Melina.Klemperer@dummymail.com,police officer
130,Sallie,Thilda,Sallie.Thilda@dummymail.com,Sallie.Thilda@dummymail.com,police officer
131,Doralynne,Japeth,Doralynne.Japeth@dummymail.com,Doralynne.Japeth@dummymail.com,doctor
132,Ellette,Jefferey,Ellette.Jefferey@dummymail.com,Ellette.Jefferey@dummymail.com,developer
133,Shannah,Stacy,Shannah.Stacy@dummymail.com,Shannah.Stacy@dummymail.com,police officer
134,Cindelyn,Tatianas,Cindelyn.Tatianas@dummymail.com,Cindelyn.Tatianas@dummymail.com,developer
135,Evaleen,Seumas,Evaleen.Seumas@dummymail.com,Evaleen.Seumas@dummymail.com,doctor
136,Gusella,Libna,Gusella.Libna@dummymail.com,Gusella.Libna@dummymail.com,police officer
137,Feliza,Naor,Feliza.Naor@dummymail.com,Feliza.Naor@dummymail.com,police officer
138,Jaclyn,Maroney,Jaclyn.Maroney@dummymail.com,Jaclyn.Maroney@dummymail.com,firefighter
139,Katharina,Bivins,Katharina.Bivins@dummymail.com,Katharina.Bivins@dummymail.com,police officer
140,Nikki,Artie,Nikki.Artie@dummymail.com,Nikki.Artie@dummymail.com,developer
141,Anallese,Vastah,Anallese.Vastah@dummymail.com,Anallese.Vastah@dummymail.com,worker
142,Anallese,Edison,Anallese.Edison@dummymail.com,Anallese.Edison@dummymail.com,police officer
143,Evita,Milson,Evita.Milson@dummymail.com,Evita.Milson@dummymail.com,firefighter
144,Isa,Couture,Isa.Couture@dummymail.com,Isa.Couture@dummymail.com,worker
145,Dede,Toor,Dede.Toor@dummymail.com,Dede.Toor@dummymail.com,police officer
146,Dawn,MacIntosh,Dawn.MacIntosh@dummymail.com,Dawn.MacIntosh@dummymail.com,doctor
147,Brana,Ax,Brana.Ax@dummymail.com,Brana.Ax@dummymail.com,police officer
148,Elyssa,My,Elyssa.My@dummymail.com,Elyssa.My@dummymail.com,developer
149,Kirstin,Leffen,Kirstin.Leffen@dummymail.com,Kirstin.Leffen@dummymail.com,police officer
150,Lonnie,Minetta,Lonnie.Minetta@dummymail.com,Lonnie.Minetta@dummymail.com,police officer
151,Fernande,Burnside,Fernande.Burnside@dummymail.com,Fernande.Burnside@dummymail.com,police officer
152,Romona,Drus,Romona.Drus@dummymail.com,Romona.Drus@dummymail.com,worker
153,Kalina,Mendez,Kalina.Mendez@dummymail.com,Kalina.Mendez@dummymail.com,worker
154,Carly,Vharat,Carly.Vharat@dummymail.com,Carly.Vharat@dummymail.com,police officer
155,Janey,Colleen,Janey.Colleen@dummymail.com,Janey.Colleen@dummymail.com,developer
156,Brandise,Bronk,Brandise.Bronk@dummymail.com,Brandise.Bronk@dummymail.com,developer
157,Silvana,Radu,Silvana.Radu@dummymail.com,Silvana.Radu@dummymail.com,doctor
158,Zsa Zsa,Kazimir,Zsa Zsa.Kazimir@dummymail.com,Zsa Zsa.Kazimir@dummymail.com,doctor
159,Mildrid,Stephie,Mildrid.Stephie@dummymail.com,Mildrid.Stephie@dummymail.com,worker
160,Fanny,Lowry,Fanny.Lowry@dummymail.com,Fanny.Lowry@dummymail.com,developer
161,Taffy,Clara,Taffy.Clara@dummymail.com,Taffy.Clara@dummymail.com,developer
162,Fredericka,Newell,Fredericka.Newell@dummymail.com,Fredericka.Newell@dummymail.com,developer
163,Althea,Leary,Althea.Leary@dummymail.com,Althea.Leary@dummymail.com,doctor
164,Myriam,Quinn,Myriam.Quinn@dummymail.com,Myriam.Quinn@dummymail.com,police officer
165,Doralynne,Leopold,Doralynne.Leopold@dummymail.com,Doralynne.Leopold@dummymail.com,police officer
166,Tarra,Milson,Tarra.Milson@dummymail.com,Tarra.Milson@dummymail.com,firefighter
167,Karina,Clara,Karina.Clara@dummymail.com,Karina.Clara@dummymail.com,doctor
168,Kimmy,Odysseus,Kimmy.Odysseus@dummymail.com,Kimmy.Odysseus@dummymail.com,doctor
169,Lynea,Narton,Lynea.Narton@dummymail.com,Lynea.Narton@dummymail.com,firefighter
170,Letizia,Corabella,Letizia.Corabella@dummymail.com,Letizia.Corabella@dummymail.com,developer
171,Gerianna,Lemuela,Gerianna.Lemuela@dummymail.com,Gerianna.Lemuela@dummymail.com,police officer
172,Janey,Remmer,Janey.Remmer@dummymail.com,Janey.Remmer@dummymail.com,developer
173,Winifred,Payson,Winifred.Payson@dummymail.com,Winifred.Payson@dummymail.com,doctor
174,Annecorinne,Bonucci,Annecorinne.Bonucci@dummymail.com,Annecorinne.Bonucci@dummymail.com,police officer
175,Lita,Huggins,Lita.Huggins@dummymail.com,Lita.Huggins@dummymail.com,firefighter
176,Donnie,Vastah,Donnie.Vastah@dummymail.com,Donnie.Vastah@dummymail.com,developer
177,Tatiania,Rugen,Tatiania.Rugen@dummymail.com,Tatiania.Rugen@dummymail.com,firefighter
178,Meghann,Ehrman,Meghann.Ehrman@dummymail.com,Meghann.Ehrman@dummymail.com,worker
179,Beth,Lea,Beth.Lea@dummymail.com,Beth.Lea@dummymail.com,firefighter
180,Abbie,Carri,Abbie.Carri@dummymail.com,Abbie.Carri@dummymail.com,developer
181,Sheree,Remmer,Sheree.Remmer@dummymail.com,Sheree.Remmer@dummymail.com,doctor
182,Delilah,Pip,Delilah.Pip@dummymail.com,Delilah.Pip@dummymail.com,police officer
183,Winny,Erminia,Winny.Erminia@dummymail.com,Winny.Erminia@dummymail.com,firefighter
184,Berget,McNully,Berget.McNully@dummymail.com,Berget.McNully@dummymail.com,firefighter
185,Lusa,Natalia,Lusa.Natalia@dummymail.com,Lusa.Natalia@dummymail.com,developer
186,Renie,Gaynor,Renie.Gaynor@dummymail.com,Renie.Gaynor@dummymail.com,worker
187,Tami,Mintz,Tami.Mintz@dummymail.com,Tami.Mintz@dummymail.com,police officer
188,Pierette,Maurine,Pierette.Maurine@dummymail.com,Pierette.Maurine@dummymail.com,police officer
189,Moyna,Naashom,Moyna.Naashom@dummymail.com,Moyna.Naashom@dummymail.com,worker
190,Moyna,Goerke,Moyna.Goerke@dummymail.com,Moyna.Goerke@dummymail.com,developer
191,Cherilyn,Eugenia,Cherilyn.Eugenia@dummymail.com,Cherilyn.Eugenia@dummymail.com,police officer
192,Angela,Natica,Angela.Natica@dummymail.com,Angela.Natica@dummymail.com,police officer
193,Sabina,Garek,Sabina.Garek@dummymail.com,Sabina.Garek@dummymail.com,developer
194,Myriam,Kinnard,Myriam.Kinnard@dummymail.com,Myriam.Kinnard@dummymail.com,developer
195,Sara-Ann,Garek,Sara-Ann.Garek@dummymail.com,Sara-Ann.Garek@dummymail.com,police officer
196,Ayn,Meter,Ayn.Meter@dummymail.com,Ayn.Meter@dummymail.com,developer
197,Angelique,Jaylene,Angelique.Jaylene@dummymail.com,Angelique.Jaylene@dummymail.com,doctor
198,Philis,Wiener,Philis.Wiener@dummymail.com,Philis.Wiener@dummymail.com,worker
199,Joleen,Cordi,Joleen.Cordi@dummymail.com,Joleen.Cordi@dummymail.com,developer
200,Sharlene,Jorgan,Sharlene.Jorgan@dummymail.com,Sharlene.Jorgan@dummymail.com,doctor
201,Marguerite,Terencio,Marguerite.Terencio@dummymail.com,Marguerite.Terencio@dummymail.com,police officer
202,Addia,Lea,Addia.Lea@dummymail.com,Addia.Lea@dummymail.com,developer
203,Marcelline,Oster,Marcelline.Oster@dummymail.com,Marcelline.Oster@dummymail.com,firefighter
204,Kore,Bohlin,Kore.Bohlin@dummymail.com,Kore.Bohlin@dummymail.com,worker
205,Shannah,Dorothy,Shannah.Dorothy@dummymail.com,Shannah.Dorothy@dummymail.com,doctor
206,Lory,Doig,Lory.Doig@dummymail.com,Lory.Doig@dummymail.com,firefighter
207,Jan,Ranjiv,Jan.Ranjiv@dummymail.com,Jan.Ranjiv@dummymail.com,doctor
208,Rhea,Sprage,Rhea.Sprage@dummymail.com,Rhea.Sprage@dummymail.com,developer
209,Dotty,Vastah,Dotty.Vastah@dummymail.com,Dotty.Vastah@dummymail.com,firefighter
210,Lita,Alva,Lita.Alva@dummymail.com,Lita.Alva@dummymail.com,police officer
211,Leeanne,Mandler,Leeanne.Mandler@dummymail.com,Leeanne.Mandler@dummymail.com,doctor
212,Caryl,Ardra,Caryl.Ardra@dummymail.com,Caryl.Ardra@dummymail.com,doctor
213,Sheree,Xerxes,Sheree.Xerxes@dummymail.com,Sheree.Xerxes@dummymail.com,firefighter
214,Barbi,Sigfrid,Barbi.Sigfrid@dummymail.com,Barbi.Sigfrid@dummymail.com,firefighter
215,Benita,Margret,Benita.Margret@dummymail.com,Benita.Margret@dummymail.com,firefighter
216,Minda,Baudin,Minda.Baudin@dummymail.com,Minda.Baudin@dummymail.com,worker
217,Dominga,Mich,Dominga.Mich@dummymail.com,Dominga.Mich@dummymail.com,worker
218,Raf,Adamsen,Raf.Adamsen@dummymail.com,Raf.Adamsen@dummymail.com,doctor
219,Rori,Llovera,Rori.Llovera@dummymail.com,Rori.Llovera@dummymail.com,developer
220,Robbi,Stuart,Robbi.Stuart@dummymail.com,Robbi.Stuart@dummymail.com,worker
221,Jacquetta,Ellord,Jacquetta.Ellord@dummymail.com,Jacquetta.Ellord@dummymail.com,doctor
222,Marline,Michella,Marline.Michella@dummymail.com,Marline.Michella@dummymail.com,worker
223,Odessa,Sheedy,Odessa.Sheedy@dummymail.com,Odessa.Sheedy@dummymail.com,police officer
224,Thalia,Klotz,Thalia.Klotz@dummymail.com,Thalia.Klotz@dummymail.com,police officer
225,Goldie,Jobi,Goldie.Jobi@dummymail.com,Goldie.Jobi@dummymail.com,worker
226,Aeriela,Kamaria,Aeriela.Kamaria@dummymail.com,Aeriela.Kamaria@dummymail.com,doctor
227,Misha,Fiester,Misha.Fiester@dummymail.com,Misha.Fiester@dummymail.com,developer
228,Dulcinea,Mandler,Dulcinea.Mandler@dummymail.com,Dulcinea.Mandler@dummymail.com,firefighter
229,Kellen,Juliet,Kellen.Juliet@dummymail.com,Kellen.Juliet@dummymail.com,police officer
230,Jere,Pulsifer,Jere.Pulsifer@dummymail.com,Jere.Pulsifer@dummymail.com,developer
231,Mathilda,Stacy,Mathilda.Stacy@dummymail.com,Mathilda.Stacy@dummymail.com,doctor
232,Aeriela,Barrus,Aeriela.Barrus@dummymail.com,Aeriela.Barrus@dummymail.com,developer
233,Miquela,Decato,Miquela.Decato@dummymail.com,Miquela.Decato@dummymail.com,developer
234,Ardys,Janene,Ardys.Janene@dummymail.com,Ardys.Janene@dummymail.com,worker
235,Rori,Chabot,Rori.Chabot@dummymail.com,Rori.Chabot@dummymail.com,police officer
236,Peri,Yate,Peri.Yate@dummymail.com,Peri.Yate@dummymail.com,firefighter
237,Jennica,Jena,Jennica.Jena@dummymail.com,Jennica.Jena@dummymail.com,firefighter
238,Cassandra,Hunfredo,Cassandra.Hunfredo@dummymail.com,Cassandra.Hunfredo@dummymail.com,police officer
239,Adelle,Stilwell,Adelle.Stilwell@dummymail.com,Adelle.Stilwell@dummymail.com,police officer
240,Ashlee,Rosette,Ashlee.Rosette@dummymail.com,Ashlee.Rosette@dummymail.com,police officer
241,Carilyn,Sophronia,Carilyn.Sophronia@dummymail.com,Carilyn.Sophronia@dummymail.com,worker
242,Beatriz,Dowski,Beatriz.Dowski@dummymail.com,Beatriz.Dowski@dummymail.com,firefighter
243,Melisent,Ezar,Melisent.Ezar@dummymail.com,Melisent.Ezar@dummymail.com,worker
244,Barbi,Bashemeth,Barbi.Bashemeth@dummymail.com,Barbi.Bashemeth@dummymail.com,worker
245,Yvonne,Weinreb,Yvonne.Weinreb@dummymail.com,Yvonne.Weinreb@dummymail.com,police officer
246,Chloris,Cosenza,Chloris.Cosenza@dummymail.com,Chloris.Cosenza@dummymail.com,developer
247,Audrie,Daniele,Audrie.Daniele@dummymail.com,Audrie.Daniele@dummymail.com,developer
248,Frieda,Wu,Frieda.Wu@dummymail.com,Frieda.Wu@dummymail.com,firefighter
249,Kristan,Linehan,Kristan.Linehan@dummymail.com,Kristan.Linehan@dummymail.com,police officer
250,Goldie,Halsey,Goldie.Halsey@dummymail.com,Goldie.Halsey@dummymail.com,developer
251,Andeee,Olnee,Andeee.Olnee@dummymail.com,Andeee.Olnee@dummymail.com,police officer
252,Dede,Gregrory,Dede.Gregrory@dummymail.com,Dede.Gregrory@dummymail.com,worker
253,Merci,Havens,Merci.Havens@dummymail.com,Merci.Havens@dummymail.com,developer
254,Mahalia,Cloris,Mahalia.Cloris@dummymail.com,Mahalia.Cloris@dummymail.com,worker
255,Kirbee,Baylor,Kirbee.Baylor@dummymail.com,Kirbee.Baylor@dummymail.com,developer
256,Eve,Morrill,Eve.Morrill@dummymail.com,Eve.Morrill@dummymail.com,police officer
257,Max,Creamer,Max.Creamer@dummymail.com,Max.Creamer@dummymail.com,developer
258,Lucille,Devlen,Lucille.Devlen@dummymail.com,Lucille.Devlen@dummymail.com,police officer
259,Christy,Wareing,Christy.Wareing@dummymail.com,Christy.Wareing@dummymail.com,worker
260,Wileen,Primalia,Wileen.Primalia@dummymail.com,Wileen.Primalia@dummymail.com,worker
261,Vevay,Auberbach,Vevay.Auberbach@dummymail.com,Vevay.Auberbach@dummymail.com,firefighter
262,Paule,Bevin,Paule.Bevin@dummymail.com,Paule.Bevin@dummymail.com,developer
263,Patricia,Fairweather,Patricia.Fairweather@dummymail.com,Patricia.Fairweather@dummymail.com,worker
264,Mady,Carlson,Mady.Carlson@dummymail.com,Mady.Carlson@dummymail.com,firefighter
265,Sharlene,Dalli,Sharlene.Dalli@dummymail.com,Sharlene.Dalli@dummymail.com,worker
266,Selia,Jacobah,Selia.Jacobah@dummymail.com,Selia.Jacobah@dummymail.com,firefighter
267,Maryellen,Iphlgenia,Maryellen.Iphlgenia@dummymail.com,Maryellen.Iphlgenia@dummymail.com,police officer
268,Darci,Sherrie,Darci.Sherrie@dummymail.com,Darci.Sherrie@dummymail.com,developer
269,Ruthe,Solitta,Ruthe.Solitta@dummymail.com,Ruthe.Solitta@dummymail.com,developer
270,Caryl,Jenness,Caryl.Jenness@dummymail.com,Caryl.Jenness@dummymail.com,developer
271,Farrah,Charity,Farrah.Charity@dummymail.com,Farrah.Charity@dummymail.com,developer
272,Ardeen,Velick,Ardeen.Velick@dummymail.com,Ardeen.Velick@dummymail.com,police officer
273,Letizia,Holbrook,Letizia.Holbrook@dummymail.com,Letizia.Holbrook@dummymail.com,developer
274,Roseline,Atcliffe,Roseline.Atcliffe@dummymail.com,Roseline.Atcliffe@dummymail.com,police officer
275,Aryn,Chesna,Aryn.Chesna@dummymail.com,Aryn.Chesna@dummymail.com,police officer
276,Amalie,Goddard,Amalie.Goddard@dummymail.com,Amalie.Goddard@dummymail.com,doctor
277,Rozele,Kimmie,Rozele.Kimmie@dummymail.com,Rozele.Kimmie@dummymail.com,developer
278,Pearline,Dielu,Pearline.Dielu@dummymail.com,Pearline.Dielu@dummymail.com,doctor
279,Lexine,Hessler,Lexine.Hessler@dummymail.com,Lexine.Hessler@dummymail.com,worker
280,Deloria,Dichy,Deloria.Dichy@dummymail.com,Deloria.Dichy@dummymail.com,firefighter
281,Ruthe,Forrer,Ruthe.Forrer@dummymail.com,Ruthe.Forrer@dummymail.com,developer
282,Augustine,Percy,Augustine.Percy@dummymail.com,Augustine.Percy@dummymail.com,worker
283,Gwyneth,Zola,Gwyneth.Zola@dummymail.com,Gwyneth.Zola@dummymail.com,doctor
284,Zsa Zsa,Marisa,Zsa Zsa.Marisa@dummymail.com,Zsa Zsa.Marisa@dummymail.com,firefighter
285,Romona,Schenck,Romona.Schenck@dummymail.com,Romona.Schenck@dummymail.com,police officer
286,Thalia,Martguerita,Thalia.Martguerita@dummymail.com,Thalia.Martguerita@dummymail.com,developer
287,Agathe,Yuille,Agathe.Yuille@dummymail.com,Agathe.Yuille@dummymail.com,doctor
288,Dacia,Celestine,Dacia.Celestine@dummymail.com,Dacia.Celestine@dummymail.com,worker
289,Madeleine,Bakerman,Madeleine.Bakerman@dummymail.com,Madeleine.Bakerman@dummymail.com,firefighter
290,Calla,Isacco,Calla.Isacco@dummymail.com,Calla.Isacco@dummymail.com,police officer
291,Vevay,Cristi,Vevay.Cristi@dummymail.com,Vevay.Cristi@dummymail.com,worker
292,Dale,Louanna,Dale.Louanna@dummymail.com,Dale.Louanna@dummymail.com,firefighter
293,Melina,Merat,Melina.Merat@dummymail.com,Melina.Merat@dummymail.com,firefighter
294,Blinni,Urias,Blinni.Urias@dummymail.com,Blinni.Urias@dummymail.com,developer
295,Hope,Toor,Hope.Toor@dummymail.com,Hope.Toor@dummymail.com,police officer
296,Maurene,Jaylene,Maurene.Jaylene@dummymail.com,Maurene.Jaylene@dummymail.com,police officer
297,Doro,Means,Doro.Means@dummymail.com,Doro.Means@dummymail.com,firefighter
298,Doro,Neva,Doro.Neva@dummymail.com,Doro.Neva@dummymail.com,developer
299,Lynnea,Robertson,Lynnea.Robertson@dummymail.com,Lynnea.Robertson@dummymail.com,developer
300,Charmaine,My,Charmaine.My@dummymail.com,Charmaine.My@dummymail.com,developer
301,Edith,Duwalt,Edith.Duwalt@dummymail.com,Edith.Duwalt@dummymail.com,doctor
302,Melina,Tayib,Melina.Tayib@dummymail.com,Melina.Tayib@dummymail.com,police officer
303,Clarice,Leffen,Clarice.Leffen@dummymail.com,Clarice.Leffen@dummymail.com,worker
304,Randa,Milde,Randa.Milde@dummymail.com,Randa.Milde@dummymail.com,police officer
305,Madalyn,Timon,Madalyn.Timon@dummymail.com,Madalyn.Timon@dummymail.com,developer
306,Orsola,Reneta,Orsola.Reneta@dummymail.com,Orsola.Reneta@dummymail.com,developer
307,Peri,Bibi,Peri.Bibi@dummymail.com,Peri.Bibi@dummymail.com,worker
308,Cyb,Urania,Cyb.Urania@dummymail.com,Cyb.Urania@dummymail.com,doctor
309,Wynne,Pitt,Wynne.Pitt@dummymail.com,Wynne.Pitt@dummymail.com,developer
310,Kelly,Thar,Kelly.Thar@dummymail.com,Kelly.Thar@dummymail.com,developer
311,Aaren,Devlen,Aaren.Devlen@dummymail.com,Aaren.Devlen@dummymail.com,doctor
312,Jackie,Dosia,Jackie.Dosia@dummymail.com,Jackie.Dosia@dummymail.com,police officer
313,Coral,Engdahl,Coral.Engdahl@dummymail.com,Coral.Engdahl@dummymail.com,worker
314,Roseline,Hull,Roseline.Hull@dummymail.com,Roseline.Hull@dummymail.com,developer
315,Kittie,Taima,Kittie.Taima@dummymail.com,Kittie.Taima@dummymail.com,firefighter
316,Sabina,Christal,Sabina.Christal@dummymail.com,Sabina.Christal@dummymail.com,firefighter
317,Kaja,Nikaniki,Kaja.Nikaniki@dummymail.com,Kaja.Nikaniki@dummymail.com,police officer
318,Benita,Ventre,Benita.Ventre@dummymail.com,Benita.Ventre@dummymail.com,worker
319,Camile,Naashom,Camile.Naashom@dummymail.com,Camile.Naashom@dummymail.com,police officer
320,Karly,Beebe,Karly.Beebe@dummymail.com,Karly.Beebe@dummymail.com,worker
321,Shandie,Schlosser,Shandie.Schlosser@dummymail.com,Shandie.Schlosser@dummymail.com,worker
322,Lorne,Syd,Lorne.Syd@dummymail.com,Lorne.Syd@dummymail.com,police officer
323,Joceline,Whittaker,Joceline.Whittaker@dummymail.com,Joceline.Whittaker@dummymail.com,firefighter
324,Phylis,Cleavland,Phylis.Cleavland@dummymail.com,Phylis.Cleavland@dummymail.com,worker
325,Cassondra,Bearnard,Cassondra.Bearnard@dummymail.com,Cassondra.Bearnard@dummymail.com,firefighter
326,Raquela,Morgun,Raquela.Morgun@dummymail.com,Raquela.Morgun@dummymail.com,developer
327,Cathie,Donoghue,Cathie.Donoghue@dummymail.com,Cathie.Donoghue@dummymail.com,firefighter
328,Brooks,Phaidra,Brooks.Phaidra@dummymail.com,Brooks.Phaidra@dummymail.com,developer
329,Merci,Brian,Merci.Brian@dummymail.com,Merci.Brian@dummymail.com,worker
330,Wendi,Dorine,Wendi.Dorine@dummymail.com,Wendi.Dorine@dummymail.com,worker
331,Gloria,Taima,Gloria.Taima@dummymail.com,Gloria.Taima@dummymail.com,firefighter
332,Sheree,Kellby,Sheree.Kellby@dummymail.com,Sheree.Kellby@dummymail.com,doctor
333,Sashenka,Monaco,Sashenka.Monaco@dummymail.com,Sashenka.Monaco@dummymail.com,firefighter
334,Brianna,Wareing,Brianna.Wareing@dummymail.com,Brianna.Wareing@dummymail.com,firefighter
335,Jackie,Stephie,Jackie.Stephie@dummymail.com,Jackie.Stephie@dummymail.com,firefighter
336,Amii,Morgun,Amii.Morgun@dummymail.com,Amii.Morgun@dummymail.com,developer
337,Sidoney,Hanshaw,Sidoney.Hanshaw@dummymail.com,Sidoney.Hanshaw@dummymail.com,firefighter
338,Diena,Thar,Diena.Thar@dummymail.com,Diena.Thar@dummymail.com,developer
339,Ada,Olnee,Ada.Olnee@dummymail.com,Ada.Olnee@dummymail.com,worker
340,Romona,Autrey,Romona.Autrey@dummymail.com,Romona.Autrey@dummymail.com,police officer
341,Lucy,Sheedy,Lucy.Sheedy@dummymail.com,Lucy.Sheedy@dummymail.com,developer
342,Layla,Hillel,Layla.Hillel@dummymail.com,Layla.Hillel@dummymail.com,developer
343,Hyacinthe,Lumbard,Hyacinthe.Lumbard@dummymail.com,Hyacinthe.Lumbard@dummymail.com,firefighter
344,Tobe,Shirberg,Tobe.Shirberg@dummymail.com,Tobe.Shirberg@dummymail.com,firefighter
345,Alejandra,Roarke,Alejandra.Roarke@dummymail.com,Alejandra.Roarke@dummymail.com,worker
346,Adriana,Burnside,Adriana.Burnside@dummymail.com,Adriana.Burnside@dummymail.com,doctor
347,Jan,Socha,Jan.Socha@dummymail.com,Jan.Socha@dummymail.com,firefighter
348,Jolyn,Niles,Jolyn.Niles@dummymail.com,Jolyn.Niles@dummymail.com,doctor
349,Jolyn,Delp,Jolyn.Delp@dummymail.com,Jolyn.Delp@dummymail.com,firefighter
350,Ann-Marie,Wattenberg,Ann-Marie.Wattenberg@dummymail.com,Ann-Marie.Wattenberg@dummymail.com,worker
351,Emylee,Holbrook,Emylee.Holbrook@dummymail.com,Emylee.Holbrook@dummymail.com,worker
352,Lelah,Maples,Lelah.Maples@dummymail.com,Lelah.Maples@dummymail.com,firefighter
353,Hildegaard,Karylin,Hildegaard.Karylin@dummymail.com,Hildegaard.Karylin@dummymail.com,developer
354,Corene,Bronk,Corene.Bronk@dummymail.com,Corene.Bronk@dummymail.com,worker
355,Karena,Kristi,Karena.Kristi@dummymail.com,Karena.Kristi@dummymail.com,doctor
356,Gabriellia,Maples,Gabriellia.Maples@dummymail.com,Gabriellia.Maples@dummymail.com,developer
357,Ofilia,Berl,Ofilia.Berl@dummymail.com,Ofilia.Berl@dummymail.com,police officer
358,Janenna,Erminia,Janenna.Erminia@dummymail.com,Janenna.Erminia@dummymail.com,firefighter
359,Orsola,Sigfrid,Orsola.Sigfrid@dummymail.com,Orsola.Sigfrid@dummymail.com,doctor
360,Marguerite,Chesna,Marguerite.Chesna@dummymail.com,Marguerite.Chesna@dummymail.com,police officer
361,Danika,Thema,Danika.Thema@dummymail.com,Danika.Thema@dummymail.com,doctor
362,Amara,Ball,Amara.Ball@dummymail.com,Amara.Ball@dummymail.com,worker
363,Vivia,O'Neill,Vivia.O'Neill@dummymail.com,Vivia.O'Neill@dummymail.com,worker
364,Drucie,Alexandr,Drucie.Alexandr@dummymail.com,Drucie.Alexandr@dummymail.com,worker
365,Madeleine,Cordi,Madeleine.Cordi@dummymail.com,Madeleine.Cordi@dummymail.com,firefighter
366,Bertine,Jeanne,Bertine.Jeanne@dummymail.com,Bertine.Jeanne@dummymail.com,developer
367,Georgina,Linskey,Georgina.Linskey@dummymail.com,Georgina.Linskey@dummymail.com,firefighter
368,Phylis,Kress,Phylis.Kress@dummymail.com,Phylis.Kress@dummymail.com,doctor
369,Daryl,Audly,Daryl.Audly@dummymail.com,Daryl.Audly@dummymail.com,doctor
370,Melina,Gino,Melina.Gino@dummymail.com,Melina.Gino@dummymail.com,police officer
371,Vanessa,Koziara,Vanessa.Koziara@dummymail.com,Vanessa.Koziara@dummymail.com,doctor
372,Michaelina,Noelyn,Michaelina.Noelyn@dummymail.com,Michaelina.Noelyn@dummymail.com,firefighter
373,Nataline,My,Nataline.My@dummymail.com,Nataline.My@dummymail.com,doctor
374,Chere,Rubie,Chere.Rubie@dummymail.com,Chere.Rubie@dummymail.com,police officer
375,Lila,Halsey,Lila.Halsey@dummymail.com,Lila.Halsey@dummymail.com,firefighter
376,Shirlee,Elsinore,Shirlee.Elsinore@dummymail.com,Shirlee.Elsinore@dummymail.com,worker
377,Nonnah,Jagir,Nonnah.Jagir@dummymail.com,Nonnah.Jagir@dummymail.com,firefighter
378,Lyssa,Tound,Lyssa.Tound@dummymail.com,Lyssa.Tound@dummymail.com,worker
379,Kittie,Jena,Kittie.Jena@dummymail.com,Kittie.Jena@dummymail.com,worker
380,Jackie,Gherardo,Jackie.Gherardo@dummymail.com,Jackie.Gherardo@dummymail.com,doctor
381,Lenna,Casimir,Lenna.Casimir@dummymail.com,Lenna.Casimir@dummymail.com,worker
382,Marline,Whittaker,Marline.Whittaker@dummymail.com,Marline.Whittaker@dummymail.com,firefighter
383,Millie,Peonir,Millie.Peonir@dummymail.com,Millie.Peonir@dummymail.com,developer
384,Bee,Mehalek,Bee.Mehalek@dummymail.com,Bee.Mehalek@dummymail.com,doctor
385,Tori,Emerson,Tori.Emerson@dummymail.com,Tori.Emerson@dummymail.com,worker
386,Carree,Wenoa,Carree.Wenoa@dummymail.com,Carree.Wenoa@dummymail.com,police officer
387,Ermengarde,Karna,Ermengarde.Karna@dummymail.com,Ermengarde.Karna@dummymail.com,police officer
388,Renae,Giff,Renae.Giff@dummymail.com,Renae.Giff@dummymail.com,police officer
389,Mara,Tamar,Mara.Tamar@dummymail.com,Mara.Tamar@dummymail.com,doctor
390,Natka,Cleo,Natka.Cleo@dummymail.com,Natka.Cleo@dummymail.com,firefighter
391,Janenna,Cutlerr,Janenna.Cutlerr@dummymail.com,Janenna.Cutlerr@dummymail.com,police officer
392,Chandra,Beebe,Chandra.Beebe@dummymail.com,Chandra.Beebe@dummymail.com,worker
393,Nikki,Virgin,Nikki.Virgin@dummymail.com,Nikki.Virgin@dummymail.com,firefighter
394,Helsa,Anestassia,Helsa.Anestassia@dummymail.com,Helsa.Anestassia@dummymail.com,developer
395,Orelia,Fitzsimmons,Orelia.Fitzsimmons@dummymail.com,Orelia.Fitzsimmons@dummymail.com,firefighter
396,Alyssa,Lattie,Alyssa.Lattie@dummymail.com,Alyssa.Lattie@dummymail.com,developer
397,Ardenia,Salvidor,Ardenia.Salvidor@dummymail.com,Ardenia.Salvidor@dummymail.com,developer
398,Desirae,Belanger,Desirae.Belanger@dummymail.com,Desirae.Belanger@dummymail.com,worker
399,Andree,Greyson,Andree.Greyson@dummymail.com,Andree.Greyson@dummymail.com,doctor
400,Calla,Beebe,Calla.Beebe@dummymail.com,Calla.Beebe@dummymail.com,doctor
401,Rivalee,Phaidra,Rivalee.Phaidra@dummymail.com,Rivalee.Phaidra@dummymail.com,worker
402,Jany,Ricki,Jany.Ricki@dummymail.com,Jany.Ricki@dummymail.com,developer
403,Pamella,Kunin,Pamella.Kunin@dummymail.com,Pamella.Kunin@dummymail.com,police officer
404,Kerrin,Riordan,Kerrin.Riordan@dummymail.com,Kerrin.Riordan@dummymail.com,doctor
405,Morganica,Schonfeld,Morganica.Schonfeld@dummymail.com,Morganica.Schonfeld@dummymail.com,worker
406,Thalia,Stoller,Thalia.Stoller@dummymail.com,Thalia.Stoller@dummymail.com,worker
407,Nanete,Hessler,Nanete.Hessler@dummymail.com,Nanete.Hessler@dummymail.com,developer
408,Starla,Ophelia,Starla.Ophelia@dummymail.com,Starla.Ophelia@dummymail.com,police officer
409,Heddie,Gilmour,Heddie.Gilmour@dummymail.com,Heddie.Gilmour@dummymail.com,developer
410,Gianina,Koziara,Gianina.Koziara@dummymail.com,Gianina.Koziara@dummymail.com,developer
411,Lulita,Melleta,Lulita.Melleta@dummymail.com,Lulita.Melleta@dummymail.com,worker
412,Lusa,Stoller,Lusa.Stoller@dummymail.com,Lusa.Stoller@dummymail.com,doctor
413,Anthia,O'Rourke,Anthia.O'Rourke@dummymail.com,Anthia.O'Rourke@dummymail.com,firefighter
414,Kara-Lynn,Zeeba,Kara-Lynn.Zeeba@dummymail.com,Kara-Lynn.Zeeba@dummymail.com,doctor
415,Fanny,Zaslow,Fanny.Zaslow@dummymail.com,Fanny.Zaslow@dummymail.com,developer
416,Kirstin,Lia,Kirstin.Lia@dummymail.com,Kirstin.Lia@dummymail.com,firefighter
417,Marinna,Wilkinson,Marinna.Wilkinson@dummymail.com,Marinna.Wilkinson@dummymail.com,police officer
418,Mariann,Lory,Mariann.Lory@dummymail.com,Mariann.Lory@dummymail.com,developer
419,Sherrie,Erminia,Sherrie.Erminia@dummymail.com,Sherrie.Erminia@dummymail.com,doctor
420,Elvira,Noman,Elvira.Noman@dummymail.com,Elvira.Noman@dummymail.com,developer
421,Mathilda,Bronk,Mathilda.Bronk@dummymail.com,Mathilda.Bronk@dummymail.com,doctor
422,Kenna,Wolfgram,Kenna.Wolfgram@dummymail.com,Kenna.Wolfgram@dummymail.com,developer
423,Eolanda,Ariella,Eolanda.Ariella@dummymail.com,Eolanda.Ariella@dummymail.com,developer
424,June,Philipp,June.Philipp@dummymail.com,June.Philipp@dummymail.com,developer
425,Goldie,Meter,Goldie.Meter@dummymail.com,Goldie.Meter@dummymail.com,police officer
426,Ashlee,Redmond,Ashlee.Redmond@dummymail.com,Ashlee.Redmond@dummymail.com,worker
427,Frances,Brady,Frances.Brady@dummymail.com,Frances.Brady@dummymail.com,worker
428,Anica,Zenas,Anica.Zenas@dummymail.com,Anica.Zenas@dummymail.com,firefighter
429,Tilly,Macey,Tilly.Macey@dummymail.com,Tilly.Macey@dummymail.com,police officer
430,Raina,Wiener,Raina.Wiener@dummymail.com,Raina.Wiener@dummymail.com,worker
431,June,Koziara,June.Koziara@dummymail.com,June.Koziara@dummymail.com,police officer
432,Ivett,Dex,Ivett.Dex@dummymail.com,Ivett.Dex@dummymail.com,doctor
433,Tamqrah,Francene,Tamqrah.Francene@dummymail.com,Tamqrah.Francene@dummymail.com,police officer
434,Phedra,Judye,Phedra.Judye@dummymail.com,Phedra.Judye@dummymail.com,worker
435,Hermione,Fry,Hermione.Fry@dummymail.com,Hermione.Fry@dummymail.com,doctor
436,Jackie,Ventre,Jackie.Ventre@dummymail.com,Jackie.Ventre@dummymail.com,doctor
437,Kimberley,Zrike,Kimberley.Zrike@dummymail.com,Kimberley.Zrike@dummymail.com,doctor
438,Ursulina,Emanuel,Ursulina.Emanuel@dummymail.com,Ursulina.Emanuel@dummymail.com,police officer
439,Audrie,Zachary,Audrie.Zachary@dummymail.com,Audrie.Zachary@dummymail.com,police officer
440,Etta,Federica,Etta.Federica@dummymail.com,Etta.Federica@dummymail.com,doctor
441,Melisent,Alisia,Melisent.Alisia@dummymail.com,Melisent.Alisia@dummymail.com,police officer
442,Ricky,McNully,Ricky.McNully@dummymail.com,Ricky.McNully@dummymail.com,worker
443,Phylis,Magdalen,Phylis.Magdalen@dummymail.com,Phylis.Magdalen@dummymail.com,developer
444,Nannie,Faso,Nannie.Faso@dummymail.com,Nannie.Faso@dummymail.com,police officer
445,Katleen,Rooney,Katleen.Rooney@dummymail.com,Katleen.Rooney@dummymail.com,developer
446,Kristina,Irmine,Kristina.Irmine@dummymail.com,Kristina.Irmine@dummymail.com,worker
447,Nita,Toor,Nita.Toor@dummymail.com,Nita.Toor@dummymail.com,police officer
448,Emylee,Cornelia,Emylee.Cornelia@dummymail.com,Emylee.Cornelia@dummymail.com,developer
449,Kathy,Christal,Kathy.Christal@dummymail.com,Kathy.Christal@dummymail.com,developer
450,Quintina,Emmaline,Quintina.Emmaline@dummymail.com,Quintina.Emmaline@dummymail.com,doctor
451,Odessa,Kare,Odessa.Kare@dummymail.com,Odessa.Kare@dummymail.com,police officer
452,Gavrielle,Astra,Gavrielle.Astra@dummymail.com,Gavrielle.Astra@dummymail.com,doctor
453,Renie,McGrody,Renie.McGrody@dummymail.com,Renie.McGrody@dummymail.com,doctor
454,Arabel,Lea,Arabel.Lea@dummymail.com,Arabel.Lea@dummymail.com,firefighter
455,Shel,Willie,Shel.Willie@dummymail.com,Shel.Willie@dummymail.com,developer
456,Mahalia,Brian,Mahalia.Brian@dummymail.com,Mahalia.Brian@dummymail.com,developer
457,Xylina,Johanna,Xylina.Johanna@dummymail.com,Xylina.Johanna@dummymail.com,worker
458,Alejandra,Euridice,Alejandra.Euridice@dummymail.com,Alejandra.Euridice@dummymail.com,firefighter
459,Ileana,Meli,Ileana.Meli@dummymail.com,Ileana.Meli@dummymail.com,doctor
460,Emma,Malina,Emma.Malina@dummymail.com,Emma.Malina@dummymail.com,firefighter
461,Gisela,Abbot,Gisela.Abbot@dummymail.com,Gisela.Abbot@dummymail.com,worker
462,Gabriellia,Magnolia,Gabriellia.Magnolia@dummymail.com,Gabriellia.Magnolia@dummymail.com,worker
463,Codie,Bergman,Codie.Bergman@dummymail.com,Codie.Bergman@dummymail.com,firefighter
464,Zia,Alexandr,Zia.Alexandr@dummymail.com,Zia.Alexandr@dummymail.com,police officer
465,Raf,Baptlsta,Raf.Baptlsta@dummymail.com,Raf.Baptlsta@dummymail.com,police officer
466,Helena,Naor,Helena.Naor@dummymail.com,Helena.Naor@dummymail.com,worker
467,Mignon,Jethro,Mignon.Jethro@dummymail.com,Mignon.Jethro@dummymail.com,firefighter
468,Laurene,Reinke,Laurene.Reinke@dummymail.com,Laurene.Reinke@dummymail.com,doctor
469,Ninnetta,Francene,Ninnetta.Francene@dummymail.com,Ninnetta.Francene@dummymail.com,firefighter
470,Nikki,Cottle,Nikki.Cottle@dummymail.com,Nikki.Cottle@dummymail.com,worker
471,Fanchon,Eiser,Fanchon.Eiser@dummymail.com,Fanchon.Eiser@dummymail.com,firefighter
472,Brooks,Joli,Brooks.Joli@dummymail.com,Brooks.Joli@dummymail.com,doctor
473,Vere,Ivens,Vere.Ivens@dummymail.com,Vere.Ivens@dummymail.com,worker
474,Priscilla,Raffo,Priscilla.Raffo@dummymail.com,Priscilla.Raffo@dummymail.com,firefighter
475,Marnia,Pulsifer,Marnia.Pulsifer@dummymail.com,Marnia.Pulsifer@dummymail.com,developer
476,Viviene,Sperling,Viviene.Sperling@dummymail.com,Viviene.Sperling@dummymail.com,police officer
477,Sybille,Teddman,Sybille.Teddman@dummymail.com,Sybille.Teddman@dummymail.com,police officer
478,Yvonne,Latini,Yvonne.Latini@dummymail.com,Yvonne.Latini@dummymail.com,firefighter
479,Correy,Arley,Correy.Arley@dummymail.com,Correy.Arley@dummymail.com,firefighter
480,Babita,Fredi,Babita.Fredi@dummymail.com,Babita.Fredi@dummymail.com,worker
481,Frank,Etom,Frank.Etom@dummymail.com,Frank.Etom@dummymail.com,developer
482,Inga,Mozelle,Inga.Mozelle@dummymail.com,Inga.Mozelle@dummymail.com,doctor
483,Jillayne,Harl,Jillayne.Harl@dummymail.com,Jillayne.Harl@dummymail.com,firefighter
484,Binny,Georgy,Binny.Georgy@dummymail.com,Binny.Georgy@dummymail.com,police officer
485,Flo,Kunin,Flo.Kunin@dummymail.com,Flo.Kunin@dummymail.com,doctor
486,Leontine,Faust,Leontine.Faust@dummymail.com,Leontine.Faust@dummymail.com,firefighter
487,Alyssa,Alfons,Alyssa.Alfons@dummymail.com,Alyssa.Alfons@dummymail.com,developer
488,Cathie,Lewes,Cathie.Lewes@dummymail.com,Cathie.Lewes@dummymail.com,doctor
489,Janis,Mauer,Janis.Mauer@dummymail.com,Janis.Mauer@dummymail.com,doctor
490,Nelle,Bonilla,Nelle.Bonilla@dummymail.com,Nelle.Bonilla@dummymail.com,worker
491,Jasmina,Dorcy,Jasmina.Dorcy@dummymail.com,Jasmina.Dorcy@dummymail.com,doctor
492,Teddie,Judye,Teddie.Judye@dummymail.com,Teddie.Judye@dummymail.com,worker
493,Shauna,Brian,Shauna.Brian@dummymail.com,Shauna.Brian@dummymail.com,police officer
494,Sam,Salvidor,Sam.Salvidor@dummymail.com,Sam.Salvidor@dummymail.com,firefighter
495,Minne,Bashemeth,Minne.Bashemeth@dummymail.com,Minne.Bashemeth@dummymail.com,firefighter
496,Zsa Zsa,Belanger,Zsa Zsa.Belanger@dummymail.com,Zsa Zsa.Belanger@dummymail.com,worker
497,Robbi,Natica,Robbi.Natica@dummymail.com,Robbi.Natica@dummymail.com,developer
498,Mamie,Eiser,Mamie.Eiser@dummymail.com,Mamie.Eiser@dummymail.com,firefighter
499,Tami,Stefa,Tami.Stefa@dummymail.com,Tami.Stefa@dummymail.com,doctor
500,Sibella,Roche,Sibella.Roche@dummymail.com,Sibella.Roche@dummymail.com,worker
501,Shirlee,Docilla,Shirlee.Docilla@dummymail.com,Shirlee.Docilla@dummymail.com,doctor
502,Karolina,Jarib,Karolina.Jarib@dummymail.com,Karolina.Jarib@dummymail.com,police officer
503,Kristina,Juan,Kristina.Juan@dummymail.com,Kristina.Juan@dummymail.com,firefighter
504,Robinia,Jacinda,Robinia.Jacinda@dummymail.com,Robinia.Jacinda@dummymail.com,worker
505,Lelah,Israeli,Lelah.Israeli@dummymail.com,Lelah.Israeli@dummymail.com,police officer
506,Renae,Elbertina,Renae.Elbertina@dummymail.com,Renae.Elbertina@dummymail.com,doctor
507,Cassondra,Martsen,Cassondra.Martsen@dummymail.com,Cassondra.Martsen@dummymail.com,doctor
508,Annabela,Cordi,Annabela.Cordi@dummymail.com,Annabela.Cordi@dummymail.com,developer
509,Elsie,Urania,Elsie.Urania@dummymail.com,Elsie.Urania@dummymail.com,firefighter
510,Lynnea,Ralfston,Lynnea.Ralfston@dummymail.com,Lynnea.Ralfston@dummymail.com,developer
511,Olivette,Gert,Olivette.Gert@dummymail.com,Olivette.Gert@dummymail.com,doctor
512,Eugine,Ventre,Eugine.Ventre@dummymail.com,Eugine.Ventre@dummymail.com,firefighter
513,Aryn,Leifeste,Aryn.Leifeste@dummymail.com,Aryn.Leifeste@dummymail.com,doctor
514,Ethel,Noam,Ethel.Noam@dummymail.com,Ethel.Noam@dummymail.com,firefighter
515,Benita,Jeanne,Benita.Jeanne@dummymail.com,Benita.Jeanne@dummymail.com,developer
516,Carolina,Land,Carolina.Land@dummymail.com,Carolina.Land@dummymail.com,doctor
517,Celestyna,Hailee,Celestyna.Hailee@dummymail.com,Celestyna.Hailee@dummymail.com,firefighter
518,Althea,Frodi,Althea.Frodi@dummymail.com,Althea.Frodi@dummymail.com,worker
519,Suzette,Tillford,Suzette.Tillford@dummymail.com,Suzette.Tillford@dummymail.com,doctor
520,Jemie,Astra,Jemie.Astra@dummymail.com,Jemie.Astra@dummymail.com,police officer
521,Annice,Claudine,Annice.Claudine@dummymail.com,Annice.Claudine@dummymail.com,doctor
522,Rhoda,Hathaway,Rhoda.Hathaway@dummymail.com,Rhoda.Hathaway@dummymail.com,firefighter
523,Myrtice,Teryn,Myrtice.Teryn@dummymail.com,Myrtice.Teryn@dummymail.com,developer
524,Vonny,Hedve,Vonny.Hedve@dummymail.com,Vonny.Hedve@dummymail.com,worker
525,Misha,Afton,Misha.Afton@dummymail.com,Misha.Afton@dummymail.com,firefighter
526,Damaris,Jotham,Damaris.Jotham@dummymail.com,Damaris.Jotham@dummymail.com,developer
527,Rebeca,Fairweather,Rebeca.Fairweather@dummymail.com,Rebeca.Fairweather@dummymail.com,worker
528,Olwen,Larochelle,Olwen.Larochelle@dummymail.com,Olwen.Larochelle@dummymail.com,developer
529,Ulrike,Zina,Ulrike.Zina@dummymail.com,Ulrike.Zina@dummymail.com,doctor
530,Xylina,Pierette,Xylina.Pierette@dummymail.com,Xylina.Pierette@dummymail.com,developer
531,Alyda,Bigner,Alyda.Bigner@dummymail.com,Alyda.Bigner@dummymail.com,doctor
532,Vivia,Tatianas,Vivia.Tatianas@dummymail.com,Vivia.Tatianas@dummymail.com,developer
533,Genevra,Randene,Genevra.Randene@dummymail.com,Genevra.Randene@dummymail.com,doctor
534,Teriann,Erminia,Teriann.Erminia@dummymail.com,Teriann.Erminia@dummymail.com,worker
535,Theodora,Docilla,Theodora.Docilla@dummymail.com,Theodora.Docilla@dummymail.com,doctor
536,Katharina,Diann,Katharina.Diann@dummymail.com,Katharina.Diann@dummymail.com,firefighter
537,Allis,Serilda,Allis.Serilda@dummymail.com,Allis.Serilda@dummymail.com,doctor
538,Vonny,Mott,Vonny.Mott@dummymail.com,Vonny.Mott@dummymail.com,police officer
539,Noelle,Stevy,Noelle.Stevy@dummymail.com,Noelle.Stevy@dummymail.com,doctor
540,Glenda,Diann,Glenda.Diann@dummymail.com,Glenda.Diann@dummymail.com,worker
541,Dulce,Alwin,Dulce.Alwin@dummymail.com,Dulce.Alwin@dummymail.com,worker
542,Sue,Cristi,Sue.Cristi@dummymail.com,Sue.Cristi@dummymail.com,firefighter
543,Rayna,Kare,Rayna.Kare@dummymail.com,Rayna.Kare@dummymail.com,police officer
544,Emylee,Chesna,Emylee.Chesna@dummymail.com,Emylee.Chesna@dummymail.com,developer
545,Marleah,Madaih,Marleah.Madaih@dummymail.com,Marleah.Madaih@dummymail.com,developer
546,Lacie,Buffum,Lacie.Buffum@dummymail.com,Lacie.Buffum@dummymail.com,developer
547,Shannah,Seligman,Shannah.Seligman@dummymail.com,Shannah.Seligman@dummymail.com,worker
548,Jolyn,Engdahl,Jolyn.Engdahl@dummymail.com,Jolyn.Engdahl@dummymail.com,police officer
549,Selma,Joli,Selma.Joli@dummymail.com,Selma.Joli@dummymail.com,firefighter
550,Ingrid,Old,Ingrid.Old@dummymail.com,Ingrid.Old@dummymail.com,doctor
551,Aurore,Obed,Aurore.Obed@dummymail.com,Aurore.Obed@dummymail.com,developer
552,Kathi,Eldrid,Kathi.Eldrid@dummymail.com,Kathi.Eldrid@dummymail.com,police officer
553,Marika,Bendick,Marika.Bendick@dummymail.com,Marika.Bendick@dummymail.com,firefighter
554,Riannon,Faro,Riannon.Faro@dummymail.com,Riannon.Faro@dummymail.com,developer
555,Almeta,Brodench,Almeta.Brodench@dummymail.com,Almeta.Brodench@dummymail.com,firefighter
556,Brynna,Ellord,Brynna.Ellord@dummymail.com,Brynna.Ellord@dummymail.com,police officer
557,Alisha,Hepsibah,Alisha.Hepsibah@dummymail.com,Alisha.Hepsibah@dummymail.com,developer
558,Ardeen,Kussell,Ardeen.Kussell@dummymail.com,Ardeen.Kussell@dummymail.com,firefighter
559,Nelle,Aaberg,Nelle.Aaberg@dummymail.com,Nelle.Aaberg@dummymail.com,police officer
560,Rochette,Merell,Rochette.Merell@dummymail.com,Rochette.Merell@dummymail.com,developer
561,Pierette,Frendel,Pierette.Frendel@dummymail.com,Pierette.Frendel@dummymail.com,police officer
562,Frank,Tillford,Frank.Tillford@dummymail.com,Frank.Tillford@dummymail.com,doctor
563,Queenie,Holbrook,Queenie.Holbrook@dummymail.com,Queenie.Holbrook@dummymail.com,police officer
564,Marylou,Bohlin,Marylou.Bohlin@dummymail.com,Marylou.Bohlin@dummymail.com,worker
565,Jeanna,Andrel,Jeanna.Andrel@dummymail.com,Jeanna.Andrel@dummymail.com,worker
566,Christal,Couture,Christal.Couture@dummymail.com,Christal.Couture@dummymail.com,worker
567,Annora,O'Carroll,Annora.O'Carroll@dummymail.com,Annora.O'Carroll@dummymail.com,developer
568,Mureil,Wandie,Mureil.Wandie@dummymail.com,Mureil.Wandie@dummymail.com,developer
569,Nerta,Judye,Nerta.Judye@dummymail.com,Nerta.Judye@dummymail.com,police officer
570,Maye,Alwin,Maye.Alwin@dummymail.com,Maye.Alwin@dummymail.com,worker
571,Hayley,Ashely,Hayley.Ashely@dummymail.com,Hayley.Ashely@dummymail.com,police officer
572,Gavrielle,Anyah,Gavrielle.Anyah@dummymail.com,Gavrielle.Anyah@dummymail.com,doctor
573,Vanessa,Roarke,Vanessa.Roarke@dummymail.com,Vanessa.Roarke@dummymail.com,firefighter
574,Rosabelle,Lunsford,Rosabelle.Lunsford@dummymail.com,Rosabelle.Lunsford@dummymail.com,firefighter
575,Gretal,Angelis,Gretal.Angelis@dummymail.com,Gretal.Angelis@dummymail.com,developer
576,Vivia,Chrystel,Vivia.Chrystel@dummymail.com,Vivia.Chrystel@dummymail.com,developer
577,Nanete,Cutlerr,Nanete.Cutlerr@dummymail.com,Nanete.Cutlerr@dummymail.com,developer
578,Michaelina,Tarrant,Michaelina.Tarrant@dummymail.com,Michaelina.Tarrant@dummymail.com,doctor
579,Mellicent,Shanley,Mellicent.Shanley@dummymail.com,Mellicent.Shanley@dummymail.com,worker
580,Paulita,Valerio,Paulita.Valerio@dummymail.com,Paulita.Valerio@dummymail.com,developer
581,Nickie,Bakerman,Nickie.Bakerman@dummymail.com,Nickie.Bakerman@dummymail.com,developer
582,Althea,Raffo,Althea.Raffo@dummymail.com,Althea.Raffo@dummymail.com,firefighter
583,Joeann,Sundin,Joeann.Sundin@dummymail.com,Joeann.Sundin@dummymail.com,doctor
584,Janenna,Heidt,Janenna.Heidt@dummymail.com,Janenna.Heidt@dummymail.com,firefighter
585,Katuscha,Kendrick,Katuscha.Kendrick@dummymail.com,Katuscha.Kendrick@dummymail.com,developer
586,Elfreda,Bertold,Elfreda.Bertold@dummymail.com,Elfreda.Bertold@dummymail.com,police officer
587,Jere,Gherardo,Jere.Gherardo@dummymail.com,Jere.Gherardo@dummymail.com,doctor
588,Sibella,Kenney,Sibella.Kenney@dummymail.com,Sibella.Kenney@dummymail.com,developer
589,Emelina,Ricarda,Emelina.Ricarda@dummymail.com,Emelina.Ricarda@dummymail.com,police officer
590,Latisha,Pelagias,Latisha.Pelagias@dummymail.com,Latisha.Pelagias@dummymail.com,worker
591,Carilyn,Ricarda,Carilyn.Ricarda@dummymail.com,Carilyn.Ricarda@dummymail.com,doctor
592,Benita,Talia,Benita.Talia@dummymail.com,Benita.Talia@dummymail.com,worker
593,Helena,Evangelia,Helena.Evangelia@dummymail.com,Helena.Evangelia@dummymail.com,worker
594,Annora,Ajay,Annora.Ajay@dummymail.com,Annora.Ajay@dummymail.com,worker
595,Tabbatha,Eliathas,Tabbatha.Eliathas@dummymail.com,Tabbatha.Eliathas@dummymail.com,firefighter
596,Dyann,Lasley,Dyann.Lasley@dummymail.com,Dyann.Lasley@dummymail.com,doctor
597,Dennie,Beebe,Dennie.Beebe@dummymail.com,Dennie.Beebe@dummymail.com,firefighter
598,Nataline,Baylor,Nataline.Baylor@dummymail.com,Nataline.Baylor@dummymail.com,doctor
599,Michaelina,Delila,Michaelina.Delila@dummymail.com,Michaelina.Delila@dummymail.com,doctor
600,Libbie,Eliathas,Libbie.Eliathas@dummymail.com,Libbie.Eliathas@dummymail.com,police officer
601,Chere,Fiester,Chere.Fiester@dummymail.com,Chere.Fiester@dummymail.com,police officer
602,Janis,Oscar,Janis.Oscar@dummymail.com,Janis.Oscar@dummymail.com,doctor
603,Charmaine,Aprile,Charmaine.Aprile@dummymail.com,Charmaine.Aprile@dummymail.com,police officer
604,Tobe,Berard,Tobe.Berard@dummymail.com,Tobe.Berard@dummymail.com,worker
605,Konstance,Bibi,Konstance.Bibi@dummymail.com,Konstance.Bibi@dummymail.com,developer
606,Dorene,Cullin,Dorene.Cullin@dummymail.com,Dorene.Cullin@dummymail.com,developer
607,Consuela,Hazlett,Consuela.Hazlett@dummymail.com,Consuela.Hazlett@dummymail.com,developer
608,Elsie,Alcott,Elsie.Alcott@dummymail.com,Elsie.Alcott@dummymail.com,doctor
609,Codie,Podvin,Codie.Podvin@dummymail.com,Codie.Podvin@dummymail.com,developer
610,Corly,Torray,Corly.Torray@dummymail.com,Corly.Torray@dummymail.com,worker
611,Kial,Orpah,Kial.Orpah@dummymail.com,Kial.Orpah@dummymail.com,firefighter
612,Shell,Pearse,Shell.Pearse@dummymail.com,Shell.Pearse@dummymail.com,developer
613,Elka,Leifeste,Elka.Leifeste@dummymail.com,Elka.Leifeste@dummymail.com,doctor
614,Leanna,Leonard,Leanna.Leonard@dummymail.com,Leanna.Leonard@dummymail.com,doctor
615,Codie,Ledah,Codie.Ledah@dummymail.com,Codie.Ledah@dummymail.com,worker
616,Romona,Bartlett,Romona.Bartlett@dummymail.com,Romona.Bartlett@dummymail.com,firefighter
617,June,Karl,June.Karl@dummymail.com,June.Karl@dummymail.com,police officer
618,Candy,Girardo,Candy.Girardo@dummymail.com,Candy.Girardo@dummymail.com,developer
619,Annaliese,Jacinda,Annaliese.Jacinda@dummymail.com,Annaliese.Jacinda@dummymail.com,firefighter
620,Sheree,Wiener,Sheree.Wiener@dummymail.com,Sheree.Wiener@dummymail.com,developer
621,Giustina,Skurnik,Giustina.Skurnik@dummymail.com,Giustina.Skurnik@dummymail.com,worker
622,Tressa,Raul,Tressa.Raul@dummymail.com,Tressa.Raul@dummymail.com,worker
623,Sybille,Berard,Sybille.Berard@dummymail.com,Sybille.Berard@dummymail.com,firefighter
624,Nita,Morrill,Nita.Morrill@dummymail.com,Nita.Morrill@dummymail.com,firefighter
625,Dede,Kunin,Dede.Kunin@dummymail.com,Dede.Kunin@dummymail.com,firefighter
626,Katleen,Kaja,Katleen.Kaja@dummymail.com,Katleen.Kaja@dummymail.com,worker
627,Sean,Eliathas,Sean.Eliathas@dummymail.com,Sean.Eliathas@dummymail.com,firefighter
628,Maryellen,Elephus,Maryellen.Elephus@dummymail.com,Maryellen.Elephus@dummymail.com,police officer
629,Ketti,Teddman,Ketti.Teddman@dummymail.com,Ketti.Teddman@dummymail.com,firefighter
630,Madeleine,Barrus,Madeleine.Barrus@dummymail.com,Madeleine.Barrus@dummymail.com,worker
631,Melina,Hamil,Melina.Hamil@dummymail.com,Melina.Hamil@dummymail.com,developer
632,Verla,Erminia,Verla.Erminia@dummymail.com,Verla.Erminia@dummymail.com,doctor
633,Melisent,Belanger,Melisent.Belanger@dummymail.com,Melisent.Belanger@dummymail.com,developer
634,Shirlee,Cherianne,Shirlee.Cherianne@dummymail.com,Shirlee.Cherianne@dummymail.com,worker
635,Leona,Kimmie,Leona.Kimmie@dummymail.com,Leona.Kimmie@dummymail.com,firefighter
636,Basia,Charmine,Basia.Charmine@dummymail.com,Basia.Charmine@dummymail.com,doctor
637,Nyssa,Ivens,Nyssa.Ivens@dummymail.com,Nyssa.Ivens@dummymail.com,firefighter
638,Ebonee,Dominy,Ebonee.Dominy@dummymail.com,Ebonee.Dominy@dummymail.com,developer
639,Candy,Tryck,Candy.Tryck@dummymail.com,Candy.Tryck@dummymail.com,worker
640,Ethel,O'Rourke,Ethel.O'Rourke@dummymail.com,Ethel.O'Rourke@dummymail.com,firefighter
641,Jasmina,Nester,Jasmina.Nester@dummymail.com,Jasmina.Nester@dummymail.com,worker
642,Collen,Calhoun,Collen.Calhoun@dummymail.com,Collen.Calhoun@dummymail.com,police officer
643,Berta,Urias,Berta.Urias@dummymail.com,Berta.Urias@dummymail.com,worker
644,Marleah,Iiette,Marleah.Iiette@dummymail.com,Marleah.Iiette@dummymail.com,police officer
645,Pamella,Mallon,Pamella.Mallon@dummymail.com,Pamella.Mallon@dummymail.com,doctor
646,Merry,Mich,Merry.Mich@dummymail.com,Merry.Mich@dummymail.com,worker
647,Patricia,Cloris,Patricia.Cloris@dummymail.com,Patricia.Cloris@dummymail.com,worker
648,Donnie,Secrest,Donnie.Secrest@dummymail.com,Donnie.Secrest@dummymail.com,police officer
649,Andree,Berl,Andree.Berl@dummymail.com,Andree.Berl@dummymail.com,firefighter
650,Angelique,Haymes,Angelique.Haymes@dummymail.com,Angelique.Haymes@dummymail.com,police officer
651,Myrtice,Berriman,Myrtice.Berriman@dummymail.com,Myrtice.Berriman@dummymail.com,doctor
652,Pearline,Hunfredo,Pearline.Hunfredo@dummymail.com,Pearline.Hunfredo@dummymail.com,doctor
653,Hildegaard,Chaing,Hildegaard.Chaing@dummymail.com,Hildegaard.Chaing@dummymail.com,firefighter
654,Jennica,Bevin,Jennica.Bevin@dummymail.com,Jennica.Bevin@dummymail.com,police officer
655,Linzy,Velick,Linzy.Velick@dummymail.com,Linzy.Velick@dummymail.com,police officer
656,Kathy,Daveta,Kathy.Daveta@dummymail.com,Kathy.Daveta@dummymail.com,worker
657,Susan,Erich,Susan.Erich@dummymail.com,Susan.Erich@dummymail.com,police officer
658,Antonietta,Thunell,Antonietta.Thunell@dummymail.com,Antonietta.Thunell@dummymail.com,worker
659,Marti,Trace,Marti.Trace@dummymail.com,Marti.Trace@dummymail.com,worker
660,Kamilah,Weinreb,Kamilah.Weinreb@dummymail.com,Kamilah.Weinreb@dummymail.com,firefighter
661,Ethel,Eckblad,Ethel.Eckblad@dummymail.com,Ethel.Eckblad@dummymail.com,developer
662,Tina,Bari,Tina.Bari@dummymail.com,Tina.Bari@dummymail.com,firefighter
663,Hildegaard,Adore,Hildegaard.Adore@dummymail.com,Hildegaard.Adore@dummymail.com,doctor
664,Candi,Andrel,Candi.Andrel@dummymail.com,Candi.Andrel@dummymail.com,firefighter
665,Minne,Telfer,Minne.Telfer@dummymail.com,Minne.Telfer@dummymail.com,worker
666,Binny,Lewes,Binny.Lewes@dummymail.com,Binny.Lewes@dummymail.com,firefighter
667,Katleen,LaRue,Katleen.LaRue@dummymail.com,Katleen.LaRue@dummymail.com,worker
668,Margarette,Devlen,Margarette.Devlen@dummymail.com,Margarette.Devlen@dummymail.com,police officer
669,Susette,Delacourt,Susette.Delacourt@dummymail.com,Susette.Delacourt@dummymail.com,police officer
670,Marika,Dominy,Marika.Dominy@dummymail.com,Marika.Dominy@dummymail.com,firefighter
671,Aryn,Jarib,Aryn.Jarib@dummymail.com,Aryn.Jarib@dummymail.com,doctor
672,Rosene,Ventre,Rosene.Ventre@dummymail.com,Rosene.Ventre@dummymail.com,firefighter
673,Frieda,Toor,Frieda.Toor@dummymail.com,Frieda.Toor@dummymail.com,firefighter
674,Jasmina,Cressida,Jasmina.Cressida@dummymail.com,Jasmina.Cressida@dummymail.com,developer
675,Clo,Forrer,Clo.Forrer@dummymail.com,Clo.Forrer@dummymail.com,doctor
676,Max,Rad,Max.Rad@dummymail.com,Max.Rad@dummymail.com,developer
677,Di,Vacuva,Di.Vacuva@dummymail.com,Di.Vacuva@dummymail.com,doctor
678,Aubrie,Cherianne,Aubrie.Cherianne@dummymail.com,Aubrie.Cherianne@dummymail.com,police officer
679,Cam,Ophelia,Cam.Ophelia@dummymail.com,Cam.Ophelia@dummymail.com,firefighter
680,Netty,Amadas,Netty.Amadas@dummymail.com,Netty.Amadas@dummymail.com,worker
681,Blinni,Taam,Blinni.Taam@dummymail.com,Blinni.Taam@dummymail.com,firefighter
682,Viviene,Garbe,Viviene.Garbe@dummymail.com,Viviene.Garbe@dummymail.com,firefighter
683,Millie,Colyer,Millie.Colyer@dummymail.com,Millie.Colyer@dummymail.com,worker
684,Shaine,Hieronymus,Shaine.Hieronymus@dummymail.com,Shaine.Hieronymus@dummymail.com,police officer
685,Reeba,Wesle,Reeba.Wesle@dummymail.com,Reeba.Wesle@dummymail.com,police officer
686,Joleen,Berl,Joleen.Berl@dummymail.com,Joleen.Berl@dummymail.com,police officer
687,Corly,Teryn,Corly.Teryn@dummymail.com,Corly.Teryn@dummymail.com,worker
688,Lucille,Donoghue,Lucille.Donoghue@dummymail.com,Lucille.Donoghue@dummymail.com,firefighter
689,Merry,Ezar,Merry.Ezar@dummymail.com,Merry.Ezar@dummymail.com,developer
690,Hayley,Elsinore,Hayley.Elsinore@dummymail.com,Hayley.Elsinore@dummymail.com,doctor
691,Drucie,Keily,Drucie.Keily@dummymail.com,Drucie.Keily@dummymail.com,police officer
692,Jenilee,Nester,Jenilee.Nester@dummymail.com,Jenilee.Nester@dummymail.com,developer
693,Marsiella,Ricki,Marsiella.Ricki@dummymail.com,Marsiella.Ricki@dummymail.com,worker
694,Gisela,Chem,Gisela.Chem@dummymail.com,Gisela.Chem@dummymail.com,police officer
695,Lolita,Calhoun,Lolita.Calhoun@dummymail.com,Lolita.Calhoun@dummymail.com,police officer
696,Sharlene,Brandice,Sharlene.Brandice@dummymail.com,Sharlene.Brandice@dummymail.com,police officer
697,Mara,Holbrook,Mara.Holbrook@dummymail.com,Mara.Holbrook@dummymail.com,police officer
698,Goldie,Orlene,Goldie.Orlene@dummymail.com,Goldie.Orlene@dummymail.com,developer
699,Leontine,Maurine,Leontine.Maurine@dummymail.com,Leontine.Maurine@dummymail.com,police officer
700,Kirstin,Pond,Kirstin.Pond@dummymail.com,Kirstin.Pond@dummymail.com,firefighter
701,Antonietta,Turne,Antonietta.Turne@dummymail.com,Antonietta.Turne@dummymail.com,worker
702,Sherrie,Dash,Sherrie.Dash@dummymail.com,Sherrie.Dash@dummymail.com,firefighter
703,Jerry,Emmaline,Jerry.Emmaline@dummymail.com,Jerry.Emmaline@dummymail.com,firefighter
704,Mellicent,Skell,Mellicent.Skell@dummymail.com,Mellicent.Skell@dummymail.com,doctor
705,Nannie,Idelia,Nannie.Idelia@dummymail.com,Nannie.Idelia@dummymail.com,firefighter
706,Thalia,Keelia,Thalia.Keelia@dummymail.com,Thalia.Keelia@dummymail.com,firefighter
707,Carilyn,Boycey,Carilyn.Boycey@dummymail.com,Carilyn.Boycey@dummymail.com,doctor
708,Eugine,Jeanne,Eugine.Jeanne@dummymail.com,Eugine.Jeanne@dummymail.com,worker
709,Sharlene,Oriana,Sharlene.Oriana@dummymail.com,Sharlene.Oriana@dummymail.com,doctor
710,Rosene,Merat,Rosene.Merat@dummymail.com,Rosene.Merat@dummymail.com,police officer
711,Ingrid,Blisse,Ingrid.Blisse@dummymail.com,Ingrid.Blisse@dummymail.com,worker
712,Chickie,Cavan,Chickie.Cavan@dummymail.com,Chickie.Cavan@dummymail.com,developer
713,Rosene,Nore,Rosene.Nore@dummymail.com,Rosene.Nore@dummymail.com,police officer
714,Shaine,Jagir,Shaine.Jagir@dummymail.com,Shaine.Jagir@dummymail.com,police officer
715,Candy,Hessler,Candy.Hessler@dummymail.com,Candy.Hessler@dummymail.com,firefighter
716,Aigneis,Israeli,Aigneis.Israeli@dummymail.com,Aigneis.Israeli@dummymail.com,worker
717,Hollie,Elephus,Hollie.Elephus@dummymail.com,Hollie.Elephus@dummymail.com,worker
718,Fredericka,Janene,Fredericka.Janene@dummymail.com,Fredericka.Janene@dummymail.com,worker
719,Sashenka,Si,Sashenka.Si@dummymail.com,Sashenka.Si@dummymail.com,worker
720,Jinny,Graig,Jinny.Graig@dummymail.com,Jinny.Graig@dummymail.com,worker
721,Brynna,Gahl,Brynna.Gahl@dummymail.com,Brynna.Gahl@dummymail.com,developer
722,Goldie,Leopold,Goldie.Leopold@dummymail.com,Goldie.Leopold@dummymail.com,worker
723,Malina,Fax,Malina.Fax@dummymail.com,Malina.Fax@dummymail.com,worker
724,Jordan,Vale,Jordan.Vale@dummymail.com,Jordan.Vale@dummymail.com,police officer
725,Annaliese,Natalia,Annaliese.Natalia@dummymail.com,Annaliese.Natalia@dummymail.com,firefighter
726,Cristine,Secrest,Cristine.Secrest@dummymail.com,Cristine.Secrest@dummymail.com,doctor
727,Sheelagh,Greenwald,Sheelagh.Greenwald@dummymail.com,Sheelagh.Greenwald@dummymail.com,firefighter
728,Ira,Ashok,Ira.Ashok@dummymail.com,Ira.Ashok@dummymail.com,police officer
729,Tierney,Dex,Tierney.Dex@dummymail.com,Tierney.Dex@dummymail.com,doctor
730,Michaelina,Kathie,Michaelina.Kathie@dummymail.com,Michaelina.Kathie@dummymail.com,doctor
731,Hermione,Kaja,Hermione.Kaja@dummymail.com,Hermione.Kaja@dummymail.com,firefighter
732,Helsa,Tamsky,Helsa.Tamsky@dummymail.com,Helsa.Tamsky@dummymail.com,police officer
733,Nollie,Chick,Nollie.Chick@dummymail.com,Nollie.Chick@dummymail.com,worker
734,Clary,Thar,Clary.Thar@dummymail.com,Clary.Thar@dummymail.com,worker
735,Roslyn,Hertzfeld,Roslyn.Hertzfeld@dummymail.com,Roslyn.Hertzfeld@dummymail.com,developer
736,Carly,Mintz,Carly.Mintz@dummymail.com,Carly.Mintz@dummymail.com,developer
737,Robbi,Colleen,Robbi.Colleen@dummymail.com,Robbi.Colleen@dummymail.com,developer
738,Arabel,Erich,Arabel.Erich@dummymail.com,Arabel.Erich@dummymail.com,developer
739,Rozele,Lasley,Rozele.Lasley@dummymail.com,Rozele.Lasley@dummymail.com,firefighter
740,Jerry,Pattin,Jerry.Pattin@dummymail.com,Jerry.Pattin@dummymail.com,doctor
741,Lusa,Velick,Lusa.Velick@dummymail.com,Lusa.Velick@dummymail.com,developer
742,Leeanne,Bebe,Leeanne.Bebe@dummymail.com,Leeanne.Bebe@dummymail.com,doctor
743,Ruthe,Constancy,Ruthe.Constancy@dummymail.com,Ruthe.Constancy@dummymail.com,developer
744,Britni,Iiette,Britni.Iiette@dummymail.com,Britni.Iiette@dummymail.com,developer
745,Evita,Monk,Evita.Monk@dummymail.com,Evita.Monk@dummymail.com,worker
746,Lila,Vilma,Lila.Vilma@dummymail.com,Lila.Vilma@dummymail.com,police officer
747,Rebeca,Erskine,Rebeca.Erskine@dummymail.com,Rebeca.Erskine@dummymail.com,police officer
748,Leontine,Prouty,Leontine.Prouty@dummymail.com,Leontine.Prouty@dummymail.com,police officer
749,Lory,Clarissa,Lory.Clarissa@dummymail.com,Lory.Clarissa@dummymail.com,worker
750,Monika,Pulsifer,Monika.Pulsifer@dummymail.com,Monika.Pulsifer@dummymail.com,developer
751,Blondelle,Kylander,Blondelle.Kylander@dummymail.com,Blondelle.Kylander@dummymail.com,police officer
752,Mady,Cottle,Mady.Cottle@dummymail.com,Mady.Cottle@dummymail.com,doctor
753,Ileana,Maisey,Ileana.Maisey@dummymail.com,Ileana.Maisey@dummymail.com,police officer
754,Beth,Infield,Beth.Infield@dummymail.com,Beth.Infield@dummymail.com,firefighter
755,Ninnetta,Emerson,Ninnetta.Emerson@dummymail.com,Ninnetta.Emerson@dummymail.com,doctor
756,Orsola,Blake,Orsola.Blake@dummymail.com,Orsola.Blake@dummymail.com,police officer
757,Charlena,Dosia,Charlena.Dosia@dummymail.com,Charlena.Dosia@dummymail.com,worker
758,Tierney,Hortensia,Tierney.Hortensia@dummymail.com,Tierney.Hortensia@dummymail.com,worker
759,Gusella,Lea,Gusella.Lea@dummymail.com,Gusella.Lea@dummymail.com,worker
760,Roberta,Evvie,Roberta.Evvie@dummymail.com,Roberta.Evvie@dummymail.com,worker
761,Deirdre,Gilbertson,Deirdre.Gilbertson@dummymail.com,Deirdre.Gilbertson@dummymail.com,doctor
762,Gabriellia,Myrilla,Gabriellia.Myrilla@dummymail.com,Gabriellia.Myrilla@dummymail.com,developer
763,Christy,Yuille,Christy.Yuille@dummymail.com,Christy.Yuille@dummymail.com,firefighter
764,Mara,Douglass,Mara.Douglass@dummymail.com,Mara.Douglass@dummymail.com,firefighter
765,Ottilie,Cynar,Ottilie.Cynar@dummymail.com,Ottilie.Cynar@dummymail.com,developer
766,Evaleen,Ammann,Evaleen.Ammann@dummymail.com,Evaleen.Ammann@dummymail.com,doctor
767,Doro,Gavrila,Doro.Gavrila@dummymail.com,Doro.Gavrila@dummymail.com,doctor
768,Leona,McLaughlin,Leona.McLaughlin@dummymail.com,Leona.McLaughlin@dummymail.com,doctor
769,Helena,Ruvolo,Helena.Ruvolo@dummymail.com,Helena.Ruvolo@dummymail.com,worker
770,Lulita,Cath,Lulita.Cath@dummymail.com,Lulita.Cath@dummymail.com,police officer
771,Laurene,Shuler,Laurene.Shuler@dummymail.com,Laurene.Shuler@dummymail.com,police officer
772,Sara-Ann,Ferrell,Sara-Ann.Ferrell@dummymail.com,Sara-Ann.Ferrell@dummymail.com,firefighter
773,Tonia,Kussell,Tonia.Kussell@dummymail.com,Tonia.Kussell@dummymail.com,firefighter
774,Joeann,Karl,Joeann.Karl@dummymail.com,Joeann.Karl@dummymail.com,firefighter
775,Peri,Stoller,Peri.Stoller@dummymail.com,Peri.Stoller@dummymail.com,doctor
776,Britte,Breed,Britte.Breed@dummymail.com,Britte.Breed@dummymail.com,police officer
777,Edith,Durante,Edith.Durante@dummymail.com,Edith.Durante@dummymail.com,doctor
778,Ericka,Donell,Ericka.Donell@dummymail.com,Ericka.Donell@dummymail.com,police officer
779,Shaylyn,Natalia,Shaylyn.Natalia@dummymail.com,Shaylyn.Natalia@dummymail.com,developer
780,Kimmy,Bonucci,Kimmy.Bonucci@dummymail.com,Kimmy.Bonucci@dummymail.com,developer
781,Gertrud,Pillsbury,Gertrud.Pillsbury@dummymail.com,Gertrud.Pillsbury@dummymail.com,doctor
782,Belva,Lory,Belva.Lory@dummymail.com,Belva.Lory@dummymail.com,developer
783,Adelle,Celestine,Adelle.Celestine@dummymail.com,Adelle.Celestine@dummymail.com,worker
784,Ira,Eckblad,Ira.Eckblad@dummymail.com,Ira.Eckblad@dummymail.com,firefighter
785,Clementine,Japeth,Clementine.Japeth@dummymail.com,Clementine.Japeth@dummymail.com,firefighter
786,Latisha,Hebner,Latisha.Hebner@dummymail.com,Latisha.Hebner@dummymail.com,firefighter
787,Netty,Germann,Netty.Germann@dummymail.com,Netty.Germann@dummymail.com,police officer
788,Minne,Jacinda,Minne.Jacinda@dummymail.com,Minne.Jacinda@dummymail.com,doctor
789,Amalie,Ambrosia,Amalie.Ambrosia@dummymail.com,Amalie.Ambrosia@dummymail.com,developer
790,Collen,Tannie,Collen.Tannie@dummymail.com,Collen.Tannie@dummymail.com,developer
791,Marjie,Dahlia,Marjie.Dahlia@dummymail.com,Marjie.Dahlia@dummymail.com,firefighter
792,Joy,Neils,Joy.Neils@dummymail.com,Joy.Neils@dummymail.com,police officer
793,Henriette,Terrence,Henriette.Terrence@dummymail.com,Henriette.Terrence@dummymail.com,doctor
794,Talya,Clarissa,Talya.Clarissa@dummymail.com,Talya.Clarissa@dummymail.com,developer
795,Brana,Wittie,Brana.Wittie@dummymail.com,Brana.Wittie@dummymail.com,firefighter
796,Meghann,Ackerley,Meghann.Ackerley@dummymail.com,Meghann.Ackerley@dummymail.com,developer
797,Amii,Buttaro,Amii.Buttaro@dummymail.com,Amii.Buttaro@dummymail.com,doctor
798,Jordan,Penelopa,Jordan.Penelopa@dummymail.com,Jordan.Penelopa@dummymail.com,worker
799,Asia,Cristi,Asia.Cristi@dummymail.com,Asia.Cristi@dummymail.com,firefighter
800,Evita,Sikorski,Evita.Sikorski@dummymail.com,Evita.Sikorski@dummymail.com,police officer
801,Brooks,Glenden,Brooks.Glenden@dummymail.com,Brooks.Glenden@dummymail.com,doctor
802,Claudina,Graig,Claudina.Graig@dummymail.com,Claudina.Graig@dummymail.com,developer
803,Margalo,Roxanna,Margalo.Roxanna@dummymail.com,Margalo.Roxanna@dummymail.com,doctor
804,Florencia,Lytton,Florencia.Lytton@dummymail.com,Florencia.Lytton@dummymail.com,developer
805,Bernie,Elvyn,Bernie.Elvyn@dummymail.com,Bernie.Elvyn@dummymail.com,police officer
806,Belva,Clie,Belva.Clie@dummymail.com,Belva.Clie@dummymail.com,firefighter
807,Oralee,Vacuva,Oralee.Vacuva@dummymail.com,Oralee.Vacuva@dummymail.com,police officer
808,Aurore,Tayib,Aurore.Tayib@dummymail.com,Aurore.Tayib@dummymail.com,firefighter
809,Liana,Brian,Liana.Brian@dummymail.com,Liana.Brian@dummymail.com,doctor
810,Dulcinea,Colp,Dulcinea.Colp@dummymail.com,Dulcinea.Colp@dummymail.com,developer
811,Amii,Bakerman,Amii.Bakerman@dummymail.com,Amii.Bakerman@dummymail.com,doctor
812,Mallory,Kosey,Mallory.Kosey@dummymail.com,Mallory.Kosey@dummymail.com,worker
813,Annice,Bettine,Annice.Bettine@dummymail.com,Annice.Bettine@dummymail.com,firefighter
814,Codie,Erb,Codie.Erb@dummymail.com,Codie.Erb@dummymail.com,firefighter
815,Myrtice,Secrest,Myrtice.Secrest@dummymail.com,Myrtice.Secrest@dummymail.com,doctor
816,Livvyy,Niles,Livvyy.Niles@dummymail.com,Livvyy.Niles@dummymail.com,police officer
817,Gertrud,Wolfgram,Gertrud.Wolfgram@dummymail.com,Gertrud.Wolfgram@dummymail.com,worker
818,Regina,Larochelle,Regina.Larochelle@dummymail.com,Regina.Larochelle@dummymail.com,police officer
819,Gwyneth,Pond,Gwyneth.Pond@dummymail.com,Gwyneth.Pond@dummymail.com,developer
820,Shauna,Morgun,Shauna.Morgun@dummymail.com,Shauna.Morgun@dummymail.com,developer
821,Christian,Tybald,Christian.Tybald@dummymail.com,Christian.Tybald@dummymail.com,firefighter
822,Janey,Gabrielli,Janey.Gabrielli@dummymail.com,Janey.Gabrielli@dummymail.com,doctor
823,Candy,Stacy,Candy.Stacy@dummymail.com,Candy.Stacy@dummymail.com,developer
824,Jeanna,Viddah,Jeanna.Viddah@dummymail.com,Jeanna.Viddah@dummymail.com,firefighter
825,Viki,Travax,Viki.Travax@dummymail.com,Viki.Travax@dummymail.com,worker
826,Cathyleen,Belldas,Cathyleen.Belldas@dummymail.com,Cathyleen.Belldas@dummymail.com,developer
827,Marika,Gusella,Marika.Gusella@dummymail.com,Marika.Gusella@dummymail.com,worker
828,Randa,Jaylene,Randa.Jaylene@dummymail.com,Randa.Jaylene@dummymail.com,police officer
829,Aeriela,Erb,Aeriela.Erb@dummymail.com,Aeriela.Erb@dummymail.com,doctor
830,Maye,Dom,Maye.Dom@dummymail.com,Maye.Dom@dummymail.com,doctor
831,Siana,Konyn,Siana.Konyn@dummymail.com,Siana.Konyn@dummymail.com,police officer
832,Carmencita,Annice,Carmencita.Annice@dummymail.com,Carmencita.Annice@dummymail.com,firefighter
833,Nananne,Heidt,Nananne.Heidt@dummymail.com,Nananne.Heidt@dummymail.com,doctor
834,Constance,Florina,Constance.Florina@dummymail.com,Constance.Florina@dummymail.com,developer
835,Wilma,Wyn,Wilma.Wyn@dummymail.com,Wilma.Wyn@dummymail.com,worker
836,Chloris,Cavan,Chloris.Cavan@dummymail.com,Chloris.Cavan@dummymail.com,firefighter
837,Elena,Roche,Elena.Roche@dummymail.com,Elena.Roche@dummymail.com,worker
838,Neila,Sikorski,Neila.Sikorski@dummymail.com,Neila.Sikorski@dummymail.com,developer
839,Ida,Montgomery,Ida.Montgomery@dummymail.com,Ida.Montgomery@dummymail.com,firefighter
840,Elfreda,Paine,Elfreda.Paine@dummymail.com,Elfreda.Paine@dummymail.com,worker
841,Courtnay,Montgomery,Courtnay.Montgomery@dummymail.com,Courtnay.Montgomery@dummymail.com,doctor
842,Corene,Tufts,Corene.Tufts@dummymail.com,Corene.Tufts@dummymail.com,doctor
843,Aimil,Ade,Aimil.Ade@dummymail.com,Aimil.Ade@dummymail.com,worker
844,Allyce,Vale,Allyce.Vale@dummymail.com,Allyce.Vale@dummymail.com,developer
845,Latisha,Hailee,Latisha.Hailee@dummymail.com,Latisha.Hailee@dummymail.com,developer
846,Maisey,Bultman,Maisey.Bultman@dummymail.com,Maisey.Bultman@dummymail.com,firefighter
847,Alexine,Bergman,Alexine.Bergman@dummymail.com,Alexine.Bergman@dummymail.com,worker
848,Jerry,Merell,Jerry.Merell@dummymail.com,Jerry.Merell@dummymail.com,firefighter
849,Myriam,Decato,Myriam.Decato@dummymail.com,Myriam.Decato@dummymail.com,doctor
850,Sashenka,Thornburg,Sashenka.Thornburg@dummymail.com,Sashenka.Thornburg@dummymail.com,firefighter
851,Micheline,Bonilla,Micheline.Bonilla@dummymail.com,Micheline.Bonilla@dummymail.com,worker
852,Ira,Hortensia,Ira.Hortensia@dummymail.com,Ira.Hortensia@dummymail.com,worker
853,Claudina,Chapland,Claudina.Chapland@dummymail.com,Claudina.Chapland@dummymail.com,firefighter
854,Stacey,Charity,Stacey.Charity@dummymail.com,Stacey.Charity@dummymail.com,police officer
855,Ellette,Hashim,Ellette.Hashim@dummymail.com,Ellette.Hashim@dummymail.com,developer
856,Suzette,Germann,Suzette.Germann@dummymail.com,Suzette.Germann@dummymail.com,worker
857,Mureil,Stilwell,Mureil.Stilwell@dummymail.com,Mureil.Stilwell@dummymail.com,firefighter
858,Alex,Boycey,Alex.Boycey@dummymail.com,Alex.Boycey@dummymail.com,firefighter
859,Josephine,Khorma,Josephine.Khorma@dummymail.com,Josephine.Khorma@dummymail.com,doctor
860,Doralynne,Lorain,Doralynne.Lorain@dummymail.com,Doralynne.Lorain@dummymail.com,worker
861,Laure,Uird,Laure.Uird@dummymail.com,Laure.Uird@dummymail.com,doctor
862,Eve,Tayib,Eve.Tayib@dummymail.com,Eve.Tayib@dummymail.com,doctor
863,Lorne,Lilas,Lorne.Lilas@dummymail.com,Lorne.Lilas@dummymail.com,police officer
864,Philis,Saunderson,Philis.Saunderson@dummymail.com,Philis.Saunderson@dummymail.com,doctor
865,Kate,McCutcheon,Kate.McCutcheon@dummymail.com,Kate.McCutcheon@dummymail.com,firefighter
866,Leanna,Bartlett,Leanna.Bartlett@dummymail.com,Leanna.Bartlett@dummymail.com,firefighter
867,Queenie,Kenwood,Queenie.Kenwood@dummymail.com,Queenie.Kenwood@dummymail.com,police officer
868,Kaja,Nadia,Kaja.Nadia@dummymail.com,Kaja.Nadia@dummymail.com,doctor
869,Madeleine,Chick,Madeleine.Chick@dummymail.com,Madeleine.Chick@dummymail.com,police officer
870,Kary,Bebe,Kary.Bebe@dummymail.com,Kary.Bebe@dummymail.com,developer
871,Wynne,Cavan,Wynne.Cavan@dummymail.com,Wynne.Cavan@dummymail.com,developer
872,Cathie,Tamsky,Cathie.Tamsky@dummymail.com,Cathie.Tamsky@dummymail.com,worker
873,Marjie,Monk,Marjie.Monk@dummymail.com,Marjie.Monk@dummymail.com,police officer
874,Jackie,Payson,Jackie.Payson@dummymail.com,Jackie.Payson@dummymail.com,worker
875,Blinni,Sundin,Blinni.Sundin@dummymail.com,Blinni.Sundin@dummymail.com,doctor
876,Abbie,Harday,Abbie.Harday@dummymail.com,Abbie.Harday@dummymail.com,police officer
877,Helsa,Paine,Helsa.Paine@dummymail.com,Helsa.Paine@dummymail.com,firefighter
878,Nelle,Pip,Nelle.Pip@dummymail.com,Nelle.Pip@dummymail.com,doctor
879,Veda,Revkah,Veda.Revkah@dummymail.com,Veda.Revkah@dummymail.com,worker
880,Ottilie,Peonir,Ottilie.Peonir@dummymail.com,Ottilie.Peonir@dummymail.com,firefighter
881,Harrietta,Carleen,Harrietta.Carleen@dummymail.com,Harrietta.Carleen@dummymail.com,worker
882,Kaia,Harl,Kaia.Harl@dummymail.com,Kaia.Harl@dummymail.com,police officer
883,Lacie,Anyah,Lacie.Anyah@dummymail.com,Lacie.Anyah@dummymail.com,police officer
884,Edee,Bivins,Edee.Bivins@dummymail.com,Edee.Bivins@dummymail.com,police officer
885,Alex,Bouchard,Alex.Bouchard@dummymail.com,Alex.Bouchard@dummymail.com,firefighter
886,Charmaine,Sherfield,Charmaine.Sherfield@dummymail.com,Charmaine.Sherfield@dummymail.com,worker
887,Molli,Drisko,Molli.Drisko@dummymail.com,Molli.Drisko@dummymail.com,worker
888,Daune,Klotz,Daune.Klotz@dummymail.com,Daune.Klotz@dummymail.com,developer
889,Bobinette,Cimbura,Bobinette.Cimbura@dummymail.com,Bobinette.Cimbura@dummymail.com,firefighter
890,Rani,Zeeba,Rani.Zeeba@dummymail.com,Rani.Zeeba@dummymail.com,worker
891,Audrie,Sundin,Audrie.Sundin@dummymail.com,Audrie.Sundin@dummymail.com,firefighter
892,Aeriela,Lucienne,Aeriela.Lucienne@dummymail.com,Aeriela.Lucienne@dummymail.com,police officer
893,Althea,Poll,Althea.Poll@dummymail.com,Althea.Poll@dummymail.com,worker
894,Marleah,Saunderson,Marleah.Saunderson@dummymail.com,Marleah.Saunderson@dummymail.com,worker
895,Cassandra,Trey,Cassandra.Trey@dummymail.com,Cassandra.Trey@dummymail.com,firefighter
896,Fanchon,Elsinore,Fanchon.Elsinore@dummymail.com,Fanchon.Elsinore@dummymail.com,worker
897,Sadie,Aida,Sadie.Aida@dummymail.com,Sadie.Aida@dummymail.com,firefighter
898,Gabriellia,Beniamino,Gabriellia.Beniamino@dummymail.com,Gabriellia.Beniamino@dummymail.com,doctor
899,Marika,Aprile,Marika.Aprile@dummymail.com,Marika.Aprile@dummymail.com,police officer
900,Cyndie,Rosalba,Cyndie.Rosalba@dummymail.com,Cyndie.Rosalba@dummymail.com,developer
901,Randa,Silvan,Randa.Silvan@dummymail.com,Randa.Silvan@dummymail.com,firefighter
902,Doralynne,Sammons,Doralynne.Sammons@dummymail.com,Doralynne.Sammons@dummymail.com,police officer
903,Hollie,Nunci,Hollie.Nunci@dummymail.com,Hollie.Nunci@dummymail.com,police officer
904,Madalyn,Eno,Madalyn.Eno@dummymail.com,Madalyn.Eno@dummymail.com,police officer
905,Maye,Briney,Maye.Briney@dummymail.com,Maye.Briney@dummymail.com,police officer
906,Adele,Leler,Adele.Leler@dummymail.com,Adele.Leler@dummymail.com,doctor
907,Gratia,Odysseus,Gratia.Odysseus@dummymail.com,Gratia.Odysseus@dummymail.com,developer
908,Nikki,Kress,Nikki.Kress@dummymail.com,Nikki.Kress@dummymail.com,firefighter
909,Corene,Brunell,Corene.Brunell@dummymail.com,Corene.Brunell@dummymail.com,doctor
910,Flory,Tiffa,Flory.Tiffa@dummymail.com,Flory.Tiffa@dummymail.com,developer
911,Christy,Ellerey,Christy.Ellerey@dummymail.com,Christy.Ellerey@dummymail.com,police officer
912,Lorne,Kenney,Lorne.Kenney@dummymail.com,Lorne.Kenney@dummymail.com,worker
913,Mallory,Joli,Mallory.Joli@dummymail.com,Mallory.Joli@dummymail.com,worker
914,Candy,Kannry,Candy.Kannry@dummymail.com,Candy.Kannry@dummymail.com,doctor
915,Shirlee,Margret,Shirlee.Margret@dummymail.com,Shirlee.Margret@dummymail.com,doctor
916,Frieda,Jerald,Frieda.Jerald@dummymail.com,Frieda.Jerald@dummymail.com,developer
917,Albertina,Oster,Albertina.Oster@dummymail.com,Albertina.Oster@dummymail.com,worker
918,Selma,Ledah,Selma.Ledah@dummymail.com,Selma.Ledah@dummymail.com,worker
919,Joy,Wenoa,Joy.Wenoa@dummymail.com,Joy.Wenoa@dummymail.com,firefighter
920,Kelly,Pacorro,Kelly.Pacorro@dummymail.com,Kelly.Pacorro@dummymail.com,firefighter
921,Albertina,Cressida,Albertina.Cressida@dummymail.com,Albertina.Cressida@dummymail.com,doctor
922,Teddie,Bouchard,Teddie.Bouchard@dummymail.com,Teddie.Bouchard@dummymail.com,doctor
923,Lizzie,Skurnik,Lizzie.Skurnik@dummymail.com,Lizzie.Skurnik@dummymail.com,doctor
924,Vere,Olnee,Vere.Olnee@dummymail.com,Vere.Olnee@dummymail.com,police officer
925,Nonnah,Fontana,Nonnah.Fontana@dummymail.com,Nonnah.Fontana@dummymail.com,firefighter
926,Evita,Helfand,Evita.Helfand@dummymail.com,Evita.Helfand@dummymail.com,firefighter
927,Shauna,Reneta,Shauna.Reneta@dummymail.com,Shauna.Reneta@dummymail.com,doctor
928,Kamilah,Teryn,Kamilah.Teryn@dummymail.com,Kamilah.Teryn@dummymail.com,worker
929,Kassey,Dunkin,Kassey.Dunkin@dummymail.com,Kassey.Dunkin@dummymail.com,firefighter
930,Pierette,Concha,Pierette.Concha@dummymail.com,Pierette.Concha@dummymail.com,police officer
931,Nyssa,Kalinda,Nyssa.Kalinda@dummymail.com,Nyssa.Kalinda@dummymail.com,developer
932,Maud,Cleo,Maud.Cleo@dummymail.com,Maud.Cleo@dummymail.com,developer
933,Joane,Kesley,Joane.Kesley@dummymail.com,Joane.Kesley@dummymail.com,doctor
934,Bee,Jacobah,Bee.Jacobah@dummymail.com,Bee.Jacobah@dummymail.com,developer
935,Linzy,Ellerey,Linzy.Ellerey@dummymail.com,Linzy.Ellerey@dummymail.com,doctor
936,Darci,Peonir,Darci.Peonir@dummymail.com,Darci.Peonir@dummymail.com,developer
937,Latisha,Cloris,Latisha.Cloris@dummymail.com,Latisha.Cloris@dummymail.com,police officer
938,Gwyneth,Desai,Gwyneth.Desai@dummymail.com,Gwyneth.Desai@dummymail.com,police officer
939,Ketti,Brandice,Ketti.Brandice@dummymail.com,Ketti.Brandice@dummymail.com,police officer
940,Donetta,Isidore,Donetta.Isidore@dummymail.com,Donetta.Isidore@dummymail.com,doctor
941,Celene,Clie,Celene.Clie@dummymail.com,Celene.Clie@dummymail.com,doctor
942,Phylis,Lea,Phylis.Lea@dummymail.com,Phylis.Lea@dummymail.com,police officer
943,Roseline,Minetta,Roseline.Minetta@dummymail.com,Roseline.Minetta@dummymail.com,firefighter
944,Jinny,Niccolo,Jinny.Niccolo@dummymail.com,Jinny.Niccolo@dummymail.com,police officer
945,Alisha,Auberbach,Alisha.Auberbach@dummymail.com,Alisha.Auberbach@dummymail.com,doctor
946,Danika,Belanger,Danika.Belanger@dummymail.com,Danika.Belanger@dummymail.com,worker
947,Louella,Cottle,Louella.Cottle@dummymail.com,Louella.Cottle@dummymail.com,developer
948,Gavrielle,Couture,Gavrielle.Couture@dummymail.com,Gavrielle.Couture@dummymail.com,developer
949,Gisela,Verger,Gisela.Verger@dummymail.com,Gisela.Verger@dummymail.com,police officer
950,Edith,Huggins,Edith.Huggins@dummymail.com,Edith.Huggins@dummymail.com,police officer
951,Zsa Zsa,Lesley,Zsa Zsa.Lesley@dummymail.com,Zsa Zsa.Lesley@dummymail.com,developer
952,Albertina,Pauly,Albertina.Pauly@dummymail.com,Albertina.Pauly@dummymail.com,worker
953,Neila,Newell,Neila.Newell@dummymail.com,Neila.Newell@dummymail.com,worker
954,Gertrud,Arvo,Gertrud.Arvo@dummymail.com,Gertrud.Arvo@dummymail.com,doctor
955,Tressa,Nisbet,Tressa.Nisbet@dummymail.com,Tressa.Nisbet@dummymail.com,doctor
956,Tina,Hewitt,Tina.Hewitt@dummymail.com,Tina.Hewitt@dummymail.com,police officer
957,Jean,Erskine,Jean.Erskine@dummymail.com,Jean.Erskine@dummymail.com,police officer
958,Alleen,Carlson,Alleen.Carlson@dummymail.com,Alleen.Carlson@dummymail.com,developer
959,Tersina,Woodberry,Tersina.Woodberry@dummymail.com,Tersina.Woodberry@dummymail.com,doctor
960,Jean,Presber,Jean.Presber@dummymail.com,Jean.Presber@dummymail.com,police officer
961,Ekaterina,Peg,Ekaterina.Peg@dummymail.com,Ekaterina.Peg@dummymail.com,police officer
962,Goldie,Merriott,Goldie.Merriott@dummymail.com,Goldie.Merriott@dummymail.com,worker
963,Ericka,Fleeta,Ericka.Fleeta@dummymail.com,Ericka.Fleeta@dummymail.com,firefighter
964,Kathy,Peonir,Kathy.Peonir@dummymail.com,Kathy.Peonir@dummymail.com,developer
965,Gui,Briney,Gui.Briney@dummymail.com,Gui.Briney@dummymail.com,doctor
966,Marleah,Phyllis,Marleah.Phyllis@dummymail.com,Marleah.Phyllis@dummymail.com,police officer
967,Helsa,Kunin,Helsa.Kunin@dummymail.com,Helsa.Kunin@dummymail.com,firefighter
968,Etta,Ader,Etta.Ader@dummymail.com,Etta.Ader@dummymail.com,doctor
969,Lila,Allina,Lila.Allina@dummymail.com,Lila.Allina@dummymail.com,worker
970,Tobe,Guildroy,Tobe.Guildroy@dummymail.com,Tobe.Guildroy@dummymail.com,police officer
971,Goldie,Tillford,Goldie.Tillford@dummymail.com,Goldie.Tillford@dummymail.com,firefighter
972,Barbi,Kinnard,Barbi.Kinnard@dummymail.com,Barbi.Kinnard@dummymail.com,worker
973,Lilith,MacIntosh,Lilith.MacIntosh@dummymail.com,Lilith.MacIntosh@dummymail.com,firefighter
974,Annaliese,Stilwell,Annaliese.Stilwell@dummymail.com,Annaliese.Stilwell@dummymail.com,worker
975,Sindee,Bandeen,Sindee.Bandeen@dummymail.com,Sindee.Bandeen@dummymail.com,doctor
976,Lexine,Cecile,Lexine.Cecile@dummymail.com,Lexine.Cecile@dummymail.com,firefighter
977,Lacie,Rustice,Lacie.Rustice@dummymail.com,Lacie.Rustice@dummymail.com,developer
978,Judy,Goerke,Judy.Goerke@dummymail.com,Judy.Goerke@dummymail.com,developer
979,Sherrie,Lea,Sherrie.Lea@dummymail.com,Sherrie.Lea@dummymail.com,firefighter
980,Lynea,Bethany,Lynea.Bethany@dummymail.com,Lynea.Bethany@dummymail.com,developer
981,Regina,Delacourt,Regina.Delacourt@dummymail.com,Regina.Delacourt@dummymail.com,worker
982,Sherrie,Haldas,Sherrie.Haldas@dummymail.com,Sherrie.Haldas@dummymail.com,police officer
983,Talya,Ilka,Talya.Ilka@dummymail.com,Talya.Ilka@dummymail.com,firefighter
984,Nickie,Malvino,Nickie.Malvino@dummymail.com,Nickie.Malvino@dummymail.com,doctor
985,Judy,Ethban,Judy.Ethban@dummymail.com,Judy.Ethban@dummymail.com,firefighter
986,Moyna,Japeth,Moyna.Japeth@dummymail.com,Moyna.Japeth@dummymail.com,developer
987,Alejandra,Stanwood,Alejandra.Stanwood@dummymail.com,Alejandra.Stanwood@dummymail.com,worker
988,Benita,Blisse,Benita.Blisse@dummymail.com,Benita.Blisse@dummymail.com,worker
989,Mariann,Haymes,Mariann.Haymes@dummymail.com,Mariann.Haymes@dummymail.com,firefighter
990,Dolli,Wadell,Dolli.Wadell@dummymail.com,Dolli.Wadell@dummymail.com,police officer
991,Hermione,Dielu,Hermione.Dielu@dummymail.com,Hermione.Dielu@dummymail.com,firefighter
992,Allis,Mott,Allis.Mott@dummymail.com,Allis.Mott@dummymail.com,police officer
993,Ann-Marie,Daegal,Ann-Marie.Daegal@dummymail.com,Ann-Marie.Daegal@dummymail.com,police officer
994,Kirstin,Raychel,Kirstin.Raychel@dummymail.com,Kirstin.Raychel@dummymail.com,developer
995,Winifred,Hollingsworth,Winifred.Hollingsworth@dummymail.com,Winifred.Hollingsworth@dummymail.com,doctor
996,Adriana,Cutlerr,Adriana.Cutlerr@dummymail.com,Adriana.Cutlerr@dummymail.com,police officer
997,Donetta,Hewitt,Donetta.Hewitt@dummymail.com,Donetta.Hewitt@dummymail.com,worker
998,Candi,Penelopa,Candi.Penelopa@dummymail.com,Candi.Penelopa@dummymail.com,worker
999,Sindee,Jacinda,Sindee.Jacinda@dummymail.com,Sindee.Jacinda@dummymail.com,firefighter
1000,Valera,Carbo,Valera.Carbo@dummymail.com,Valera.Carbo@dummymail.com,doctor
1001,Arabel,Modie,Arabel.Modie@dummymail.com,Arabel.Modie@dummymail.com,developer
1002,Melina,Imelida,Melina.Imelida@dummymail.com,Melina.Imelida@dummymail.com,police officer
1003,Korrie,Fabiola,Korrie.Fabiola@dummymail.com,Korrie.Fabiola@dummymail.com,doctor
1004,Teriann,Goldina,Teriann.Goldina@dummymail.com,Teriann.Goldina@dummymail.com,developer
1005,Dode,Graig,Dode.Graig@dummymail.com,Dode.Graig@dummymail.com,firefighter
1006,Deirdre,Paton,Deirdre.Paton@dummymail.com,Deirdre.Paton@dummymail.com,worker
1007,Vere,Donoghue,Vere.Donoghue@dummymail.com,Vere.Donoghue@dummymail.com,worker
1008,Philis,Jorgan,Philis.Jorgan@dummymail.com,Philis.Jorgan@dummymail.com,police officer
1009,Daune,Scammon,Daune.Scammon@dummymail.com,Daune.Scammon@dummymail.com,developer
1010,Andree,Lunsford,Andree.Lunsford@dummymail.com,Andree.Lunsford@dummymail.com,developer
1011,Claresta,Ietta,Claresta.Ietta@dummymail.com,Claresta.Ietta@dummymail.com,developer
1012,Berget,Center,Berget.Center@dummymail.com,Berget.Center@dummymail.com,police officer
1013,Elvira,Charmine,Elvira.Charmine@dummymail.com,Elvira.Charmine@dummymail.com,worker
1014,Kristina,Gamaliel,Kristina.Gamaliel@dummymail.com,Kristina.Gamaliel@dummymail.com,developer
1015,Nananne,Randene,Nananne.Randene@dummymail.com,Nananne.Randene@dummymail.com,firefighter
1016,Yolane,Vins,Yolane.Vins@dummymail.com,Yolane.Vins@dummymail.com,worker
1017,Yetty,Linehan,Yetty.Linehan@dummymail.com,Yetty.Linehan@dummymail.com,doctor
1018,Janey,Simmonds,Janey.Simmonds@dummymail.com,Janey.Simmonds@dummymail.com,developer
1019,Constance,Arathorn,Constance.Arathorn@dummymail.com,Constance.Arathorn@dummymail.com,firefighter
1020,Katharina,Greyson,Katharina.Greyson@dummymail.com,Katharina.Greyson@dummymail.com,developer
1021,Kial,Dimitris,Kial.Dimitris@dummymail.com,Kial.Dimitris@dummymail.com,police officer
1022,Addia,Friede,Addia.Friede@dummymail.com,Addia.Friede@dummymail.com,firefighter
1023,Viki,Tice,Viki.Tice@dummymail.com,Viki.Tice@dummymail.com,doctor
1024,Raquela,Ferino,Raquela.Ferino@dummymail.com,Raquela.Ferino@dummymail.com,worker
1025,Arabel,Koehler,Arabel.Koehler@dummymail.com,Arabel.Koehler@dummymail.com,firefighter
1026,Danny,Joni,Danny.Joni@dummymail.com,Danny.Joni@dummymail.com,doctor
1027,Hope,Si,Hope.Si@dummymail.com,Hope.Si@dummymail.com,firefighter
1028,Elsie,Cordi,Elsie.Cordi@dummymail.com,Elsie.Cordi@dummymail.com,developer
1029,Julieta,Rese,Julieta.Rese@dummymail.com,Julieta.Rese@dummymail.com,worker
1030,Aimil,Wallis,Aimil.Wallis@dummymail.com,Aimil.Wallis@dummymail.com,doctor
1031,Lindie,Sibyls,Lindie.Sibyls@dummymail.com,Lindie.Sibyls@dummymail.com,doctor
1032,Andree,Faria,Andree.Faria@dummymail.com,Andree.Faria@dummymail.com,police officer
1033,Fred,Ackerley,Fred.Ackerley@dummymail.com,Fred.Ackerley@dummymail.com,worker
1034,Stacey,Deegan,Stacey.Deegan@dummymail.com,Stacey.Deegan@dummymail.com,developer
1035,Pollyanna,Estella,Pollyanna.Estella@dummymail.com,Pollyanna.Estella@dummymail.com,firefighter
1036,Bee,Heidt,Bee.Heidt@dummymail.com,Bee.Heidt@dummymail.com,developer
1037,Josephine,Maisey,Josephine.Maisey@dummymail.com,Josephine.Maisey@dummymail.com,firefighter
1038,Natka,Raychel,Natka.Raychel@dummymail.com,Natka.Raychel@dummymail.com,doctor
1039,Gusella,Weinreb,Gusella.Weinreb@dummymail.com,Gusella.Weinreb@dummymail.com,firefighter
1040,Tomasina,Jena,Tomasina.Jena@dummymail.com,Tomasina.Jena@dummymail.com,police officer
1041,Kassey,Eben,Kassey.Eben@dummymail.com,Kassey.Eben@dummymail.com,doctor
1042,Paulita,Hailee,Paulita.Hailee@dummymail.com,Paulita.Hailee@dummymail.com,worker
1043,Mary,Wittie,Mary.Wittie@dummymail.com,Mary.Wittie@dummymail.com,worker
1044,Babita,Sibyls,Babita.Sibyls@dummymail.com,Babita.Sibyls@dummymail.com,developer
1045,Rosabelle,Cordi,Rosabelle.Cordi@dummymail.com,Rosabelle.Cordi@dummymail.com,police officer
1046,Shirlee,Aldric,Shirlee.Aldric@dummymail.com,Shirlee.Aldric@dummymail.com,developer
1047,June,Kristi,June.Kristi@dummymail.com,June.Kristi@dummymail.com,firefighter
1048,Chastity,Dawkins,Chastity.Dawkins@dummymail.com,Chastity.Dawkins@dummymail.com,developer
1049,Johna,Yate,Johna.Yate@dummymail.com,Johna.Yate@dummymail.com,worker
1050,Rebeca,Ax,Rebeca.Ax@dummymail.com,Rebeca.Ax@dummymail.com,developer
1051,Pierette,Klotz,Pierette.Klotz@dummymail.com,Pierette.Klotz@dummymail.com,developer
1052,Ayn,Lay,Ayn.Lay@dummymail.com,Ayn.Lay@dummymail.com,worker
1053,Lynnea,Kenney,Lynnea.Kenney@dummymail.com,Lynnea.Kenney@dummymail.com,police officer
1054,Annabela,Lilybelle,Annabela.Lilybelle@dummymail.com,Annabela.Lilybelle@dummymail.com,developer
1055,Karlee,Girardo,Karlee.Girardo@dummymail.com,Karlee.Girardo@dummymail.com,developer
1056,Marleah,Ralfston,Marleah.Ralfston@dummymail.com,Marleah.Ralfston@dummymail.com,police officer
1057,Giustina,Malina,Giustina.Malina@dummymail.com,Giustina.Malina@dummymail.com,police officer
1058,Konstance,Mehalek,Konstance.Mehalek@dummymail.com,Konstance.Mehalek@dummymail.com,developer
1059,Coral,Kauppi,Coral.Kauppi@dummymail.com,Coral.Kauppi@dummymail.com,doctor
1060,Cristabel,Socha,Cristabel.Socha@dummymail.com,Cristabel.Socha@dummymail.com,police officer
1061,Barbara,Lipson,Barbara.Lipson@dummymail.com,Barbara.Lipson@dummymail.com,worker
1062,Bernardine,Aldric,Bernardine.Aldric@dummymail.com,Bernardine.Aldric@dummymail.com,firefighter
1063,Deedee,Linskey,Deedee.Linskey@dummymail.com,Deedee.Linskey@dummymail.com,worker
1064,Celisse,Ventre,Celisse.Ventre@dummymail.com,Celisse.Ventre@dummymail.com,doctor
1065,Averyl,Cordi,Averyl.Cordi@dummymail.com,Averyl.Cordi@dummymail.com,police officer
1066,Alameda,Norrie,Alameda.Norrie@dummymail.com,Alameda.Norrie@dummymail.com,firefighter
1067,Bee,Johanna,Bee.Johanna@dummymail.com,Bee.Johanna@dummymail.com,doctor
1068,Shandie,Gilmour,Shandie.Gilmour@dummymail.com,Shandie.Gilmour@dummymail.com,police officer
1069,Cathyleen,Dex,Cathyleen.Dex@dummymail.com,Cathyleen.Dex@dummymail.com,police officer
1070,Annecorinne,Wandie,Annecorinne.Wandie@dummymail.com,Annecorinne.Wandie@dummymail.com,firefighter
1071,Nataline,Zachary,Nataline.Zachary@dummymail.com,Nataline.Zachary@dummymail.com,worker
1072,Nickie,Anton,Nickie.Anton@dummymail.com,Nickie.Anton@dummymail.com,firefighter
1073,Sabina,Roumell,Sabina.Roumell@dummymail.com,Sabina.Roumell@dummymail.com,firefighter
1074,Edyth,Zitvaa,Edyth.Zitvaa@dummymail.com,Edyth.Zitvaa@dummymail.com,police officer
1075,Tracey,Faria,Tracey.Faria@dummymail.com,Tracey.Faria@dummymail.com,worker
1076,Wilma,Bethany,Wilma.Bethany@dummymail.com,Wilma.Bethany@dummymail.com,worker
1077,Jackie,Cullin,Jackie.Cullin@dummymail.com,Jackie.Cullin@dummymail.com,worker
1078,Corly,Mozelle,Corly.Mozelle@dummymail.com,Corly.Mozelle@dummymail.com,police officer
1079,Lisette,Zachary,Lisette.Zachary@dummymail.com,Lisette.Zachary@dummymail.com,developer
1080,Glenda,Dom,Glenda.Dom@dummymail.com,Glenda.Dom@dummymail.com,developer
1081,Lorne,Scammon,Lorne.Scammon@dummymail.com,Lorne.Scammon@dummymail.com,worker
1082,Loree,Terencio,Loree.Terencio@dummymail.com,Loree.Terencio@dummymail.com,developer
1083,Elyssa,Syd,Elyssa.Syd@dummymail.com,Elyssa.Syd@dummymail.com,firefighter
1084,Rhea,Croix,Rhea.Croix@dummymail.com,Rhea.Croix@dummymail.com,worker
1085,Aili,Nikaniki,Aili.Nikaniki@dummymail.com,Aili.Nikaniki@dummymail.com,firefighter
1086,Regina,Goldina,Regina.Goldina@dummymail.com,Regina.Goldina@dummymail.com,developer
1087,Susette,Allys,Susette.Allys@dummymail.com,Susette.Allys@dummymail.com,doctor
1088,Magdalena,Faso,Magdalena.Faso@dummymail.com,Magdalena.Faso@dummymail.com,worker
1089,Berta,Chandler,Berta.Chandler@dummymail.com,Berta.Chandler@dummymail.com,developer
1090,Ottilie,Delacourt,Ottilie.Delacourt@dummymail.com,Ottilie.Delacourt@dummymail.com,worker
1091,Ivett,Ogren,Ivett.Ogren@dummymail.com,Ivett.Ogren@dummymail.com,police officer
1092,Gianina,Thad,Gianina.Thad@dummymail.com,Gianina.Thad@dummymail.com,doctor
1093,Angelique,Delacourt,Angelique.Delacourt@dummymail.com,Angelique.Delacourt@dummymail.com,firefighter
1094,Dolli,Ochs,Dolli.Ochs@dummymail.com,Dolli.Ochs@dummymail.com,developer
1095,Darci,Rocray,Darci.Rocray@dummymail.com,Darci.Rocray@dummymail.com,firefighter
1096,Elie,Fosque,Elie.Fosque@dummymail.com,Elie.Fosque@dummymail.com,worker
1097,Cherrita,Lunsford,Cherrita.Lunsford@dummymail.com,Cherrita.Lunsford@dummymail.com,doctor
1098,Corene,Lorenz,Corene.Lorenz@dummymail.com,Corene.Lorenz@dummymail.com,firefighter
1099,Patricia,Dichy,Patricia.Dichy@dummymail.com,Patricia.Dichy@dummymail.com,doctor