id,firstname,lastname,email,email2,profession
100,Hildegaard,Donell,Hildegaard.Donell@dummymail.com,Hildegaard.Donell@dummymail.com,firefighter
101,Lauryn,Horan,Lauryn.Horan@dummymail.com,Lauryn.Horan@dummymail.com,worker
102,Thalia,O'Rourke,Thalia.O'Rourke@dummymail.com,Thalia.O'Rourke@dummymail.com,police officer
103,Romona,Melony,Romona.Melony@dummymail.com,Romona.Melony@dummymail.com,firefighter
104,Almeta,Latini,Almeta.Latini@dummymail.com,Almeta.Latini@dummymail.com,police officer
105,Gilligan,Velick,Gilligan.Velick@dummymail.com,Gilligan.Velick@dummymail.com,worker
106,Merci,Fink,Merci.Fink@dummymail.com,Merci.Fink@dummymail.com,police officer
107,Nerta,Hepsibah,Nerta.Hepsibah@dummymail.com,Nerta.Hepsibah@dummymail.com,doctor
108,Florencia,Giule,Florencia.Giule@dummymail.com,Florencia.Giule@dummymail.com,police officer
109,Verla,McCutcheon,Verla.McCutcheon@dummymail.com,Verla.McCutcheon@dummymail.com,police officer
110,Xylina,Borrell,Xylina.Borrell@dummymail.com,Xylina.Borrell@dummymail.com,doctor
111,Riannon,Kinnard,Riannon.Kinnard@dummymail.com,Riannon.Kinnard@dummymail.com,police officer
112,Noelle,Simmonds,Noelle.Simmonds@dummymail.com,Noelle.Simmonds@dummymail.com,firefighter
113,Jean,Schonfeld,Jean.Schonfeld@dummymail.com,Jean.Schonfeld@dummymail.com,police officer
114,Jsandye,Grimbly,Jsandye.Grimbly@dummymail.com,Jsandye.Grimbly@dummymail.com,worker
115,Ilse,Chapland,Ilse.Chapland@dummymail.com,Ilse.Chapland@dummymail.com,worker
116,Chloris,Brotherson,Chloris.Brotherson@dummymail.com,Chloris.Brotherson@dummymail.com,doctor
117,Deirdre,Brackely,Deirdre.Brackely@dummymail.com,Deirdre.Brackely@dummymail.com,developer
118,Danika,Nerita,Danika.Nerita@dummymail.com,Danika.Nerita@dummymail.com,police officer
119,Roz,Weinreb,Roz.Weinreb@dummymail.com,Roz.Weinreb@dummymail.com,worker
120,Mahalia,Charmine,Mahalia.Charmine@dummymail.com,Mahalia.Charmine@dummymail.com,worker
121,Luci,Trace,Luci.Trace@dummymail.com,Luci.Trace@dummymail.com,developer
122,Perry,Hanshaw,Perry.Hanshaw@dummymail.com,Perry.Hanshaw@dummymail.com,police officer
123,Raquela,Tiffa,Raquela.Tiffa@dummymail.com,Raquela.Tiffa@dummymail.com,doctor
124,Shell,Kelula,Shell.Kelula@dummymail.com,Shell.Kelula@dummymail.com,doctor
125,Angela,Corilla,Angela.Corilla@dummymail.com,Angela.Corilla@dummymail.com,doctor
126,Paulita,Hilbert,Paulita.Hilbert@dummymail.com,Paulita.Hilbert@dummymail.com,doctor
127,Angelique,Bryna,Angelique.Bryna@dummymail.com,Angelique.Bryna@dummymail.com,police officer
128,Jenilee,Moseley,Jenilee.Moseley@dummymail.com,Jenilee.Moseley@dummymail.com,worker
129,Loree,Presber,Loree.Presber@dummymail.com,Loree.Presber@dummymail.com,worker
130,Marti,Chem,Marti.Chem@dummymail.com,Marti.Chem@dummymail.com,firefighter
131,Jorry,Doig,Jorry.Doig@dummymail.com,Jorry.Doig@dummymail.com,firefighter
132,Annaliese,Bethany,Annaliese.Bethany@dummymail.com,Annaliese.Bethany@dummymail.com,police officer
133,Ninnetta,Han,Ninnetta.Han@dummymail.com,Ninnetta.Han@dummymail.com,worker
134,Linet,Gabrielli,Linet.Gabrielli@dummymail.com,Linet.Gabrielli@dummymail.com,doctor
135,Violet,Aldric,Violet.Aldric@dummymail.com,Violet.Aldric@dummymail.com,developer
136,Kimberley,Nelsen,Kimberley.Nelsen@dummymail.com,Kimberley.Nelsen@dummymail.com,firefighter
137,Collen,Liva,Collen.Liva@dummymail.com,Collen.Liva@dummymail.com,police officer
138,Alleen,Jehu,Alleen.Jehu@dummymail.com,Alleen.Jehu@dummymail.com,doctor
139,Dolli,Nelsen,Dolli.Nelsen@dummymail.com,Dolli.Nelsen@dummymail.com,firefighter
140,Jerry,Mandler,Jerry.Mandler@dummymail.com,Jerry.Mandler@dummymail.com,worker
141,Cam,Tice,Cam.Tice@dummymail.com,Cam.Tice@dummymail.com,firefighter
142,Kirstin,Chinua,Kirstin.Chinua@dummymail.com,Kirstin.Chinua@dummymail.com,developer
143,Ashlee,Montgomery,Ashlee.Montgomery@dummymail.com,Ashlee.Montgomery@dummymail.com,firefighter
144,Cacilie,Frodi,Cacilie.Frodi@dummymail.com,Cacilie.Frodi@dummymail.com,firefighter
145,Michaelina,Decato,Michaelina.Decato@dummymail.com,Michaelina.Decato@dummymail.com,firefighter
146,Jasmina,Magnolia,Jasmina.Magnolia@dummymail.com,Jasmina.Magnolia@dummymail.com,firefighter
147,Isa,Aida,Isa.Aida@dummymail.com,Isa.Aida@dummymail.com,firefighter
148,Rosabelle,Kendrick,Rosabelle.Kendrick@dummymail.com,Rosabelle.Kendrick@dummymail.com,doctor
149,Sean,Graig,Sean.Graig@dummymail.com,Sean.Graig@dummymail.com,developer
150,Susan,Manolo,Susan.Manolo@dummymail.com,Susan.Manolo@dummymail.com,firefighter
151,Chandra,Lorenz,Chandra.Lorenz@dummymail.com,Chandra.Lorenz@dummymail.com,developer
152,Flo,Trinetta,Flo.Trinetta@dummymail.com,Flo.Trinetta@dummymail.com,police officer
153,Minda,Hortensia,Minda.Hortensia@dummymail.com,Minda.Hortensia@dummymail.com,developer
154,Shirlee,Eliathas,Shirlee.Eliathas@dummymail.com,Shirlee.Eliathas@dummymail.com,developer
155,Belinda,Papageno,Belinda.Papageno@dummymail.com,Belinda.Papageno@dummymail.com,developer
156,Ermengarde,Hoenack,Ermengarde.Hoenack@dummymail.com,Ermengarde.Hoenack@dummymail.com,developer
157,Alex,Zenas,Alex.Zenas@dummymail.com,Alex.Zenas@dummymail.com,developer
158,Madalyn,Anastatius,Madalyn.Anastatius@dummymail.com,Madalyn.Anastatius@dummymail.com,doctor
159,Leia,Serilda,Leia.Serilda@dummymail.com,Leia.Serilda@dummymail.com,developer
160,Kaia,Jacobah,Kaia.Jacobah@dummymail.com,Kaia.Jacobah@dummymail.com,developer
161,Annaliese,Junie,Annaliese.Junie@dummymail.com,Annaliese.Junie@dummymail.com,police officer
162,Sashenka,Oscar,Sashenka.Oscar@dummymail.com,Sashenka.Oscar@dummymail.com,firefighter
163,Clementine,Old,Clementine.Old@dummymail.com,Clementine.Old@dummymail.com,police officer
164,Ana,O'Neill,Ana.O'Neill@dummymail.com,Ana.O'Neill@dummymail.com,worker
165,Dania,Braun,Dania.Braun@dummymail.com,Dania.Braun@dummymail.com,doctor
166,Robbi,Ioab,Robbi.Ioab@dummymail.com,Robbi.Ioab@dummymail.com,police officer
167,Leona,Daegal,Leona.Daegal@dummymail.com,Leona.Daegal@dummymail.com,firefighter
168,Sherrie,Borrell,Sherrie.Borrell@dummymail.com,Sherrie.Borrell@dummymail.com,firefighter
169,Claresta,Prober,Claresta.Prober@dummymail.com,Claresta.Prober@dummymail.com,doctor
170,Aaren,Angelis,Aaren.Angelis@dummymail.com,Aaren.Angelis@dummymail.com,developer
171,Linzy,Nickola,Linzy.Nickola@dummymail.com,Linzy.Nickola@dummymail.com,police officer
172,Tani,Wadell,Tani.Wadell@dummymail.com,Tani.Wadell@dummymail.com,doctor
173,Kate,Deegan,Kate.Deegan@dummymail.com,Kate.Deegan@dummymail.com,doctor
174,Ninnetta,LaRue,Ninnetta.LaRue@dummymail.com,Ninnetta.LaRue@dummymail.com,developer
175,Ronna,Roscoe,Ronna.Roscoe@dummymail.com,Ronna.Roscoe@dummymail.com,police officer
176,Carmela,Deegan,Carmela.Deegan@dummymail.com,Carmela.Deegan@dummymail.com,police officer
177,Anallese,Papageno,Anallese.Papageno@dummymail.com,Anallese.Papageno@dummymail.com,doctor
178,Layla,Ulphia,Layla.Ulphia@dummymail.com,Layla.Ulphia@dummymail.com,developer
179,Minda,Pearse,Minda.Pearse@dummymail.com,Minda.Pearse@dummymail.com,firefighter
180,Georgina,Alva,Georgina.Alva@dummymail.com,Georgina.Alva@dummymail.com,worker
181,Bertine,Eldrid,Bertine.Eldrid@dummymail.com,Bertine.Eldrid@dummymail.com,police officer
182,Brynna,Fiann,Brynna.Fiann@dummymail.com,Brynna.Fiann@dummymail.com,developer
183,Sherrie,Baptlsta,Sherrie.Baptlsta@dummymail.com,Sherrie.Baptlsta@dummymail.com,developer
184,Meriel,Joachim,Meriel.Joachim@dummymail.com,Meriel.Joachim@dummymail.com,doctor
185,Deloria,Truc,Deloria.Truc@dummymail.com,Deloria.Truc@dummymail.com,doctor
186,Annora,Imelida,Annora.Imelida@dummymail.com,Annora.Imelida@dummymail.com,doctor
187,Dale,Eachern,Dale.Eachern@dummymail.com,Dale.Eachern@dummymail.com,firefighter
188,Perry,Amasa,Perry.Amasa@dummymail.com,Perry.Amasa@dummymail.com,police officer
189,Tilly,Revkah,Tilly.Revkah@dummymail.com,Tilly.Revkah@dummymail.com,developer
190,Tori,Beebe,Tori.Beebe@dummymail.com,Tori.Beebe@dummymail.com,police officer
191,Goldie,Rocray,Goldie.Rocray@dummymail.com,Goldie.Rocray@dummymail.com,worker
192,Fawne,Salvidor,Fawne.Salvidor@dummymail.com,Fawne.Salvidor@dummymail.com,developer
193,Elfreda,Dannye,Elfreda.Dannye@dummymail.com,Elfreda.Dannye@dummymail.com,developer
194,Nita,Lalitta,Nita.Lalitta@dummymail.com,Nita.Lalitta@dummymail.com,police officer
195,Tersina,Connelly,Tersina.Connelly@dummymail.com,Tersina.Connelly@dummymail.com,doctor
196,Phylis,Dominy,Phylis.Dominy@dummymail.com,Phylis.Dominy@dummymail.com,doctor
197,Renae,Linskey,Renae.Linskey@dummymail.com,Renae.Linskey@dummymail.com,developer
198,Ginnie,Martguerita,Ginnie.Martguerita@dummymail.com,Ginnie.Martguerita@dummymail.com,firefighter
199,Reeba,Diann,Reeba.Diann@dummymail.com,Reeba.Diann@dummymail.com,doctor
200,Catrina,Saunderson,Catrina.Saunderson@dummymail.com,Catrina.Saunderson@dummymail.com,police officer
201,Agnese,Lubin,Agnese.Lubin@dummymail.com,Agnese.Lubin@dummymail.com,worker
202,Addia,Mintz,Addia.Mintz@dummymail.com,Addia.Mintz@dummymail.com,firefighter
203,Kial,Newell,Kial.Newell@dummymail.com,Kial.Newell@dummymail.com,worker
204,Lila,Merat,Lila.Merat@dummymail.com,Lila.Merat@dummymail.com,police officer
205,Kerrin,Rooney,Kerrin.Rooney@dummymail.com,Kerrin.Rooney@dummymail.com,firefighter
206,Ruthe,Garek,Ruthe.Garek@dummymail.com,Ruthe.Garek@dummymail.com,worker
207,Dominga,Jarib,Dominga.Jarib@dummymail.com,Dominga.Jarib@dummymail.com,doctor
208,Asia,Agle,Asia.Agle@dummymail.com,Asia.Agle@dummymail.com,worker
209,Arlina,Lia,Arlina.Lia@dummymail.com,Arlina.Lia@dummymail.com,developer
210,Jennica,Candy,Jennica.Candy@dummymail.com,Jennica.Candy@dummymail.com,developer
211,Averyl,Pandolfi,Averyl.Pandolfi@dummymail.com,Averyl.Pandolfi@dummymail.com,developer
212,Annaliese,McLaughlin,Annaliese.McLaughlin@dummymail.com,Annaliese.McLaughlin@dummymail.com,police officer
213,Meghann,Papageno,Meghann.Papageno@dummymail.com,Meghann.Papageno@dummymail.com,police officer
214,Amii,Millda,Amii.Millda@dummymail.com,Amii.Millda@dummymail.com,police officer
215,Darlleen,Argus,Darlleen.Argus@dummymail.com,Darlleen.Argus@dummymail.com,doctor
216,Dorothy,Woodberry,Dorothy.Woodberry@dummymail.com,Dorothy.Woodberry@dummymail.com,police officer
217,Cristabel,Knowling,Cristabel.Knowling@dummymail.com,Cristabel.Knowling@dummymail.com,police officer
218,Florencia,Ludewig,Florencia.Ludewig@dummymail.com,Florencia.Ludewig@dummymail.com,doctor
219,Madeleine,Amethist,Madeleine.Amethist@dummymail.com,Madeleine.Amethist@dummymail.com,developer
220,Cissiee,Aldric,Cissiee.Aldric@dummymail.com,Cissiee.Aldric@dummymail.com,developer
221,Janey,Mott,Janey.Mott@dummymail.com,Janey.Mott@dummymail.com,doctor
222,Maryellen,Vary,Maryellen.Vary@dummymail.com,Maryellen.Vary@dummymail.com,police officer
223,Dyann,Ambrosia,Dyann.Ambrosia@dummymail.com,Dyann.Ambrosia@dummymail.com,firefighter
224,Bobinette,Kiyoshi,Bobinette.Kiyoshi@dummymail.com,Bobinette.Kiyoshi@dummymail.com,worker
225,Shel,Justinn,Shel.Justinn@dummymail.com,Shel.Justinn@dummymail.com,police officer
226,Cordi,Gibbeon,Cordi.Gibbeon@dummymail.com,Cordi.Gibbeon@dummymail.com,developer
227,Donnie,Gerge,Donnie.Gerge@dummymail.com,Donnie.Gerge@dummymail.com,developer
228,Elfreda,Saunderson,Elfreda.Saunderson@dummymail.com,Elfreda.Saunderson@dummymail.com,developer
229,Starla,Garek,Starla.Garek@dummymail.com,Starla.Garek@dummymail.com,doctor
230,Edee,Lubin,Edee.Lubin@dummymail.com,Edee.Lubin@dummymail.com,developer
231,Tina,Baptlsta,Tina.Baptlsta@dummymail.com,Tina.Baptlsta@dummymail.com,firefighter
232,Christy,Maiah,Christy.Maiah@dummymail.com,Christy.Maiah@dummymail.com,firefighter
233,Janeczka,Lucienne,Janeczka.Lucienne@dummymail.com,Janeczka.Lucienne@dummymail.com,doctor
234,Rori,Buffum,Rori.Buffum@dummymail.com,Rori.Buffum@dummymail.com,worker
235,Lonnie,Wu,Lonnie.Wu@dummymail.com,Lonnie.Wu@dummymail.com,police officer
236,Neila,Teddman,Neila.Teddman@dummymail.com,Neila.Teddman@dummymail.com,firefighter
237,Daphne,Serilda,Daphne.Serilda@dummymail.com,Daphne.Serilda@dummymail.com,doctor
238,Olivette,Dermott,Olivette.Dermott@dummymail.com,Olivette.Dermott@dummymail.com,doctor
239,Frank,Vilma,Frank.Vilma@dummymail.com,Frank.Vilma@dummymail.com,firefighter
240,Charlena,Chabot,Charlena.Chabot@dummymail.com,Charlena.Chabot@dummymail.com,developer
241,Priscilla,Rooney,Priscilla.Rooney@dummymail.com,Priscilla.Rooney@dummymail.com,worker
242,Lulita,Darrell,Lulita.Darrell@dummymail.com,Lulita.Darrell@dummymail.com,worker
243,Ulrike,Edee,Ulrike.Edee@dummymail.com,Ulrike.Edee@dummymail.com,firefighter
244,Rhoda,Dunkin,Rhoda.Dunkin@dummymail.com,Rhoda.Dunkin@dummymail.com,doctor
245,Amelia,Olnee,Amelia.Olnee@dummymail.com,Amelia.Olnee@dummymail.com,firefighter
246,Celestyna,Tillford,Celestyna.Tillford@dummymail.com,Celestyna.Tillford@dummymail.com,firefighter
247,Blake,Poll,Blake.Poll@dummymail.com,Blake.Poll@dummymail.com,doctor
248,Kassey,Colyer,Kassey.Colyer@dummymail.com,Kassey.Colyer@dummymail.com,police officer
249,Tabbatha,Cimbura,Tabbatha.Cimbura@dummymail.com,Tabbatha.Cimbura@dummymail.com,worker
250,Laure,Yorick,Laure.Yorick@dummymail.com,Laure.Yorick@dummymail.com,police officer
251,Suzette,Zina,Suzette.Zina@dummymail.com,Suzette.Zina@dummymail.com,doctor
252,Bernie,Capello,Bernie.Capello@dummymail.com,Bernie.Capello@dummymail.com,doctor
253,Belva,Percy,Belva.Percy@dummymail.com,Belva.Percy@dummymail.com,police officer
254,Ivett,Mozelle,Ivett.Mozelle@dummymail.com,Ivett.Mozelle@dummymail.com,developer
255,Max,Dosia,Max.Dosia@dummymail.com,Max.Dosia@dummymail.com,doctor
256,Heida,Llovera,Heida.Llovera@dummymail.com,Heida.Llovera@dummymail.com,doctor
257,Tami,Manolo,Tami.Manolo@dummymail.com,Tami.Manolo@dummymail.com,developer
258,Romona,Kauppi,Romona.Kauppi@dummymail.com,Romona.Kauppi@dummymail.com,doctor
259,Alleen,Raul,Alleen.Raul@dummymail.com,Alleen.Raul@dummymail.com,doctor
260,Andeee,Gino,Andeee.Gino@dummymail.com,Andeee.Gino@dummymail.com,police officer
261,Emma,Delp,Emma.Delp@dummymail.com,Emma.Delp@dummymail.com,doctor
262,Sean,Granoff,Sean.Granoff@dummymail.com,Sean.Granoff@dummymail.com,developer
263,Mamie,Mich,Mamie.Mich@dummymail.com,Mamie.Mich@dummymail.com,worker
264,Katuscha,Krystle,Katuscha.Krystle@dummymail.com,Katuscha.Krystle@dummymail.com,police officer
265,Elsie,Ophelia,Elsie.Ophelia@dummymail.com,Elsie.Ophelia@dummymail.com,doctor
266,Lanae,Revkah,Lanae.Revkah@dummymail.com,Lanae.Revkah@dummymail.com,developer
267,Inga,Laverne,Inga.Laverne@dummymail.com,Inga.Laverne@dummymail.com,firefighter
268,Laurene,Docilla,Laurene.Docilla@dummymail.com,Laurene.Docilla@dummymail.com,developer
269,Rubie,Dreda,Rubie.Dreda@dummymail.com,Rubie.Dreda@dummymail.com,police officer
270,Tiffie,Adamsen,Tiffie.Adamsen@dummymail.com,Tiffie.Adamsen@dummymail.com,police officer
271,Ronna,Baptlsta,Ronna.Baptlsta@dummymail.com,Ronna.Baptlsta@dummymail.com,worker
272,Monika,Concha,Monika.Concha@dummymail.com,Monika.Concha@dummymail.com,doctor
273,Orsola,Charity,Orsola.Charity@dummymail.com,Orsola.Charity@dummymail.com,firefighter
274,Justinn,Hutchison,Justinn.Hutchison@dummymail.com,Justinn.Hutchison@dummymail.com,developer
275,Annora,Lesley,Annora.Lesley@dummymail.com,Annora.Lesley@dummymail.com,police officer
276,Magdalena,Loring,Magdalena.Loring@dummymail.com,Magdalena.Loring@dummymail.com,doctor
277,Emilia,Pearse,Emilia.Pearse@dummymail.com,Emilia.Pearse@dummymail.com,worker
278,Sidoney,Strephon,Sidoney.Strephon@dummymail.com,Sidoney.Strephon@dummymail.com,worker
279,Josephine,Berl,Josephine.Berl@dummymail.com,Josephine.Berl@dummymail.com,doctor
280,Annaliese,Amethist,Annaliese.Amethist@dummymail.com,Annaliese.Amethist@dummymail.com,firefighter
281,Edith,Tatianas,Edith.Tatianas@dummymail.com,Edith.Tatianas@dummymail.com,doctor
282,Genevra,Bibi,Genevra.Bibi@dummymail.com,Genevra.Bibi@dummymail.com,police officer
283,Millie,Wilkinson,Millie.Wilkinson@dummymail.com,Millie.Wilkinson@dummymail.com,doctor
284,Paulita,Cavan,Paulita.Cavan@dummymail.com,Paulita.Cavan@dummymail.com,doctor
285,Roberta,Geffner,Roberta.Geffner@dummymail.com,Roberta.Geffner@dummymail.com,worker
286,Ursulina,Old,Ursulina.Old@dummymail.com,Ursulina.Old@dummymail.com,firefighter
287,Sheelagh,Natica,Sheelagh.Natica@dummymail.com,Sheelagh.Natica@dummymail.com,firefighter
288,Sharlene,Urania,Sharlene.Urania@dummymail.com,Sharlene.Urania@dummymail.com,developer
289,Bee,Zina,Bee.Zina@dummymail.com,Bee.Zina@dummymail.com,worker
290,Dorice,Adore,Dorice.Adore@dummymail.com,Dorice.Adore@dummymail.com,police officer
291,Corene,Bohlin,Corene.Bohlin@dummymail.com,Corene.Bohlin@dummymail.com,developer
292,Brooks,Bearnard,Brooks.Bearnard@dummymail.com,Brooks.Bearnard@dummymail.com,worker
293,Nollie,Meter,Nollie.Meter@dummymail.com,Nollie.Meter@dummymail.com,developer
294,Ardys,Shirberg,Ardys.Shirberg@dummymail.com,Ardys.Shirberg@dummymail.com,doctor
295,Genevra,Poppy,Genevra.Poppy@dummymail.com,Genevra.Poppy@dummymail.com,developer
296,Elora,Trey,Elora.Trey@dummymail.com,Elora.Trey@dummymail.com,worker
297,Modestia,Adlare,Modestia.Adlare@dummymail.com,Modestia.Adlare@dummymail.com,developer
298,Michaelina,Hamil,Michaelina.Hamil@dummymail.com,Michaelina.Hamil@dummymail.com,developer
299,Josephine,Rudolph,Josephine.Rudolph@dummymail.com,Josephine.Rudolph@dummymail.com,firefighter
300,Lynnea,Quent,Lynnea.Quent@dummymail.com,Lynnea.Quent@dummymail.com,worker
301,Kalina,Ehrman,Kalina.Ehrman@dummymail.com,Kalina.Ehrman@dummymail.com,firefighter
302,Maisey,Sandye,Maisey.Sandye@dummymail.com,Maisey.Sandye@dummymail.com,police officer
303,Harrietta,Cadmar,Harrietta.Cadmar@dummymail.com,Harrietta.Cadmar@dummymail.com,developer
304,Dulce,Ardeha,Dulce.Ardeha@dummymail.com,Dulce.Ardeha@dummymail.com,police officer
305,Joleen,Cleavland,Joleen.Cleavland@dummymail.com,Joleen.Cleavland@dummymail.com,doctor
306,Danika,Seagraves,Danika.Seagraves@dummymail.com,Danika.Seagraves@dummymail.com,worker
307,Maud,Brunell,Maud.Brunell@dummymail.com,Maud.Brunell@dummymail.com,firefighter
308,Iseabal,Ferrell,Iseabal.Ferrell@dummymail.com,Iseabal.Ferrell@dummymail.com,developer
309,Aurore,Lymann,Aurore.Lymann@dummymail.com,Aurore.Lymann@dummymail.com,developer
310,Lynnea,Yuille,Lynnea.Yuille@dummymail.com,Lynnea.Yuille@dummymail.com,worker
311,Jacquetta,Vittoria,Jacquetta.Vittoria@dummymail.com,Jacquetta.Vittoria@dummymail.com,doctor
312,Rhoda,Ader,Rhoda.Ader@dummymail.com,Rhoda.Ader@dummymail.com,worker
313,Natka,Yate,Natka.Yate@dummymail.com,Natka.Yate@dummymail.com,firefighter
314,Beverley,Bertold,Beverley.Bertold@dummymail.com,Beverley.Bertold@dummymail.com,police officer
315,Lyssa,Tillford,Lyssa.Tillford@dummymail.com,Lyssa.Tillford@dummymail.com,developer
316,Tressa,Percy,Tressa.Percy@dummymail.com,Tressa.Percy@dummymail.com,police officer
317,Charissa,Ader,Charissa.Ader@dummymail.com,Charissa.Ader@dummymail.com,firefighter
318,Gaylene,Cosenza,Gaylene.Cosenza@dummymail.com,Gaylene.Cosenza@dummymail.com,doctor
319,Livvyy,Fredi,Livvyy.Fredi@dummymail.com,Livvyy.Fredi@dummymail.com,developer
320,Sandie,Vary,Sandie.Vary@dummymail.com,Sandie.Vary@dummymail.com,worker
321,Tobe,Billye,Tobe.Billye@dummymail.com,Tobe.Billye@dummymail.com,developer
322,Ursulina,Bow,Ursulina.Bow@dummymail.com,Ursulina.Bow@dummymail.com,police officer
323,Neila,Harday,Neila.Harday@dummymail.com,Neila.Harday@dummymail.com,developer
324,Lynnea,Wesle,Lynnea.Wesle@dummymail.com,Lynnea.Wesle@dummymail.com,developer
325,Sandie,Oster,Sandie.Oster@dummymail.com,Sandie.Oster@dummymail.com,firefighter
326,Emma,Malina,Emma.Malina@dummymail.com,Emma.Malina@dummymail.com,police officer
327,Basia,Fredi,Basia.Fredi@dummymail.com,Basia.Fredi@dummymail.com,doctor
328,Gilda,Himelman,Gilda.Himelman@dummymail.com,Gilda.Himelman@dummymail.com,doctor
329,Gabriellia,Darian,Gabriellia.Darian@dummymail.com,Gabriellia.Darian@dummymail.com,developer
330,Hettie,Erich,Hettie.Erich@dummymail.com,Hettie.Erich@dummymail.com,police officer
331,Emelina,Wenda,Emelina.Wenda@dummymail.com,Emelina.Wenda@dummymail.com,worker
332,Gertrud,Peti,Gertrud.Peti@dummymail.com,Gertrud.Peti@dummymail.com,firefighter
333,Chere,Torray,Chere.Torray@dummymail.com,Chere.Torray@dummymail.com,doctor
334,Monika,Bollay,Monika.Bollay@dummymail.com,Monika.Bollay@dummymail.com,firefighter
335,Trudie,Bord,Trudie.Bord@dummymail.com,Trudie.Bord@dummymail.com,police officer
336,Catrina,Teddman,Catrina.Teddman@dummymail.com,Catrina.Teddman@dummymail.com,doctor
337,Ernesta,Revkah,Ernesta.Revkah@dummymail.com,Ernesta.Revkah@dummymail.com,developer
338,Blinni,Emerson,Blinni.Emerson@dummymail.com,Blinni.Emerson@dummymail.com,firefighter
339,Christy,Vivle,Christy.Vivle@dummymail.com,Christy.Vivle@dummymail.com,doctor
340,Amii,Parette,Amii.Parette@dummymail.com,Amii.Parette@dummymail.com,developer
341,Danika,Giule,Danika.Giule@dummymail.com,Danika.Giule@dummymail.com,doctor
342,Gretal,Borrell,Gretal.Borrell@dummymail.com,Gretal.Borrell@dummymail.com,firefighter
343,Camile,Jorgan,Camile.Jorgan@dummymail.com,Camile.Jorgan@dummymail.com,doctor
344,Ethel,Codding,Ethel.Codding@dummymail.com,Ethel.Codding@dummymail.com,developer
345,Arlina,Gladstone,Arlina.Gladstone@dummymail.com,Arlina.Gladstone@dummymail.com,firefighter
346,Elsie,Matthew,Elsie.Matthew@dummymail.com,Elsie.Matthew@dummymail.com,doctor
347,Averyl,Shelba,Averyl.Shelba@dummymail.com,Averyl.Shelba@dummymail.com,doctor
348,Gabi,Norrie,Gabi.Norrie@dummymail.com,Gabi.Norrie@dummymail.com,developer
349,Marita,Barbey,Marita.Barbey@dummymail.com,Marita.Barbey@dummymail.com,firefighter
350,Bill,Brodench,Bill.Brodench@dummymail.com,Bill.Brodench@dummymail.com,firefighter
351,Marnia,Martsen,Marnia.Martsen@dummymail.com,Marnia.Martsen@dummymail.com,police officer
352,Rani,Fiann,Rani.Fiann@dummymail.com,Rani.Fiann@dummymail.com,doctor
353,Marguerite,Berriman,Marguerite.Berriman@dummymail.com,Marguerite.Berriman@dummymail.com,developer
354,Jany,An,Jany.An@dummymail.com,Jany.An@dummymail.com,police officer
355,Felice,Jacqui,Felice.Jacqui@dummymail.com,Felice.Jacqui@dummymail.com,worker
356,Mignon,Angelis,Mignon.Angelis@dummymail.com,Mignon.Angelis@dummymail.com,developer
357,Dotty,Jeanne,Dotty.Jeanne@dummymail.com,Dotty.Jeanne@dummymail.com,firefighter
358,Allyce,Yuille,Allyce.Yuille@dummymail.com,Allyce.Yuille@dummymail.com,developer
359,Almeta,Hourigan,Almeta.Hourigan@dummymail.com,Almeta.Hourigan@dummymail.com,developer
360,Maurene,Valoniah,Maurene.Valoniah@dummymail.com,Maurene.Valoniah@dummymail.com,worker
361,Tersina,Emerson,Tersina.Emerson@dummymail.com,Tersina.Emerson@dummymail.com,police officer
362,Anthia,Riordan,Anthia.Riordan@dummymail.com,Anthia.Riordan@dummymail.com,police officer
363,Meg,Tengdin,Meg.Tengdin@dummymail.com,Meg.Tengdin@dummymail.com,developer
364,Joane,Wittie,Joane.Wittie@dummymail.com,Joane.Wittie@dummymail.com,firefighter
365,Nyssa,Merell,Nyssa.Merell@dummymail.com,Nyssa.Merell@dummymail.com,firefighter
366,Latisha,Georgy,Latisha.Georgy@dummymail.com,Latisha.Georgy@dummymail.com,worker
367,Averyl,Reidar,Averyl.Reidar@dummymail.com,Averyl.Reidar@dummymail.com,worker
368,Cherrita,Bari,Cherrita.Bari@dummymail.com,Cherrita.Bari@dummymail.com,firefighter
369,Gale,Iaverne,Gale.Iaverne@dummymail.com,Gale.Iaverne@dummymail.com,doctor
370,Stephanie,Lewes,Stephanie.Lewes@dummymail.com,Stephanie.Lewes@dummymail.com,firefighter
371,Mignon,Emerson,Mignon.Emerson@dummymail.com,Mignon.Emerson@dummymail.com,worker
372,Doro,Lemuela,Doro.Lemuela@dummymail.com,Doro.Lemuela@dummymail.com,developer
373,Roxane,Hurley,Roxane.Hurley@dummymail.com,Roxane.Hurley@dummymail.com,developer
374,Cassondra,Philoo,Cassondra.Philoo@dummymail.com,Cassondra.Philoo@dummymail.com,firefighter
375,Doro,Seagraves,Doro.Seagraves@dummymail.com,Doro.Seagraves@dummymail.com,firefighter
376,Yetty,Lenny,Yetty.Lenny@dummymail.com,Yetty.Lenny@dummymail.com,doctor
377,Hollie,Yorick,Hollie.Yorick@dummymail.com,Hollie.Yorick@dummymail.com,firefighter
378,Raf,Revkah,Raf.Revkah@dummymail.com,Raf.Revkah@dummymail.com,worker
379,Rhea,Thornburg,Rhea.Thornburg@dummymail.com,Rhea.Thornburg@dummymail.com,police officer
380,Flo,Medrek,Flo.Medrek@dummymail.com,Flo.Medrek@dummymail.com,police officer
381,Ezmeralda,Audly,Ezmeralda.Audly@dummymail.com,Ezmeralda.Audly@dummymail.com,developer
382,Madalyn,Mintz,Madalyn.Mintz@dummymail.com,Madalyn.Mintz@dummymail.com,developer
383,Dominga,Clywd,Dominga.Clywd@dummymail.com,Dominga.Clywd@dummymail.com,worker
384,Frances,Santoro,Frances.Santoro@dummymail.com,Frances.Santoro@dummymail.com,firefighter
385,Natka,Medrek,Natka.Medrek@dummymail.com,Natka.Medrek@dummymail.com,doctor
386,Brynna,Firmin,Brynna.Firmin@dummymail.com,Brynna.Firmin@dummymail.com,doctor
387,Lauryn,Artie,Lauryn.Artie@dummymail.com,Lauryn.Artie@dummymail.com,worker
388,Ericka,Norvol,Ericka.Norvol@dummymail.com,Ericka.Norvol@dummymail.com,firefighter
389,Sam,Karl,Sam.Karl@dummymail.com,Sam.Karl@dummymail.com,doctor
390,Asia,Regan,Asia.Regan@dummymail.com,Asia.Regan@dummymail.com,doctor
391,Tressa,Sadowski,Tressa.Sadowski@dummymail.com,Tressa.Sadowski@dummymail.com,doctor
392,Andeee,Pond,Andeee.Pond@dummymail.com,Andeee.Pond@dummymail.com,developer
393,Mureil,Grosz,Mureil.Grosz@dummymail.com,Mureil.Grosz@dummymail.com,firefighter
394,Hildegaard,Alabaster,Hildegaard.Alabaster@dummymail.com,Hildegaard.Alabaster@dummymail.com,developer
395,Ketti,Alcott,Ketti.Alcott@dummymail.com,Ketti.Alcott@dummymail.com,police officer
396,Ermengarde,Couture,Ermengarde.Couture@dummymail.com,Ermengarde.Couture@dummymail.com,police officer
397,Candy,Ventre,Candy.Ventre@dummymail.com,Candy.Ventre@dummymail.com,doctor
398,Debee,Colbert,Debee.Colbert@dummymail.com,Debee.Colbert@dummymail.com,doctor
399,Gretal,Argus,Gretal.Argus@dummymail.com,Gretal.Argus@dummymail.com,doctor
400,Bibby,Sandye,Bibby.Sandye@dummymail.com,Bibby.Sandye@dummymail.com,doctor
401,Corene,Lissi,Corene.Lissi@dummymail.com,Corene.Lissi@dummymail.com,firefighter
402,Tierney,Kronfeld,Tierney.Kronfeld@dummymail.com,Tierney.Kronfeld@dummymail.com,firefighter
403,Cherilyn,Morgun,Cherilyn.Morgun@dummymail.com,Cherilyn.Morgun@dummymail.com,developer
404,Betta,Zina,Betta.Zina@dummymail.com,Betta.Zina@dummymail.com,police officer
405,Kirbee,Parette,Kirbee.Parette@dummymail.com,Kirbee.Parette@dummymail.com,firefighter
406,Emmey,Adlare,Emmey.Adlare@dummymail.com,Emmey.Adlare@dummymail.com,police officer
407,Mildrid,Himelman,Mildrid.Himelman@dummymail.com,Mildrid.Himelman@dummymail.com,police officer
408,Moyna,Leary,Moyna.Leary@dummymail.com,Moyna.Leary@dummymail.com,doctor
409,Glenda,Dudley,Glenda.Dudley@dummymail.com,Glenda.Dudley@dummymail.com,developer
410,Layla,Tice,Layla.Tice@dummymail.com,Layla.Tice@dummymail.com,developer
411,Nonnah,My,Nonnah.My@dummymail.com,Nonnah.My@dummymail.com,worker
412,Harrietta,Anselmi,Harrietta.Anselmi@dummymail.com,Harrietta.Anselmi@dummymail.com,firefighter
413,Tera,Melony,Tera.Melony@dummymail.com,Tera.Melony@dummymail.com,worker
414,Lynde,Dearborn,Lynde.Dearborn@dummymail.com,Lynde.Dearborn@dummymail.com,doctor
415,Cathie,Melony,Cathie.Melony@dummymail.com,Cathie.Melony@dummymail.com,firefighter
416,Aryn,Olympium,Aryn.Olympium@dummymail.com,Aryn.Olympium@dummymail.com,police officer
417,Willetta,Alice,Willetta.Alice@dummymail.com,Willetta.Alice@dummymail.com,worker
418,Bee,Adore,Bee.Adore@dummymail.com,Bee.Adore@dummymail.com,doctor
419,Addia,Marisa,Addia.Marisa@dummymail.com,Addia.Marisa@dummymail.com,worker
420,Roberta,Carey,Roberta.Carey@dummymail.com,Roberta.Carey@dummymail.com,police officer
421,Regina,Cecile,Regina.Cecile@dummymail.com,Regina.Cecile@dummymail.com,police officer
422,Deirdre,Sundin,Deirdre.Sundin@dummymail.com,Deirdre.Sundin@dummymail.com,worker
423,Kore,Melleta,Kore.Melleta@dummymail.com,Kore.Melleta@dummymail.com,firefighter
424,Mallory,Melleta,Mallory.Melleta@dummymail.com,Mallory.Melleta@dummymail.com,police officer
425,Mildrid,Modie,Mildrid.Modie@dummymail.com,Mildrid.Modie@dummymail.com,worker
426,Gavrielle,Slifka,Gavrielle.Slifka@dummymail.com,Gavrielle.Slifka@dummymail.com,worker
427,Esmeralda,Gunn,Esmeralda.Gunn@dummymail.com,Esmeralda.Gunn@dummymail.com,doctor
428,Damaris,Lacombe,Damaris.Lacombe@dummymail.com,Damaris.Lacombe@dummymail.com,developer
429,Grier,Henrie,Grier.Henrie@dummymail.com,Grier.Henrie@dummymail.com,police officer
430,Vevay,Raffo,Vevay.Raffo@dummymail.com,Vevay.Raffo@dummymail.com,worker
431,Isa,Artie,Isa.Artie@dummymail.com,Isa.Artie@dummymail.com,police officer
432,Jenda,Ellord,Jenda.Ellord@dummymail.com,Jenda.Ellord@dummymail.com,doctor
433,Viki,Vacuva,Viki.Vacuva@dummymail.com,Viki.Vacuva@dummymail.com,doctor
434,Tonia,Liva,Tonia.Liva@dummymail.com,Tonia.Liva@dummymail.com,police officer
435,Kirbee,Jena,Kirbee.Jena@dummymail.com,Kirbee.Jena@dummymail.com,developer
436,Danny,Adalbert,Danny.Adalbert@dummymail.com,Danny.Adalbert@dummymail.com,worker
437,Ethel,Chick,Ethel.Chick@dummymail.com,Ethel.Chick@dummymail.com,police officer
438,Giustina,Ingra,Giustina.Ingra@dummymail.com,Giustina.Ingra@dummymail.com,firefighter
439,Caritta,Adamsen,Caritta.Adamsen@dummymail.com,Caritta.Adamsen@dummymail.com,doctor
440,Karena,Marijo,Karena.Marijo@dummymail.com,Karena.Marijo@dummymail.com,firefighter
441,Christal,Philipp,Christal.Philipp@dummymail.com,Christal.Philipp@dummymail.com,developer
442,Zondra,Allys,Zondra.Allys@dummymail.com,Zondra.Allys@dummymail.com,worker
443,Aubrie,Orlene,Aubrie.Orlene@dummymail.com,Aubrie.Orlene@dummymail.com,developer
444,Mady,Thar,Mady.Thar@dummymail.com,Mady.Thar@dummymail.com,police officer
445,Tracey,Dituri,Tracey.Dituri@dummymail.com,Tracey.Dituri@dummymail.com,developer
446,Lucille,Artie,Lucille.Artie@dummymail.com,Lucille.Artie@dummymail.com,developer
447,Alameda,Sheng,Alameda.Sheng@dummymail.com,Alameda.Sheng@dummymail.com,developer
448,Dorthy,Pillsbury,Dorthy.Pillsbury@dummymail.com,Dorthy.Pillsbury@dummymail.com,worker
449,Mariann,Tippets,Mariann.Tippets@dummymail.com,Mariann.Tippets@dummymail.com,police officer
450,Minda,Halsey,Minda.Halsey@dummymail.com,Minda.Halsey@dummymail.com,firefighter
451,Bobinette,Cyrie,Bobinette.Cyrie@dummymail.com,Bobinette.Cyrie@dummymail.com,firefighter
452,Olivette,Bates,Olivette.Bates@dummymail.com,Olivette.Bates@dummymail.com,developer
453,Tressa,Sadowski,Tressa.Sadowski@dummymail.com,Tressa.Sadowski@dummymail.com,developer
454,Sam,Bertold,Sam.Bertold@dummymail.com,Sam.Bertold@dummymail.com,doctor
455,Lynde,Pernick,Lynde.Pernick@dummymail.com,Lynde.Pernick@dummymail.com,worker
456,Tarra,Edison,Tarra.Edison@dummymail.com,Tarra.Edison@dummymail.com,worker
457,Wilma,Fiann,Wilma.Fiann@dummymail.com,Wilma.Fiann@dummymail.com,developer
458,Deane,Land,Deane.Land@dummymail.com,Deane.Land@dummymail.com,developer
459,Nikki,Gordon,Nikki.Gordon@dummymail.com,Nikki.Gordon@dummymail.com,worker
460,Claudina,Schroth,Claudina.Schroth@dummymail.com,Claudina.Schroth@dummymail.com,firefighter
461,Diena,Dielu,Diena.Dielu@dummymail.com,Diena.Dielu@dummymail.com,developer
462,Kirbee,Trey,Kirbee.Trey@dummymail.com,Kirbee.Trey@dummymail.com,developer
463,Fayre,Kalinda,Fayre.Kalinda@dummymail.com,Fayre.Kalinda@dummymail.com,police officer
464,Sindee,Kare,Sindee.Kare@dummymail.com,Sindee.Kare@dummymail.com,police officer
465,Sue,Wenoa,Sue.Wenoa@dummymail.com,Sue.Wenoa@dummymail.com,firefighter
466,Tori,Astra,Tori.Astra@dummymail.com,Tori.Astra@dummymail.com,firefighter
467,Kara-Lynn,Pelagias,Kara-Lynn.Pelagias@dummymail.com,Kara-Lynn.Pelagias@dummymail.com,police officer
468,Willetta,Dimitris,Willetta.Dimitris@dummymail.com,Willetta.Dimitris@dummymail.com,worker
469,Sara-Ann,Obed,Sara-Ann.Obed@dummymail.com,Sara-Ann.Obed@dummymail.com,worker
470,Shandie,Alejoa,Shandie.Alejoa@dummymail.com,Shandie.Alejoa@dummymail.com,doctor
471,Trixi,Cottle,Trixi.Cottle@dummymail.com,Trixi.Cottle@dummymail.com,developer
472,Carilyn,Stanwood,Carilyn.Stanwood@dummymail.com,Carilyn.Stanwood@dummymail.com,developer
473,Amara,Jacqui,Amara.Jacqui@dummymail.com,Amara.Jacqui@dummymail.com,doctor
474,Margalo,Dowski,Margalo.Dowski@dummymail.com,Margalo.Dowski@dummymail.com,doctor
475,Nananne,Granoff,Nananne.Granoff@dummymail.com,Nananne.Granoff@dummymail.com,police officer
476,Leontine,Elephus,Leontine.Elephus@dummymail.com,Leontine.Elephus@dummymail.com,developer
477,Morganica,Birdella,Morganica.Birdella@dummymail.com,Morganica.Birdella@dummymail.com,worker
478,Cassondra,Schalles,Cassondra.Schalles@dummymail.com,Cassondra.Schalles@dummymail.com,doctor
479,Johna,Letsou,Johna.Letsou@dummymail.com,Johna.Letsou@dummymail.com,doctor
480,Madeleine,Zenas,Madeleine.Zenas@dummymail.com,Madeleine.Zenas@dummymail.com,worker
481,Marsiella,Ivens,Marsiella.Ivens@dummymail.com,Marsiella.Ivens@dummymail.com,police officer
482,Viki,Kaja,Viki.Kaja@dummymail.com,Viki.Kaja@dummymail.com,doctor
483,Katharina,Bryna,Katharina.Bryna@dummymail.com,Katharina.Bryna@dummymail.com,doctor
484,Meghann,Seligman,Meghann.Seligman@dummymail.com,Meghann.Seligman@dummymail.com,firefighter
485,Dulcinea,Raul,Dulcinea.Raul@dummymail.com,Dulcinea.Raul@dummymail.com,doctor
486,Tera,Burkle,Tera.Burkle@dummymail.com,Tera.Burkle@dummymail.com,developer
487,Nessie,Frendel,Nessie.Frendel@dummymail.com,Nessie.Frendel@dummymail.com,doctor
488,Basia,Bultman,Basia.Bultman@dummymail.com,Basia.Bultman@dummymail.com,police officer
489,Felice,Smitt,Felice.Smitt@dummymail.com,Felice.Smitt@dummymail.com,doctor
490,Lilith,Kaete,Lilith.Kaete@dummymail.com,Lilith.Kaete@dummymail.com,firefighter
491,Tracey,Dulciana,Tracey.Dulciana@dummymail.com,Tracey.Dulciana@dummymail.com,police officer
492,Viki,Ellord,Viki.Ellord@dummymail.com,Viki.Ellord@dummymail.com,doctor
493,Peri,Rustice,Peri.Rustice@dummymail.com,Peri.Rustice@dummymail.com,firefighter
494,Marsiella,Gower,Marsiella.Gower@dummymail.com,Marsiella.Gower@dummymail.com,firefighter
495,Oona,Lanita,Oona.Lanita@dummymail.com,Oona.Lanita@dummymail.com,doctor
496,Sue,Giff,Sue.Giff@dummymail.com,Sue.Giff@dummymail.com,police officer
497,Cristine,Goddard,Cristine.Goddard@dummymail.com,Cristine.Goddard@dummymail.com,developer
498,Lizzie,Waite,Lizzie.Waite@dummymail.com,Lizzie.Waite@dummymail.com,firefighter
499,Elmira,Gualtiero,Elmira.Gualtiero@dummymail.com,Elmira.Gualtiero@dummymail.com,police officer
500,Emilia,Kaete,Emilia.Kaete@dummymail.com,Emilia.Kaete@dummymail.com,doctor
501,Kittie,Cordi,Kittie.Cordi@dummymail.com,Kittie.Cordi@dummymail.com,police officer
502,Gavrielle,Schonfeld,Gavrielle.Schonfeld@dummymail.com,Gavrielle.Schonfeld@dummymail.com,developer
503,Tamqrah,Ulphia,Tamqrah.Ulphia@dummymail.com,Tamqrah.Ulphia@dummymail.com,worker
504,Mariele,Lutero,Mariele.Lutero@dummymail.com,Mariele.Lutero@dummymail.com,doctor
505,Blondelle,Concha,Blondelle.Concha@dummymail.com,Blondelle.Concha@dummymail.com,worker
506,Rosanne,Sholley,Rosanne.Sholley@dummymail.com,Rosanne.Sholley@dummymail.com,worker
507,Dotty,Pattin,Dotty.Pattin@dummymail.com,Dotty.Pattin@dummymail.com,police officer
508,Lacie,Stefa,Lacie.Stefa@dummymail.com,Lacie.Stefa@dummymail.com,police officer
509,Constance,Boehike,Constance.Boehike@dummymail.com,Constance.Boehike@dummymail.com,worker
510,Cecile,Redmond,Cecile.Redmond@dummymail.com,Cecile.Redmond@dummymail.com,firefighter
511,Alleen,Haldas,Alleen.Haldas@dummymail.com,Alleen.Haldas@dummymail.com,firefighter
512,Roberta,Clarissa,Roberta.Clarissa@dummymail.com,Roberta.Clarissa@dummymail.com,police officer
513,Kore,Nicoline,Kore.Nicoline@dummymail.com,Kore.Nicoline@dummymail.com,doctor
514,Teriann,Stilwell,Teriann.Stilwell@dummymail.com,Teriann.Stilwell@dummymail.com,developer
515,Ursulina,Swigart,Ursulina.Swigart@dummymail.com,Ursulina.Swigart@dummymail.com,developer
516,Fayre,Virgin,Fayre.Virgin@dummymail.com,Fayre.Virgin@dummymail.com,firefighter
517,Joelly,Harl,Joelly.Harl@dummymail.com,Joelly.Harl@dummymail.com,firefighter
518,Ingrid,Infield,Ingrid.Infield@dummymail.com,Ingrid.Infield@dummymail.com,police officer
519,Devina,Tomasina,Devina.Tomasina@dummymail.com,Devina.Tomasina@dummymail.com,worker
520,Dede,Raimondo,Dede.Raimondo@dummymail.com,Dede.Raimondo@dummymail.com,worker
521,Melisent,Sothena,Melisent.Sothena@dummymail.com,Melisent.Sothena@dummymail.com,worker
522,Berget,Martsen,Berget.Martsen@dummymail.com,Berget.Martsen@dummymail.com,worker
523,Vere,Cornelia,Vere.Cornelia@dummymail.com,Vere.Cornelia@dummymail.com,police officer
524,Marguerite,Gerge,Marguerite.Gerge@dummymail.com,Marguerite.Gerge@dummymail.com,worker
525,Jenda,Edee,Jenda.Edee@dummymail.com,Jenda.Edee@dummymail.com,worker
526,Mathilda,Weitman,Mathilda.Weitman@dummymail.com,Mathilda.Weitman@dummymail.com,developer
527,Sybille,Cressida,Sybille.Cressida@dummymail.com,Sybille.Cressida@dummymail.com,worker
528,Mahalia,Sawtelle,Mahalia.Sawtelle@dummymail.com,Mahalia.Sawtelle@dummymail.com,worker
529,Sonni,Karylin,Sonni.Karylin@dummymail.com,Sonni.Karylin@dummymail.com,worker
530,Jemie,Willie,Jemie.Willie@dummymail.com,Jemie.Willie@dummymail.com,police officer
531,Annice,Susannah,Annice.Susannah@dummymail.com,Annice.Susannah@dummymail.com,worker
532,Isa,Zitvaa,Isa.Zitvaa@dummymail.com,Isa.Zitvaa@dummymail.com,firefighter
533,Allyce,Devlen,Allyce.Devlen@dummymail.com,Allyce.Devlen@dummymail.com,doctor
534,Celene,Seligman,Celene.Seligman@dummymail.com,Celene.Seligman@dummymail.com,doctor
535,Sarette,Love,Sarette.Love@dummymail.com,Sarette.Love@dummymail.com,worker
536,Sybille,Liva,Sybille.Liva@dummymail.com,Sybille.Liva@dummymail.com,doctor
537,Suzette,Rese,Suzette.Rese@dummymail.com,Suzette.Rese@dummymail.com,doctor
538,Lory,Lory,Lory.Lory@dummymail.com,Lory.Lory@dummymail.com,firefighter
539,Shell,Susannah,Shell.Susannah@dummymail.com,Shell.Susannah@dummymail.com,police officer
540,Lauryn,Chaing,Lauryn.Chaing@dummymail.com,Lauryn.Chaing@dummymail.com,doctor
541,Laurene,Naashom,Laurene.Naashom@dummymail.com,Laurene.Naashom@dummymail.com,worker
542,Tabbatha,Donoghue,Tabbatha.Donoghue@dummymail.com,Tabbatha.Donoghue@dummymail.com,doctor
543,Allyce,Lia,Allyce.Lia@dummymail.com,Allyce.Lia@dummymail.com,doctor
544,Ebonee,Mandler,Ebonee.Mandler@dummymail.com,Ebonee.Mandler@dummymail.com,developer
545,Alie,Jammal,Alie.Jammal@dummymail.com,Alie.Jammal@dummymail.com,doctor
546,Laurene,Brittani,Laurene.Brittani@dummymail.com,Laurene.Brittani@dummymail.com,developer
547,June,Si,June.Si@dummymail.com,June.Si@dummymail.com,police officer
548,Clary,Kronfeld,Clary.Kronfeld@dummymail.com,Clary.Kronfeld@dummymail.com,developer
549,Kelly,Telfer,Kelly.Telfer@dummymail.com,Kelly.Telfer@dummymail.com,firefighter
550,Miquela,Kimmie,Miquela.Kimmie@dummymail.com,Miquela.Kimmie@dummymail.com,developer
551,Doro,Eldrid,Doro.Eldrid@dummymail.com,Doro.Eldrid@dummymail.com,developer
552,Raina,Norvol,Raina.Norvol@dummymail.com,Raina.Norvol@dummymail.com,firefighter
553,Giustina,Tillford,Giustina.Tillford@dummymail.com,Giustina.Tillford@dummymail.com,developer
554,Raf,Goode,Raf.Goode@dummymail.com,Raf.Goode@dummymail.com,worker
555,Lexine,Wareing,Lexine.Wareing@dummymail.com,Lexine.Wareing@dummymail.com,firefighter
556,Wileen,Lynn,Wileen.Lynn@dummymail.com,Wileen.Lynn@dummymail.com,firefighter
557,Shell,Adlare,Shell.Adlare@dummymail.com,Shell.Adlare@dummymail.com,developer
558,Viviene,Sherrie,Viviene.Sherrie@dummymail.com,Viviene.Sherrie@dummymail.com,doctor
559,Cristabel,Sammons,Cristabel.Sammons@dummymail.com,Cristabel.Sammons@dummymail.com,developer
560,Amara,Braun,Amara.Braun@dummymail.com,Amara.Braun@dummymail.com,worker
561,Jsandye,Armanda,Jsandye.Armanda@dummymail.com,Jsandye.Armanda@dummymail.com,doctor
562,Kayla,Orelee,Kayla.Orelee@dummymail.com,Kayla.Orelee@dummymail.com,developer
563,Genovera,Thema,Genovera.Thema@dummymail.com,Genovera.Thema@dummymail.com,developer
564,Valera,Vacuva,Valera.Vacuva@dummymail.com,Valera.Vacuva@dummymail.com,police officer
565,Veda,Wooster,Veda.Wooster@dummymail.com,Veda.Wooster@dummymail.com,firefighter
566,Frances,Kauppi,Frances.Kauppi@dummymail.com,Frances.Kauppi@dummymail.com,doctor
567,Lilith,Anderea,Lilith.Anderea@dummymail.com,Lilith.Anderea@dummymail.com,developer
568,Cherilyn,Ricki,Cherilyn.Ricki@dummymail.com,Cherilyn.Ricki@dummymail.com,worker
569,Dennie,Grayce,Dennie.Grayce@dummymail.com,Dennie.Grayce@dummymail.com,developer
570,Vita,Bertold,Vita.Bertold@dummymail.com,Vita.Bertold@dummymail.com,developer
571,Vinita,Rossner,Vinita.Rossner@dummymail.com,Vinita.Rossner@dummymail.com,developer
572,Estell,Othilia,Estell.Othilia@dummymail.com,Estell.Othilia@dummymail.com,police officer
573,Caressa,Slifka,Caressa.Slifka@dummymail.com,Caressa.Slifka@dummymail.com,developer
574,Susan,Medrek,Susan.Medrek@dummymail.com,Susan.Medrek@dummymail.com,developer
575,Helsa,Barrus,Helsa.Barrus@dummymail.com,Helsa.Barrus@dummymail.com,police officer
576,Katuscha,Sheedy,Katuscha.Sheedy@dummymail.com,Katuscha.Sheedy@dummymail.com,developer
577,Lorie,Rocray,Lorie.Rocray@dummymail.com,Lorie.Rocray@dummymail.com,firefighter
578,Theodora,Raychel,Theodora.Raychel@dummymail.com,Theodora.Raychel@dummymail.com,worker
579,Pierette,Mehalek,Pierette.Mehalek@dummymail.com,Pierette.Mehalek@dummymail.com,developer
580,Madeleine,Abram,Madeleine.Abram@dummymail.com,Madeleine.Abram@dummymail.com,doctor
581,Ada,Faust,Ada.Faust@dummymail.com,Ada.Faust@dummymail.com,worker
582,Kittie,Eben,Kittie.Eben@dummymail.com,Kittie.Eben@dummymail.com,developer
583,Meriel,Guthrie,Meriel.Guthrie@dummymail.com,Meriel.Guthrie@dummymail.com,worker
584,Tersina,Idelia,Tersina.Idelia@dummymail.com,Tersina.Idelia@dummymail.com,worker
585,Sindee,Vorster,Sindee.Vorster@dummymail.com,Sindee.Vorster@dummymail.com,police officer
586,Lorenza,Milde,Lorenza.Milde@dummymail.com,Lorenza.Milde@dummymail.com,doctor
587,Mahalia,Celestine,Mahalia.Celestine@dummymail.com,Mahalia.Celestine@dummymail.com,police officer
588,Ellette,Carey,Ellette.Carey@dummymail.com,Ellette.Carey@dummymail.com,police officer
589,Arlina,Abram,Arlina.Abram@dummymail.com,Arlina.Abram@dummymail.com,doctor
590,Rochette,Cookie,Rochette.Cookie@dummymail.com,Rochette.Cookie@dummymail.com,doctor
591,Bibby,Breed,Bibby.Breed@dummymail.com,Bibby.Breed@dummymail.com,firefighter
592,Raquela,Khorma,Raquela.Khorma@dummymail.com,Raquela.Khorma@dummymail.com,worker
593,Eugine,Reinke,Eugine.Reinke@dummymail.com,Eugine.Reinke@dummymail.com,police officer
594,Vere,Ricarda,Vere.Ricarda@dummymail.com,Vere.Ricarda@dummymail.com,developer
595,Lita,Stover,Lita.Stover@dummymail.com,Lita.Stover@dummymail.com,worker
596,Valeda,Pascia,Valeda.Pascia@dummymail.com,Valeda.Pascia@dummymail.com,worker
597,Ida,Bakerman,Ida.Bakerman@dummymail.com,Ida.Bakerman@dummymail.com,firefighter
598,Tamqrah,Terrence,Tamqrah.Terrence@dummymail.com,Tamqrah.Terrence@dummymail.com,police officer
599,Morganica,Miru,Morganica.Miru@dummymail.com,Morganica.Miru@dummymail.com,developer
600,Mamie,Gombach,Mamie.Gombach@dummymail.com,Mamie.Gombach@dummymail.com,developer
601,Ermengarde,Gamaliel,Ermengarde.Gamaliel@dummymail.com,Ermengarde.Gamaliel@dummymail.com,developer
602,Alexine,Madox,Alexine.Madox@dummymail.com,Alexine.Madox@dummymail.com,police officer
603,Addia,Pattin,Addia.Pattin@dummymail.com,Addia.Pattin@dummymail.com,doctor
604,Celene,Doig,Celene.Doig@dummymail.com,Celene.Doig@dummymail.com,developer
605,Joleen,Edee,Joleen.Edee@dummymail.com,Joleen.Edee@dummymail.com,firefighter
606,Riannon,Hylan,Riannon.Hylan@dummymail.com,Riannon.Hylan@dummymail.com,developer
607,Carly,Willie,Carly.Willie@dummymail.com,Carly.Willie@dummymail.com,police officer
608,Jenda,Yuille,Jenda.Yuille@dummymail.com,Jenda.Yuille@dummymail.com,developer
609,Livvyy,Janene,Livvyy.Janene@dummymail.com,Livvyy.Janene@dummymail.com,doctor
610,Giustina,Hazlett,Giustina.Hazlett@dummymail.com,Giustina.Hazlett@dummymail.com,worker
611,Suzette,Ruvolo,Suzette.Ruvolo@dummymail.com,Suzette.Ruvolo@dummymail.com,police officer
612,Roxane,Whiffen,Roxane.Whiffen@dummymail.com,Roxane.Whiffen@dummymail.com,doctor
613,Dari,Capello,Dari.Capello@dummymail.com,Dari.Capello@dummymail.com,developer
614,Cristine,Forrer,Cristine.Forrer@dummymail.com,Cristine.Forrer@dummymail.com,developer
615,Cherilyn,Saree,Cherilyn.Saree@dummymail.com,Cherilyn.Saree@dummymail.com,firefighter
616,Chrystel,Fleeta,Chrystel.Fleeta@dummymail.com,Chrystel.Fleeta@dummymail.com,doctor
617,Elie,Kylander,Elie.Kylander@dummymail.com,Elie.Kylander@dummymail.com,police officer
618,Romona,Lay,Romona.Lay@dummymail.com,Romona.Lay@dummymail.com,developer
619,Jaclyn,Engdahl,Jaclyn.Engdahl@dummymail.com,Jaclyn.Engdahl@dummymail.com,worker
620,Caressa,Norrie,Caressa.Norrie@dummymail.com,Caressa.Norrie@dummymail.com,developer
621,Zia,Hutchison,Zia.Hutchison@dummymail.com,Zia.Hutchison@dummymail.com,developer
622,Melina,Torray,Melina.Torray@dummymail.com,Melina.Torray@dummymail.com,firefighter
623,Adriana,Ovid,Adriana.Ovid@dummymail.com,Adriana.Ovid@dummymail.com,doctor
624,Averyl,Kristi,Averyl.Kristi@dummymail.com,Averyl.Kristi@dummymail.com,doctor
625,Charmaine,Minetta,Charmaine.Minetta@dummymail.com,Charmaine.Minetta@dummymail.com,doctor
626,Latisha,Arvo,Latisha.Arvo@dummymail.com,Latisha.Arvo@dummymail.com,police officer
627,Teriann,Edmund,Teriann.Edmund@dummymail.com,Teriann.Edmund@dummymail.com,police officer
628,Valli,Seessel,Valli.Seessel@dummymail.com,Valli.Seessel@dummymail.com,developer
629,Shirlee,Nickola,Shirlee.Nickola@dummymail.com,Shirlee.Nickola@dummymail.com,worker
630,Jerry,Raffo,Jerry.Raffo@dummymail.com,Jerry.Raffo@dummymail.com,worker
631,Ginnie,Cristi,Ginnie.Cristi@dummymail.com,Ginnie.Cristi@dummymail.com,worker
632,Evita,Stav,Evita.Stav@dummymail.com,Evita.Stav@dummymail.com,worker
633,Alleen,Allare,Alleen.Allare@dummymail.com,Alleen.Allare@dummymail.com,firefighter
634,Binny,Wu,Binny.Wu@dummymail.com,Binny.Wu@dummymail.com,worker
635,Babita,Destinee,Babita.Destinee@dummymail.com,Babita.Destinee@dummymail.com,worker
636,Gabriellia,Malanie,Gabriellia.Malanie@dummymail.com,Gabriellia.Malanie@dummymail.com,worker
637,Lynea,Grobe,Lynea.Grobe@dummymail.com,Lynea.Grobe@dummymail.com,doctor
638,Christal,Secrest,Christal.Secrest@dummymail.com,Christal.Secrest@dummymail.com,worker
639,Shandie,Meter,Shandie.Meter@dummymail.com,Shandie.Meter@dummymail.com,worker
640,Norine,Girardo,Norine.Girardo@dummymail.com,Norine.Girardo@dummymail.com,worker
641,Pierette,Vanni,Pierette.Vanni@dummymail.com,Pierette.Vanni@dummymail.com,doctor
642,Tiffie,Killigrew,Tiffie.Killigrew@dummymail.com,Tiffie.Killigrew@dummymail.com,firefighter
643,Lolita,Colbert,Lolita.Colbert@dummymail.com,Lolita.Colbert@dummymail.com,firefighter
644,Michaelina,Presber,Michaelina.Presber@dummymail.com,Michaelina.Presber@dummymail.com,worker
645,Dominga,Ursulette,Dominga.Ursulette@dummymail.com,Dominga.Ursulette@dummymail.com,doctor
646,Priscilla,Sherrie,Priscilla.Sherrie@dummymail.com,Priscilla.Sherrie@dummymail.com,firefighter
647,Marline,Jillane,Marline.Jillane@dummymail.com,Marline.Jillane@dummymail.com,developer
648,Mallory,Astra,Mallory.Astra@dummymail.com,Mallory.Astra@dummymail.com,developer
649,Di,Neva,Di.Neva@dummymail.com,Di.Neva@dummymail.com,developer
650,Marleah,Stephie,Marleah.Stephie@dummymail.com,Marleah.Stephie@dummymail.com,doctor
651,Joelly,Ferino,Joelly.Ferino@dummymail.com,Joelly.Ferino@dummymail.com,developer
652,Konstance,Corrine,Konstance.Corrine@dummymail.com,Konstance.Corrine@dummymail.com,developer
653,Debee,Desai,Debee.Desai@dummymail.com,Debee.Desai@dummymail.com,doctor
654,Ernesta,Oneida,Ernesta.Oneida@dummymail.com,Ernesta.Oneida@dummymail.com,police officer
655,Joleen,Dreda,Joleen.Dreda@dummymail.com,Joleen.Dreda@dummymail.com,firefighter
656,Shaine,Ruvolo,Shaine.Ruvolo@dummymail.com,Shaine.Ruvolo@dummymail.com,firefighter
657,Binny,Dominy,Binny.Dominy@dummymail.com,Binny.Dominy@dummymail.com,developer
658,Elfreda,Cecile,Elfreda.Cecile@dummymail.com,Elfreda.Cecile@dummymail.com,police officer
659,Sophia,Jotham,Sophia.Jotham@dummymail.com,Sophia.Jotham@dummymail.com,developer
660,Iseabal,Bibi,Iseabal.Bibi@dummymail.com,Iseabal.Bibi@dummymail.com,police officer
661,Sarette,Arathorn,Sarette.Arathorn@dummymail.com,Sarette.Arathorn@dummymail.com,doctor
662,Cristine,Septima,Cristine.Septima@dummymail.com,Cristine.Septima@dummymail.com,police officer
663,Annecorinne,Erminia,Annecorinne.Erminia@dummymail.com,Annecorinne.Erminia@dummymail.com,worker
664,Willetta,Mitzi,Willetta.Mitzi@dummymail.com,Willetta.Mitzi@dummymail.com,developer
665,Deirdre,Fitzsimmons,Deirdre.Fitzsimmons@dummymail.com,Deirdre.Fitzsimmons@dummymail.com,doctor
666,Genevra,Paton,Genevra.Paton@dummymail.com,Genevra.Paton@dummymail.com,worker
667,Patricia,Colp,Patricia.Colp@dummymail.com,Patricia.Colp@dummymail.com,firefighter
668,Kylynn,Orelee,Kylynn.Orelee@dummymail.com,Kylynn.Orelee@dummymail.com,doctor
669,Jan,Minetta,Jan.Minetta@dummymail.com,Jan.Minetta@dummymail.com,doctor
670,Cathie,Birdella,Cathie.Birdella@dummymail.com,Cathie.Birdella@dummymail.com,doctor
671,Shaine,Krystle,Shaine.Krystle@dummymail.com,Shaine.Krystle@dummymail.com,doctor
672,Lelah,Egbert,Lelah.Egbert@dummymail.com,Lelah.Egbert@dummymail.com,police officer
673,Charmaine,Khorma,Charmaine.Khorma@dummymail.com,Charmaine.Khorma@dummymail.com,doctor
674,Allyce,Sibyls,Allyce.Sibyls@dummymail.com,Allyce.Sibyls@dummymail.com,worker
675,Aili,Jillane,Aili.Jillane@dummymail.com,Aili.Jillane@dummymail.com,firefighter
676,Addia,Luhe,Addia.Luhe@dummymail.com,Addia.Luhe@dummymail.com,doctor
677,Annaliese,Weitman,Annaliese.Weitman@dummymail.com,Annaliese.Weitman@dummymail.com,doctor
678,Gisela,O'Carroll,Gisela.O'Carroll@dummymail.com,Gisela.O'Carroll@dummymail.com,worker
679,Ashlee,Arquit,Ashlee.Arquit@dummymail.com,Ashlee.Arquit@dummymail.com,police officer
680,Rosaline,Weinreb,Rosaline.Weinreb@dummymail.com,Rosaline.Weinreb@dummymail.com,firefighter
681,Cassondra,Septima,Cassondra.Septima@dummymail.com,Cassondra.Septima@dummymail.com,police officer
682,Larine,Leary,Larine.Leary@dummymail.com,Larine.Leary@dummymail.com,police officer
683,Tabbatha,Stoller,Tabbatha.Stoller@dummymail.com,Tabbatha.Stoller@dummymail.com,developer
684,Dominga,Lasley,Dominga.Lasley@dummymail.com,Dominga.Lasley@dummymail.com,firefighter
685,Nannie,Cavan,Nannie.Cavan@dummymail.com,Nannie.Cavan@dummymail.com,firefighter
686,Raf,Giule,Raf.Giule@dummymail.com,Raf.Giule@dummymail.com,developer
687,Kellen,Adore,Kellen.Adore@dummymail.com,Kellen.Adore@dummymail.com,worker
688,Fred,Melony,Fred.Melony@dummymail.com,Fred.Melony@dummymail.com,police officer
689,Pearline,Dimitris,Pearline.Dimitris@dummymail.com,Pearline.Dimitris@dummymail.com,firefighter
690,Alameda,Klemperer,Alameda.Klemperer@dummymail.com,Alameda.Klemperer@dummymail.com,firefighter
691,Georgina,Braun,Georgina.Braun@dummymail.com,Georgina.Braun@dummymail.com,police officer
692,Diena,Dannye,Diena.Dannye@dummymail.com,Diena.Dannye@dummymail.com,worker
693,Kellen,Mich,Kellen.Mich@dummymail.com,Kellen.Mich@dummymail.com,worker
694,Alejandra,Lesley,Alejandra.Lesley@dummymail.com,Alejandra.Lesley@dummymail.com,worker
695,Christy,Clie,Christy.Clie@dummymail.com,Christy.Clie@dummymail.com,developer
696,Agnese,Johanna,Agnese.Johanna@dummymail.com,Agnese.Johanna@dummymail.com,doctor
697,Oralee,Khorma,Oralee.Khorma@dummymail.com,Oralee.Khorma@dummymail.com,worker
698,Latisha,Rodmann,Latisha.Rodmann@dummymail.com,Latisha.Rodmann@dummymail.com,worker
699,Tiffie,Fiann,Tiffie.Fiann@dummymail.com,Tiffie.Fiann@dummymail.com,worker
700,Eve,Israeli,Eve.Israeli@dummymail.com,Eve.Israeli@dummymail.com,worker
701,Eve,Judye,Eve.Judye@dummymail.com,Eve.Judye@dummymail.com,firefighter
702,Roxane,Mozelle,Roxane.Mozelle@dummymail.com,Roxane.Mozelle@dummymail.com,doctor
703,Kathi,Marcellus,Kathi.Marcellus@dummymail.com,Kathi.Marcellus@dummymail.com,worker
704,Carol-Jean,Vanni,Carol-Jean.Vanni@dummymail.com,Carol-Jean.Vanni@dummymail.com,worker
705,Merci,Giule,Merci.Giule@dummymail.com,Merci.Giule@dummymail.com,doctor
706,Zondra,Saint,Zondra.Saint@dummymail.com,Zondra.Saint@dummymail.com,doctor
707,Corry,Mich,Corry.Mich@dummymail.com,Corry.Mich@dummymail.com,doctor
708,Yolane,Keelia,Yolane.Keelia@dummymail.com,Yolane.Keelia@dummymail.com,police officer
709,Ivett,Halsey,Ivett.Halsey@dummymail.com,Ivett.Halsey@dummymail.com,worker
710,Kristina,Raffo,Kristina.Raffo@dummymail.com,Kristina.Raffo@dummymail.com,doctor
711,Zaria,Myrilla,Zaria.Myrilla@dummymail.com,Zaria.Myrilla@dummymail.com,developer
712,Linzy,Blisse,Linzy.Blisse@dummymail.com,Linzy.Blisse@dummymail.com,police officer
713,Ardeen,Elsinore,Ardeen.Elsinore@dummymail.com,Ardeen.Elsinore@dummymail.com,doctor
714,Angelique,Carey,Angelique.Carey@dummymail.com,Angelique.Carey@dummymail.com,developer
715,Corene,Darian,Corene.Darian@dummymail.com,Corene.Darian@dummymail.com,developer
716,Jorry,Sawtelle,Jorry.Sawtelle@dummymail.com,Jorry.Sawtelle@dummymail.com,police officer
717,Lexine,Grayce,Lexine.Grayce@dummymail.com,Lexine.Grayce@dummymail.com,police officer
718,Madelle,Celestine,Madelle.Celestine@dummymail.com,Madelle.Celestine@dummymail.com,doctor
719,Sidoney,Adrienne,Sidoney.Adrienne@dummymail.com,Sidoney.Adrienne@dummymail.com,firefighter
720,Fred,Georas,Fred.Georas@dummymail.com,Fred.Georas@dummymail.com,police officer
721,Marsiella,Trace,Marsiella.Trace@dummymail.com,Marsiella.Trace@dummymail.com,police officer
722,Miquela,Bergman,Miquela.Bergman@dummymail.com,Miquela.Bergman@dummymail.com,doctor
723,Lorenza,Bultman,Lorenza.Bultman@dummymail.com,Lorenza.Bultman@dummymail.com,doctor
724,Damaris,Laverne,Damaris.Laverne@dummymail.com,Damaris.Laverne@dummymail.com,police officer
725,Ruthe,Melan,Ruthe.Melan@dummymail.com,Ruthe.Melan@dummymail.com,doctor
726,Jasmina,Clie,Jasmina.Clie@dummymail.com,Jasmina.Clie@dummymail.com,worker
727,Aimil,Hirsch,Aimil.Hirsch@dummymail.com,Aimil.Hirsch@dummymail.com,police officer
728,Wileen,Holtz,Wileen.Holtz@dummymail.com,Wileen.Holtz@dummymail.com,developer
729,Lesly,Nore,Lesly.Nore@dummymail.com,Lesly.Nore@dummymail.com,worker
730,Bertine,Whiffen,Bertine.Whiffen@dummymail.com,Bertine.Whiffen@dummymail.com,worker
731,Yetty,Vastah,Yetty.Vastah@dummymail.com,Yetty.Vastah@dummymail.com,doctor
732,Glenda,Carolin,Glenda.Carolin@dummymail.com,Glenda.Carolin@dummymail.com,doctor
733,Nyssa,Lenny,Nyssa.Lenny@dummymail.com,Nyssa.Lenny@dummymail.com,firefighter
734,Jaclyn,Markman,Jaclyn.Markman@dummymail.com,Jaclyn.Markman@dummymail.com,doctor
735,Linet,Tjon,Linet.Tjon@dummymail.com,Linet.Tjon@dummymail.com,worker
736,Margarette,McCutcheon,Margarette.McCutcheon@dummymail.com,Margarette.McCutcheon@dummymail.com,police officer
737,Averyl,Erskine,Averyl.Erskine@dummymail.com,Averyl.Erskine@dummymail.com,worker
738,Daphne,Wesle,Daphne.Wesle@dummymail.com,Daphne.Wesle@dummymail.com,doctor
739,Cacilie,Clara,Cacilie.Clara@dummymail.com,Cacilie.Clara@dummymail.com,firefighter
740,Pierette,Ries,Pierette.Ries@dummymail.com,Pierette.Ries@dummymail.com,police officer
741,Blondelle,Deegan,Blondelle.Deegan@dummymail.com,Blondelle.Deegan@dummymail.com,firefighter
742,Augustine,Erskine,Augustine.Erskine@dummymail.com,Augustine.Erskine@dummymail.com,doctor
743,Iseabal,Vorster,Iseabal.Vorster@dummymail.com,Iseabal.Vorster@dummymail.com,developer
744,Rochette,Burch,Rochette.Burch@dummymail.com,Rochette.Burch@dummymail.com,doctor
745,Jaime,Armanda,Jaime.Armanda@dummymail.com,Jaime.Armanda@dummymail.com,police officer
746,Daune,Chem,Daune.Chem@dummymail.com,Daune.Chem@dummymail.com,developer
747,Peri,Destinee,Peri.Destinee@dummymail.com,Peri.Destinee@dummymail.com,police officer
748,Alie,Haymes,Alie.Haymes@dummymail.com,Alie.Haymes@dummymail.com,doctor
749,Arlina,Fairweather,Arlina.Fairweather@dummymail.com,Arlina.Fairweather@dummymail.com,firefighter
750,Adelle,Felecia,Adelle.Felecia@dummymail.com,Adelle.Felecia@dummymail.com,police officer
751,Ivett,Vharat,Ivett.Vharat@dummymail.com,Ivett.Vharat@dummymail.com,doctor
752,Merle,Hunfredo,Merle.Hunfredo@dummymail.com,Merle.Hunfredo@dummymail.com,doctor
753,Arlena,Louanna,Arlena.Louanna@dummymail.com,Arlena.Louanna@dummymail.com,worker
754,Verla,Anis,Verla.Anis@dummymail.com,Verla.Anis@dummymail.com,doctor
755,Marline,Khorma,Marline.Khorma@dummymail.com,Marline.Khorma@dummymail.com,police officer
756,Aigneis,Bartlett,Aigneis.Bartlett@dummymail.com,Aigneis.Bartlett@dummymail.com,developer
757,Adelle,Markman,Adelle.Markman@dummymail.com,Adelle.Markman@dummymail.com,worker
758,Josephine,Salchunas,Josephine.Salchunas@dummymail.com,Josephine.Salchunas@dummymail.com,worker
759,Melanie,Gombach,Melanie.Gombach@dummymail.com,Melanie.Gombach@dummymail.com,police officer
760,Esmeralda,Seessel,Esmeralda.Seessel@dummymail.com,Esmeralda.Seessel@dummymail.com,firefighter
761,Esmeralda,Huggins,Esmeralda.Huggins@dummymail.com,Esmeralda.Huggins@dummymail.com,firefighter
762,Aigneis,Holtz,Aigneis.Holtz@dummymail.com,Aigneis.Holtz@dummymail.com,worker
763,Ashlee,Cosenza,Ashlee.Cosenza@dummymail.com,Ashlee.Cosenza@dummymail.com,developer
764,Therine,Shuler,Therine.Shuler@dummymail.com,Therine.Shuler@dummymail.com,police officer
765,Grier,Fosque,Grier.Fosque@dummymail.com,Grier.Fosque@dummymail.com,doctor
766,Rhoda,Borrell,Rhoda.Borrell@dummymail.com,Rhoda.Borrell@dummymail.com,doctor
767,Catrina,Orlene,Catrina.Orlene@dummymail.com,Catrina.Orlene@dummymail.com,doctor
768,Belinda,Septima,Belinda.Septima@dummymail.com,Belinda.Septima@dummymail.com,police officer
769,Alleen,Swigart,Alleen.Swigart@dummymail.com,Alleen.Swigart@dummymail.com,worker
770,Marcelline,Maryanne,Marcelline.Maryanne@dummymail.com,Marcelline.Maryanne@dummymail.com,worker
771,Genevra,Chabot,Genevra.Chabot@dummymail.com,Genevra.Chabot@dummymail.com,police officer
772,Norine,Jillane,Norine.Jillane@dummymail.com,Norine.Jillane@dummymail.com,police officer
773,Emma,Arathorn,Emma.Arathorn@dummymail.com,Emma.Arathorn@dummymail.com,worker
774,Berta,Hanshaw,Berta.Hanshaw@dummymail.com,Berta.Hanshaw@dummymail.com,doctor
775,Agathe,Stilwell,Agathe.Stilwell@dummymail.com,Agathe.Stilwell@dummymail.com,doctor
776,Paule,Drisko,Paule.Drisko@dummymail.com,Paule.Drisko@dummymail.com,doctor
777,Jasmina,Wenda,Jasmina.Wenda@dummymail.com,Jasmina.Wenda@dummymail.com,developer
778,Gisela,Wandie,Gisela.Wandie@dummymail.com,Gisela.Wandie@dummymail.com,worker
779,Maud,Hathaway,Maud.Hathaway@dummymail.com,Maud.Hathaway@dummymail.com,worker
780,Shell,Vacuva,Shell.Vacuva@dummymail.com,Shell.Vacuva@dummymail.com,doctor
781,Carly,Shaver,Carly.Shaver@dummymail.com,Carly.Shaver@dummymail.com,worker
782,Jolyn,Fancie,Jolyn.Fancie@dummymail.com,Jolyn.Fancie@dummymail.com,worker
783,Briney,MacIntosh,Briney.MacIntosh@dummymail.com,Briney.MacIntosh@dummymail.com,firefighter
784,Lanna,Lunsford,Lanna.Lunsford@dummymail.com,Lanna.Lunsford@dummymail.com,developer
785,Karena,Amethist,Karena.Amethist@dummymail.com,Karena.Amethist@dummymail.com,police officer
786,Codie,Reneta,Codie.Reneta@dummymail.com,Codie.Reneta@dummymail.com,doctor
787,Gretal,O'Carroll,Gretal.O'Carroll@dummymail.com,Gretal.O'Carroll@dummymail.com,police officer
788,Nickie,Hourigan,Nickie.Hourigan@dummymail.com,Nickie.Hourigan@dummymail.com,police officer
789,Roslyn,Lorenz,Roslyn.Lorenz@dummymail.com,Roslyn.Lorenz@dummymail.com,police officer
790,Suzette,Jarib,Suzette.Jarib@dummymail.com,Suzette.Jarib@dummymail.com,developer
791,Winifred,Markman,Winifred.Markman@dummymail.com,Winifred.Markman@dummymail.com,police officer
792,Nickie,Lymann,Nickie.Lymann@dummymail.com,Nickie.Lymann@dummymail.com,developer
793,Zsa Zsa,Goldina,Zsa Zsa.Goldina@dummymail.com,Zsa Zsa.Goldina@dummymail.com,worker
794,Judy,Revkah,Judy.Revkah@dummymail.com,Judy.Revkah@dummymail.com,police officer
795,Pollyanna,Greyson,Pollyanna.Greyson@dummymail.com,Pollyanna.Greyson@dummymail.com,worker
796,Clary,Wattenberg,Clary.Wattenberg@dummymail.com,Clary.Wattenberg@dummymail.com,firefighter
797,Calla,Hieronymus,Calla.Hieronymus@dummymail.com,Calla.Hieronymus@dummymail.com,worker
798,Cathie,Codding,Cathie.Codding@dummymail.com,Cathie.Codding@dummymail.com,police officer
799,Di,Libna,Di.Libna@dummymail.com,Di.Libna@dummymail.com,firefighter
800,Ardys,Bultman,Ardys.Bultman@dummymail.com,Ardys.Bultman@dummymail.com,firefighter
801,Dulcinea,Jobi,Dulcinea.Jobi@dummymail.com,Dulcinea.Jobi@dummymail.com,developer
802,Yvonne,Magnolia,Yvonne.Magnolia@dummymail.com,Yvonne.Magnolia@dummymail.com,worker
803,Leona,Afton,Leona.Afton@dummymail.com,Leona.Afton@dummymail.com,police officer
804,Elvira,Clara,Elvira.Clara@dummymail.com,Elvira.Clara@dummymail.com,doctor
805,Lesly,Ulphia,Lesly.Ulphia@dummymail.com,Lesly.Ulphia@dummymail.com,developer
806,Fawne,Gherardo,Fawne.Gherardo@dummymail.com,Fawne.Gherardo@dummymail.com,police officer
807,Zia,Suzetta,Zia.Suzetta@dummymail.com,Zia.Suzetta@dummymail.com,firefighter
808,Jemie,Egbert,Jemie.Egbert@dummymail.com,Jemie.Egbert@dummymail.com,worker
809,Sandie,Garlinda,Sandie.Garlinda@dummymail.com,Sandie.Garlinda@dummymail.com,firefighter
810,Ericka,Xerxes,Ericka.Xerxes@dummymail.com,Ericka.Xerxes@dummymail.com,doctor
811,Sherrie,Rubie,Sherrie.Rubie@dummymail.com,Sherrie.Rubie@dummymail.com,worker
812,Jerry,Bevin,Jerry.Bevin@dummymail.com,Jerry.Bevin@dummymail.com,firefighter
813,Norine,Bergman,Norine.Bergman@dummymail.com,Norine.Bergman@dummymail.com,firefighter
814,Ardys,Verger,Ardys.Verger@dummymail.com,Ardys.Verger@dummymail.com,developer
815,Lorie,Brenn,Lorie.Brenn@dummymail.com,Lorie.Brenn@dummymail.com,police officer
816,Julieta,Hathaway,Julieta.Hathaway@dummymail.com,Julieta.Hathaway@dummymail.com,firefighter
817,Wynne,Hebner,Wynne.Hebner@dummymail.com,Wynne.Hebner@dummymail.com,worker
818,Phylis,Afton,Phylis.Afton@dummymail.com,Phylis.Afton@dummymail.com,developer
819,Emma,Agle,Emma.Agle@dummymail.com,Emma.Agle@dummymail.com,worker
820,Adore,Malanie,Adore.Malanie@dummymail.com,Adore.Malanie@dummymail.com,firefighter
821,Harrietta,Sharl,Harrietta.Sharl@dummymail.com,Harrietta.Sharl@dummymail.com,police officer
822,Laurene,Teddman,Laurene.Teddman@dummymail.com,Laurene.Teddman@dummymail.com,doctor
823,Tonia,Hermes,Tonia.Hermes@dummymail.com,Tonia.Hermes@dummymail.com,worker
824,Karly,Parette,Karly.Parette@dummymail.com,Karly.Parette@dummymail.com,doctor
825,Britni,Lucienne,Britni.Lucienne@dummymail.com,Britni.Lucienne@dummymail.com,worker
826,Merry,Anton,Merry.Anton@dummymail.com,Merry.Anton@dummymail.com,police officer
827,Shell,Randene,Shell.Randene@dummymail.com,Shell.Randene@dummymail.com,police officer
828,Judy,Fancie,Judy.Fancie@dummymail.com,Judy.Fancie@dummymail.com,firefighter
829,Brianna,Liebermann,Brianna.Liebermann@dummymail.com,Brianna.Liebermann@dummymail.com,police officer
830,Charlena,Jammal,Charlena.Jammal@dummymail.com,Charlena.Jammal@dummymail.com,doctor
831,Bertine,Whiffen,Bertine.Whiffen@dummymail.com,Bertine.Whiffen@dummymail.com,police officer
832,Lindie,Rugen,Lindie.Rugen@dummymail.com,Lindie.Rugen@dummymail.com,worker
833,Caryl,Knowling,Caryl.Knowling@dummymail.com,Caryl.Knowling@dummymail.com,developer
834,Lanae,Modie,Lanae.Modie@dummymail.com,Lanae.Modie@dummymail.com,worker
835,Fanny,Carvey,Fanny.Carvey@dummymail.com,Fanny.Carvey@dummymail.com,developer
836,Tomasina,Eiser,Tomasina.Eiser@dummymail.com,Tomasina.Eiser@dummymail.com,doctor
837,Calla,Billye,Calla.Billye@dummymail.com,Calla.Billye@dummymail.com,firefighter
838,Meriel,Sherrie,Meriel.Sherrie@dummymail.com,Meriel.Sherrie@dummymail.com,developer
839,Quintina,Boycey,Quintina.Boycey@dummymail.com,Quintina.Boycey@dummymail.com,developer
840,Allis,Rooney,Allis.Rooney@dummymail.com,Allis.Rooney@dummymail.com,police officer
841,Belva,Florina,Belva.Florina@dummymail.com,Belva.Florina@dummymail.com,firefighter
842,Mary,Daegal,Mary.Daegal@dummymail.com,Mary.Daegal@dummymail.com,police officer
843,Angela,Laurianne,Angela.Laurianne@dummymail.com,Angela.Laurianne@dummymail.com,firefighter
844,Raf,Milson,Raf.Milson@dummymail.com,Raf.Milson@dummymail.com,police officer
845,Vita,Boycey,Vita.Boycey@dummymail.com,Vita.Boycey@dummymail.com,developer
846,Chrystel,Nelsen,Chrystel.Nelsen@dummymail.com,Chrystel.Nelsen@dummymail.com,police officer
847,Rhea,Anyah,Rhea.Anyah@dummymail.com,Rhea.Anyah@dummymail.com,developer
848,Hollie,Rheingold,Hollie.Rheingold@dummymail.com,Hollie.Rheingold@dummymail.com,developer
849,Raf,Ilka,Raf.Ilka@dummymail.com,Raf.Ilka@dummymail.com,doctor
850,Aryn,Bendick,Aryn.Bendick@dummymail.com,Aryn.Bendick@dummymail.com,developer
851,Charmaine,Bultman,Charmaine.Bultman@dummymail.com,Charmaine.Bultman@dummymail.com,firefighter
852,Selma,Kermit,Selma.Kermit@dummymail.com,Selma.Kermit@dummymail.com,police officer
853,Alejandra,Middleton,Alejandra.Middleton@dummymail.com,Alejandra.Middleton@dummymail.com,police officer
854,Cissiee,Obed,Cissiee.Obed@dummymail.com,Cissiee.Obed@dummymail.com,developer
855,Annice,Pattin,Annice.Pattin@dummymail.com,Annice.Pattin@dummymail.com,firefighter
856,Chastity,O'Neill,Chastity.O'Neill@dummymail.com,Chastity.O'Neill@dummymail.com,police officer
857,Ofilia,Franza,Ofilia.Franza@dummymail.com,Ofilia.Franza@dummymail.com,doctor
858,Krystle,Damarra,Krystle.Damarra@dummymail.com,Krystle.Damarra@dummymail.com,firefighter
859,Dode,Telfer,Dode.Telfer@dummymail.com,Dode.Telfer@dummymail.com,doctor
860,Kelly,Berriman,Kelly.Berriman@dummymail.com,Kelly.Berriman@dummymail.com,doctor
861,Roxane,Faso,Roxane.Faso@dummymail.com,Roxane.Faso@dummymail.com,worker
862,Elora,Lutero,Elora.Lutero@dummymail.com,Elora.Lutero@dummymail.com,worker
863,Genovera,Yorick,Genovera.Yorick@dummymail.com,Genovera.Yorick@dummymail.com,developer
864,Dulce,Tjon,Dulce.Tjon@dummymail.com,Dulce.Tjon@dummymail.com,police officer
865,Leanna,Saree,Leanna.Saree@dummymail.com,Leanna.Saree@dummymail.com,police officer
866,Dale,Wooster,Dale.Wooster@dummymail.com,Dale.Wooster@dummymail.com,firefighter
867,Gui,Fairweather,Gui.Fairweather@dummymail.com,Gui.Fairweather@dummymail.com,firefighter
868,Roz,Jalbert,Roz.Jalbert@dummymail.com,Roz.Jalbert@dummymail.com,doctor
869,Britte,Reinke,Britte.Reinke@dummymail.com,Britte.Reinke@dummymail.com,police officer
870,Jenilee,Quent,Jenilee.Quent@dummymail.com,Jenilee.Quent@dummymail.com,police officer
871,Damaris,Hirsch,Damaris.Hirsch@dummymail.com,Damaris.Hirsch@dummymail.com,worker
872,Valeda,Hollingsworth,Valeda.Hollingsworth@dummymail.com,Valeda.Hollingsworth@dummymail.com,developer
873,Almeta,Klemperer,Almeta.Klemperer@dummymail.com,Almeta.Klemperer@dummymail.com,worker
874,Ethel,Martguerita,Ethel.Martguerita@dummymail.com,Ethel.Martguerita@dummymail.com,police officer
875,Dominga,Lynn,Dominga.Lynn@dummymail.com,Dominga.Lynn@dummymail.com,worker
876,Betta,Etom,Betta.Etom@dummymail.com,Betta.Etom@dummymail.com,developer
877,Bettine,Fulmer,Bettine.Fulmer@dummymail.com,Bettine.Fulmer@dummymail.com,firefighter
878,Sherrie,Francene,Sherrie.Francene@dummymail.com,Sherrie.Francene@dummymail.com,worker
879,Alyda,Lalitta,Alyda.Lalitta@dummymail.com,Alyda.Lalitta@dummymail.com,doctor
880,Allis,Eugenia,Allis.Eugenia@dummymail.com,Allis.Eugenia@dummymail.com,doctor
881,Berta,Candy,Berta.Candy@dummymail.com,Berta.Candy@dummymail.com,worker
882,Monika,Guildroy,Monika.Guildroy@dummymail.com,Monika.Guildroy@dummymail.com,worker
883,Sabina,Damarra,Sabina.Damarra@dummymail.com,Sabina.Damarra@dummymail.com,developer
884,Arlena,Hathaway,Arlena.Hathaway@dummymail.com,Arlena.Hathaway@dummymail.com,police officer
885,Noelle,Garrison,Noelle.Garrison@dummymail.com,Noelle.Garrison@dummymail.com,worker
886,Teddie,Sisile,Teddie.Sisile@dummymail.com,Teddie.Sisile@dummymail.com,worker
887,Kara-Lynn,Goth,Kara-Lynn.Goth@dummymail.com,Kara-Lynn.Goth@dummymail.com,doctor
888,Kirbee,Suanne,Kirbee.Suanne@dummymail.com,Kirbee.Suanne@dummymail.com,police officer
889,Roz,Leary,Roz.Leary@dummymail.com,Roz.Leary@dummymail.com,police officer
890,Ezmeralda,Salvidor,Ezmeralda.Salvidor@dummymail.com,Ezmeralda.Salvidor@dummymail.com,developer
891,Jere,Tristram,Jere.Tristram@dummymail.com,Jere.Tristram@dummymail.com,developer
892,Dianemarie,Stuart,Dianemarie.Stuart@dummymail.com,Dianemarie.Stuart@dummymail.com,police officer
893,Lorne,Carleen,Lorne.Carleen@dummymail.com,Lorne.Carleen@dummymail.com,doctor
894,Millie,Saree,Millie.Saree@dummymail.com,Millie.Saree@dummymail.com,worker
895,Kamilah,Christine,Kamilah.Christine@dummymail.com,Kamilah.Christine@dummymail.com,firefighter
896,Etta,Land,Etta.Land@dummymail.com,Etta.Land@dummymail.com,worker
897,Alia,Bearnard,Alia.Bearnard@dummymail.com,Alia.Bearnard@dummymail.com,doctor
898,Emilia,Blisse,Emilia.Blisse@dummymail.com,Emilia.Blisse@dummymail.com,police officer
899,Susette,Zuzana,Susette.Zuzana@dummymail.com,Susette.Zuzana@dummymail.com,doctor
900,Loree,Orpah,Loree.Orpah@dummymail.com,Loree.Orpah@dummymail.com,doctor
901,Nananne,Dorine,Nananne.Dorine@dummymail.com,Nananne.Dorine@dummymail.com,developer
902,Louella,Codding,Louella.Codding@dummymail.com,Louella.Codding@dummymail.com,doctor
903,Mildrid,Tjon,Mildrid.Tjon@dummymail.com,Mildrid.Tjon@dummymail.com,firefighter
904,Jasmina,Saree,Jasmina.Saree@dummymail.com,Jasmina.Saree@dummymail.com,police officer
905,Sue,Brunell,Sue.Brunell@dummymail.com,Sue.Brunell@dummymail.com,police officer
906,Deane,Boehike,Deane.Boehike@dummymail.com,Deane.Boehike@dummymail.com,developer
907,Dorene,Sancho,Dorene.Sancho@dummymail.com,Dorene.Sancho@dummymail.com,police officer
908,Emylee,Brotherson,Emylee.Brotherson@dummymail.com,Emylee.Brotherson@dummymail.com,developer
909,Ida,Rozanna,Ida.Rozanna@dummymail.com,Ida.Rozanna@dummymail.com,police officer
910,Tabbatha,Dorine,Tabbatha.Dorine@dummymail.com,Tabbatha.Dorine@dummymail.com,worker
911,Korrie,Liebermann,Korrie.Liebermann@dummymail.com,Korrie.Liebermann@dummymail.com,doctor
912,Sindee,Cavan,Sindee.Cavan@dummymail.com,Sindee.Cavan@dummymail.com,firefighter
913,Pearline,Johnsson,Pearline.Johnsson@dummymail.com,Pearline.Johnsson@dummymail.com,doctor
914,Latisha,Erich,Latisha.Erich@dummymail.com,Latisha.Erich@dummymail.com,worker
915,Lelah,Ovid,Lelah.Ovid@dummymail.com,Lelah.Ovid@dummymail.com,police officer
916,Xylina,Macey,Xylina.Macey@dummymail.com,Xylina.Macey@dummymail.com,developer
917,Valera,Lindemann,Valera.Lindemann@dummymail.com,Valera.Lindemann@dummymail.com,firefighter
918,Maisey,Pearse,Maisey.Pearse@dummymail.com,Maisey.Pearse@dummymail.com,worker
919,Josephine,Bultman,Josephine.Bultman@dummymail.com,Josephine.Bultman@dummymail.com,doctor
920,Lynnea,Fancie,Lynnea.Fancie@dummymail.com,Lynnea.Fancie@dummymail.com,developer
921,Zia,Jehu,Zia.Jehu@dummymail.com,Zia.Jehu@dummymail.com,worker
922,Viviene,Noman,Viviene.Noman@dummymail.com,Viviene.Noman@dummymail.com,firefighter
923,Pearline,Merriott,Pearline.Merriott@dummymail.com,Pearline.Merriott@dummymail.com,developer
924,Mildrid,Justinn,Mildrid.Justinn@dummymail.com,Mildrid.Justinn@dummymail.com,firefighter
925,Aimil,Yorick,Aimil.Yorick@dummymail.com,Aimil.Yorick@dummymail.com,developer
926,Etta,Alabaster,Etta.Alabaster@dummymail.com,Etta.Alabaster@dummymail.com,police officer
927,Blake,Faust,Blake.Faust@dummymail.com,Blake.Faust@dummymail.com,police officer
928,Florencia,Cleo,Florencia.Cleo@dummymail.com,Florencia.Cleo@dummymail.com,worker
929,Jackie,Fry,Jackie.Fry@dummymail.com,Jackie.Fry@dummymail.com,developer
930,Philis,Brenn,Philis.Brenn@dummymail.com,Philis.Brenn@dummymail.com,firefighter
931,Barbi,Ehrman,Barbi.Ehrman@dummymail.com,Barbi.Ehrman@dummymail.com,developer
932,Michaelina,Tremayne,Michaelina.Tremayne@dummymail.com,Michaelina.Tremayne@dummymail.com,police officer
933,Averyl,Maples,Averyl.Maples@dummymail.com,Averyl.Maples@dummymail.com,developer
934,Codie,Iphlgenia,Codie.Iphlgenia@dummymail.com,Codie.Iphlgenia@dummymail.com,doctor
935,Lesly,Sammons,Lesly.Sammons@dummymail.com,Lesly.Sammons@dummymail.com,firefighter
936,Celisse,Dearborn,Celisse.Dearborn@dummymail.com,Celisse.Dearborn@dummymail.com,police officer
937,Dacia,Baudin,Dacia.Baudin@dummymail.com,Dacia.Baudin@dummymail.com,doctor
938,Georgetta,Clywd,Georgetta.Clywd@dummymail.com,Georgetta.Clywd@dummymail.com,firefighter
939,Marylou,Dannye,Marylou.Dannye@dummymail.com,Marylou.Dannye@dummymail.com,firefighter
940,Alameda,Harriman,Alameda.Harriman@dummymail.com,Alameda.Harriman@dummymail.com,police officer
941,Dede,Leopold,Dede.Leopold@dummymail.com,Dede.Leopold@dummymail.com,doctor
942,Mara,Hutchison,Mara.Hutchison@dummymail.com,Mara.Hutchison@dummymail.com,worker
943,Verla,Eldrid,Verla.Eldrid@dummymail.com,Verla.Eldrid@dummymail.com,doctor
944,Gerianna,Idelia,Gerianna.Idelia@dummymail.com,Gerianna.Idelia@dummymail.com,worker
945,Kore,Sawtelle,Kore.Sawtelle@dummymail.com,Kore.Sawtelle@dummymail.com,firefighter
946,Teriann,Bakerman,Teriann.Bakerman@dummymail.com,Teriann.Bakerman@dummymail.com,developer
947,Rayna,Daegal,Rayna.Daegal@dummymail.com,Rayna.Daegal@dummymail.com,police officer
948,Mamie,Persse,Mamie.Persse@dummymail.com,Mamie.Persse@dummymail.com,police officer
949,Sabina,Zrike,Sabina.Zrike@dummymail.com,Sabina.Zrike@dummymail.com,worker
950,Tabbatha,Evangelia,Tabbatha.Evangelia@dummymail.com,Tabbatha.Evangelia@dummymail.com,firefighter
951,Loree,Liebermann,Loree.Liebermann@dummymail.com,Loree.Liebermann@dummymail.com,developer
952,Agathe,Fennessy,Agathe.Fennessy@dummymail.com,Agathe.Fennessy@dummymail.com,worker
953,Quintina,Giule,Quintina.Giule@dummymail.com,Quintina.Giule@dummymail.com,worker
954,Henriette,Mozelle,Henriette.Mozelle@dummymail.com,Henriette.Mozelle@dummymail.com,developer
955,Clo,Standing,Clo.Standing@dummymail.com,Clo.Standing@dummymail.com,developer
956,Dorothy,Emmy,Dorothy.Emmy@dummymail.com,Dorothy.Emmy@dummymail.com,doctor
957,Shirlee,Raychel,Shirlee.Raychel@dummymail.com,Shirlee.Raychel@dummymail.com,developer
958,Josephine,Engdahl,Josephine.Engdahl@dummymail.com,Josephine.Engdahl@dummymail.com,firefighter
959,Catrina,Creamer,Catrina.Creamer@dummymail.com,Catrina.Creamer@dummymail.com,police officer
960,Fredericka,Pond,Fredericka.Pond@dummymail.com,Fredericka.Pond@dummymail.com,firefighter
961,Dacia,Saunderson,Dacia.Saunderson@dummymail.com,Dacia.Saunderson@dummymail.com,developer
962,Vonny,Braun,Vonny.Braun@dummymail.com,Vonny.Braun@dummymail.com,doctor
963,Phylis,Fairweather,Phylis.Fairweather@dummymail.com,Phylis.Fairweather@dummymail.com,doctor
964,Gaylene,Goth,Gaylene.Goth@dummymail.com,Gaylene.Goth@dummymail.com,doctor
965,Joy,Warthman,Joy.Warthman@dummymail.com,Joy.Warthman@dummymail.com,police officer
966,Vita,Luhe,Vita.Luhe@dummymail.com,Vita.Luhe@dummymail.com,police officer
967,Sophia,Cookie,Sophia.Cookie@dummymail.com,Sophia.Cookie@dummymail.com,firefighter
968,Bibby,Othilia,Bibby.Othilia@dummymail.com,Bibby.Othilia@dummymail.com,developer
969,Dotty,Croix,Dotty.Croix@dummymail.com,Dotty.Croix@dummymail.com,worker
970,Eadie,Phaidra,Eadie.Phaidra@dummymail.com,Eadie.Phaidra@dummymail.com,firefighter
971,Katleen,Holtz,Katleen.Holtz@dummymail.com,Katleen.Holtz@dummymail.com,police officer
972,Tressa,Fax,Tressa.Fax@dummymail.com,Tressa.Fax@dummymail.com,doctor
973,Dorene,Brodench,Dorene.Brodench@dummymail.com,Dorene.Brodench@dummymail.com,police officer
974,Rosabelle,Tound,Rosabelle.Tound@dummymail.com,Rosabelle.Tound@dummymail.com,developer
975,Barbi,Malina,Barbi.Malina@dummymail.com,Barbi.Malina@dummymail.com,police officer
976,Amii,Grobe,Amii.Grobe@dummymail.com,Amii.Grobe@dummymail.com,worker
977,Dianemarie,Girardo,Dianemarie.Girardo@dummymail.com,Dianemarie.Girardo@dummymail.com,developer
978,Mathilda,Artie,Mathilda.Artie@dummymail.com,Mathilda.Artie@dummymail.com,firefighter
979,Merrie,Cloris,Merrie.Cloris@dummymail.com,Merrie.Cloris@dummymail.com,doctor
980,Regina,Maisey,Regina.Maisey@dummymail.com,Regina.Maisey@dummymail.com,worker
981,Hildegaard,Travax,Hildegaard.Travax@dummymail.com,Hildegaard.Travax@dummymail.com,firefighter
982,Mahalia,Corrine,Mahalia.Corrine@dummymail.com,Mahalia.Corrine@dummymail.com,worker
983,Devina,Daniele,Devina.Daniele@dummymail.com,Devina.Daniele@dummymail.com,doctor
984,Meghann,Stover,Meghann.Stover@dummymail.com,Meghann.Stover@dummymail.com,firefighter
985,Beverley,Palocz,Beverley.Palocz@dummymail.com,Beverley.Palocz@dummymail.com,developer
986,Violet,Pond,Violet.Pond@dummymail.com,Violet.Pond@dummymail.com,police officer
987,Corry,Brittani,Corry.Brittani@dummymail.com,Corry.Brittani@dummymail.com,police officer
988,Binny,Percy,Binny.Percy@dummymail.com,Binny.Percy@dummymail.com,developer
989,Bertine,Lunsford,Bertine.Lunsford@dummymail.com,Bertine.Lunsford@dummymail.com,firefighter
990,Emmey,Maxi,Emmey.Maxi@dummymail.com,Emmey.Maxi@dummymail.com,police officer
991,Emma,Zamora,Emma.Zamora@dummymail.com,Emma.Zamora@dummymail.com,police officer
992,Viki,Hollingsworth,Viki.Hollingsworth@dummymail.com,Viki.Hollingsworth@dummymail.com,police officer
993,Vivia,Toor,Vivia.Toor@dummymail.com,Vivia.Toor@dummymail.com,firefighter
994,Juliane,Glenden,Juliane.Glenden@dummymail.com,Juliane.Glenden@dummymail.com,doctor
995,Celene,Toni,Celene.Toni@dummymail.com,Celene.Toni@dummymail.com,developer
996,Ruthe,Pierette,Ruthe.Pierette@dummymail.com,Ruthe.Pierette@dummymail.com,developer
997,Blondelle,Lory,Blondelle.Lory@dummymail.com,Blondelle.Lory@dummymail.com,worker
998,Phedra,Ade,Phedra.Ade@dummymail.com,Phedra.Ade@dummymail.com,firefighter
999,Lilith,Terencio,Lilith.Terencio@dummymail.com,Lilith.Terencio@dummymail.com,firefighter
1000,Elora,Crudden,Elora.Crudden@dummymail.com,Elora.Crudden@dummymail.com,worker
1001,Nollie,Khorma,Nollie.Khorma@dummymail.com,Nollie.Khorma@dummymail.com,worker
1002,Michaelina,Tacye,Michaelina.Tacye@dummymail.com,Michaelina.Tacye@dummymail.com,firefighter
1003,Dulcinea,Dash,Dulcinea.Dash@dummymail.com,Dulcinea.Dash@dummymail.com,doctor
1004,Rosaline,Lindemann,Rosaline.Lindemann@dummymail.com,Rosaline.Lindemann@dummymail.com,firefighter
1005,Gianina,Toor,Gianina.Toor@dummymail.com,Gianina.Toor@dummymail.com,worker
1006,Aurore,Chabot,Aurore.Chabot@dummymail.com,Aurore.Chabot@dummymail.com,firefighter
1007,Alejandra,Delila,Alejandra.Delila@dummymail.com,Alejandra.Delila@dummymail.com,police officer
1008,Gabi,Chaing,Gabi.Chaing@dummymail.com,Gabi.Chaing@dummymail.com,worker
1009,Damaris,Emmaline,Damaris.Emmaline@dummymail.com,Damaris.Emmaline@dummymail.com,worker
1010,Rubie,Terencio,Rubie.Terencio@dummymail.com,Rubie.Terencio@dummymail.com,police officer
1011,Mallory,Eben,Mallory.Eben@dummymail.com,Mallory.Eben@dummymail.com,developer
1012,Jolyn,Ephrem,Jolyn.Ephrem@dummymail.com,Jolyn.Ephrem@dummymail.com,developer
1013,Dianemarie,Grayce,Dianemarie.Grayce@dummymail.com,Dianemarie.Grayce@dummymail.com,worker
1014,Wilma,Odysseus,Wilma.Odysseus@dummymail.com,Wilma.Odysseus@dummymail.com,doctor
1015,Glynnis,Noman,Glynnis.Noman@dummymail.com,Glynnis.Noman@dummymail.com,doctor
1016,Nataline,Albertine,Nataline.Albertine@dummymail.com,Nataline.Albertine@dummymail.com,doctor
1017,Lilith,Thilda,Lilith.Thilda@dummymail.com,Lilith.Thilda@dummymail.com,doctor
1018,Clo,Saree,Clo.Saree@dummymail.com,Clo.Saree@dummymail.com,developer
1019,Kimmy,Francene,Kimmy.Francene@dummymail.com,Kimmy.Francene@dummymail.com,developer
1020,Karlee,Elsinore,Karlee.Elsinore@dummymail.com,Karlee.Elsinore@dummymail.com,doctor
1021,Collen,Harriman,Collen.Harriman@dummymail.com,Collen.Harriman@dummymail.com,developer
1022,Tori,Hermes,Tori.Hermes@dummymail.com,Tori.Hermes@dummymail.com,doctor
1023,Tori,Luhe,Tori.Luhe@dummymail.com,Tori.Luhe@dummymail.com,doctor
1024,Katleen,Colleen,Katleen.Colleen@dummymail.com,Katleen.Colleen@dummymail.com,firefighter
1025,Philis,Jerald,Philis.Jerald@dummymail.com,Philis.Jerald@dummymail.com,police officer
1026,Elena,Avi,Elena.Avi@dummymail.com,Elena.Avi@dummymail.com,police officer
1027,Celisse,Kesley,Celisse.Kesley@dummymail.com,Celisse.Kesley@dummymail.com,police officer
1028,Roslyn,Harl,Roslyn.Harl@dummymail.com,Roslyn.Harl@dummymail.com,doctor
1029,Ronna,Chem,Ronna.Chem@dummymail.com,Ronna.Chem@dummymail.com,doctor
1030,Gusty,Vivle,Gusty.Vivle@dummymail.com,Gusty.Vivle@dummymail.com,police officer
1031,Grier,Oneida,Grier.Oneida@dummymail.com,Grier.Oneida@dummymail.com,worker
1032,Shaylyn,Vanni,Shaylyn.Vanni@dummymail.com,Shaylyn.Vanni@dummymail.com,firefighter
1033,Mureil,Nester,Mureil.Nester@dummymail.com,Mureil.Nester@dummymail.com,doctor
1034,Margette,Ietta,Margette.Ietta@dummymail.com,Margette.Ietta@dummymail.com,police officer
1035,Rebeca,Philipp,Rebeca.Philipp@dummymail.com,Rebeca.Philipp@dummymail.com,worker
1036,Zsa Zsa,Annabella,Zsa Zsa.Annabella@dummymail.com,Zsa Zsa.Annabella@dummymail.com,worker
1037,Aili,Callista,Aili.Callista@dummymail.com,Aili.Callista@dummymail.com,police officer
1038,Theodora,Viddah,Theodora.Viddah@dummymail.com,Theodora.Viddah@dummymail.com,police officer
1039,Diena,Mullane,Diena.Mullane@dummymail.com,Diena.Mullane@dummymail.com,doctor
1040,Genovera,Dannye,Genovera.Dannye@dummymail.com,Genovera.Dannye@dummymail.com,developer
1041,Damaris,Euridice,Damaris.Euridice@dummymail.com,Damaris.Euridice@dummymail.com,worker
1042,Melina,Dichy,Melina.Dichy@dummymail.com,Melina.Dichy@dummymail.com,doctor
1043,Keelia,Lewes,Keelia.Lewes@dummymail.com,Keelia.Lewes@dummymail.com,developer
1044,Beatriz,Kinnard,Beatriz.Kinnard@dummymail.com,Beatriz.Kinnard@dummymail.com,doctor
1045,Calla,Lory,Calla.Lory@dummymail.com,Calla.Lory@dummymail.com,worker
1046,Kamilah,Sasnett,Kamilah.Sasnett@dummymail.com,Kamilah.Sasnett@dummymail.com,firefighter
1047,Kittie,Hirsch,Kittie.Hirsch@dummymail.com,Kittie.Hirsch@dummymail.com,police officer
1048,Nelle,Kare,Nelle.Kare@dummymail.com,Nelle.Kare@dummymail.com,worker
1049,Merrie,Raul,Merrie.Raul@dummymail.com,Merrie.Raul@dummymail.com,doctor
1050,Ronna,Jess,Ronna.Jess@dummymail.com,Ronna.Jess@dummymail.com,worker
1051,Aurelie,Lalitta,Aurelie.Lalitta@dummymail.com,Aurelie.Lalitta@dummymail.com,doctor
1052,Regina,Chabot,Regina.Chabot@dummymail.com,Regina.Chabot@dummymail.com,doctor
1053,Vita,Sacken,Vita.Sacken@dummymail.com,Vita.Sacken@dummymail.com,worker
1054,Trixi,Yerkovich,Trixi.Yerkovich@dummymail.com,Trixi.Yerkovich@dummymail.com,worker
1055,Melisent,Abram,Melisent.Abram@dummymail.com,Melisent.Abram@dummymail.com,worker
1056,Larine,Richers,Larine.Richers@dummymail.com,Larine.Richers@dummymail.com,developer
1057,Britte,Brian,Britte.Brian@dummymail.com,Britte.Brian@dummymail.com,developer
1058,Roz,Gabrielli,Roz.Gabrielli@dummymail.com,Roz.Gabrielli@dummymail.com,firefighter
1059,Alleen,Strephon,Alleen.Strephon@dummymail.com,Alleen.Strephon@dummymail.com,firefighter
1060,Devina,Rona,Devina.Rona@dummymail.com,Devina.Rona@dummymail.com,doctor
1061,Claudina,Therine,Claudina.Therine@dummymail.com,Claudina.Therine@dummymail.com,firefighter
1062,Beverley,Gherardo,Beverley.Gherardo@dummymail.com,Beverley.Gherardo@dummymail.com,police officer
1063,Charlena,Kenney,Charlena.Kenney@dummymail.com,Charlena.Kenney@dummymail.com,developer
1064,Atlanta,Lipson,Atlanta.Lipson@dummymail.com,Atlanta.Lipson@dummymail.com,worker
1065,Lanae,Adrienne,Lanae.Adrienne@dummymail.com,Lanae.Adrienne@dummymail.com,police officer
1066,Celisse,Peg,Celisse.Peg@dummymail.com,Celisse.Peg@dummymail.com,developer
1067,Nyssa,Gregrory,Nyssa.Gregrory@dummymail.com,Nyssa.Gregrory@dummymail.com,doctor
1068,Andree,Agle,Andree.Agle@dummymail.com,Andree.Agle@dummymail.com,doctor
1069,Althea,Shaver,Althea.Shaver@dummymail.com,Althea.Shaver@dummymail.com,developer
1070,Winifred,Alabaster,Winifred.Alabaster@dummymail.com,Winifred.Alabaster@dummymail.com,firefighter
1071,Clo,Constancy,Clo.Constancy@dummymail.com,Clo.Constancy@dummymail.com,worker
1072,Olwen,Anderea,Olwen.Anderea@dummymail.com,Olwen.Anderea@dummymail.com,doctor
1073,Cassondra,Wilkinson,Cassondra.Wilkinson@dummymail.com,Cassondra.Wilkinson@dummymail.com,firefighter
1074,Anthia,Gilbertson,Anthia.Gilbertson@dummymail.com,Anthia.Gilbertson@dummymail.com,firefighter
1075,Xylina,Ezar,Xylina.Ezar@dummymail.com,Xylina.Ezar@dummymail.com,developer
1076,Minne,Loleta,Minne.Loleta@dummymail.com,Minne.Loleta@dummymail.com,police officer
1077,Brandise,Merat,Brandise.Merat@dummymail.com,Brandise.Merat@dummymail.com,doctor
1078,Mathilda,Means,Mathilda.Means@dummymail.com,Mathilda.Means@dummymail.com,doctor
1079,Wynne,Georas,Wynne.Georas@dummymail.com,Wynne.Georas@dummymail.com,police officer
1080,Dale,Wyn,Dale.Wyn@dummymail.com,Dale.Wyn@dummymail.com,developer
1081,Lenna,Nikaniki,Lenna.Nikaniki@dummymail.com,Lenna.Nikaniki@dummymail.com,developer
1082,Darci,O'Neill,Darci.O'Neill@dummymail.com,Darci.O'Neill@dummymail.com,worker
1083,Alexine,Rosalba,Alexine.Rosalba@dummymail.com,Alexine.Rosalba@dummymail.com,firefighter
1084,Phedra,Parsaye,Phedra.Parsaye@dummymail.com,Phedra.Parsaye@dummymail.com,firefighter
1085,Deane,Chinua,Deane.Chinua@dummymail.com,Deane.Chinua@dummymail.com,worker
1086,Roseline,Robertson,Roseline.Robertson@dummymail.com,Roseline.Robertson@dummymail.com,firefighter
1087,Courtnay,Fiester,Courtnay.Fiester@dummymail.com,Courtnay.Fiester@dummymail.com,firefighter
1088,Riannon,Faust,Riannon.Faust@dummymail.com,Riannon.Faust@dummymail.com,developer
1089,Neila,Standing,Neila.Standing@dummymail.com,Neila.Standing@dummymail.com,police officer
1090,Kristan,Drus,Kristan.Drus@dummymail.com,Kristan.Drus@dummymail.com,doctor
1091,Noelle,Nore,Noelle.Nore@dummymail.com,Noelle.Nore@dummymail.com,police officer
1092,Karly,Estella,Karly.Estella@dummymail.com,Karly.Estella@dummymail.com,firefighter
1093,Carilyn,Gwenore,Carilyn.Gwenore@dummymail.com,Carilyn.Gwenore@dummymail.com,firefighter
1094,Miquela,Schonfeld,Miquela.Schonfeld@dummymail.com,Miquela.Schonfeld@dummymail.com,firefighter
1095,Shandie,Radu,Shandie.Radu@dummymail.com,Shandie.Radu@dummymail.com,police officer
1096,Neila,Emmy,Neila.Emmy@dummymail.com,Neila.Emmy@dummymail.com,developer
1097,Suzette,Naashom,Suzette.Naashom@dummymail.com,Suzette.Naashom@dummymail.com,police officer
1098,Brynna,Monaco,Brynna.Monaco@dummymail.com,Brynna.Monaco@dummymail.com,doctor
1099,Concettina,Trey,Concettina.Trey@dummymail.com,Concettina.Trey@dummymail.com,worker