id,firstname,lastname,email,email2,profession
100,Maryellen,Faria,Maryellen.Faria@dummymail.com,Maryellen.Faria@dummymail.com,firefighter
101,Orsola,Guthrie,Orsola.Guthrie@dummymail.com,Orsola.Guthrie@dummymail.com,worker
102,Gretal,Malanie,Gretal.Malanie@dummymail.com,Gretal.Malanie@dummymail.com,firefighter
103,Siana,Jillane,Siana.Jillane@dummymail.com,Siana.Jillane@dummymail.com,police officer
104,Elyssa,Zola,Elyssa.Zola@dummymail.com,Elyssa.Zola@dummymail.com,police officer
105,Kellen,Vastah,Kellen.Vastah@dummymail.com,Kellen.Vastah@dummymail.com,doctor
106,Pierette,Cherianne,Pierette.Cherianne@dummymail.com,Pierette.Cherianne@dummymail.com,police officer
107,Ardeen,Freddi,Ardeen.Freddi@dummymail.com,Ardeen.Freddi@dummymail.com,firefighter
108,Bernie,Cloris,Bernie.Cloris@dummymail.com,Bernie.Cloris@dummymail.com,worker
109,Catrina,Uund,Catrina.Uund@dummymail.com,Catrina.Uund@dummymail.com,worker
110,Felice,Hillel,Felice.Hillel@dummymail.com,Felice.Hillel@dummymail.com,firefighter
111,Hayley,Trinetta,Hayley.Trinetta@dummymail.com,Hayley.Trinetta@dummymail.com,developer
112,Jsandye,Tarrant,Jsandye.Tarrant@dummymail.com,Jsandye.Tarrant@dummymail.com,doctor
113,Perry,Hirsch,Perry.Hirsch@dummymail.com,Perry.Hirsch@dummymail.com,doctor
114,Ada,Louanna,Ada.Louanna@dummymail.com,Ada.Louanna@dummymail.com,worker
115,Danika,Anis,Danika.Anis@dummymail.com,Danika.Anis@dummymail.com,police officer
116,Roslyn,Flyn,Roslyn.Flyn@dummymail.com,Roslyn.Flyn@dummymail.com,worker
117,Talya,Buckler,Talya.Buckler@dummymail.com,Talya.Buckler@dummymail.com,worker
118,Correy,Tayib,Correy.Tayib@dummymail.com,Correy.Tayib@dummymail.com,police officer
119,Karlee,Jehu,Karlee.Jehu@dummymail.com,Karlee.Jehu@dummymail.com,doctor
120,Robinia,Primalia,Robinia.Primalia@dummymail.com,Robinia.Primalia@dummymail.com,doctor
121,Jean,Faria,Jean.Faria@dummymail.com,Jean.Faria@dummymail.com,doctor
122,Consuela,Demitria,Consuela.Demitria@dummymail.com,Consuela.Demitria@dummymail.com,doctor
123,Trixi,Merell,Trixi.Merell@dummymail.com,Trixi.Merell@dummymail.com,doctor
124,Roberta,Hebner,Roberta.Hebner@dummymail.com,Roberta.Hebner@dummymail.com,developer
125,Ann-Marie,Lindemann,Ann-Marie.Lindemann@dummymail.com,Ann-Marie.Lindemann@dummymail.com,police officer
126,Wileen,Phaidra,Wileen.Phaidra@dummymail.com,Wileen.Phaidra@dummymail.com,developer
127,Lynnea,Brackely,Lynnea.Brackely@dummymail.com,Lynnea.Brackely@dummymail.com,worker
128,Sue,Jarib,Sue.Jarib@dummymail.com,Sue.Jarib@dummymail.com,worker
129,Pollyanna,Brenn,Pollyanna.Brenn@dummymail.com,Pollyanna.Brenn@dummymail.com,worker
130,Mildrid,Atonsah,Mildrid.Atonsah@dummymail.com,Mildrid.Atonsah@dummymail.com,police officer
131,Alameda,Maribeth,Alameda.Maribeth@dummymail.com,Alameda.Maribeth@dummymail.com,doctor
132,Brena,Libna,Brena.Libna@dummymail.com,Brena.Libna@dummymail.com,developer
133,Sharai,Thilda,Sharai.Thilda@dummymail.com,Sharai.Thilda@dummymail.com,developer
134,Lily,Valoniah,Lily.Valoniah@dummymail.com,Lily.Valoniah@dummymail.com,police officer
135,Ekaterina,Ellerey,Ekaterina.Ellerey@dummymail.com,Ekaterina.Ellerey@dummymail.com,developer
136,Kara-Lynn,Lesley,Kara-Lynn.Lesley@dummymail.com,Kara-Lynn.Lesley@dummymail.com,doctor
137,Mignon,Mullane,Mignon.Mullane@dummymail.com,Mignon.Mullane@dummymail.com,developer
138,Hyacinthe,Eiser,Hyacinthe.Eiser@dummymail.com,Hyacinthe.Eiser@dummymail.com,developer
139,Shel,Thad,Shel.Thad@dummymail.com,Shel.Thad@dummymail.com,worker
140,Keelia,Kiersten,Keelia.Kiersten@dummymail.com,Keelia.Kiersten@dummymail.com,doctor
141,Mariann,Waite,Mariann.Waite@dummymail.com,Mariann.Waite@dummymail.com,firefighter
142,Jaime,Seagraves,Jaime.Seagraves@dummymail.com,Jaime.Seagraves@dummymail.com,worker
143,Olivette,Parsaye,Olivette.Parsaye@dummymail.com,Olivette.Parsaye@dummymail.com,developer
144,Blake,Barrus,Blake.Barrus@dummymail.com,Blake.Barrus@dummymail.com,police officer
145,Amara,Jagir,Amara.Jagir@dummymail.com,Amara.Jagir@dummymail.com,worker
146,Therine,Juliet,Therine.Juliet@dummymail.com,Therine.Juliet@dummymail.com,developer
147,Suzette,Smitt,Suzette.Smitt@dummymail.com,Suzette.Smitt@dummymail.com,police officer
148,Brianna,Dosia,Brianna.Dosia@dummymail.com,Brianna.Dosia@dummymail.com,developer
149,Daune,Wilona,Daune.Wilona@dummymail.com,Daune.Wilona@dummymail.com,doctor
150,Clary,McGrody,Clary.McGrody@dummymail.com,Clary.McGrody@dummymail.com,firefighter
151,Chloris,Dominy,Chloris.Dominy@dummymail.com,Chloris.Dominy@dummymail.com,developer
152,Damaris,Brenn,Damaris.Brenn@dummymail.com,Damaris.Brenn@dummymail.com,police officer
153,Carilyn,Peonir,Carilyn.Peonir@dummymail.com,Carilyn.Peonir@dummymail.com,police officer
154,Susan,Haerr,Susan.Haerr@dummymail.com,Susan.Haerr@dummymail.com,police officer
155,Viviene,Merat,Viviene.Merat@dummymail.com,Viviene.Merat@dummymail.com,doctor
156,Cristabel,Bari,Cristabel.Bari@dummymail.com,Cristabel.Bari@dummymail.com,firefighter
157,Malina,Schroth,Malina.Schroth@dummymail.com,Malina.Schroth@dummymail.com,worker
158,Tami,Carolin,Tami.Carolin@dummymail.com,Tami.Carolin@dummymail.com,firefighter
159,Orelia,Matthew,Orelia.Matthew@dummymail.com,Orelia.Matthew@dummymail.com,developer
160,Gerianna,Darian,Gerianna.Darian@dummymail.com,Gerianna.Darian@dummymail.com,police officer
161,Bee,Lacombe,Bee.Lacombe@dummymail.com,Bee.Lacombe@dummymail.com,firefighter
162,Gwenneth,Kellby,Gwenneth.Kellby@dummymail.com,Gwenneth.Kellby@dummymail.com,doctor
163,Britte,Paine,Britte.Paine@dummymail.com,Britte.Paine@dummymail.com,firefighter
164,Mureil,Gillan,Mureil.Gillan@dummymail.com,Mureil.Gillan@dummymail.com,worker
165,Ardenia,Gordon,Ardenia.Gordon@dummymail.com,Ardenia.Gordon@dummymail.com,doctor
166,Sharai,Melleta,Sharai.Melleta@dummymail.com,Sharai.Melleta@dummymail.com,police officer
167,Desirae,Kaete,Desirae.Kaete@dummymail.com,Desirae.Kaete@dummymail.com,developer
168,Linzy,Breed,Linzy.Breed@dummymail.com,Linzy.Breed@dummymail.com,police officer
169,Roxane,Sallyann,Roxane.Sallyann@dummymail.com,Roxane.Sallyann@dummymail.com,developer
170,Georgina,Corrine,Georgina.Corrine@dummymail.com,Georgina.Corrine@dummymail.com,firefighter
171,Ellette,Johanna,Ellette.Johanna@dummymail.com,Ellette.Johanna@dummymail.com,worker
172,Barbi,Middleton,Barbi.Middleton@dummymail.com,Barbi.Middleton@dummymail.com,police officer
173,Oralee,Sallyann,Oralee.Sallyann@dummymail.com,Oralee.Sallyann@dummymail.com,developer
174,Sonni,Bethany,Sonni.Bethany@dummymail.com,Sonni.Bethany@dummymail.com,worker
175,Neila,Newell,Neila.Newell@dummymail.com,Neila.Newell@dummymail.com,doctor
176,Verla,Flyn,Verla.Flyn@dummymail.com,Verla.Flyn@dummymail.com,worker
177,Andree,Phi,Andree.Phi@dummymail.com,Andree.Phi@dummymail.com,police officer
178,Orsola,Hubert,Orsola.Hubert@dummymail.com,Orsola.Hubert@dummymail.com,police officer
179,Corene,Alejoa,Corene.Alejoa@dummymail.com,Corene.Alejoa@dummymail.com,developer
180,Atlanta,Anestassia,Atlanta.Anestassia@dummymail.com,Atlanta.Anestassia@dummymail.com,developer
181,Jere,Viddah,Jere.Viddah@dummymail.com,Jere.Viddah@dummymail.com,developer
182,Ericka,Meter,Ericka.Meter@dummymail.com,Ericka.Meter@dummymail.com,firefighter
183,Dacia,Poppy,Dacia.Poppy@dummymail.com,Dacia.Poppy@dummymail.com,police officer
184,Jan,Capello,Jan.Capello@dummymail.com,Jan.Capello@dummymail.com,firefighter
185,Raina,Corilla,Raina.Corilla@dummymail.com,Raina.Corilla@dummymail.com,firefighter
186,Theodora,Jehu,Theodora.Jehu@dummymail.com,Theodora.Jehu@dummymail.com,developer
187,Alia,Nahum,Alia.Nahum@dummymail.com,Alia.Nahum@dummymail.com,police officer
188,Peri,Firmin,Peri.Firmin@dummymail.com,Peri.Firmin@dummymail.com,doctor
189,Helena,Wilona,Helena.Wilona@dummymail.com,Helena.Wilona@dummymail.com,worker
190,Karena,Abram,Karena.Abram@dummymail.com,Karena.Abram@dummymail.com,firefighter
191,Pollyanna,Doig,Pollyanna.Doig@dummymail.com,Pollyanna.Doig@dummymail.com,police officer
192,Barbi,Izaak,Barbi.Izaak@dummymail.com,Barbi.Izaak@dummymail.com,firefighter
193,Marjie,Iphlgenia,Marjie.Iphlgenia@dummymail.com,Marjie.Iphlgenia@dummymail.com,police officer
194,June,Howlyn,June.Howlyn@dummymail.com,June.Howlyn@dummymail.com,developer
195,Shandie,Granoff,Shandie.Granoff@dummymail.com,Shandie.Granoff@dummymail.com,developer
196,Ermengarde,Leler,Ermengarde.Leler@dummymail.com,Ermengarde.Leler@dummymail.com,developer
197,Mildrid,Vittoria,Mildrid.Vittoria@dummymail.com,Mildrid.Vittoria@dummymail.com,firefighter
198,Corene,Ummersen,Corene.Ummersen@dummymail.com,Corene.Ummersen@dummymail.com,developer
199,Maisey,Philoo,Maisey.Philoo@dummymail.com,Maisey.Philoo@dummymail.com,doctor
200,Dari,Old,Dari.Old@dummymail.com,Dari.Old@dummymail.com,developer
201,Cindelyn,Earlie,Cindelyn.Earlie@dummymail.com,Cindelyn.Earlie@dummymail.com,firefighter
202,Courtnay,Khorma,Courtnay.Khorma@dummymail.com,Courtnay.Khorma@dummymail.com,firefighter
203,Elka,Ruvolo,Elka.Ruvolo@dummymail.com,Elka.Ruvolo@dummymail.com,developer
204,Alejandra,Jillane,Alejandra.Jillane@dummymail.com,Alejandra.Jillane@dummymail.com,firefighter
205,Kirbee,Skurnik,Kirbee.Skurnik@dummymail.com,Kirbee.Skurnik@dummymail.com,firefighter
206,Katleen,Nickola,Katleen.Nickola@dummymail.com,Katleen.Nickola@dummymail.com,worker
207,Shaine,Morgun,Shaine.Morgun@dummymail.com,Shaine.Morgun@dummymail.com,firefighter
208,Dione,Lynn,Dione.Lynn@dummymail.com,Dione.Lynn@dummymail.com,police officer
209,Myrtice,Colbert,Myrtice.Colbert@dummymail.com,Myrtice.Colbert@dummymail.com,developer
210,Bobbi,Tamar,Bobbi.Tamar@dummymail.com,Bobbi.Tamar@dummymail.com,worker
211,Candi,Blake,Candi.Blake@dummymail.com,Candi.Blake@dummymail.com,developer
212,Addia,Ventre,Addia.Ventre@dummymail.com,Addia.Ventre@dummymail.com,police officer
213,Noelle,Amand,Noelle.Amand@dummymail.com,Noelle.Amand@dummymail.com,firefighter
214,Flo,Cynar,Flo.Cynar@dummymail.com,Flo.Cynar@dummymail.com,firefighter
215,Janenna,Remmer,Janenna.Remmer@dummymail.com,Janenna.Remmer@dummymail.com,doctor
216,Cristine,Catie,Cristine.Catie@dummymail.com,Cristine.Catie@dummymail.com,developer
217,Nataline,Bivins,Nataline.Bivins@dummymail.com,Nataline.Bivins@dummymail.com,firefighter
218,Nannie,Edmund,Nannie.Edmund@dummymail.com,Nannie.Edmund@dummymail.com,worker
219,Myriam,Rona,Myriam.Rona@dummymail.com,Myriam.Rona@dummymail.com,firefighter
220,Jacenta,Ajay,Jacenta.Ajay@dummymail.com,Jacenta.Ajay@dummymail.com,police officer
221,Maridel,Wallis,Maridel.Wallis@dummymail.com,Maridel.Wallis@dummymail.com,developer
222,Vivia,Johanna,Vivia.Johanna@dummymail.com,Vivia.Johanna@dummymail.com,developer
223,Susette,Lasley,Susette.Lasley@dummymail.com,Susette.Lasley@dummymail.com,doctor
224,Liana,Hutchison,Liana.Hutchison@dummymail.com,Liana.Hutchison@dummymail.com,police officer
225,Dorothy,Baptlsta,Dorothy.Baptlsta@dummymail.com,Dorothy.Baptlsta@dummymail.com,worker
226,Atlanta,Alfons,Atlanta.Alfons@dummymail.com,Atlanta.Alfons@dummymail.com,police officer
227,Kimberley,Killigrew,Kimberley.Killigrew@dummymail.com,Kimberley.Killigrew@dummymail.com,worker
228,Rhea,Francyne,Rhea.Francyne@dummymail.com,Rhea.Francyne@dummymail.com,doctor
229,Henriette,Marden,Henriette.Marden@dummymail.com,Henriette.Marden@dummymail.com,firefighter
230,Doro,Kellby,Doro.Kellby@dummymail.com,Doro.Kellby@dummymail.com,doctor
231,Gratia,Jerold,Gratia.Jerold@dummymail.com,Gratia.Jerold@dummymail.com,worker
232,Merrie,Heidt,Merrie.Heidt@dummymail.com,Merrie.Heidt@dummymail.com,worker
233,Konstance,Stilwell,Konstance.Stilwell@dummymail.com,Konstance.Stilwell@dummymail.com,doctor
234,Camile,Lytton,Camile.Lytton@dummymail.com,Camile.Lytton@dummymail.com,doctor
235,Kristina,Cavan,Kristina.Cavan@dummymail.com,Kristina.Cavan@dummymail.com,worker
236,Nannie,Tarrant,Nannie.Tarrant@dummymail.com,Nannie.Tarrant@dummymail.com,worker
237,Patricia,Granoff,Patricia.Granoff@dummymail.com,Patricia.Granoff@dummymail.com,doctor
238,Sibella,Ludewig,Sibella.Ludewig@dummymail.com,Sibella.Ludewig@dummymail.com,police officer
239,Jemie,Ariella,Jemie.Ariella@dummymail.com,Jemie.Ariella@dummymail.com,firefighter
240,Celestyna,Bohlin,Celestyna.Bohlin@dummymail.com,Celestyna.Bohlin@dummymail.com,worker
241,Andree,Wenoa,Andree.Wenoa@dummymail.com,Andree.Wenoa@dummymail.com,doctor
242,Caryl,Callista,Caryl.Callista@dummymail.com,Caryl.Callista@dummymail.com,police officer
243,Shaine,Belldas,Shaine.Belldas@dummymail.com,Shaine.Belldas@dummymail.com,police officer
244,Grier,Allina,Grier.Allina@dummymail.com,Grier.Allina@dummymail.com,worker
245,Eve,Parette,Eve.Parette@dummymail.com,Eve.Parette@dummymail.com,firefighter
246,Tobe,Dimitris,Tobe.Dimitris@dummymail.com,Tobe.Dimitris@dummymail.com,firefighter
247,Katuscha,Keily,Katuscha.Keily@dummymail.com,Katuscha.Keily@dummymail.com,police officer
248,Christy,Winnick,Christy.Winnick@dummymail.com,Christy.Winnick@dummymail.com,doctor
249,Helsa,Clara,Helsa.Clara@dummymail.com,Helsa.Clara@dummymail.com,developer
250,Jeanna,Odell,Jeanna.Odell@dummymail.com,Jeanna.Odell@dummymail.com,worker
251,Cissiee,Ellerey,Cissiee.Ellerey@dummymail.com,Cissiee.Ellerey@dummymail.com,firefighter
252,Jackie,Henebry,Jackie.Henebry@dummymail.com,Jackie.Henebry@dummymail.com,police officer
253,Cindelyn,Lumbard,Cindelyn.Lumbard@dummymail.com,Cindelyn.Lumbard@dummymail.com,developer
254,Benita,Hedve,Benita.Hedve@dummymail.com,Benita.Hedve@dummymail.com,doctor
255,Krystle,Kronfeld,Krystle.Kronfeld@dummymail.com,Krystle.Kronfeld@dummymail.com,developer
256,Ingrid,Janith,Ingrid.Janith@dummymail.com,Ingrid.Janith@dummymail.com,worker
257,June,Chesna,June.Chesna@dummymail.com,June.Chesna@dummymail.com,developer
258,Loree,Joseph,Loree.Joseph@dummymail.com,Loree.Joseph@dummymail.com,firefighter
259,Jacenta,Denis,Jacenta.Denis@dummymail.com,Jacenta.Denis@dummymail.com,doctor
260,Glynnis,Cleavland,Glynnis.Cleavland@dummymail.com,Glynnis.Cleavland@dummymail.com,developer
261,Carolina,Prober,Carolina.Prober@dummymail.com,Carolina.Prober@dummymail.com,doctor
262,Flory,Ashok,Flory.Ashok@dummymail.com,Flory.Ashok@dummymail.com,police officer
263,Yvonne,Cassius,Yvonne.Cassius@dummymail.com,Yvonne.Cassius@dummymail.com,police officer
264,Pierette,Klemperer,Pierette.Klemperer@dummymail.com,Pierette.Klemperer@dummymail.com,firefighter
265,Edyth,Terencio,Edyth.Terencio@dummymail.com,Edyth.Terencio@dummymail.com,developer
266,Cathyleen,Devlen,Cathyleen.Devlen@dummymail.com,Cathyleen.Devlen@dummymail.com,worker
267,Leia,Zitvaa,Leia.Zitvaa@dummymail.com,Leia.Zitvaa@dummymail.com,police officer
268,Cherilyn,Vivle,Cherilyn.Vivle@dummymail.com,Cherilyn.Vivle@dummymail.com,police officer
269,Gisela,Monk,Gisela.Monk@dummymail.com,Gisela.Monk@dummymail.com,firefighter
270,Carilyn,Bettine,Carilyn.Bettine@dummymail.com,Carilyn.Bettine@dummymail.com,police officer
271,Marika,Medrek,Marika.Medrek@dummymail.com,Marika.Medrek@dummymail.com,firefighter
272,Jolyn,Susannah,Jolyn.Susannah@dummymail.com,Jolyn.Susannah@dummymail.com,worker
273,Riannon,Boehike,Riannon.Boehike@dummymail.com,Riannon.Boehike@dummymail.com,firefighter
274,Sophia,Holtz,Sophia.Holtz@dummymail.com,Sophia.Holtz@dummymail.com,police officer
275,Karlee,Dulciana,Karlee.Dulciana@dummymail.com,Karlee.Dulciana@dummymail.com,doctor
276,Babita,Nerita,Babita.Nerita@dummymail.com,Babita.Nerita@dummymail.com,firefighter
277,Cathyleen,Gherardo,Cathyleen.Gherardo@dummymail.com,Cathyleen.Gherardo@dummymail.com,firefighter
278,Brooks,Wooster,Brooks.Wooster@dummymail.com,Brooks.Wooster@dummymail.com,doctor
279,Lorenza,Frodi,Lorenza.Frodi@dummymail.com,Lorenza.Frodi@dummymail.com,doctor
280,Britni,McLaughlin,Britni.McLaughlin@dummymail.com,Britni.McLaughlin@dummymail.com,doctor
281,Latisha,Autrey,Latisha.Autrey@dummymail.com,Latisha.Autrey@dummymail.com,police officer
282,Roslyn,Bates,Roslyn.Bates@dummymail.com,Roslyn.Bates@dummymail.com,developer
283,Netty,Septima,Netty.Septima@dummymail.com,Netty.Septima@dummymail.com,police officer
284,Kalina,Rurik,Kalina.Rurik@dummymail.com,Kalina.Rurik@dummymail.com,doctor
285,Selma,Hylan,Selma.Hylan@dummymail.com,Selma.Hylan@dummymail.com,police officer
286,Emmey,Kauppi,Emmey.Kauppi@dummymail.com,Emmey.Kauppi@dummymail.com,developer
287,Natka,Cottle,Natka.Cottle@dummymail.com,Natka.Cottle@dummymail.com,firefighter
288,Modestia,Barrus,Modestia.Barrus@dummymail.com,Modestia.Barrus@dummymail.com,worker
289,Trudie,Brackely,Trudie.Brackely@dummymail.com,Trudie.Brackely@dummymail.com,worker
290,Hannis,Alcott,Hannis.Alcott@dummymail.com,Hannis.Alcott@dummymail.com,worker
291,Dorthy,Noman,Dorthy.Noman@dummymail.com,Dorthy.Noman@dummymail.com,developer
292,Taffy,Zina,Taffy.Zina@dummymail.com,Taffy.Zina@dummymail.com,worker
293,Rhea,Carleen,Rhea.Carleen@dummymail.com,Rhea.Carleen@dummymail.com,doctor
294,Jeanna,Stephie,Jeanna.Stephie@dummymail.com,Jeanna.Stephie@dummymail.com,worker
295,Pollyanna,Hirsch,Pollyanna.Hirsch@dummymail.com,Pollyanna.Hirsch@dummymail.com,developer
296,Maridel,Rurik,Maridel.Rurik@dummymail.com,Maridel.Rurik@dummymail.com,developer
297,Brena,Nelsen,Brena.Nelsen@dummymail.com,Brena.Nelsen@dummymail.com,developer
298,Donetta,Winnick,Donetta.Winnick@dummymail.com,Donetta.Winnick@dummymail.com,worker
299,Christian,Lorenz,Christian.Lorenz@dummymail.com,Christian.Lorenz@dummymail.com,worker
300,Kaja,Rosette,Kaja.Rosette@dummymail.com,Kaja.Rosette@dummymail.com,worker
301,Lita,Graig,Lita.Graig@dummymail.com,Lita.Graig@dummymail.com,doctor
302,Anallese,Sawtelle,Anallese.Sawtelle@dummymail.com,Anallese.Sawtelle@dummymail.com,doctor
303,Lila,Graig,Lila.Graig@dummymail.com,Lila.Graig@dummymail.com,police officer
304,Doro,Means,Doro.Means@dummymail.com,Doro.Means@dummymail.com,worker
305,Fidelia,Parette,Fidelia.Parette@dummymail.com,Fidelia.Parette@dummymail.com,police officer
306,Rhoda,Sothena,Rhoda.Sothena@dummymail.com,Rhoda.Sothena@dummymail.com,firefighter
307,Jessy,Hashim,Jessy.Hashim@dummymail.com,Jessy.Hashim@dummymail.com,firefighter
308,Jenda,Uund,Jenda.Uund@dummymail.com,Jenda.Uund@dummymail.com,doctor
309,Carilyn,Mallon,Carilyn.Mallon@dummymail.com,Carilyn.Mallon@dummymail.com,police officer
310,Chastity,Annabella,Chastity.Annabella@dummymail.com,Chastity.Annabella@dummymail.com,worker
311,Nadine,Dituri,Nadine.Dituri@dummymail.com,Nadine.Dituri@dummymail.com,doctor
312,Celestyna,Suzetta,Celestyna.Suzetta@dummymail.com,Celestyna.Suzetta@dummymail.com,police officer
313,Desirae,Darrell,Desirae.Darrell@dummymail.com,Desirae.Darrell@dummymail.com,police officer
314,Joceline,Anderea,Joceline.Anderea@dummymail.com,Joceline.Anderea@dummymail.com,doctor
315,Briney,Fax,Briney.Fax@dummymail.com,Briney.Fax@dummymail.com,developer
316,Belva,Corilla,Belva.Corilla@dummymail.com,Belva.Corilla@dummymail.com,worker
317,Meg,Capello,Meg.Capello@dummymail.com,Meg.Capello@dummymail.com,developer
318,Rayna,Kenney,Rayna.Kenney@dummymail.com,Rayna.Kenney@dummymail.com,firefighter
319,Starla,Johanna,Starla.Johanna@dummymail.com,Starla.Johanna@dummymail.com,worker
320,Luci,Dyche,Luci.Dyche@dummymail.com,Luci.Dyche@dummymail.com,police officer
321,Heida,Bouchard,Heida.Bouchard@dummymail.com,Heida.Bouchard@dummymail.com,doctor
322,Joleen,Holtz,Joleen.Holtz@dummymail.com,Joleen.Holtz@dummymail.com,worker
323,Lilith,Edvard,Lilith.Edvard@dummymail.com,Lilith.Edvard@dummymail.com,doctor
324,Mathilda,Carlson,Mathilda.Carlson@dummymail.com,Mathilda.Carlson@dummymail.com,firefighter
325,Shaylyn,Schalles,Shaylyn.Schalles@dummymail.com,Shaylyn.Schalles@dummymail.com,worker
326,Marcy,Devlen,Marcy.Devlen@dummymail.com,Marcy.Devlen@dummymail.com,developer
327,Althea,Pelagias,Althea.Pelagias@dummymail.com,Althea.Pelagias@dummymail.com,firefighter
328,Mara,Beniamino,Mara.Beniamino@dummymail.com,Mara.Beniamino@dummymail.com,police officer
329,Ofilia,Granoff,Ofilia.Granoff@dummymail.com,Ofilia.Granoff@dummymail.com,developer
330,Lila,Loeb,Lila.Loeb@dummymail.com,Lila.Loeb@dummymail.com,worker
331,Melisent,Rogerio,Melisent.Rogerio@dummymail.com,Melisent.Rogerio@dummymail.com,police officer
332,Evaleen,Burch,Evaleen.Burch@dummymail.com,Evaleen.Burch@dummymail.com,police officer
333,Rhoda,Ramona,Rhoda.Ramona@dummymail.com,Rhoda.Ramona@dummymail.com,firefighter
334,Alex,Leary,Alex.Leary@dummymail.com,Alex.Leary@dummymail.com,firefighter
335,Lonnie,MacIntosh,Lonnie.MacIntosh@dummymail.com,Lonnie.MacIntosh@dummymail.com,worker
336,Mireielle,Pyle,Mireielle.Pyle@dummymail.com,Mireielle.Pyle@dummymail.com,developer
337,Alisha,Marden,Alisha.Marden@dummymail.com,Alisha.Marden@dummymail.com,worker
338,Sharlene,Dom,Sharlene.Dom@dummymail.com,Sharlene.Dom@dummymail.com,doctor
339,Taffy,Shuler,Taffy.Shuler@dummymail.com,Taffy.Shuler@dummymail.com,worker
340,Cherrita,Cottle,Cherrita.Cottle@dummymail.com,Cherrita.Cottle@dummymail.com,doctor
341,Wileen,Eckblad,Wileen.Eckblad@dummymail.com,Wileen.Eckblad@dummymail.com,worker
342,Leeanne,Leffen,Leeanne.Leffen@dummymail.com,Leeanne.Leffen@dummymail.com,doctor
343,Jeanna,Tamsky,Jeanna.Tamsky@dummymail.com,Jeanna.Tamsky@dummymail.com,worker
344,Sybille,Merell,Sybille.Merell@dummymail.com,Sybille.Merell@dummymail.com,doctor
345,Adelle,Hylan,Adelle.Hylan@dummymail.com,Adelle.Hylan@dummymail.com,police officer
346,Kenna,Sabella,Kenna.Sabella@dummymail.com,Kenna.Sabella@dummymail.com,developer
347,Phedra,Atonsah,Phedra.Atonsah@dummymail.com,Phedra.Atonsah@dummymail.com,doctor
348,Antonietta,Honoria,Antonietta.Honoria@dummymail.com,Antonietta.Honoria@dummymail.com,doctor
349,Lory,Esmaria,Lory.Esmaria@dummymail.com,Lory.Esmaria@dummymail.com,police officer
350,Ileana,Tacye,Ileana.Tacye@dummymail.com,Ileana.Tacye@dummymail.com,police officer
351,Delilah,Hazlett,Delilah.Hazlett@dummymail.com,Delilah.Hazlett@dummymail.com,police officer
352,Jobi,Imelida,Jobi.Imelida@dummymail.com,Jobi.Imelida@dummymail.com,police officer
353,Jobi,Ranjiv,Jobi.Ranjiv@dummymail.com,Jobi.Ranjiv@dummymail.com,police officer
354,Goldie,Azeria,Goldie.Azeria@dummymail.com,Goldie.Azeria@dummymail.com,worker
355,Juliane,Friede,Juliane.Friede@dummymail.com,Juliane.Friede@dummymail.com,doctor
356,Marinna,Cyrie,Marinna.Cyrie@dummymail.com,Marinna.Cyrie@dummymail.com,developer
357,Rani,Nisbet,Rani.Nisbet@dummymail.com,Rani.Nisbet@dummymail.com,firefighter
358,Ana,Wyn,Ana.Wyn@dummymail.com,Ana.Wyn@dummymail.com,worker
359,Violet,Evangelia,Violet.Evangelia@dummymail.com,Violet.Evangelia@dummymail.com,doctor
360,Dulcinea,Shields,Dulcinea.Shields@dummymail.com,Dulcinea.Shields@dummymail.com,firefighter
361,Judy,Revkah,Judy.Revkah@dummymail.com,Judy.Revkah@dummymail.com,doctor
362,Georgina,Firmin,Georgina.Firmin@dummymail.com,Georgina.Firmin@dummymail.com,worker
363,Kate,Holbrook,Kate.Holbrook@dummymail.com,Kate.Holbrook@dummymail.com,developer
364,Anthia,Lorenz,Anthia.Lorenz@dummymail.com,Anthia.Lorenz@dummymail.com,doctor
365,Gloria,Roxanna,Gloria.Roxanna@dummymail.com,Gloria.Roxanna@dummymail.com,police officer
366,Kassey,Gaspard,Kassey.Gaspard@dummymail.com,Kassey.Gaspard@dummymail.com,doctor
367,Coral,Mott,Coral.Mott@dummymail.com,Coral.Mott@dummymail.com,developer
368,Gabriellia,Gwenore,Gabriellia.Gwenore@dummymail.com,Gabriellia.Gwenore@dummymail.com,police officer
369,Alex,Durante,Alex.Durante@dummymail.com,Alex.Durante@dummymail.com,developer
370,Joy,Hailee,Joy.Hailee@dummymail.com,Joy.Hailee@dummymail.com,worker
371,Clarice,Malanie,Clarice.Malanie@dummymail.com,Clarice.Malanie@dummymail.com,developer
372,Devina,Llovera,Devina.Llovera@dummymail.com,Devina.Llovera@dummymail.com,developer
373,Tani,Dahlia,Tani.Dahlia@dummymail.com,Tani.Dahlia@dummymail.com,doctor
374,Marleah,Simmonds,Marleah.Simmonds@dummymail.com,Marleah.Simmonds@dummymail.com,doctor
375,Kristina,Schalles,Kristina.Schalles@dummymail.com,Kristina.Schalles@dummymail.com,doctor
376,Leanna,Whiffen,Leanna.Whiffen@dummymail.com,Leanna.Whiffen@dummymail.com,doctor
377,Minne,O'Rourke,Minne.O'Rourke@dummymail.com,Minne.O'Rourke@dummymail.com,developer
378,Karolina,Raimondo,Karolina.Raimondo@dummymail.com,Karolina.Raimondo@dummymail.com,worker
379,Chickie,Maroney,Chickie.Maroney@dummymail.com,Chickie.Maroney@dummymail.com,police officer
380,Lacie,Lindemann,Lacie.Lindemann@dummymail.com,Lacie.Lindemann@dummymail.com,worker
381,Roxane,Raffo,Roxane.Raffo@dummymail.com,Roxane.Raffo@dummymail.com,police officer
382,Gui,Mallon,Gui.Mallon@dummymail.com,Gui.Mallon@dummymail.com,developer
383,Fina,Mintz,Fina.Mintz@dummymail.com,Fina.Mintz@dummymail.com,worker
384,Jillayne,Gahl,Jillayne.Gahl@dummymail.com,Jillayne.Gahl@dummymail.com,police officer
385,Lisette,Cecile,Lisette.Cecile@dummymail.com,Lisette.Cecile@dummymail.com,worker
386,Viviene,Dulciana,Viviene.Dulciana@dummymail.com,Viviene.Dulciana@dummymail.com,police officer
387,Babita,Monaco,Babita.Monaco@dummymail.com,Babita.Monaco@dummymail.com,doctor
388,Kirbee,Read,Kirbee.Read@dummymail.com,Kirbee.Read@dummymail.com,police officer
389,Harmonia,Cherianne,Harmonia.Cherianne@dummymail.com,Harmonia.Cherianne@dummymail.com,police officer
390,Katleen,Thilda,Katleen.Thilda@dummymail.com,Katleen.Thilda@dummymail.com,firefighter
391,Angela,Salchunas,Angela.Salchunas@dummymail.com,Angela.Salchunas@dummymail.com,worker
392,Hayley,Shirberg,Hayley.Shirberg@dummymail.com,Hayley.Shirberg@dummymail.com,worker
393,Allis,Miru,Allis.Miru@dummymail.com,Allis.Miru@dummymail.com,doctor
394,Emylee,McGrody,Emylee.McGrody@dummymail.com,Emylee.McGrody@dummymail.com,firefighter
395,Trudie,Selway,Trudie.Selway@dummymail.com,Trudie.Selway@dummymail.com,developer
396,Katleen,Blake,Katleen.Blake@dummymail.com,Katleen.Blake@dummymail.com,doctor
397,Jaime,Hashim,Jaime.Hashim@dummymail.com,Jaime.Hashim@dummymail.com,developer
398,Carlie,Susannah,Carlie.Susannah@dummymail.com,Carlie.Susannah@dummymail.com,worker
399,Elfreda,Sidonius,Elfreda.Sidonius@dummymail.com,Elfreda.Sidonius@dummymail.com,doctor
400,Ebonee,Pattin,Ebonee.Pattin@dummymail.com,Ebonee.Pattin@dummymail.com,worker
401,Genovera,Nance,Genovera.Nance@dummymail.com,Genovera.Nance@dummymail.com,doctor
402,Donnie,Jefferey,Donnie.Jefferey@dummymail.com,Donnie.Jefferey@dummymail.com,doctor
403,Monika,Tound,Monika.Tound@dummymail.com,Monika.Tound@dummymail.com,developer
404,Cacilie,Prober,Cacilie.Prober@dummymail.com,Cacilie.Prober@dummymail.com,developer
405,Cecile,Pulsifer,Cecile.Pulsifer@dummymail.com,Cecile.Pulsifer@dummymail.com,worker
406,Leia,Johnsson,Leia.Johnsson@dummymail.com,Leia.Johnsson@dummymail.com,developer
407,Janeczka,Brittani,Janeczka.Brittani@dummymail.com,Janeczka.Brittani@dummymail.com,police officer
408,Arlina,Cressida,Arlina.Cressida@dummymail.com,Arlina.Cressida@dummymail.com,police officer
409,Letizia,Nea,Letizia.Nea@dummymail.com,Letizia.Nea@dummymail.com,firefighter
410,Daryl,Cimbura,Daryl.Cimbura@dummymail.com,Daryl.Cimbura@dummymail.com,doctor
411,Marnia,Kiyoshi,Marnia.Kiyoshi@dummymail.com,Marnia.Kiyoshi@dummymail.com,worker
412,Talya,Jarib,Talya.Jarib@dummymail.com,Talya.Jarib@dummymail.com,police officer
413,Demetris,Noman,Demetris.Noman@dummymail.com,Demetris.Noman@dummymail.com,developer
414,Shandie,Sibyls,Shandie.Sibyls@dummymail.com,Shandie.Sibyls@dummymail.com,police officer
415,Caryl,Connelly,Caryl.Connelly@dummymail.com,Caryl.Connelly@dummymail.com,doctor
416,Katleen,O'Neill,Katleen.O'Neill@dummymail.com,Katleen.O'Neill@dummymail.com,doctor
417,Meghann,Muriel,Meghann.Muriel@dummymail.com,Meghann.Muriel@dummymail.com,firefighter
418,Mignon,Woodberry,Mignon.Woodberry@dummymail.com,Mignon.Woodberry@dummymail.com,developer
419,Kittie,Bevin,Kittie.Bevin@dummymail.com,Kittie.Bevin@dummymail.com,developer
420,Elie,Martguerita,Elie.Martguerita@dummymail.com,Elie.Martguerita@dummymail.com,worker
421,Jessamyn,Lail,Jessamyn.Lail@dummymail.com,Jessamyn.Lail@dummymail.com,developer
422,Roxane,Buffum,Roxane.Buffum@dummymail.com,Roxane.Buffum@dummymail.com,developer
423,Zia,Harriman,Zia.Harriman@dummymail.com,Zia.Harriman@dummymail.com,firefighter
424,Esmeralda,Gualtiero,Esmeralda.Gualtiero@dummymail.com,Esmeralda.Gualtiero@dummymail.com,doctor
425,Leeanne,Old,Leeanne.Old@dummymail.com,Leeanne.Old@dummymail.com,police officer
426,Belva,Anyah,Belva.Anyah@dummymail.com,Belva.Anyah@dummymail.com,worker
427,Valera,Myrilla,Valera.Myrilla@dummymail.com,Valera.Myrilla@dummymail.com,developer
428,Nyssa,Fitzsimmons,Nyssa.Fitzsimmons@dummymail.com,Nyssa.Fitzsimmons@dummymail.com,police officer
429,Pearline,Vanni,Pearline.Vanni@dummymail.com,Pearline.Vanni@dummymail.com,doctor
430,Queenie,Millda,Queenie.Millda@dummymail.com,Queenie.Millda@dummymail.com,firefighter
431,Nelle,Chandler,Nelle.Chandler@dummymail.com,Nelle.Chandler@dummymail.com,developer
432,Dede,Garbe,Dede.Garbe@dummymail.com,Dede.Garbe@dummymail.com,developer
433,Hettie,Hourigan,Hettie.Hourigan@dummymail.com,Hettie.Hourigan@dummymail.com,firefighter
434,Gilligan,Niccolo,Gilligan.Niccolo@dummymail.com,Gilligan.Niccolo@dummymail.com,firefighter
435,Gerrie,Sheng,Gerrie.Sheng@dummymail.com,Gerrie.Sheng@dummymail.com,firefighter
436,Lolita,Kravits,Lolita.Kravits@dummymail.com,Lolita.Kravits@dummymail.com,police officer
437,Steffane,Herrera,Steffane.Herrera@dummymail.com,Steffane.Herrera@dummymail.com,developer
438,Marguerite,Rugen,Marguerite.Rugen@dummymail.com,Marguerite.Rugen@dummymail.com,developer
439,Janis,Lalitta,Janis.Lalitta@dummymail.com,Janis.Lalitta@dummymail.com,police officer
440,Juliane,Cottle,Juliane.Cottle@dummymail.com,Juliane.Cottle@dummymail.com,developer
441,Nicoli,Carolin,Nicoli.Carolin@dummymail.com,Nicoli.Carolin@dummymail.com,developer
442,Jessy,Aldric,Jessy.Aldric@dummymail.com,Jessy.Aldric@dummymail.com,firefighter
443,Meriel,Rudolph,Meriel.Rudolph@dummymail.com,Meriel.Rudolph@dummymail.com,worker
444,Marguerite,Melleta,Marguerite.Melleta@dummymail.com,Marguerite.Melleta@dummymail.com,doctor
445,Deloria,Noam,Deloria.Noam@dummymail.com,Deloria.Noam@dummymail.com,doctor
446,Inga,Cristi,Inga.Cristi@dummymail.com,Inga.Cristi@dummymail.com,firefighter
447,Mireielle,Ophelia,Mireielle.Ophelia@dummymail.com,Mireielle.Ophelia@dummymail.com,doctor
448,Nessie,Neils,Nessie.Neils@dummymail.com,Nessie.Neils@dummymail.com,worker
449,Gui,Trey,Gui.Trey@dummymail.com,Gui.Trey@dummymail.com,police officer
450,Miquela,Tacye,Miquela.Tacye@dummymail.com,Miquela.Tacye@dummymail.com,police officer
451,Amara,Nance,Amara.Nance@dummymail.com,Amara.Nance@dummymail.com,firefighter
452,Valeda,Thornburg,Valeda.Thornburg@dummymail.com,Valeda.Thornburg@dummymail.com,police officer
453,Estell,Evvie,Estell.Evvie@dummymail.com,Estell.Evvie@dummymail.com,doctor
454,Marguerite,Colleen,Marguerite.Colleen@dummymail.com,Marguerite.Colleen@dummymail.com,developer
455,Basia,Love,Basia.Love@dummymail.com,Basia.Love@dummymail.com,doctor
456,Gilligan,Mallon,Gilligan.Mallon@dummymail.com,Gilligan.Mallon@dummymail.com,doctor
457,Sybille,Gerge,Sybille.Gerge@dummymail.com,Sybille.Gerge@dummymail.com,developer
458,Dorice,Hilbert,Dorice.Hilbert@dummymail.com,Dorice.Hilbert@dummymail.com,firefighter
459,Hollie,Thilda,Hollie.Thilda@dummymail.com,Hollie.Thilda@dummymail.com,doctor
460,Ashlee,Publia,Ashlee.Publia@dummymail.com,Ashlee.Publia@dummymail.com,developer
461,Concettina,Ilka,Concettina.Ilka@dummymail.com,Concettina.Ilka@dummymail.com,police officer
462,Yetty,Fillbert,Yetty.Fillbert@dummymail.com,Yetty.Fillbert@dummymail.com,developer
463,Annora,Nedrud,Annora.Nedrud@dummymail.com,Annora.Nedrud@dummymail.com,doctor
464,Ana,Rolf,Ana.Rolf@dummymail.com,Ana.Rolf@dummymail.com,developer
465,Nataline,Jeanne,Nataline.Jeanne@dummymail.com,Nataline.Jeanne@dummymail.com,developer
466,Danny,Bord,Danny.Bord@dummymail.com,Danny.Bord@dummymail.com,doctor
467,Gabi,Greyson,Gabi.Greyson@dummymail.com,Gabi.Greyson@dummymail.com,developer
468,Bill,Sparhawk,Bill.Sparhawk@dummymail.com,Bill.Sparhawk@dummymail.com,worker
469,Leeanne,Mandler,Leeanne.Mandler@dummymail.com,Leeanne.Mandler@dummymail.com,developer
470,Gwyneth,Danby,Gwyneth.Danby@dummymail.com,Gwyneth.Danby@dummymail.com,police officer
471,Trudie,Fulmer,Trudie.Fulmer@dummymail.com,Trudie.Fulmer@dummymail.com,doctor
472,Phylis,Jobi,Phylis.Jobi@dummymail.com,Phylis.Jobi@dummymail.com,worker
473,Janenna,Shuler,Janenna.Shuler@dummymail.com,Janenna.Shuler@dummymail.com,police officer
474,Tina,Truc,Tina.Truc@dummymail.com,Tina.Truc@dummymail.com,firefighter
475,Mariele,Kunin,Mariele.Kunin@dummymail.com,Mariele.Kunin@dummymail.com,doctor
476,Nollie,Anderea,Nollie.Anderea@dummymail.com,Nollie.Anderea@dummymail.com,police officer
477,Jordan,Lory,Jordan.Lory@dummymail.com,Jordan.Lory@dummymail.com,firefighter
478,Olivette,Fosque,Olivette.Fosque@dummymail.com,Olivette.Fosque@dummymail.com,developer
479,Maisey,Toor,Maisey.Toor@dummymail.com,Maisey.Toor@dummymail.com,doctor
480,Gui,Voletta,Gui.Voletta@dummymail.com,Gui.Voletta@dummymail.com,worker
481,Roseline,Havens,Roseline.Havens@dummymail.com,Roseline.Havens@dummymail.com,doctor
482,Jenilee,Quinn,Jenilee.Quinn@dummymail.com,Jenilee.Quinn@dummymail.com,police officer
483,Kittie,Herrera,Kittie.Herrera@dummymail.com,Kittie.Herrera@dummymail.com,doctor
484,Kaja,Margarete,Kaja.Margarete@dummymail.com,Kaja.Margarete@dummymail.com,police officer
485,Vanessa,Nahum,Vanessa.Nahum@dummymail.com,Vanessa.Nahum@dummymail.com,doctor
486,Phylis,Corrine,Phylis.Corrine@dummymail.com,Phylis.Corrine@dummymail.com,doctor
487,Annice,Saree,Annice.Saree@dummymail.com,Annice.Saree@dummymail.com,developer
488,Anthia,Gregrory,Anthia.Gregrory@dummymail.com,Anthia.Gregrory@dummymail.com,firefighter
489,Helena,Percy,Helena.Percy@dummymail.com,Helena.Percy@dummymail.com,developer
490,Randa,Yate,Randa.Yate@dummymail.com,Randa.Yate@dummymail.com,developer
491,Ottilie,Berriman,Ottilie.Berriman@dummymail.com,Ottilie.Berriman@dummymail.com,developer
492,Adriana,Hirsch,Adriana.Hirsch@dummymail.com,Adriana.Hirsch@dummymail.com,doctor
493,Mellicent,Dannye,Mellicent.Dannye@dummymail.com,Mellicent.Dannye@dummymail.com,police officer
494,Cassondra,Radu,Cassondra.Radu@dummymail.com,Cassondra.Radu@dummymail.com,firefighter
495,Grier,Baylor,Grier.Baylor@dummymail.com,Grier.Baylor@dummymail.com,doctor
496,Gertrud,Ralfston,Gertrud.Ralfston@dummymail.com,Gertrud.Ralfston@dummymail.com,doctor
497,Diena,Sancho,Diena.Sancho@dummymail.com,Diena.Sancho@dummymail.com,doctor
498,Micheline,Shuler,Micheline.Shuler@dummymail.com,Micheline.Shuler@dummymail.com,police officer
499,Willetta,Kevon,Willetta.Kevon@dummymail.com,Willetta.Kevon@dummymail.com,firefighter
500,Briney,Odell,Briney.Odell@dummymail.com,Briney.Odell@dummymail.com,doctor
501,Dawn,Dulciana,Dawn.Dulciana@dummymail.com,Dawn.Dulciana@dummymail.com,firefighter
502,Ardenia,Goode,Ardenia.Goode@dummymail.com,Ardenia.Goode@dummymail.com,police officer
503,Dulcinea,Allina,Dulcinea.Allina@dummymail.com,Dulcinea.Allina@dummymail.com,doctor
504,Babita,Cavan,Babita.Cavan@dummymail.com,Babita.Cavan@dummymail.com,developer
505,Evita,Jarib,Evita.Jarib@dummymail.com,Evita.Jarib@dummymail.com,firefighter
506,Evaleen,Jacinda,Evaleen.Jacinda@dummymail.com,Evaleen.Jacinda@dummymail.com,firefighter
507,Harmonia,Zeeba,Harmonia.Zeeba@dummymail.com,Harmonia.Zeeba@dummymail.com,firefighter
508,Susan,Sprage,Susan.Sprage@dummymail.com,Susan.Sprage@dummymail.com,police officer
509,Nadine,Toni,Nadine.Toni@dummymail.com,Nadine.Toni@dummymail.com,firefighter
510,Marylou,Maiah,Marylou.Maiah@dummymail.com,Marylou.Maiah@dummymail.com,firefighter
511,Bobbi,Concha,Bobbi.Concha@dummymail.com,Bobbi.Concha@dummymail.com,doctor
512,Sheelagh,Bach,Sheelagh.Bach@dummymail.com,Sheelagh.Bach@dummymail.com,doctor
513,Stephanie,Raul,Stephanie.Raul@dummymail.com,Stephanie.Raul@dummymail.com,worker
514,Gusty,Linskey,Gusty.Linskey@dummymail.com,Gusty.Linskey@dummymail.com,doctor
515,Aimil,Caitlin,Aimil.Caitlin@dummymail.com,Aimil.Caitlin@dummymail.com,worker
516,Ofilia,Lewes,Ofilia.Lewes@dummymail.com,Ofilia.Lewes@dummymail.com,firefighter
517,Annora,Juliet,Annora.Juliet@dummymail.com,Annora.Juliet@dummymail.com,firefighter
518,Maisey,Nadia,Maisey.Nadia@dummymail.com,Maisey.Nadia@dummymail.com,police officer
519,Netty,Fiann,Netty.Fiann@dummymail.com,Netty.Fiann@dummymail.com,worker
520,Dennie,Terencio,Dennie.Terencio@dummymail.com,Dennie.Terencio@dummymail.com,doctor
521,Teriann,Colbert,Teriann.Colbert@dummymail.com,Teriann.Colbert@dummymail.com,doctor
522,Jenilee,Albertine,Jenilee.Albertine@dummymail.com,Jenilee.Albertine@dummymail.com,firefighter
523,Lonnie,Hanleigh,Lonnie.Hanleigh@dummymail.com,Lonnie.Hanleigh@dummymail.com,police officer
524,Ottilie,Abernon,Ottilie.Abernon@dummymail.com,Ottilie.Abernon@dummymail.com,police officer
525,Deedee,Emanuel,Deedee.Emanuel@dummymail.com,Deedee.Emanuel@dummymail.com,doctor
526,Theodora,Dalli,Theodora.Dalli@dummymail.com,Theodora.Dalli@dummymail.com,worker
527,Angelique,Bivins,Angelique.Bivins@dummymail.com,Angelique.Bivins@dummymail.com,doctor
528,Myrtice,Pandolfi,Myrtice.Pandolfi@dummymail.com,Myrtice.Pandolfi@dummymail.com,developer
529,Alie,Calhoun,Alie.Calhoun@dummymail.com,Alie.Calhoun@dummymail.com,police officer
530,Tracey,Ferino,Tracey.Ferino@dummymail.com,Tracey.Ferino@dummymail.com,firefighter
531,Feliza,Estella,Feliza.Estella@dummymail.com,Feliza.Estella@dummymail.com,police officer
532,Viviene,Stav,Viviene.Stav@dummymail.com,Viviene.Stav@dummymail.com,doctor
533,Glenda,Gino,Glenda.Gino@dummymail.com,Glenda.Gino@dummymail.com,worker
534,Xylina,Carri,Xylina.Carri@dummymail.com,Xylina.Carri@dummymail.com,worker
535,Bettine,Giff,Bettine.Giff@dummymail.com,Bettine.Giff@dummymail.com,police officer
536,Aurore,Wattenberg,Aurore.Wattenberg@dummymail.com,Aurore.Wattenberg@dummymail.com,firefighter
537,Georgina,Winthorpe,Georgina.Winthorpe@dummymail.com,Georgina.Winthorpe@dummymail.com,doctor
538,Fanny,Bury,Fanny.Bury@dummymail.com,Fanny.Bury@dummymail.com,doctor
539,Hildegaard,Bohlin,Hildegaard.Bohlin@dummymail.com,Hildegaard.Bohlin@dummymail.com,firefighter
540,Tamqrah,Fax,Tamqrah.Fax@dummymail.com,Tamqrah.Fax@dummymail.com,developer
541,Fawne,Kress,Fawne.Kress@dummymail.com,Fawne.Kress@dummymail.com,developer
542,Tami,Sprage,Tami.Sprage@dummymail.com,Tami.Sprage@dummymail.com,worker
543,Kristina,Lorenz,Kristina.Lorenz@dummymail.com,Kristina.Lorenz@dummymail.com,firefighter
544,Elyssa,Ursulette,Elyssa.Ursulette@dummymail.com,Elyssa.Ursulette@dummymail.com,worker
545,Sheree,Anselmi,Sheree.Anselmi@dummymail.com,Sheree.Anselmi@dummymail.com,doctor
546,Corene,Travax,Corene.Travax@dummymail.com,Corene.Travax@dummymail.com,firefighter
547,Hermione,Sibyls,Hermione.Sibyls@dummymail.com,Hermione.Sibyls@dummymail.com,police officer
548,Felice,Lacombe,Felice.Lacombe@dummymail.com,Felice.Lacombe@dummymail.com,worker
549,Mahalia,Durware,Mahalia.Durware@dummymail.com,Mahalia.Durware@dummymail.com,police officer
550,Blinni,Mehalek,Blinni.Mehalek@dummymail.com,Blinni.Mehalek@dummymail.com,firefighter
551,Tiffie,Belanger,Tiffie.Belanger@dummymail.com,Tiffie.Belanger@dummymail.com,firefighter
552,Berta,Cosenza,Berta.Cosenza@dummymail.com,Berta.Cosenza@dummymail.com,worker
553,Eadie,Craggie,Eadie.Craggie@dummymail.com,Eadie.Craggie@dummymail.com,doctor
554,Lynde,Ariella,Lynde.Ariella@dummymail.com,Lynde.Ariella@dummymail.com,police officer
555,Belva,Willie,Belva.Willie@dummymail.com,Belva.Willie@dummymail.com,firefighter
556,Imojean,Angelis,Imojean.Angelis@dummymail.com,Imojean.Angelis@dummymail.com,doctor
557,Jerry,Hourigan,Jerry.Hourigan@dummymail.com,Jerry.Hourigan@dummymail.com,firefighter
558,Lonnie,Bari,Lonnie.Bari@dummymail.com,Lonnie.Bari@dummymail.com,police officer
559,Nita,Himelman,Nita.Himelman@dummymail.com,Nita.Himelman@dummymail.com,police officer
560,Gertrud,Darrell,Gertrud.Darrell@dummymail.com,Gertrud.Darrell@dummymail.com,firefighter
561,Vinita,Iaverne,Vinita.Iaverne@dummymail.com,Vinita.Iaverne@dummymail.com,doctor
562,Angela,Krystle,Angela.Krystle@dummymail.com,Angela.Krystle@dummymail.com,police officer
563,Kellen,Jehu,Kellen.Jehu@dummymail.com,Kellen.Jehu@dummymail.com,firefighter
564,Annecorinne,Gusella,Annecorinne.Gusella@dummymail.com,Annecorinne.Gusella@dummymail.com,police officer
565,Verla,Gibbeon,Verla.Gibbeon@dummymail.com,Verla.Gibbeon@dummymail.com,firefighter
566,Lorie,Wyn,Lorie.Wyn@dummymail.com,Lorie.Wyn@dummymail.com,firefighter
567,Viki,Huggins,Viki.Huggins@dummymail.com,Viki.Huggins@dummymail.com,doctor
568,Reeba,Medrek,Reeba.Medrek@dummymail.com,Reeba.Medrek@dummymail.com,police officer
569,Jemie,Ball,Jemie.Ball@dummymail.com,Jemie.Ball@dummymail.com,developer
570,Anallese,Arvo,Anallese.Arvo@dummymail.com,Anallese.Arvo@dummymail.com,developer
571,Hyacinthe,Hubert,Hyacinthe.Hubert@dummymail.com,Hyacinthe.Hubert@dummymail.com,developer
572,Siana,Huggins,Siana.Huggins@dummymail.com,Siana.Huggins@dummymail.com,worker
573,Brana,Margret,Brana.Margret@dummymail.com,Brana.Margret@dummymail.com,firefighter
574,Isa,Breed,Isa.Breed@dummymail.com,Isa.Breed@dummymail.com,doctor
575,Genevra,Dash,Genevra.Dash@dummymail.com,Genevra.Dash@dummymail.com,police officer
576,Ericka,Michella,Ericka.Michella@dummymail.com,Ericka.Michella@dummymail.com,worker
577,Fayre,Kaja,Fayre.Kaja@dummymail.com,Fayre.Kaja@dummymail.com,doctor
578,Valli,Couture,Valli.Couture@dummymail.com,Valli.Couture@dummymail.com,police officer
579,Sara-Ann,Delacourt,Sara-Ann.Delacourt@dummymail.com,Sara-Ann.Delacourt@dummymail.com,firefighter
580,Pamella,Laurianne,Pamella.Laurianne@dummymail.com,Pamella.Laurianne@dummymail.com,developer
581,Benita,Anastatius,Benita.Anastatius@dummymail.com,Benita.Anastatius@dummymail.com,developer
582,Nollie,Francene,Nollie.Francene@dummymail.com,Nollie.Francene@dummymail.com,police officer
583,Alex,Ophelia,Alex.Ophelia@dummymail.com,Alex.Ophelia@dummymail.com,police officer
584,Xylina,Kronfeld,Xylina.Kronfeld@dummymail.com,Xylina.Kronfeld@dummymail.com,police officer
585,Rubie,Teryn,Rubie.Teryn@dummymail.com,Rubie.Teryn@dummymail.com,developer
586,Eugine,Urania,Eugine.Urania@dummymail.com,Eugine.Urania@dummymail.com,worker
587,Cecile,Amethist,Cecile.Amethist@dummymail.com,Cecile.Amethist@dummymail.com,firefighter
588,Catharine,Stoller,Catharine.Stoller@dummymail.com,Catharine.Stoller@dummymail.com,doctor
589,Marleah,Gregrory,Marleah.Gregrory@dummymail.com,Marleah.Gregrory@dummymail.com,worker
590,Jaime,Trinetta,Jaime.Trinetta@dummymail.com,Jaime.Trinetta@dummymail.com,firefighter
591,Ursulina,Fabiola,Ursulina.Fabiola@dummymail.com,Ursulina.Fabiola@dummymail.com,firefighter
592,Orsola,Millda,Orsola.Millda@dummymail.com,Orsola.Millda@dummymail.com,worker
593,Shell,Jerald,Shell.Jerald@dummymail.com,Shell.Jerald@dummymail.com,worker
594,Bernie,Kenwood,Bernie.Kenwood@dummymail.com,Bernie.Kenwood@dummymail.com,firefighter
595,Taffy,Adrienne,Taffy.Adrienne@dummymail.com,Taffy.Adrienne@dummymail.com,doctor
596,Evita,Bach,Evita.Bach@dummymail.com,Evita.Bach@dummymail.com,doctor
597,Yvonne,Zuzana,Yvonne.Zuzana@dummymail.com,Yvonne.Zuzana@dummymail.com,worker
598,Marcy,Loeb,Marcy.Loeb@dummymail.com,Marcy.Loeb@dummymail.com,worker
599,Annora,Joli,Annora.Joli@dummymail.com,Annora.Joli@dummymail.com,firefighter
600,Hallie,Rogerio,Hallie.Rogerio@dummymail.com,Hallie.Rogerio@dummymail.com,worker
601,Coral,Prober,Coral.Prober@dummymail.com,Coral.Prober@dummymail.com,firefighter
602,Berta,Bronk,Berta.Bronk@dummymail.com,Berta.Bronk@dummymail.com,police officer
603,Charissa,Germann,Charissa.Germann@dummymail.com,Charissa.Germann@dummymail.com,police officer
604,Carol-Jean,Kenwood,Carol-Jean.Kenwood@dummymail.com,Carol-Jean.Kenwood@dummymail.com,doctor
605,Mara,Pyle,Mara.Pyle@dummymail.com,Mara.Pyle@dummymail.com,doctor
606,Randa,Telfer,Randa.Telfer@dummymail.com,Randa.Telfer@dummymail.com,doctor
607,Nannie,Skell,Nannie.Skell@dummymail.com,Nannie.Skell@dummymail.com,developer
608,Sindee,Euridice,Sindee.Euridice@dummymail.com,Sindee.Euridice@dummymail.com,doctor
609,Annaliese,Moina,Annaliese.Moina@dummymail.com,Annaliese.Moina@dummymail.com,developer
610,Vita,Riva,Vita.Riva@dummymail.com,Vita.Riva@dummymail.com,worker
611,Ardenia,Vanni,Ardenia.Vanni@dummymail.com,Ardenia.Vanni@dummymail.com,firefighter
612,Lucille,Philoo,Lucille.Philoo@dummymail.com,Lucille.Philoo@dummymail.com,worker
613,Shaine,Raama,Shaine.Raama@dummymail.com,Shaine.Raama@dummymail.com,doctor
614,Luci,Erskine,Luci.Erskine@dummymail.com,Luci.Erskine@dummymail.com,doctor
615,Arlena,Faro,Arlena.Faro@dummymail.com,Arlena.Faro@dummymail.com,firefighter
616,Karlee,Edison,Karlee.Edison@dummymail.com,Karlee.Edison@dummymail.com,developer
617,Susan,Cordi,Susan.Cordi@dummymail.com,Susan.Cordi@dummymail.com,police officer
618,Hope,Deegan,Hope.Deegan@dummymail.com,Hope.Deegan@dummymail.com,police officer
619,Deane,Deny,Deane.Deny@dummymail.com,Deane.Deny@dummymail.com,firefighter
620,Cathie,Judye,Cathie.Judye@dummymail.com,Cathie.Judye@dummymail.com,developer
621,Marita,Aida,Marita.Aida@dummymail.com,Marita.Aida@dummymail.com,police officer
622,Florencia,Mathilde,Florencia.Mathilde@dummymail.com,Florencia.Mathilde@dummymail.com,worker
623,Flory,Ferino,Flory.Ferino@dummymail.com,Flory.Ferino@dummymail.com,worker
624,Cristabel,Zeeba,Cristabel.Zeeba@dummymail.com,Cristabel.Zeeba@dummymail.com,police officer
625,Keelia,Munn,Keelia.Munn@dummymail.com,Keelia.Munn@dummymail.com,doctor
626,Frank,Flita,Frank.Flita@dummymail.com,Frank.Flita@dummymail.com,worker
627,Estell,Dichy,Estell.Dichy@dummymail.com,Estell.Dichy@dummymail.com,developer
628,Philis,Wiener,Philis.Wiener@dummymail.com,Philis.Wiener@dummymail.com,worker
629,Tina,Sekofski,Tina.Sekofski@dummymail.com,Tina.Sekofski@dummymail.com,police officer
630,Rhoda,Clarissa,Rhoda.Clarissa@dummymail.com,Rhoda.Clarissa@dummymail.com,developer
631,Jenilee,Agle,Jenilee.Agle@dummymail.com,Jenilee.Agle@dummymail.com,doctor
632,Nananne,Loeb,Nananne.Loeb@dummymail.com,Nananne.Loeb@dummymail.com,firefighter
633,Shel,Gahl,Shel.Gahl@dummymail.com,Shel.Gahl@dummymail.com,developer
634,Gerrie,Llovera,Gerrie.Llovera@dummymail.com,Gerrie.Llovera@dummymail.com,firefighter
635,Eolanda,Primalia,Eolanda.Primalia@dummymail.com,Eolanda.Primalia@dummymail.com,developer
636,Deane,Mathilde,Deane.Mathilde@dummymail.com,Deane.Mathilde@dummymail.com,firefighter
637,Ronna,Ranjiv,Ronna.Ranjiv@dummymail.com,Ronna.Ranjiv@dummymail.com,doctor
638,Nessie,Lipson,Nessie.Lipson@dummymail.com,Nessie.Lipson@dummymail.com,worker
639,Adriana,Emanuel,Adriana.Emanuel@dummymail.com,Adriana.Emanuel@dummymail.com,police officer
640,Corene,Mich,Corene.Mich@dummymail.com,Corene.Mich@dummymail.com,worker
641,Mellicent,Ahab,Mellicent.Ahab@dummymail.com,Mellicent.Ahab@dummymail.com,firefighter
642,Deedee,Taam,Deedee.Taam@dummymail.com,Deedee.Taam@dummymail.com,firefighter
643,Dotty,Kolnick,Dotty.Kolnick@dummymail.com,Dotty.Kolnick@dummymail.com,doctor
644,Jorry,Ferrell,Jorry.Ferrell@dummymail.com,Jorry.Ferrell@dummymail.com,doctor
645,Johna,Dituri,Johna.Dituri@dummymail.com,Johna.Dituri@dummymail.com,developer
646,Roslyn,Scammon,Roslyn.Scammon@dummymail.com,Roslyn.Scammon@dummymail.com,doctor
647,Karena,Screens,Karena.Screens@dummymail.com,Karena.Screens@dummymail.com,worker
648,Mureil,Angelis,Mureil.Angelis@dummymail.com,Mureil.Angelis@dummymail.com,police officer
649,Louella,Solitta,Louella.Solitta@dummymail.com,Louella.Solitta@dummymail.com,firefighter
650,Vere,Breed,Vere.Breed@dummymail.com,Vere.Breed@dummymail.com,developer
651,Jean,Douglass,Jean.Douglass@dummymail.com,Jean.Douglass@dummymail.com,worker
652,Belinda,Ailyn,Belinda.Ailyn@dummymail.com,Belinda.Ailyn@dummymail.com,developer
653,Clarice,Ricki,Clarice.Ricki@dummymail.com,Clarice.Ricki@dummymail.com,worker
654,Kaja,Garrison,Kaja.Garrison@dummymail.com,Kaja.Garrison@dummymail.com,firefighter
655,Rosanne,Rhu,Rosanne.Rhu@dummymail.com,Rosanne.Rhu@dummymail.com,police officer
656,Estell,Creamer,Estell.Creamer@dummymail.com,Estell.Creamer@dummymail.com,firefighter
657,Libbie,Norrie,Libbie.Norrie@dummymail.com,Libbie.Norrie@dummymail.com,worker
658,Elie,Verger,Elie.Verger@dummymail.com,Elie.Verger@dummymail.com,developer
659,Ottilie,Bahr,Ottilie.Bahr@dummymail.com,Ottilie.Bahr@dummymail.com,police officer
660,Marjie,Olnee,Marjie.Olnee@dummymail.com,Marjie.Olnee@dummymail.com,police officer
661,Lonnie,Meli,Lonnie.Meli@dummymail.com,Lonnie.Meli@dummymail.com,worker
662,Kelly,Willie,Kelly.Willie@dummymail.com,Kelly.Willie@dummymail.com,doctor
663,Lynde,Dunkin,Lynde.Dunkin@dummymail.com,Lynde.Dunkin@dummymail.com,firefighter
664,Cindelyn,Dominy,Cindelyn.Dominy@dummymail.com,Cindelyn.Dominy@dummymail.com,police officer
665,Nollie,Clarissa,Nollie.Clarissa@dummymail.com,Nollie.Clarissa@dummymail.com,police officer
666,Kalina,Pernick,Kalina.Pernick@dummymail.com,Kalina.Pernick@dummymail.com,developer
667,Daryl,Claudine,Daryl.Claudine@dummymail.com,Daryl.Claudine@dummymail.com,doctor
668,Gui,Cath,Gui.Cath@dummymail.com,Gui.Cath@dummymail.com,doctor
669,Shell,Baptlsta,Shell.Baptlsta@dummymail.com,Shell.Baptlsta@dummymail.com,police officer
670,Monika,Rosalba,Monika.Rosalba@dummymail.com,Monika.Rosalba@dummymail.com,firefighter
671,Jaclyn,Gombach,Jaclyn.Gombach@dummymail.com,Jaclyn.Gombach@dummymail.com,firefighter
672,Adelle,Isidore,Adelle.Isidore@dummymail.com,Adelle.Isidore@dummymail.com,worker
673,Gilda,Cressida,Gilda.Cressida@dummymail.com,Gilda.Cressida@dummymail.com,firefighter
674,Larine,Latini,Larine.Latini@dummymail.com,Larine.Latini@dummymail.com,police officer
675,Jaclyn,Seessel,Jaclyn.Seessel@dummymail.com,Jaclyn.Seessel@dummymail.com,firefighter
676,Brooks,Marlie,Brooks.Marlie@dummymail.com,Brooks.Marlie@dummymail.com,developer
677,Paule,Bonilla,Paule.Bonilla@dummymail.com,Paule.Bonilla@dummymail.com,police officer
678,Shannah,Sparhawk,Shannah.Sparhawk@dummymail.com,Shannah.Sparhawk@dummymail.com,firefighter
679,Gretal,Tryck,Gretal.Tryck@dummymail.com,Gretal.Tryck@dummymail.com,developer
680,Ottilie,Raama,Ottilie.Raama@dummymail.com,Ottilie.Raama@dummymail.com,worker
681,Cherilyn,Rudolph,Cherilyn.Rudolph@dummymail.com,Cherilyn.Rudolph@dummymail.com,worker
682,Hettie,Louanna,Hettie.Louanna@dummymail.com,Hettie.Louanna@dummymail.com,police officer
683,Abbie,Anton,Abbie.Anton@dummymail.com,Abbie.Anton@dummymail.com,firefighter
684,Debee,Christal,Debee.Christal@dummymail.com,Debee.Christal@dummymail.com,developer
685,Hettie,Randene,Hettie.Randene@dummymail.com,Hettie.Randene@dummymail.com,police officer
686,Lanae,Phi,Lanae.Phi@dummymail.com,Lanae.Phi@dummymail.com,firefighter
687,Paola,Tristram,Paola.Tristram@dummymail.com,Paola.Tristram@dummymail.com,worker
688,Agnese,Bobbee,Agnese.Bobbee@dummymail.com,Agnese.Bobbee@dummymail.com,doctor
689,Chrystel,Lesley,Chrystel.Lesley@dummymail.com,Chrystel.Lesley@dummymail.com,doctor
690,Aryn,Eldrid,Aryn.Eldrid@dummymail.com,Aryn.Eldrid@dummymail.com,doctor
691,Lanna,Lissi,Lanna.Lissi@dummymail.com,Lanna.Lissi@dummymail.com,doctor
692,Jessamyn,Radu,Jessamyn.Radu@dummymail.com,Jessamyn.Radu@dummymail.com,firefighter
693,Julieta,Plato,Julieta.Plato@dummymail.com,Julieta.Plato@dummymail.com,worker
694,Fanny,Sandye,Fanny.Sandye@dummymail.com,Fanny.Sandye@dummymail.com,police officer
695,Mireielle,Martsen,Mireielle.Martsen@dummymail.com,Mireielle.Martsen@dummymail.com,worker
696,Deedee,Gerge,Deedee.Gerge@dummymail.com,Deedee.Gerge@dummymail.com,police officer
697,Romona,Gladstone,Romona.Gladstone@dummymail.com,Romona.Gladstone@dummymail.com,police officer
698,Chickie,Blase,Chickie.Blase@dummymail.com,Chickie.Blase@dummymail.com,doctor
699,Trudie,Reneta,Trudie.Reneta@dummymail.com,Trudie.Reneta@dummymail.com,worker
700,Lizzie,Lynn,Lizzie.Lynn@dummymail.com,Lizzie.Lynn@dummymail.com,developer
701,Hayley,Dreda,Hayley.Dreda@dummymail.com,Hayley.Dreda@dummymail.com,doctor
702,Fayre,Dorothy,Fayre.Dorothy@dummymail.com,Fayre.Dorothy@dummymail.com,police officer
703,Eve,Sherrie,Eve.Sherrie@dummymail.com,Eve.Sherrie@dummymail.com,doctor
704,Elise,Eachern,Elise.Eachern@dummymail.com,Elise.Eachern@dummymail.com,developer
705,Shirlee,Marcellus,Shirlee.Marcellus@dummymail.com,Shirlee.Marcellus@dummymail.com,developer
706,Valli,Susannah,Valli.Susannah@dummymail.com,Valli.Susannah@dummymail.com,police officer
707,Roseline,Kannry,Roseline.Kannry@dummymail.com,Roseline.Kannry@dummymail.com,police officer
708,Di,Lenny,Di.Lenny@dummymail.com,Di.Lenny@dummymail.com,worker
709,Imojean,Klemperer,Imojean.Klemperer@dummymail.com,Imojean.Klemperer@dummymail.com,doctor
710,Catrina,Cath,Catrina.Cath@dummymail.com,Catrina.Cath@dummymail.com,firefighter
711,Marylou,Randene,Marylou.Randene@dummymail.com,Marylou.Randene@dummymail.com,firefighter
712,Di,Eldrid,Di.Eldrid@dummymail.com,Di.Eldrid@dummymail.com,worker
713,Roberta,Lauraine,Roberta.Lauraine@dummymail.com,Roberta.Lauraine@dummymail.com,police officer
714,Gerrie,Durante,Gerrie.Durante@dummymail.com,Gerrie.Durante@dummymail.com,doctor
715,Raf,Andrel,Raf.Andrel@dummymail.com,Raf.Andrel@dummymail.com,developer
716,Kamilah,Nore,Kamilah.Nore@dummymail.com,Kamilah.Nore@dummymail.com,police officer
717,Gui,Center,Gui.Center@dummymail.com,Gui.Center@dummymail.com,worker
718,Taffy,Esmaria,Taffy.Esmaria@dummymail.com,Taffy.Esmaria@dummymail.com,police officer
719,Kayla,Kelula,Kayla.Kelula@dummymail.com,Kayla.Kelula@dummymail.com,developer
720,Hayley,Amand,Hayley.Amand@dummymail.com,Hayley.Amand@dummymail.com,firefighter
721,Mallory,Ardeha,Mallory.Ardeha@dummymail.com,Mallory.Ardeha@dummymail.com,police officer
722,Jackie,Glovsky,Jackie.Glovsky@dummymail.com,Jackie.Glovsky@dummymail.com,firefighter
723,Nerta,Cherianne,Nerta.Cherianne@dummymail.com,Nerta.Cherianne@dummymail.com,developer
724,Stacey,Pernick,Stacey.Pernick@dummymail.com,Stacey.Pernick@dummymail.com,developer
725,Randa,Azeria,Randa.Azeria@dummymail.com,Randa.Azeria@dummymail.com,worker
726,Augustine,Gregrory,Augustine.Gregrory@dummymail.com,Augustine.Gregrory@dummymail.com,police officer
727,Angela,Gabrielli,Angela.Gabrielli@dummymail.com,Angela.Gabrielli@dummymail.com,worker
728,Renae,Korey,Renae.Korey@dummymail.com,Renae.Korey@dummymail.com,doctor
729,Robinia,Hamil,Robinia.Hamil@dummymail.com,Robinia.Hamil@dummymail.com,worker
730,Johna,Jeanne,Johna.Jeanne@dummymail.com,Johna.Jeanne@dummymail.com,developer
731,Aryn,Egbert,Aryn.Egbert@dummymail.com,Aryn.Egbert@dummymail.com,worker
732,Yolane,Saint,Yolane.Saint@dummymail.com,Yolane.Saint@dummymail.com,worker
733,Kore,Roche,Kore.Roche@dummymail.com,Kore.Roche@dummymail.com,worker
734,Bernie,Maisey,Bernie.Maisey@dummymail.com,Bernie.Maisey@dummymail.com,worker
735,Kirstin,Wadell,Kirstin.Wadell@dummymail.com,Kirstin.Wadell@dummymail.com,worker
736,Kaia,Sikorski,Kaia.Sikorski@dummymail.com,Kaia.Sikorski@dummymail.com,police officer
737,Judy,Middleton,Judy.Middleton@dummymail.com,Judy.Middleton@dummymail.com,doctor
738,Ezmeralda,Kamaria,Ezmeralda.Kamaria@dummymail.com,Ezmeralda.Kamaria@dummymail.com,doctor
739,Wynne,Breed,Wynne.Breed@dummymail.com,Wynne.Breed@dummymail.com,police officer
740,Nerta,Presber,Nerta.Presber@dummymail.com,Nerta.Presber@dummymail.com,developer
741,Paule,Corabella,Paule.Corabella@dummymail.com,Paule.Corabella@dummymail.com,police officer
742,Brandise,Roche,Brandise.Roche@dummymail.com,Brandise.Roche@dummymail.com,doctor
743,Liana,Gerge,Liana.Gerge@dummymail.com,Liana.Gerge@dummymail.com,developer
744,Vere,Mitzi,Vere.Mitzi@dummymail.com,Vere.Mitzi@dummymail.com,police officer
745,Joeann,Isidore,Joeann.Isidore@dummymail.com,Joeann.Isidore@dummymail.com,developer
746,Valera,Elsinore,Valera.Elsinore@dummymail.com,Valera.Elsinore@dummymail.com,firefighter
747,Averyl,Honoria,Averyl.Honoria@dummymail.com,Averyl.Honoria@dummymail.com,firefighter
748,Sharlene,Greyson,Sharlene.Greyson@dummymail.com,Sharlene.Greyson@dummymail.com,developer
749,Brana,Kathie,Brana.Kathie@dummymail.com,Brana.Kathie@dummymail.com,doctor
750,Linet,Gordon,Linet.Gordon@dummymail.com,Linet.Gordon@dummymail.com,firefighter
751,Brandise,Medrek,Brandise.Medrek@dummymail.com,Brandise.Medrek@dummymail.com,developer
752,Norine,Millda,Norine.Millda@dummymail.com,Norine.Millda@dummymail.com,developer
753,Roslyn,Hoenack,Roslyn.Hoenack@dummymail.com,Roslyn.Hoenack@dummymail.com,doctor
754,Valeda,Klemperer,Valeda.Klemperer@dummymail.com,Valeda.Klemperer@dummymail.com,worker
755,Ilse,Jena,Ilse.Jena@dummymail.com,Ilse.Jena@dummymail.com,developer
756,Christian,Gower,Christian.Gower@dummymail.com,Christian.Gower@dummymail.com,doctor
757,Dania,Saint,Dania.Saint@dummymail.com,Dania.Saint@dummymail.com,firefighter
758,Jaime,Wandie,Jaime.Wandie@dummymail.com,Jaime.Wandie@dummymail.com,police officer
759,Carlie,Lutero,Carlie.Lutero@dummymail.com,Carlie.Lutero@dummymail.com,doctor
760,Fina,Chinua,Fina.Chinua@dummymail.com,Fina.Chinua@dummymail.com,worker
761,Gertrud,Cordi,Gertrud.Cordi@dummymail.com,Gertrud.Cordi@dummymail.com,police officer
762,Zia,Lissi,Zia.Lissi@dummymail.com,Zia.Lissi@dummymail.com,worker
763,Orelia,Uund,Orelia.Uund@dummymail.com,Orelia.Uund@dummymail.com,worker
764,Bernardine,Dreda,Bernardine.Dreda@dummymail.com,Bernardine.Dreda@dummymail.com,worker
765,Theodora,Hutchison,Theodora.Hutchison@dummymail.com,Theodora.Hutchison@dummymail.com,doctor
766,Lorie,Phi,Lorie.Phi@dummymail.com,Lorie.Phi@dummymail.com,firefighter
767,Dorice,Brunell,Dorice.Brunell@dummymail.com,Dorice.Brunell@dummymail.com,police officer
768,Karena,Grobe,Karena.Grobe@dummymail.com,Karena.Grobe@dummymail.com,worker
769,Keelia,Lareena,Keelia.Lareena@dummymail.com,Keelia.Lareena@dummymail.com,worker
770,Glenda,Arne,Glenda.Arne@dummymail.com,Glenda.Arne@dummymail.com,firefighter
771,Clo,Yoko,Clo.Yoko@dummymail.com,Clo.Yoko@dummymail.com,doctor
772,Morganica,Saint,Morganica.Saint@dummymail.com,Morganica.Saint@dummymail.com,doctor
773,Tami,Angelis,Tami.Angelis@dummymail.com,Tami.Angelis@dummymail.com,doctor
774,Dorene,Imelida,Dorene.Imelida@dummymail.com,Dorene.Imelida@dummymail.com,developer
775,Zaria,Federica,Zaria.Federica@dummymail.com,Zaria.Federica@dummymail.com,police officer
776,Drucie,Payson,Drucie.Payson@dummymail.com,Drucie.Payson@dummymail.com,firefighter
777,Darlleen,Brenn,Darlleen.Brenn@dummymail.com,Darlleen.Brenn@dummymail.com,developer
778,Elise,Rustice,Elise.Rustice@dummymail.com,Elise.Rustice@dummymail.com,firefighter
779,Sam,Tristram,Sam.Tristram@dummymail.com,Sam.Tristram@dummymail.com,worker
780,Edee,Percy,Edee.Percy@dummymail.com,Edee.Percy@dummymail.com,doctor
781,Andree,Tremayne,Andree.Tremayne@dummymail.com,Andree.Tremayne@dummymail.com,police officer
782,Trixi,Bluh,Trixi.Bluh@dummymail.com,Trixi.Bluh@dummymail.com,police officer
783,Lulita,Madaih,Lulita.Madaih@dummymail.com,Lulita.Madaih@dummymail.com,firefighter
784,Karlee,Vanni,Karlee.Vanni@dummymail.com,Karlee.Vanni@dummymail.com,doctor
785,Adelle,Gamaliel,Adelle.Gamaliel@dummymail.com,Adelle.Gamaliel@dummymail.com,firefighter
786,Jorry,Egbert,Jorry.Egbert@dummymail.com,Jorry.Egbert@dummymail.com,police officer
787,Donetta,Koziara,Donetta.Koziara@dummymail.com,Donetta.Koziara@dummymail.com,developer
788,Adore,Tillford,Adore.Tillford@dummymail.com,Adore.Tillford@dummymail.com,police officer
789,Nicoli,Means,Nicoli.Means@dummymail.com,Nicoli.Means@dummymail.com,firefighter
790,Belinda,Anderea,Belinda.Anderea@dummymail.com,Belinda.Anderea@dummymail.com,worker
791,Fanny,Hewitt,Fanny.Hewitt@dummymail.com,Fanny.Hewitt@dummymail.com,developer
792,Sallie,Fancie,Sallie.Fancie@dummymail.com,Sallie.Fancie@dummymail.com,worker
793,Annaliese,Ehrman,Annaliese.Ehrman@dummymail.com,Annaliese.Ehrman@dummymail.com,firefighter
794,Marguerite,Smitt,Marguerite.Smitt@dummymail.com,Marguerite.Smitt@dummymail.com,worker
795,Collen,Cloris,Collen.Cloris@dummymail.com,Collen.Cloris@dummymail.com,developer
796,Ezmeralda,Joseph,Ezmeralda.Joseph@dummymail.com,Ezmeralda.Joseph@dummymail.com,worker
797,Wendi,Tiffa,Wendi.Tiffa@dummymail.com,Wendi.Tiffa@dummymail.com,worker
798,Olwen,Hashim,Olwen.Hashim@dummymail.com,Olwen.Hashim@dummymail.com,worker
799,Hayley,Kalinda,Hayley.Kalinda@dummymail.com,Hayley.Kalinda@dummymail.com,doctor
800,Celene,Jotham,Celene.Jotham@dummymail.com,Celene.Jotham@dummymail.com,firefighter
801,Maud,Jorgan,Maud.Jorgan@dummymail.com,Maud.Jorgan@dummymail.com,police officer
802,Phylis,Dex,Phylis.Dex@dummymail.com,Phylis.Dex@dummymail.com,firefighter
803,Eugine,Delacourt,Eugine.Delacourt@dummymail.com,Eugine.Delacourt@dummymail.com,firefighter
804,Olwen,Wenda,Olwen.Wenda@dummymail.com,Olwen.Wenda@dummymail.com,firefighter
805,Sashenka,Salvidor,Sashenka.Salvidor@dummymail.com,Sashenka.Salvidor@dummymail.com,developer
806,Emma,Kiyoshi,Emma.Kiyoshi@dummymail.com,Emma.Kiyoshi@dummymail.com,firefighter
807,Hayley,Lunsford,Hayley.Lunsford@dummymail.com,Hayley.Lunsford@dummymail.com,police officer
808,Tani,Halsey,Tani.Halsey@dummymail.com,Tani.Halsey@dummymail.com,firefighter
809,Janey,Joachim,Janey.Joachim@dummymail.com,Janey.Joachim@dummymail.com,firefighter
810,Wanda,Primalia,Wanda.Primalia@dummymail.com,Wanda.Primalia@dummymail.com,firefighter
811,Julieta,Brady,Julieta.Brady@dummymail.com,Julieta.Brady@dummymail.com,worker
812,Carly,Brodench,Carly.Brodench@dummymail.com,Carly.Brodench@dummymail.com,firefighter
813,Xylina,Urias,Xylina.Urias@dummymail.com,Xylina.Urias@dummymail.com,worker
814,Bee,Duwalt,Bee.Duwalt@dummymail.com,Bee.Duwalt@dummymail.com,worker
815,Micheline,Hillel,Micheline.Hillel@dummymail.com,Micheline.Hillel@dummymail.com,police officer
816,Heddie,Dielu,Heddie.Dielu@dummymail.com,Heddie.Dielu@dummymail.com,developer
817,Alie,Marlie,Alie.Marlie@dummymail.com,Alie.Marlie@dummymail.com,developer
818,Calla,Bahr,Calla.Bahr@dummymail.com,Calla.Bahr@dummymail.com,worker
819,Shandie,Manolo,Shandie.Manolo@dummymail.com,Shandie.Manolo@dummymail.com,doctor
820,Collen,Zuzana,Collen.Zuzana@dummymail.com,Collen.Zuzana@dummymail.com,worker
821,Rosanne,Ramona,Rosanne.Ramona@dummymail.com,Rosanne.Ramona@dummymail.com,developer
822,Bobbi,Harday,Bobbi.Harday@dummymail.com,Bobbi.Harday@dummymail.com,developer
823,Annabela,Weitman,Annabela.Weitman@dummymail.com,Annabela.Weitman@dummymail.com,worker
824,Mara,Huggins,Mara.Huggins@dummymail.com,Mara.Huggins@dummymail.com,doctor
825,Charlena,Slifka,Charlena.Slifka@dummymail.com,Charlena.Slifka@dummymail.com,worker
826,Leeanne,LaRue,Leeanne.LaRue@dummymail.com,Leeanne.LaRue@dummymail.com,worker
827,Rayna,Federica,Rayna.Federica@dummymail.com,Rayna.Federica@dummymail.com,developer
828,Heida,Lynn,Heida.Lynn@dummymail.com,Heida.Lynn@dummymail.com,worker
829,Agathe,Leffen,Agathe.Leffen@dummymail.com,Agathe.Leffen@dummymail.com,police officer
830,Kate,Nea,Kate.Nea@dummymail.com,Kate.Nea@dummymail.com,doctor
831,Olwen,Linskey,Olwen.Linskey@dummymail.com,Olwen.Linskey@dummymail.com,developer
832,Karena,Hamil,Karena.Hamil@dummymail.com,Karena.Hamil@dummymail.com,worker
833,Nicoli,Carey,Nicoli.Carey@dummymail.com,Nicoli.Carey@dummymail.com,police officer
834,Lizzie,Rosalba,Lizzie.Rosalba@dummymail.com,Lizzie.Rosalba@dummymail.com,worker
835,Dagmar,Viddah,Dagmar.Viddah@dummymail.com,Dagmar.Viddah@dummymail.com,police officer
836,Lacie,Francyne,Lacie.Francyne@dummymail.com,Lacie.Francyne@dummymail.com,doctor
837,Maud,Colp,Maud.Colp@dummymail.com,Maud.Colp@dummymail.com,worker
838,Romona,Kalinda,Romona.Kalinda@dummymail.com,Romona.Kalinda@dummymail.com,developer
839,Marinna,Laurianne,Marinna.Laurianne@dummymail.com,Marinna.Laurianne@dummymail.com,doctor
840,Oona,Saint,Oona.Saint@dummymail.com,Oona.Saint@dummymail.com,doctor
841,Ellette,Khorma,Ellette.Khorma@dummymail.com,Ellette.Khorma@dummymail.com,police officer
842,Celene,Cottle,Celene.Cottle@dummymail.com,Celene.Cottle@dummymail.com,worker
843,Imojean,Vernier,Imojean.Vernier@dummymail.com,Imojean.Vernier@dummymail.com,police officer
844,Rayna,Hutchison,Rayna.Hutchison@dummymail.com,Rayna.Hutchison@dummymail.com,firefighter
845,Brandise,Rad,Brandise.Rad@dummymail.com,Brandise.Rad@dummymail.com,doctor
846,Louella,Lubin,Louella.Lubin@dummymail.com,Louella.Lubin@dummymail.com,firefighter
847,Elfreda,Brackely,Elfreda.Brackely@dummymail.com,Elfreda.Brackely@dummymail.com,developer
848,Farrah,Ricki,Farrah.Ricki@dummymail.com,Farrah.Ricki@dummymail.com,developer
849,Lindie,Briney,Lindie.Briney@dummymail.com,Lindie.Briney@dummymail.com,firefighter
850,Pearline,Letsou,Pearline.Letsou@dummymail.com,Pearline.Letsou@dummymail.com,doctor
851,Pearline,Garbe,Pearline.Garbe@dummymail.com,Pearline.Garbe@dummymail.com,doctor
852,Fanchon,Forrer,Fanchon.Forrer@dummymail.com,Fanchon.Forrer@dummymail.com,firefighter
853,Brietta,Dex,Brietta.Dex@dummymail.com,Brietta.Dex@dummymail.com,firefighter
854,Vere,Flita,Vere.Flita@dummymail.com,Vere.Flita@dummymail.com,worker
855,Bibby,Christal,Bibby.Christal@dummymail.com,Bibby.Christal@dummymail.com,police officer
856,Alyssa,Garrison,Alyssa.Garrison@dummymail.com,Alyssa.Garrison@dummymail.com,worker
857,Gavrielle,Zachary,Gavrielle.Zachary@dummymail.com,Gavrielle.Zachary@dummymail.com,police officer
858,Dulcinea,Couture,Dulcinea.Couture@dummymail.com,Dulcinea.Couture@dummymail.com,firefighter
859,Anestassia,Gaynor,Anestassia.Gaynor@dummymail.com,Anestassia.Gaynor@dummymail.com,developer
860,Shauna,Thunell,Shauna.Thunell@dummymail.com,Shauna.Thunell@dummymail.com,developer
861,Florencia,Secrest,Florencia.Secrest@dummymail.com,Florencia.Secrest@dummymail.com,firefighter
862,Livvyy,Joni,Livvyy.Joni@dummymail.com,Livvyy.Joni@dummymail.com,doctor
863,Camile,Johanna,Camile.Johanna@dummymail.com,Camile.Johanna@dummymail.com,developer
864,Perry,Tillford,Perry.Tillford@dummymail.com,Perry.Tillford@dummymail.com,police officer
865,Evaleen,Selway,Evaleen.Selway@dummymail.com,Evaleen.Selway@dummymail.com,worker
866,Cyndie,Sibyls,Cyndie.Sibyls@dummymail.com,Cyndie.Sibyls@dummymail.com,worker
867,Gavrielle,Ingra,Gavrielle.Ingra@dummymail.com,Gavrielle.Ingra@dummymail.com,police officer
868,Valera,Timon,Valera.Timon@dummymail.com,Valera.Timon@dummymail.com,police officer
869,Cissiee,Naashom,Cissiee.Naashom@dummymail.com,Cissiee.Naashom@dummymail.com,worker
870,Violet,Bebe,Violet.Bebe@dummymail.com,Violet.Bebe@dummymail.com,doctor
871,Margarette,Natica,Margarette.Natica@dummymail.com,Margarette.Natica@dummymail.com,doctor
872,Raina,Tybald,Raina.Tybald@dummymail.com,Raina.Tybald@dummymail.com,firefighter
873,Misha,Anselmi,Misha.Anselmi@dummymail.com,Misha.Anselmi@dummymail.com,firefighter
874,Dorthy,Billye,Dorthy.Billye@dummymail.com,Dorthy.Billye@dummymail.com,police officer
875,Chandra,Germann,Chandra.Germann@dummymail.com,Chandra.Germann@dummymail.com,developer
876,Shannah,Vernier,Shannah.Vernier@dummymail.com,Shannah.Vernier@dummymail.com,firefighter
877,Dolli,Zuzana,Dolli.Zuzana@dummymail.com,Dolli.Zuzana@dummymail.com,firefighter
878,Janis,Lia,Janis.Lia@dummymail.com,Janis.Lia@dummymail.com,developer
879,Aaren,Yate,Aaren.Yate@dummymail.com,Aaren.Yate@dummymail.com,firefighter
880,Valera,Erich,Valera.Erich@dummymail.com,Valera.Erich@dummymail.com,doctor
881,Cam,Bow,Cam.Bow@dummymail.com,Cam.Bow@dummymail.com,doctor
882,Roseline,Jehu,Roseline.Jehu@dummymail.com,Roseline.Jehu@dummymail.com,doctor
883,Tressa,Chapland,Tressa.Chapland@dummymail.com,Tressa.Chapland@dummymail.com,developer
884,Gertrud,Meter,Gertrud.Meter@dummymail.com,Gertrud.Meter@dummymail.com,firefighter
885,Livvyy,Bohlin,Livvyy.Bohlin@dummymail.com,Livvyy.Bohlin@dummymail.com,firefighter
886,Zsa Zsa,Martguerita,Zsa Zsa.Martguerita@dummymail.com,Zsa Zsa.Martguerita@dummymail.com,firefighter
887,Donetta,Meter,Donetta.Meter@dummymail.com,Donetta.Meter@dummymail.com,developer
888,Orsola,Killigrew,Orsola.Killigrew@dummymail.com,Orsola.Killigrew@dummymail.com,police officer
889,Farrah,Pernick,Farrah.Pernick@dummymail.com,Farrah.Pernick@dummymail.com,developer
890,Ulrike,Revkah,Ulrike.Revkah@dummymail.com,Ulrike.Revkah@dummymail.com,firefighter
891,Gui,Kalinda,Gui.Kalinda@dummymail.com,Gui.Kalinda@dummymail.com,firefighter
892,Kaja,Markman,Kaja.Markman@dummymail.com,Kaja.Markman@dummymail.com,doctor
893,Lesly,Zuzana,Lesly.Zuzana@dummymail.com,Lesly.Zuzana@dummymail.com,firefighter
894,Dominga,Arquit,Dominga.Arquit@dummymail.com,Dominga.Arquit@dummymail.com,police officer
895,Nollie,Carmena,Nollie.Carmena@dummymail.com,Nollie.Carmena@dummymail.com,firefighter
896,Sarette,Baudin,Sarette.Baudin@dummymail.com,Sarette.Baudin@dummymail.com,developer
897,Taffy,Ogren,Taffy.Ogren@dummymail.com,Taffy.Ogren@dummymail.com,firefighter
898,Audrie,Rese,Audrie.Rese@dummymail.com,Audrie.Rese@dummymail.com,developer
899,Amalie,Dalli,Amalie.Dalli@dummymail.com,Amalie.Dalli@dummymail.com,police officer
900,Shel,Weaks,Shel.Weaks@dummymail.com,Shel.Weaks@dummymail.com,worker
901,Kirbee,Vorster,Kirbee.Vorster@dummymail.com,Kirbee.Vorster@dummymail.com,doctor
902,Josephine,Stanwood,Josephine.Stanwood@dummymail.com,Josephine.Stanwood@dummymail.com,doctor
903,Bertine,Stav,Bertine.Stav@dummymail.com,Bertine.Stav@dummymail.com,doctor
904,Claresta,Tyson,Claresta.Tyson@dummymail.com,Claresta.Tyson@dummymail.com,police officer
905,Sissy,Koehler,Sissy.Koehler@dummymail.com,Sissy.Koehler@dummymail.com,firefighter
906,Claresta,Bearnard,Claresta.Bearnard@dummymail.com,Claresta.Bearnard@dummymail.com,developer
907,Vonny,Geffner,Vonny.Geffner@dummymail.com,Vonny.Geffner@dummymail.com,police officer
908,Genevra,Lindemann,Genevra.Lindemann@dummymail.com,Genevra.Lindemann@dummymail.com,police officer
909,Etta,Garrison,Etta.Garrison@dummymail.com,Etta.Garrison@dummymail.com,police officer
910,Myriam,Hylan,Myriam.Hylan@dummymail.com,Myriam.Hylan@dummymail.com,doctor
911,Ethel,Faust,Ethel.Faust@dummymail.com,Ethel.Faust@dummymail.com,doctor
912,Sheree,Moina,Sheree.Moina@dummymail.com,Sheree.Moina@dummymail.com,police officer
913,Raf,Flyn,Raf.Flyn@dummymail.com,Raf.Flyn@dummymail.com,developer
914,Arabel,Kevon,Arabel.Kevon@dummymail.com,Arabel.Kevon@dummymail.com,firefighter
915,Damaris,Raul,Damaris.Raul@dummymail.com,Damaris.Raul@dummymail.com,doctor
916,Eolanda,Cloris,Eolanda.Cloris@dummymail.com,Eolanda.Cloris@dummymail.com,police officer
917,Blinni,Magdalen,Blinni.Magdalen@dummymail.com,Blinni.Magdalen@dummymail.com,doctor
918,Rozele,Kare,Rozele.Kare@dummymail.com,Rozele.Kare@dummymail.com,police officer
919,Norine,Cloris,Norine.Cloris@dummymail.com,Norine.Cloris@dummymail.com,police officer
920,Siana,Tufts,Siana.Tufts@dummymail.com,Siana.Tufts@dummymail.com,worker
921,Lindie,Corabella,Lindie.Corabella@dummymail.com,Lindie.Corabella@dummymail.com,firefighter
922,Susette,Iiette,Susette.Iiette@dummymail.com,Susette.Iiette@dummymail.com,doctor
923,Sam,Curren,Sam.Curren@dummymail.com,Sam.Curren@dummymail.com,firefighter
924,Leeanne,Roscoe,Leeanne.Roscoe@dummymail.com,Leeanne.Roscoe@dummymail.com,police officer
925,Gavrielle,Gavrila,Gavrielle.Gavrila@dummymail.com,Gavrielle.Gavrila@dummymail.com,police officer
926,Sonni,Fink,Sonni.Fink@dummymail.com,Sonni.Fink@dummymail.com,firefighter
927,Zia,Boehike,Zia.Boehike@dummymail.com,Zia.Boehike@dummymail.com,worker
928,Tamqrah,Fink,Tamqrah.Fink@dummymail.com,Tamqrah.Fink@dummymail.com,doctor
929,Kaja,Wandie,Kaja.Wandie@dummymail.com,Kaja.Wandie@dummymail.com,worker
930,Tina,Marden,Tina.Marden@dummymail.com,Tina.Marden@dummymail.com,police officer
931,Alie,Ovid,Alie.Ovid@dummymail.com,Alie.Ovid@dummymail.com,firefighter
932,Atlanta,Argus,Atlanta.Argus@dummymail.com,Atlanta.Argus@dummymail.com,police officer
933,Correy,Keelia,Correy.Keelia@dummymail.com,Correy.Keelia@dummymail.com,developer
934,Dawn,Flita,Dawn.Flita@dummymail.com,Dawn.Flita@dummymail.com,worker
935,Luci,Duwalt,Luci.Duwalt@dummymail.com,Luci.Duwalt@dummymail.com,developer
936,Sallie,Seagraves,Sallie.Seagraves@dummymail.com,Sallie.Seagraves@dummymail.com,worker
937,Jaime,Keelia,Jaime.Keelia@dummymail.com,Jaime.Keelia@dummymail.com,police officer
938,Millie,Noman,Millie.Noman@dummymail.com,Millie.Noman@dummymail.com,doctor
939,Ricky,Parsaye,Ricky.Parsaye@dummymail.com,Ricky.Parsaye@dummymail.com,worker
940,Kaja,Kermit,Kaja.Kermit@dummymail.com,Kaja.Kermit@dummymail.com,firefighter
941,Ricky,Dosia,Ricky.Dosia@dummymail.com,Ricky.Dosia@dummymail.com,developer
942,Jaclyn,Jerald,Jaclyn.Jerald@dummymail.com,Jaclyn.Jerald@dummymail.com,police officer
943,Clary,Hoenack,Clary.Hoenack@dummymail.com,Clary.Hoenack@dummymail.com,firefighter
944,Reeba,Forrer,Reeba.Forrer@dummymail.com,Reeba.Forrer@dummymail.com,doctor
945,Valeda,Hirsch,Valeda.Hirsch@dummymail.com,Valeda.Hirsch@dummymail.com,doctor
946,Berget,Wareing,Berget.Wareing@dummymail.com,Berget.Wareing@dummymail.com,worker
947,Tomasina,Seumas,Tomasina.Seumas@dummymail.com,Tomasina.Seumas@dummymail.com,doctor
948,Sharai,Chabot,Sharai.Chabot@dummymail.com,Sharai.Chabot@dummymail.com,firefighter
949,Myrtice,Raul,Myrtice.Raul@dummymail.com,Myrtice.Raul@dummymail.com,firefighter
950,Joceline,Sandye,Joceline.Sandye@dummymail.com,Joceline.Sandye@dummymail.com,police officer
951,Corene,Lymann,Corene.Lymann@dummymail.com,Corene.Lymann@dummymail.com,developer
952,Darci,Lory,Darci.Lory@dummymail.com,Darci.Lory@dummymail.com,police officer
953,Micheline,Moina,Micheline.Moina@dummymail.com,Micheline.Moina@dummymail.com,developer
954,Leanna,Maurine,Leanna.Maurine@dummymail.com,Leanna.Maurine@dummymail.com,police officer
955,Aeriela,Goldina,Aeriela.Goldina@dummymail.com,Aeriela.Goldina@dummymail.com,police officer
956,Althea,Richers,Althea.Richers@dummymail.com,Althea.Richers@dummymail.com,worker
957,Ricky,Talia,Ricky.Talia@dummymail.com,Ricky.Talia@dummymail.com,developer
958,Zia,Koehler,Zia.Koehler@dummymail.com,Zia.Koehler@dummymail.com,police officer
959,Micheline,Duwalt,Micheline.Duwalt@dummymail.com,Micheline.Duwalt@dummymail.com,firefighter
960,Lexine,Ailyn,Lexine.Ailyn@dummymail.com,Lexine.Ailyn@dummymail.com,firefighter
961,Carmela,Tamar,Carmela.Tamar@dummymail.com,Carmela.Tamar@dummymail.com,developer
962,Ada,Eugenia,Ada.Eugenia@dummymail.com,Ada.Eugenia@dummymail.com,doctor
963,Katuscha,Colyer,Katuscha.Colyer@dummymail.com,Katuscha.Colyer@dummymail.com,developer
964,Eadie,Granoff,Eadie.Granoff@dummymail.com,Eadie.Granoff@dummymail.com,police officer
965,Claudina,Marisa,Claudina.Marisa@dummymail.com,Claudina.Marisa@dummymail.com,developer
966,Johna,Demitria,Johna.Demitria@dummymail.com,Johna.Demitria@dummymail.com,police officer
967,Nanete,Leary,Nanete.Leary@dummymail.com,Nanete.Leary@dummymail.com,firefighter
968,Berget,Cadmar,Berget.Cadmar@dummymail.com,Berget.Cadmar@dummymail.com,doctor
969,Lorie,Newell,Lorie.Newell@dummymail.com,Lorie.Newell@dummymail.com,doctor
970,Philis,Orlene,Philis.Orlene@dummymail.com,Philis.Orlene@dummymail.com,police officer
971,Riannon,Geffner,Riannon.Geffner@dummymail.com,Riannon.Geffner@dummymail.com,developer
972,Elora,Robertson,Elora.Robertson@dummymail.com,Elora.Robertson@dummymail.com,worker
973,Clementine,Tannie,Clementine.Tannie@dummymail.com,Clementine.Tannie@dummymail.com,doctor
974,Tersina,Vacuva,Tersina.Vacuva@dummymail.com,Tersina.Vacuva@dummymail.com,doctor
975,Sheree,Mayeda,Sheree.Mayeda@dummymail.com,Sheree.Mayeda@dummymail.com,firefighter
976,Liana,Aida,Liana.Aida@dummymail.com,Liana.Aida@dummymail.com,police officer
977,Ira,Westphal,Ira.Westphal@dummymail.com,Ira.Westphal@dummymail.com,police officer
978,Gabi,Love,Gabi.Love@dummymail.com,Gabi.Love@dummymail.com,worker
979,Lita,Monk,Lita.Monk@dummymail.com,Lita.Monk@dummymail.com,doctor
980,Alyssa,Imelida,Alyssa.Imelida@dummymail.com,Alyssa.Imelida@dummymail.com,doctor
981,Ardeen,Cherianne,Ardeen.Cherianne@dummymail.com,Ardeen.Cherianne@dummymail.com,firefighter
982,Codie,Lasley,Codie.Lasley@dummymail.com,Codie.Lasley@dummymail.com,developer
983,Myriam,Alarise,Myriam.Alarise@dummymail.com,Myriam.Alarise@dummymail.com,police officer
984,Ricky,Lindemann,Ricky.Lindemann@dummymail.com,Ricky.Lindemann@dummymail.com,police officer
985,Marnia,Arley,Marnia.Arley@dummymail.com,Marnia.Arley@dummymail.com,doctor
986,Charlena,Trinetta,Charlena.Trinetta@dummymail.com,Charlena.Trinetta@dummymail.com,firefighter
987,Annice,Morrill,Annice.Morrill@dummymail.com,Annice.Morrill@dummymail.com,worker
988,Hope,Rolf,Hope.Rolf@dummymail.com,Hope.Rolf@dummymail.com,police officer
989,Peri,Waldron,Peri.Waldron@dummymail.com,Peri.Waldron@dummymail.com,worker
990,Perry,Kare,Perry.Kare@dummymail.com,Perry.Kare@dummymail.com,developer
991,Candy,Robertson,Candy.Robertson@dummymail.com,Candy.Robertson@dummymail.com,worker
992,Amii,Baptlsta,Amii.Baptlsta@dummymail.com,Amii.Baptlsta@dummymail.com,worker
993,Brana,Talia,Brana.Talia@dummymail.com,Brana.Talia@dummymail.com,developer
994,Gavrielle,Cohdwell,Gavrielle.Cohdwell@dummymail.com,Gavrielle.Cohdwell@dummymail.com,developer
995,Kore,Curren,Kore.Curren@dummymail.com,Kore.Curren@dummymail.com,developer
996,Belva,Rocray,Belva.Rocray@dummymail.com,Belva.Rocray@dummymail.com,developer
997,Gusella,Cosenza,Gusella.Cosenza@dummymail.com,Gusella.Cosenza@dummymail.com,police officer
998,Elie,Borrell,Elie.Borrell@dummymail.com,Elie.Borrell@dummymail.com,doctor
999,Kimberley,Joeann,Kimberley.Joeann@dummymail.com,Kimberley.Joeann@dummymail.com,doctor
1000,Nariko,Desai,Nariko.Desai@dummymail.com,Nariko.Desai@dummymail.com,doctor
1001,Wendi,Penelopa,Wendi.Penelopa@dummymail.com,Wendi.Penelopa@dummymail.com,firefighter
1002,Blondelle,Marisa,Blondelle.Marisa@dummymail.com,Blondelle.Marisa@dummymail.com,police officer
1003,Hope,Lubin,Hope.Lubin@dummymail.com,Hope.Lubin@dummymail.com,worker
1004,Alameda,Zuzana,Alameda.Zuzana@dummymail.com,Alameda.Zuzana@dummymail.com,firefighter
1005,Tonia,Ries,Tonia.Ries@dummymail.com,Tonia.Ries@dummymail.com,firefighter
1006,Clo,Milson,Clo.Milson@dummymail.com,Clo.Milson@dummymail.com,police officer
1007,Nerta,Wilona,Nerta.Wilona@dummymail.com,Nerta.Wilona@dummymail.com,doctor
1008,Elvira,Kannry,Elvira.Kannry@dummymail.com,Elvira.Kannry@dummymail.com,developer
1009,Jessy,Millda,Jessy.Millda@dummymail.com,Jessy.Millda@dummymail.com,developer
1010,Madeleine,Terencio,Madeleine.Terencio@dummymail.com,Madeleine.Terencio@dummymail.com,police officer
1011,Xylina,Zetta,Xylina.Zetta@dummymail.com,Xylina.Zetta@dummymail.com,worker
1012,Codie,Lipson,Codie.Lipson@dummymail.com,Codie.Lipson@dummymail.com,doctor
1013,Cam,Lunsford,Cam.Lunsford@dummymail.com,Cam.Lunsford@dummymail.com,developer
1014,Bernie,Toni,Bernie.Toni@dummymail.com,Bernie.Toni@dummymail.com,developer
1015,Tami,Ummersen,Tami.Ummersen@dummymail.com,Tami.Ummersen@dummymail.com,police officer
1016,Millie,Garrison,Millie.Garrison@dummymail.com,Millie.Garrison@dummymail.com,police officer
1017,Belinda,Madaih,Belinda.Madaih@dummymail.com,Belinda.Madaih@dummymail.com,firefighter
1018,Zondra,Fillbert,Zondra.Fillbert@dummymail.com,Zondra.Fillbert@dummymail.com,worker
1019,Edyth,Matthew,Edyth.Matthew@dummymail.com,Edyth.Matthew@dummymail.com,firefighter
1020,Myriam,Hachmin,Myriam.Hachmin@dummymail.com,Myriam.Hachmin@dummymail.com,developer
1021,Desirae,Hamil,Desirae.Hamil@dummymail.com,Desirae.Hamil@dummymail.com,developer
1022,Brietta,Schwejda,Brietta.Schwejda@dummymail.com,Brietta.Schwejda@dummymail.com,police officer
1023,Valli,Sancho,Valli.Sancho@dummymail.com,Valli.Sancho@dummymail.com,developer
1024,Pamella,Paton,Pamella.Paton@dummymail.com,Pamella.Paton@dummymail.com,police officer
1025,Violet,Jotham,Violet.Jotham@dummymail.com,Violet.Jotham@dummymail.com,developer
1026,Meg,Rurik,Meg.Rurik@dummymail.com,Meg.Rurik@dummymail.com,police officer
1027,Patricia,Tristram,Patricia.Tristram@dummymail.com,Patricia.Tristram@dummymail.com,worker
1028,Caritta,Dom,Caritta.Dom@dummymail.com,Caritta.Dom@dummymail.com,developer
1029,Marita,Sinegold,Marita.Sinegold@dummymail.com,Marita.Sinegold@dummymail.com,worker
1030,Feliza,Tristram,Feliza.Tristram@dummymail.com,Feliza.Tristram@dummymail.com,firefighter
1031,Elbertina,Teryn,Elbertina.Teryn@dummymail.com,Elbertina.Teryn@dummymail.com,worker
1032,Kamilah,Rona,Kamilah.Rona@dummymail.com,Kamilah.Rona@dummymail.com,firefighter
1033,Jaclyn,Callista,Jaclyn.Callista@dummymail.com,Jaclyn.Callista@dummymail.com,developer
1034,Annora,Heidt,Annora.Heidt@dummymail.com,Annora.Heidt@dummymail.com,police officer
1035,Britte,McNully,Britte.McNully@dummymail.com,Britte.McNully@dummymail.com,police officer
1036,Beth,Silvan,Beth.Silvan@dummymail.com,Beth.Silvan@dummymail.com,worker
1037,Janis,Tayib,Janis.Tayib@dummymail.com,Janis.Tayib@dummymail.com,worker
1038,Gabriellia,Hunfredo,Gabriellia.Hunfredo@dummymail.com,Gabriellia.Hunfredo@dummymail.com,police officer
1039,Marika,Kare,Marika.Kare@dummymail.com,Marika.Kare@dummymail.com,firefighter
1040,Clementine,Lunsford,Clementine.Lunsford@dummymail.com,Clementine.Lunsford@dummymail.com,doctor
1041,Candy,Tyson,Candy.Tyson@dummymail.com,Candy.Tyson@dummymail.com,doctor
1042,Tilly,Glenden,Tilly.Glenden@dummymail.com,Tilly.Glenden@dummymail.com,police officer
1043,Candi,Clarissa,Candi.Clarissa@dummymail.com,Candi.Clarissa@dummymail.com,firefighter
1044,Odessa,Han,Odessa.Han@dummymail.com,Odessa.Han@dummymail.com,police officer
1045,Talya,Merna,Talya.Merna@dummymail.com,Talya.Merna@dummymail.com,police officer
1046,Roseline,Fiester,Roseline.Fiester@dummymail.com,Roseline.Fiester@dummymail.com,doctor
1047,Morganica,Rozanna,Morganica.Rozanna@dummymail.com,Morganica.Rozanna@dummymail.com,worker
1048,Helena,Euridice,Helena.Euridice@dummymail.com,Helena.Euridice@dummymail.com,firefighter
1049,Pearline,Kathie,Pearline.Kathie@dummymail.com,Pearline.Kathie@dummymail.com,worker
1050,Aimil,Niccolo,Aimil.Niccolo@dummymail.com,Aimil.Niccolo@dummymail.com,police officer
1051,Jennica,Kristi,Jennica.Kristi@dummymail.com,Jennica.Kristi@dummymail.com,worker
1052,Gratia,Wildermuth,Gratia.Wildermuth@dummymail.com,Gratia.Wildermuth@dummymail.com,firefighter
1053,Devina,Uund,Devina.Uund@dummymail.com,Devina.Uund@dummymail.com,worker
1054,Diena,Solitta,Diena.Solitta@dummymail.com,Diena.Solitta@dummymail.com,developer
1055,Alleen,Olin,Alleen.Olin@dummymail.com,Alleen.Olin@dummymail.com,firefighter
1056,Kate,Gilbertson,Kate.Gilbertson@dummymail.com,Kate.Gilbertson@dummymail.com,doctor
1057,Moyna,Mitzi,Moyna.Mitzi@dummymail.com,Moyna.Mitzi@dummymail.com,worker
1058,Paulita,Ralfston,Paulita.Ralfston@dummymail.com,Paulita.Ralfston@dummymail.com,developer
1059,Lorie,Suk,Lorie.Suk@dummymail.com,Lorie.Suk@dummymail.com,worker
1060,Vanessa,Gilmour,Vanessa.Gilmour@dummymail.com,Vanessa.Gilmour@dummymail.com,worker
1061,Suzette,Brian,Suzette.Brian@dummymail.com,Suzette.Brian@dummymail.com,firefighter
1062,Steffane,Chem,Steffane.Chem@dummymail.com,Steffane.Chem@dummymail.com,doctor
1063,Nonnah,Ricki,Nonnah.Ricki@dummymail.com,Nonnah.Ricki@dummymail.com,developer
1064,Blondelle,Klotz,Blondelle.Klotz@dummymail.com,Blondelle.Klotz@dummymail.com,developer
1065,Almeta,Madelene,Almeta.Madelene@dummymail.com,Almeta.Madelene@dummymail.com,firefighter
1066,Tera,Howlyn,Tera.Howlyn@dummymail.com,Tera.Howlyn@dummymail.com,firefighter
1067,Kathi,Orelee,Kathi.Orelee@dummymail.com,Kathi.Orelee@dummymail.com,doctor
1068,Annecorinne,Smitt,Annecorinne.Smitt@dummymail.com,Annecorinne.Smitt@dummymail.com,developer
1069,Ulrike,Wenda,Ulrike.Wenda@dummymail.com,Ulrike.Wenda@dummymail.com,developer
1070,Florencia,Maryanne,Florencia.Maryanne@dummymail.com,Florencia.Maryanne@dummymail.com,firefighter
1071,Ilse,Adrienne,Ilse.Adrienne@dummymail.com,Ilse.Adrienne@dummymail.com,police officer
1072,Cecile,Grimbly,Cecile.Grimbly@dummymail.com,Cecile.Grimbly@dummymail.com,worker
1073,Jemie,Lia,Jemie.Lia@dummymail.com,Jemie.Lia@dummymail.com,doctor
1074,Amelia,Huggins,Amelia.Huggins@dummymail.com,Amelia.Huggins@dummymail.com,worker
1075,Inga,Hollingsworth,Inga.Hollingsworth@dummymail.com,Inga.Hollingsworth@dummymail.com,police officer
1076,Dulce,Emanuel,Dulce.Emanuel@dummymail.com,Dulce.Emanuel@dummymail.com,developer
1077,Averyl,Keily,Averyl.Keily@dummymail.com,Averyl.Keily@dummymail.com,worker
1078,Fina,Urias,Fina.Urias@dummymail.com,Fina.Urias@dummymail.com,doctor
1079,Constance,Roumell,Constance.Roumell@dummymail.com,Constance.Roumell@dummymail.com,firefighter
1080,Penelopa,Campball,Penelopa.Campball@dummymail.com,Penelopa.Campball@dummymail.com,developer
1081,Phedra,Atcliffe,Phedra.Atcliffe@dummymail.com,Phedra.Atcliffe@dummymail.com,doctor
1082,Rebeca,Katrine,Rebeca.Katrine@dummymail.com,Rebeca.Katrine@dummymail.com,worker
1083,Gavrielle,Goode,Gavrielle.Goode@dummymail.com,Gavrielle.Goode@dummymail.com,police officer
1084,Dari,Paton,Dari.Paton@dummymail.com,Dari.Paton@dummymail.com,doctor
1085,Marguerite,Holbrook,Marguerite.Holbrook@dummymail.com,Marguerite.Holbrook@dummymail.com,firefighter
1086,Aimil,Bibi,Aimil.Bibi@dummymail.com,Aimil.Bibi@dummymail.com,doctor
1087,Kate,Earlie,Kate.Earlie@dummymail.com,Kate.Earlie@dummymail.com,worker
1088,Minne,Grobe,Minne.Grobe@dummymail.com,Minne.Grobe@dummymail.com,worker
1089,Margette,Kevon,Margette.Kevon@dummymail.com,Margette.Kevon@dummymail.com,doctor
1090,Cordi,Noelyn,Cordi.Noelyn@dummymail.com,Cordi.Noelyn@dummymail.com,firefighter
1091,Rubie,Rillings,Rubie.Rillings@dummymail.com,Rubie.Rillings@dummymail.com,doctor
1092,Kaia,Roxanna,Kaia.Roxanna@dummymail.com,Kaia.Roxanna@dummymail.com,firefighter
1093,Harmonia,Chrystel,Harmonia.Chrystel@dummymail.com,Harmonia.Chrystel@dummymail.com,doctor
1094,Suzette,Kenwood,Suzette.Kenwood@dummymail.com,Suzette.Kenwood@dummymail.com,doctor
1095,Kristan,Pozzy,Kristan.Pozzy@dummymail.com,Kristan.Pozzy@dummymail.com,doctor
1096,Katharina,Screens,Katharina.Screens@dummymail.com,Katharina.Screens@dummymail.com,doctor
1097,Christal,Willie,Christal.Willie@dummymail.com,Christal.Willie@dummymail.com,firefighter
1098,Lanna,Kinnard,Lanna.Kinnard@dummymail.com,Lanna.Kinnard@dummymail.com,firefighter
1099,Charlena,Katrine,Charlena.Katrine@dummymail.com,Charlena.Katrine@dummymail.com,developer