id,firstname,lastname,email,email2,profession
100,Sheree,Fink,Sheree.Fink@dummymail.com,Sheree.Fink@dummymail.com,police officer
101,Fanchon,Manolo,Fanchon.Manolo@dummymail.com,Fanchon.Manolo@dummymail.com,developer
102,Leeanne,Kaete,Leeanne.Kaete@dummymail.com,Leeanne.Kaete@dummymail.com,doctor
103,Noelle,Ledah,Noelle.Ledah@dummymail.com,Noelle.Ledah@dummymail.com,doctor
104,Shandie,Belanger,Shandie.Belanger@dummymail.com,Shandie.Belanger@dummymail.com,police officer
105,Merry,Vittoria,Merry.Vittoria@dummymail.com,Merry.Vittoria@dummymail.com,doctor
106,Hettie,Bertold,Hettie.Bertold@dummymail.com,Hettie.Bertold@dummymail.com,developer
107,Max,Concha,Max.Concha@dummymail.com,Max.Concha@dummymail.com,police officer
108,Christian,Anton,Christian.Anton@dummymail.com,Christian.Anton@dummymail.com,developer
109,Tani,Burch,Tani.Burch@dummymail.com,Tani.Burch@dummymail.com,firefighter
110,Clarice,Nahum,Clarice.Nahum@dummymail.com,Clarice.Nahum@dummymail.com,developer
111,Aubrie,Ophelia,Aubrie.Ophelia@dummymail.com,Aubrie.Ophelia@dummymail.com,doctor
112,Althea,Myrilla,Althea.Myrilla@dummymail.com,Althea.Myrilla@dummymail.com,doctor
113,Deirdre,Willie,Deirdre.Willie@dummymail.com,Deirdre.Willie@dummymail.com,firefighter
114,Cathie,Roumell,Cathie.Roumell@dummymail.com,Cathie.Roumell@dummymail.com,doctor
115,Jean,Allys,Jean.Allys@dummymail.com,Jean.Allys@dummymail.com,police officer
116,Larine,Dunkin,Larine.Dunkin@dummymail.com,Larine.Dunkin@dummymail.com,doctor
117,Catrina,Evvie,Catrina.Evvie@dummymail.com,Catrina.Evvie@dummymail.com,developer
118,Britni,Roscoe,Britni.Roscoe@dummymail.com,Britni.Roscoe@dummymail.com,developer
119,Katuscha,Ogren,Katuscha.Ogren@dummymail.com,Katuscha.Ogren@dummymail.com,worker
120,Dorothy,Oscar,Dorothy.Oscar@dummymail.com,Dorothy.Oscar@dummymail.com,worker
121,Chickie,Genna,Chickie.Genna@dummymail.com,Chickie.Genna@dummymail.com,doctor
122,Nikki,Hollingsworth,Nikki.Hollingsworth@dummymail.com,Nikki.Hollingsworth@dummymail.com,firefighter
123,Donetta,Colyer,Donetta.Colyer@dummymail.com,Donetta.Colyer@dummymail.com,developer
124,Giustina,Sothena,Giustina.Sothena@dummymail.com,Giustina.Sothena@dummymail.com,developer
125,Lita,Roche,Lita.Roche@dummymail.com,Lita.Roche@dummymail.com,firefighter
126,Phylis,Faro,Phylis.Faro@dummymail.com,Phylis.Faro@dummymail.com,developer
127,Jacquetta,Fax,Jacquetta.Fax@dummymail.com,Jacquetta.Fax@dummymail.com,police officer
128,Edyth,Orlene,Edyth.Orlene@dummymail.com,Edyth.Orlene@dummymail.com,firefighter
129,Catrina,Carleen,Catrina.Carleen@dummymail.com,Catrina.Carleen@dummymail.com,developer
130,Di,Brandice,Di.Brandice@dummymail.com,Di.Brandice@dummymail.com,doctor
131,Ariela,Hylan,Ariela.Hylan@dummymail.com,Ariela.Hylan@dummymail.com,police officer
132,Jaclyn,Sibyls,Jaclyn.Sibyls@dummymail.com,Jaclyn.Sibyls@dummymail.com,worker
133,Zia,Dowski,Zia.Dowski@dummymail.com,Zia.Dowski@dummymail.com,firefighter
134,Tera,Wooster,Tera.Wooster@dummymail.com,Tera.Wooster@dummymail.com,developer
135,Eolanda,Hutchison,Eolanda.Hutchison@dummymail.com,Eolanda.Hutchison@dummymail.com,worker
136,Sadie,Land,Sadie.Land@dummymail.com,Sadie.Land@dummymail.com,firefighter
137,Shaylyn,Auberbach,Shaylyn.Auberbach@dummymail.com,Shaylyn.Auberbach@dummymail.com,worker
138,Annabela,Demitria,Annabela.Demitria@dummymail.com,Annabela.Demitria@dummymail.com,firefighter
139,Tabbatha,Rosette,Tabbatha.Rosette@dummymail.com,Tabbatha.Rosette@dummymail.com,developer
140,Philis,Celestine,Philis.Celestine@dummymail.com,Philis.Celestine@dummymail.com,police officer
141,Corry,Earlie,Corry.Earlie@dummymail.com,Corry.Earlie@dummymail.com,firefighter
142,Jessy,Amasa,Jessy.Amasa@dummymail.com,Jessy.Amasa@dummymail.com,police officer
143,Hettie,Sibyls,Hettie.Sibyls@dummymail.com,Hettie.Sibyls@dummymail.com,police officer
144,Merry,Milde,Merry.Milde@dummymail.com,Merry.Milde@dummymail.com,developer
145,Henriette,Gladstone,Henriette.Gladstone@dummymail.com,Henriette.Gladstone@dummymail.com,worker
146,Eugine,Fairweather,Eugine.Fairweather@dummymail.com,Eugine.Fairweather@dummymail.com,developer
147,Janeczka,Chem,Janeczka.Chem@dummymail.com,Janeczka.Chem@dummymail.com,worker
148,Netty,Vins,Netty.Vins@dummymail.com,Netty.Vins@dummymail.com,firefighter
149,Fernande,Anis,Fernande.Anis@dummymail.com,Fernande.Anis@dummymail.com,firefighter
150,Lanna,Hirsch,Lanna.Hirsch@dummymail.com,Lanna.Hirsch@dummymail.com,developer
151,Morganica,Myrilla,Morganica.Myrilla@dummymail.com,Morganica.Myrilla@dummymail.com,police officer
152,Camile,Christal,Camile.Christal@dummymail.com,Camile.Christal@dummymail.com,worker
153,Merry,Neva,Merry.Neva@dummymail.com,Merry.Neva@dummymail.com,worker
154,Oralee,Erich,Oralee.Erich@dummymail.com,Oralee.Erich@dummymail.com,police officer
155,Ingrid,Tound,Ingrid.Tound@dummymail.com,Ingrid.Tound@dummymail.com,doctor
156,Joeann,Paton,Joeann.Paton@dummymail.com,Joeann.Paton@dummymail.com,developer
157,Taffy,Iphlgenia,Taffy.Iphlgenia@dummymail.com,Taffy.Iphlgenia@dummymail.com,developer
158,Christy,Alcott,Christy.Alcott@dummymail.com,Christy.Alcott@dummymail.com,police officer
159,Gabriellia,Alejoa,Gabriellia.Alejoa@dummymail.com,Gabriellia.Alejoa@dummymail.com,police officer
160,Collen,Gaulin,Collen.Gaulin@dummymail.com,Collen.Gaulin@dummymail.com,firefighter
161,Daryl,Borrell,Daryl.Borrell@dummymail.com,Daryl.Borrell@dummymail.com,police officer
162,Alleen,Gregrory,Alleen.Gregrory@dummymail.com,Alleen.Gregrory@dummymail.com,developer
163,Shaylyn,Saree,Shaylyn.Saree@dummymail.com,Shaylyn.Saree@dummymail.com,developer
164,Libbie,Lamoree,Libbie.Lamoree@dummymail.com,Libbie.Lamoree@dummymail.com,doctor
165,Kimmy,Marsden,Kimmy.Marsden@dummymail.com,Kimmy.Marsden@dummymail.com,doctor
166,Layla,Lareena,Layla.Lareena@dummymail.com,Layla.Lareena@dummymail.com,worker
167,Tarra,Maryanne,Tarra.Maryanne@dummymail.com,Tarra.Maryanne@dummymail.com,firefighter
168,Eugine,Fry,Eugine.Fry@dummymail.com,Eugine.Fry@dummymail.com,police officer
169,Annora,Damarra,Annora.Damarra@dummymail.com,Annora.Damarra@dummymail.com,doctor
170,Amalie,Alrich,Amalie.Alrich@dummymail.com,Amalie.Alrich@dummymail.com,doctor
171,Tybie,Hewitt,Tybie.Hewitt@dummymail.com,Tybie.Hewitt@dummymail.com,firefighter
172,Heida,Seligman,Heida.Seligman@dummymail.com,Heida.Seligman@dummymail.com,police officer
173,Mariann,Maples,Mariann.Maples@dummymail.com,Mariann.Maples@dummymail.com,police officer
174,Meg,Baylor,Meg.Baylor@dummymail.com,Meg.Baylor@dummymail.com,developer
175,Dorthy,Ilka,Dorthy.Ilka@dummymail.com,Dorthy.Ilka@dummymail.com,firefighter
176,Paule,Oneida,Paule.Oneida@dummymail.com,Paule.Oneida@dummymail.com,worker
177,Elie,Ulphia,Elie.Ulphia@dummymail.com,Elie.Ulphia@dummymail.com,worker
178,Mariann,Tippets,Mariann.Tippets@dummymail.com,Mariann.Tippets@dummymail.com,worker
179,Mahalia,Ietta,Mahalia.Ietta@dummymail.com,Mahalia.Ietta@dummymail.com,worker
180,Meghann,Solitta,Meghann.Solitta@dummymail.com,Meghann.Solitta@dummymail.com,worker
181,Lonnie,Edmund,Lonnie.Edmund@dummymail.com,Lonnie.Edmund@dummymail.com,police officer
182,Annice,Fabiola,Annice.Fabiola@dummymail.com,Annice.Fabiola@dummymail.com,developer
183,Hildegaard,Chauncey,Hildegaard.Chauncey@dummymail.com,Hildegaard.Chauncey@dummymail.com,police officer
184,Gloria,Montgomery,Gloria.Montgomery@dummymail.com,Gloria.Montgomery@dummymail.com,firefighter
185,Gretal,Elephus,Gretal.Elephus@dummymail.com,Gretal.Elephus@dummymail.com,doctor
186,Pierette,Uird,Pierette.Uird@dummymail.com,Pierette.Uird@dummymail.com,police officer
187,Constance,Roumell,Constance.Roumell@dummymail.com,Constance.Roumell@dummymail.com,developer
188,Fred,Pettiford,Fred.Pettiford@dummymail.com,Fred.Pettiford@dummymail.com,doctor
189,Jolyn,Tiffa,Jolyn.Tiffa@dummymail.com,Jolyn.Tiffa@dummymail.com,worker
190,Latisha,Chobot,Latisha.Chobot@dummymail.com,Latisha.Chobot@dummymail.com,worker
191,Lily,Brieta,Lily.Brieta@dummymail.com,Lily.Brieta@dummymail.com,worker
192,Corene,Creamer,Corene.Creamer@dummymail.com,Corene.Creamer@dummymail.com,worker
193,Starla,Alrich,Starla.Alrich@dummymail.com,Starla.Alrich@dummymail.com,firefighter
194,Sophia,Korey,Sophia.Korey@dummymail.com,Sophia.Korey@dummymail.com,police officer
195,Dale,Korey,Dale.Korey@dummymail.com,Dale.Korey@dummymail.com,developer
196,Sharlene,Erlandson,Sharlene.Erlandson@dummymail.com,Sharlene.Erlandson@dummymail.com,doctor
197,Latisha,Fitzsimmons,Latisha.Fitzsimmons@dummymail.com,Latisha.Fitzsimmons@dummymail.com,developer
198,Chickie,Cyrie,Chickie.Cyrie@dummymail.com,Chickie.Cyrie@dummymail.com,developer
199,Edyth,Raama,Edyth.Raama@dummymail.com,Edyth.Raama@dummymail.com,police officer
200,Courtnay,Rhu,Courtnay.Rhu@dummymail.com,Courtnay.Rhu@dummymail.com,developer
201,Flo,Claudine,Flo.Claudine@dummymail.com,Flo.Claudine@dummymail.com,police officer
202,Florencia,Felecia,Florencia.Felecia@dummymail.com,Florencia.Felecia@dummymail.com,police officer
203,Sybille,Garek,Sybille.Garek@dummymail.com,Sybille.Garek@dummymail.com,police officer
204,Kathi,Lacombe,Kathi.Lacombe@dummymail.com,Kathi.Lacombe@dummymail.com,doctor
205,Nikki,Destinee,Nikki.Destinee@dummymail.com,Nikki.Destinee@dummymail.com,police officer
206,Veda,Baptlsta,Veda.Baptlsta@dummymail.com,Veda.Baptlsta@dummymail.com,doctor
207,Phedra,Linskey,Phedra.Linskey@dummymail.com,Phedra.Linskey@dummymail.com,police officer
208,Ida,Gilmour,Ida.Gilmour@dummymail.com,Ida.Gilmour@dummymail.com,worker
209,Dorice,Greyson,Dorice.Greyson@dummymail.com,Dorice.Greyson@dummymail.com,firefighter
210,Sadie,Pyle,Sadie.Pyle@dummymail.com,Sadie.Pyle@dummymail.com,developer
211,Sonni,Terrence,Sonni.Terrence@dummymail.com,Sonni.Terrence@dummymail.com,worker
212,Aubrie,Michella,Aubrie.Michella@dummymail.com,Aubrie.Michella@dummymail.com,police officer
213,Amalie,Bates,Amalie.Bates@dummymail.com,Amalie.Bates@dummymail.com,firefighter
214,Basia,Cyrie,Basia.Cyrie@dummymail.com,Basia.Cyrie@dummymail.com,developer
215,Debee,Bultman,Debee.Bultman@dummymail.com,Debee.Bultman@dummymail.com,worker
216,Courtnay,Seligman,Courtnay.Seligman@dummymail.com,Courtnay.Seligman@dummymail.com,doctor
217,Selia,Verger,Selia.Verger@dummymail.com,Selia.Verger@dummymail.com,firefighter
218,Winny,Seagraves,Winny.Seagraves@dummymail.com,Winny.Seagraves@dummymail.com,doctor
219,Tracey,Lipson,Tracey.Lipson@dummymail.com,Tracey.Lipson@dummymail.com,worker
220,Ashlee,Yusuk,Ashlee.Yusuk@dummymail.com,Ashlee.Yusuk@dummymail.com,firefighter
221,Shaine,Kermit,Shaine.Kermit@dummymail.com,Shaine.Kermit@dummymail.com,police officer
222,Arlina,Maisey,Arlina.Maisey@dummymail.com,Arlina.Maisey@dummymail.com,police officer
223,Marguerite,Lay,Marguerite.Lay@dummymail.com,Marguerite.Lay@dummymail.com,police officer
224,Annora,Old,Annora.Old@dummymail.com,Annora.Old@dummymail.com,worker
225,Keelia,Timon,Keelia.Timon@dummymail.com,Keelia.Timon@dummymail.com,doctor
226,Deane,Zina,Deane.Zina@dummymail.com,Deane.Zina@dummymail.com,police officer
227,Agathe,Denis,Agathe.Denis@dummymail.com,Agathe.Denis@dummymail.com,doctor
228,Malina,Margarete,Malina.Margarete@dummymail.com,Malina.Margarete@dummymail.com,firefighter
229,Alameda,Atcliffe,Alameda.Atcliffe@dummymail.com,Alameda.Atcliffe@dummymail.com,worker
230,Gloria,Greyson,Gloria.Greyson@dummymail.com,Gloria.Greyson@dummymail.com,firefighter
231,Babita,Jaylene,Babita.Jaylene@dummymail.com,Babita.Jaylene@dummymail.com,developer
232,Amelia,Ruvolo,Amelia.Ruvolo@dummymail.com,Amelia.Ruvolo@dummymail.com,worker
233,Carol-Jean,Dermott,Carol-Jean.Dermott@dummymail.com,Carol-Jean.Dermott@dummymail.com,firefighter
234,Averyl,Toor,Averyl.Toor@dummymail.com,Averyl.Toor@dummymail.com,firefighter
235,Calla,Hessler,Calla.Hessler@dummymail.com,Calla.Hessler@dummymail.com,developer
236,Abbie,Vacuva,Abbie.Vacuva@dummymail.com,Abbie.Vacuva@dummymail.com,firefighter
237,Kaia,Jary,Kaia.Jary@dummymail.com,Kaia.Jary@dummymail.com,worker
238,Deloria,Wilona,Deloria.Wilona@dummymail.com,Deloria.Wilona@dummymail.com,firefighter
239,Vivia,Larochelle,Vivia.Larochelle@dummymail.com,Vivia.Larochelle@dummymail.com,developer
240,Catrina,Isidore,Catrina.Isidore@dummymail.com,Catrina.Isidore@dummymail.com,firefighter
241,Kial,Levey,Kial.Levey@dummymail.com,Kial.Levey@dummymail.com,doctor
242,Elsie,Gaynor,Elsie.Gaynor@dummymail.com,Elsie.Gaynor@dummymail.com,worker
243,Juliane,Anderea,Juliane.Anderea@dummymail.com,Juliane.Anderea@dummymail.com,developer
244,Jerry,Marcellus,Jerry.Marcellus@dummymail.com,Jerry.Marcellus@dummymail.com,developer
245,Ofilia,Magdalen,Ofilia.Magdalen@dummymail.com,Ofilia.Magdalen@dummymail.com,developer
246,Ottilie,Maisey,Ottilie.Maisey@dummymail.com,Ottilie.Maisey@dummymail.com,doctor
247,Olivette,Socha,Olivette.Socha@dummymail.com,Olivette.Socha@dummymail.com,police officer
248,Tracey,Anastatius,Tracey.Anastatius@dummymail.com,Tracey.Anastatius@dummymail.com,doctor
249,Britni,Imelida,Britni.Imelida@dummymail.com,Britni.Imelida@dummymail.com,police officer
250,Grier,Erskine,Grier.Erskine@dummymail.com,Grier.Erskine@dummymail.com,worker
251,Christy,Modie,Christy.Modie@dummymail.com,Christy.Modie@dummymail.com,firefighter
252,Leanna,Lowry,Leanna.Lowry@dummymail.com,Leanna.Lowry@dummymail.com,firefighter
253,Micheline,Alrich,Micheline.Alrich@dummymail.com,Micheline.Alrich@dummymail.com,developer
254,Gratia,Ludewig,Gratia.Ludewig@dummymail.com,Gratia.Ludewig@dummymail.com,firefighter
255,Keelia,Killigrew,Keelia.Killigrew@dummymail.com,Keelia.Killigrew@dummymail.com,firefighter
256,Renae,Ventre,Renae.Ventre@dummymail.com,Renae.Ventre@dummymail.com,police officer
257,Alie,Sherfield,Alie.Sherfield@dummymail.com,Alie.Sherfield@dummymail.com,worker
258,Tani,Sundin,Tani.Sundin@dummymail.com,Tani.Sundin@dummymail.com,developer
259,Cissiee,Camden,Cissiee.Camden@dummymail.com,Cissiee.Camden@dummymail.com,doctor
260,Josephine,Macey,Josephine.Macey@dummymail.com,Josephine.Macey@dummymail.com,doctor
261,Vinita,Couture,Vinita.Couture@dummymail.com,Vinita.Couture@dummymail.com,police officer
262,Ofilia,Winnick,Ofilia.Winnick@dummymail.com,Ofilia.Winnick@dummymail.com,firefighter
263,Florencia,Jorgan,Florencia.Jorgan@dummymail.com,Florencia.Jorgan@dummymail.com,developer
264,Cecile,Deny,Cecile.Deny@dummymail.com,Cecile.Deny@dummymail.com,developer
265,Christy,Fitzsimmons,Christy.Fitzsimmons@dummymail.com,Christy.Fitzsimmons@dummymail.com,doctor
266,Layla,Schenck,Layla.Schenck@dummymail.com,Layla.Schenck@dummymail.com,worker
267,Mariele,Tremayne,Mariele.Tremayne@dummymail.com,Mariele.Tremayne@dummymail.com,police officer
268,Elyssa,Kendrick,Elyssa.Kendrick@dummymail.com,Elyssa.Kendrick@dummymail.com,developer
269,Roseline,Laverne,Roseline.Laverne@dummymail.com,Roseline.Laverne@dummymail.com,developer
270,Doro,Liva,Doro.Liva@dummymail.com,Doro.Liva@dummymail.com,police officer
271,Hallie,Chabot,Hallie.Chabot@dummymail.com,Hallie.Chabot@dummymail.com,developer
272,Josephine,Ethban,Josephine.Ethban@dummymail.com,Josephine.Ethban@dummymail.com,police officer
273,Angelique,Jammal,Angelique.Jammal@dummymail.com,Angelique.Jammal@dummymail.com,firefighter
274,Alleen,Nahum,Alleen.Nahum@dummymail.com,Alleen.Nahum@dummymail.com,police officer
275,Ethel,Weitman,Ethel.Weitman@dummymail.com,Ethel.Weitman@dummymail.com,worker
276,Doro,Hieronymus,Doro.Hieronymus@dummymail.com,Doro.Hieronymus@dummymail.com,doctor
277,Ingrid,Halla,Ingrid.Halla@dummymail.com,Ingrid.Halla@dummymail.com,doctor
278,Devina,Bethany,Devina.Bethany@dummymail.com,Devina.Bethany@dummymail.com,firefighter
279,Hollie,Lunsford,Hollie.Lunsford@dummymail.com,Hollie.Lunsford@dummymail.com,worker
280,Vere,Dowski,Vere.Dowski@dummymail.com,Vere.Dowski@dummymail.com,worker
281,Sophia,Stacy,Sophia.Stacy@dummymail.com,Sophia.Stacy@dummymail.com,worker
282,Merle,Hermes,Merle.Hermes@dummymail.com,Merle.Hermes@dummymail.com,worker
283,Nollie,Loleta,Nollie.Loleta@dummymail.com,Nollie.Loleta@dummymail.com,developer
284,Blake,Ursulette,Blake.Ursulette@dummymail.com,Blake.Ursulette@dummymail.com,firefighter
285,Maud,Halsey,Maud.Halsey@dummymail.com,Maud.Halsey@dummymail.com,police officer
286,Ana,Hull,Ana.Hull@dummymail.com,Ana.Hull@dummymail.com,firefighter
287,Quintina,Gombach,Quintina.Gombach@dummymail.com,Quintina.Gombach@dummymail.com,firefighter
288,Britte,Jillane,Britte.Jillane@dummymail.com,Britte.Jillane@dummymail.com,developer
289,Ottilie,Borrell,Ottilie.Borrell@dummymail.com,Ottilie.Borrell@dummymail.com,firefighter
290,Kittie,Peti,Kittie.Peti@dummymail.com,Kittie.Peti@dummymail.com,worker
291,Maye,Huggins,Maye.Huggins@dummymail.com,Maye.Huggins@dummymail.com,doctor
292,Claresta,Anestassia,Claresta.Anestassia@dummymail.com,Claresta.Anestassia@dummymail.com,police officer
293,Pierette,Chandler,Pierette.Chandler@dummymail.com,Pierette.Chandler@dummymail.com,developer
294,Lexine,Rona,Lexine.Rona@dummymail.com,Lexine.Rona@dummymail.com,worker
295,Karolina,Mott,Karolina.Mott@dummymail.com,Karolina.Mott@dummymail.com,worker
296,Marleah,Nunci,Marleah.Nunci@dummymail.com,Marleah.Nunci@dummymail.com,worker
297,Kaja,Kunin,Kaja.Kunin@dummymail.com,Kaja.Kunin@dummymail.com,firefighter
298,Jackie,Sherfield,Jackie.Sherfield@dummymail.com,Jackie.Sherfield@dummymail.com,police officer
299,Jasmina,Eben,Jasmina.Eben@dummymail.com,Jasmina.Eben@dummymail.com,firefighter
300,Adelle,Zeeba,Adelle.Zeeba@dummymail.com,Adelle.Zeeba@dummymail.com,doctor
301,Adelle,Gaynor,Adelle.Gaynor@dummymail.com,Adelle.Gaynor@dummymail.com,firefighter
302,Heddie,Alisia,Heddie.Alisia@dummymail.com,Heddie.Alisia@dummymail.com,doctor
303,Vivia,Sothena,Vivia.Sothena@dummymail.com,Vivia.Sothena@dummymail.com,developer
304,Tera,Fosque,Tera.Fosque@dummymail.com,Tera.Fosque@dummymail.com,developer
305,Maye,Dominy,Maye.Dominy@dummymail.com,Maye.Dominy@dummymail.com,developer
306,Heida,Sisile,Heida.Sisile@dummymail.com,Heida.Sisile@dummymail.com,developer
307,Selma,Bevin,Selma.Bevin@dummymail.com,Selma.Bevin@dummymail.com,doctor
308,Norine,Gamaliel,Norine.Gamaliel@dummymail.com,Norine.Gamaliel@dummymail.com,worker
309,Amara,Yate,Amara.Yate@dummymail.com,Amara.Yate@dummymail.com,police officer
310,Jessamyn,Philipp,Jessamyn.Philipp@dummymail.com,Jessamyn.Philipp@dummymail.com,worker
311,Tami,Jagir,Tami.Jagir@dummymail.com,Tami.Jagir@dummymail.com,developer
312,Audrie,Linehan,Audrie.Linehan@dummymail.com,Audrie.Linehan@dummymail.com,firefighter
313,Andeee,Brotherson,Andeee.Brotherson@dummymail.com,Andeee.Brotherson@dummymail.com,developer
314,Sheelagh,Cottle,Sheelagh.Cottle@dummymail.com,Sheelagh.Cottle@dummymail.com,doctor
315,Elyssa,Hedve,Elyssa.Hedve@dummymail.com,Elyssa.Hedve@dummymail.com,worker
316,Fernande,Wenda,Fernande.Wenda@dummymail.com,Fernande.Wenda@dummymail.com,developer
317,Margette,Edison,Margette.Edison@dummymail.com,Margette.Edison@dummymail.com,firefighter
318,Mignon,Bettine,Mignon.Bettine@dummymail.com,Mignon.Bettine@dummymail.com,worker
319,Silvana,Rebecka,Silvana.Rebecka@dummymail.com,Silvana.Rebecka@dummymail.com,developer
320,Eve,Riva,Eve.Riva@dummymail.com,Eve.Riva@dummymail.com,firefighter
321,Chandra,Lorenz,Chandra.Lorenz@dummymail.com,Chandra.Lorenz@dummymail.com,doctor
322,Andree,Bethany,Andree.Bethany@dummymail.com,Andree.Bethany@dummymail.com,developer
323,Roslyn,Cressida,Roslyn.Cressida@dummymail.com,Roslyn.Cressida@dummymail.com,worker
324,Iseabal,Cristi,Iseabal.Cristi@dummymail.com,Iseabal.Cristi@dummymail.com,police officer
325,Livvyy,Ludewig,Livvyy.Ludewig@dummymail.com,Livvyy.Ludewig@dummymail.com,police officer
326,Natka,Ursulette,Natka.Ursulette@dummymail.com,Natka.Ursulette@dummymail.com,developer
327,Donetta,Harl,Donetta.Harl@dummymail.com,Donetta.Harl@dummymail.com,doctor
328,Charlena,Alrich,Charlena.Alrich@dummymail.com,Charlena.Alrich@dummymail.com,worker
329,Merrie,Vernier,Merrie.Vernier@dummymail.com,Merrie.Vernier@dummymail.com,firefighter
330,Tarra,Shields,Tarra.Shields@dummymail.com,Tarra.Shields@dummymail.com,developer
331,Addia,Revkah,Addia.Revkah@dummymail.com,Addia.Revkah@dummymail.com,police officer
332,Tamqrah,Cyrie,Tamqrah.Cyrie@dummymail.com,Tamqrah.Cyrie@dummymail.com,doctor
333,Lenna,Soneson,Lenna.Soneson@dummymail.com,Lenna.Soneson@dummymail.com,police officer
334,Ninnetta,Fancie,Ninnetta.Fancie@dummymail.com,Ninnetta.Fancie@dummymail.com,police officer
335,Vinita,Stuart,Vinita.Stuart@dummymail.com,Vinita.Stuart@dummymail.com,worker
336,Penelopa,Thunell,Penelopa.Thunell@dummymail.com,Penelopa.Thunell@dummymail.com,doctor
337,Zaria,Liebermann,Zaria.Liebermann@dummymail.com,Zaria.Liebermann@dummymail.com,doctor
338,Adele,Land,Adele.Land@dummymail.com,Adele.Land@dummymail.com,developer
339,Dorothy,An,Dorothy.An@dummymail.com,Dorothy.An@dummymail.com,doctor
340,Tracey,Shields,Tracey.Shields@dummymail.com,Tracey.Shields@dummymail.com,worker
341,Janeczka,Bronk,Janeczka.Bronk@dummymail.com,Janeczka.Bronk@dummymail.com,police officer
342,Jacenta,Blake,Jacenta.Blake@dummymail.com,Jacenta.Blake@dummymail.com,worker
343,Ardeen,Martsen,Ardeen.Martsen@dummymail.com,Ardeen.Martsen@dummymail.com,worker
344,Tatiania,Janene,Tatiania.Janene@dummymail.com,Tatiania.Janene@dummymail.com,worker
345,Sean,Lasley,Sean.Lasley@dummymail.com,Sean.Lasley@dummymail.com,worker
346,Dulce,Meli,Dulce.Meli@dummymail.com,Dulce.Meli@dummymail.com,police officer
347,Lorne,Idelia,Lorne.Idelia@dummymail.com,Lorne.Idelia@dummymail.com,police officer
348,Evaleen,Hanleigh,Evaleen.Hanleigh@dummymail.com,Evaleen.Hanleigh@dummymail.com,police officer
349,Brena,Oster,Brena.Oster@dummymail.com,Brena.Oster@dummymail.com,firefighter
350,Merry,Dulciana,Merry.Dulciana@dummymail.com,Merry.Dulciana@dummymail.com,police officer
351,Elsie,Killigrew,Elsie.Killigrew@dummymail.com,Elsie.Killigrew@dummymail.com,police officer
352,Belinda,Ellord,Belinda.Ellord@dummymail.com,Belinda.Ellord@dummymail.com,worker
353,Trixi,Palocz,Trixi.Palocz@dummymail.com,Trixi.Palocz@dummymail.com,firefighter
354,Tilly,Vorster,Tilly.Vorster@dummymail.com,Tilly.Vorster@dummymail.com,doctor
355,Eugine,Ulphia,Eugine.Ulphia@dummymail.com,Eugine.Ulphia@dummymail.com,developer
356,Jean,Laverne,Jean.Laverne@dummymail.com,Jean.Laverne@dummymail.com,developer
357,Adele,Firmin,Adele.Firmin@dummymail.com,Adele.Firmin@dummymail.com,doctor
358,Leontine,Ehrman,Leontine.Ehrman@dummymail.com,Leontine.Ehrman@dummymail.com,doctor
359,Luci,Pascia,Luci.Pascia@dummymail.com,Luci.Pascia@dummymail.com,developer
360,Ninnetta,Harned,Ninnetta.Harned@dummymail.com,Ninnetta.Harned@dummymail.com,police officer
361,Susan,Chem,Susan.Chem@dummymail.com,Susan.Chem@dummymail.com,firefighter
362,Jeanna,Isacco,Jeanna.Isacco@dummymail.com,Jeanna.Isacco@dummymail.com,developer
363,Allis,Hanshaw,Allis.Hanshaw@dummymail.com,Allis.Hanshaw@dummymail.com,doctor
364,Rosaline,Ellerey,Rosaline.Ellerey@dummymail.com,Rosaline.Ellerey@dummymail.com,developer
365,Fanny,Kendrick,Fanny.Kendrick@dummymail.com,Fanny.Kendrick@dummymail.com,police officer
366,Winifred,O'Carroll,Winifred.O'Carroll@dummymail.com,Winifred.O'Carroll@dummymail.com,worker
367,Joane,Linskey,Joane.Linskey@dummymail.com,Joane.Linskey@dummymail.com,firefighter
368,Selia,Armanda,Selia.Armanda@dummymail.com,Selia.Armanda@dummymail.com,doctor
369,Carlie,Sparhawk,Carlie.Sparhawk@dummymail.com,Carlie.Sparhawk@dummymail.com,worker
370,Verla,Destinee,Verla.Destinee@dummymail.com,Verla.Destinee@dummymail.com,firefighter
371,Lily,Hepsibah,Lily.Hepsibah@dummymail.com,Lily.Hepsibah@dummymail.com,police officer
372,Belva,Noman,Belva.Noman@dummymail.com,Belva.Noman@dummymail.com,police officer
373,Jemie,Hutchison,Jemie.Hutchison@dummymail.com,Jemie.Hutchison@dummymail.com,doctor
374,Jany,Gale,Jany.Gale@dummymail.com,Jany.Gale@dummymail.com,developer
375,Kamilah,Dominy,Kamilah.Dominy@dummymail.com,Kamilah.Dominy@dummymail.com,doctor
376,Katleen,Kiyoshi,Katleen.Kiyoshi@dummymail.com,Katleen.Kiyoshi@dummymail.com,developer
377,Genevra,Decato,Genevra.Decato@dummymail.com,Genevra.Decato@dummymail.com,developer
378,Collen,Arathorn,Collen.Arathorn@dummymail.com,Collen.Arathorn@dummymail.com,doctor
379,Goldie,Vary,Goldie.Vary@dummymail.com,Goldie.Vary@dummymail.com,developer
380,Priscilla,Allare,Priscilla.Allare@dummymail.com,Priscilla.Allare@dummymail.com,worker
381,Caressa,Chesna,Caressa.Chesna@dummymail.com,Caressa.Chesna@dummymail.com,police officer
382,Cristine,Raama,Cristine.Raama@dummymail.com,Cristine.Raama@dummymail.com,firefighter
383,Farrah,Ricarda,Farrah.Ricarda@dummymail.com,Farrah.Ricarda@dummymail.com,police officer
384,Lesly,Amethist,Lesly.Amethist@dummymail.com,Lesly.Amethist@dummymail.com,worker
385,Rozele,Selway,Rozele.Selway@dummymail.com,Rozele.Selway@dummymail.com,doctor
386,Britni,Judye,Britni.Judye@dummymail.com,Britni.Judye@dummymail.com,worker
387,Lorenza,Dannye,Lorenza.Dannye@dummymail.com,Lorenza.Dannye@dummymail.com,police officer
388,Doralynne,Hartnett,Doralynne.Hartnett@dummymail.com,Doralynne.Hartnett@dummymail.com,worker
389,Renie,Denis,Renie.Denis@dummymail.com,Renie.Denis@dummymail.com,police officer
390,Henriette,Darian,Henriette.Darian@dummymail.com,Henriette.Darian@dummymail.com,worker
391,Concettina,Muriel,Concettina.Muriel@dummymail.com,Concettina.Muriel@dummymail.com,firefighter
392,Nannie,Terencio,Nannie.Terencio@dummymail.com,Nannie.Terencio@dummymail.com,developer
393,Bee,Sacken,Bee.Sacken@dummymail.com,Bee.Sacken@dummymail.com,doctor
394,Bibby,Gahl,Bibby.Gahl@dummymail.com,Bibby.Gahl@dummymail.com,worker
395,Jinny,Halla,Jinny.Halla@dummymail.com,Jinny.Halla@dummymail.com,worker
396,Kara-Lynn,Pettiford,Kara-Lynn.Pettiford@dummymail.com,Kara-Lynn.Pettiford@dummymail.com,firefighter
397,Myrtice,Arne,Myrtice.Arne@dummymail.com,Myrtice.Arne@dummymail.com,police officer
398,Daune,Eckblad,Daune.Eckblad@dummymail.com,Daune.Eckblad@dummymail.com,firefighter
399,Brooks,Kazimir,Brooks.Kazimir@dummymail.com,Brooks.Kazimir@dummymail.com,police officer
400,Mady,Mauer,Mady.Mauer@dummymail.com,Mady.Mauer@dummymail.com,worker
401,Dorice,Hartnett,Dorice.Hartnett@dummymail.com,Dorice.Hartnett@dummymail.com,worker
402,Georgetta,Clywd,Georgetta.Clywd@dummymail.com,Georgetta.Clywd@dummymail.com,police officer
403,Joelly,Lissi,Joelly.Lissi@dummymail.com,Joelly.Lissi@dummymail.com,firefighter
404,Marinna,Hashim,Marinna.Hashim@dummymail.com,Marinna.Hashim@dummymail.com,police officer
405,Shirlee,LaRue,Shirlee.LaRue@dummymail.com,Shirlee.LaRue@dummymail.com,police officer
406,Kylynn,Wolfgram,Kylynn.Wolfgram@dummymail.com,Kylynn.Wolfgram@dummymail.com,police officer
407,Adriana,Radu,Adriana.Radu@dummymail.com,Adriana.Radu@dummymail.com,police officer
408,Cristabel,Nicoline,Cristabel.Nicoline@dummymail.com,Cristabel.Nicoline@dummymail.com,firefighter
409,Darci,Forrer,Darci.Forrer@dummymail.com,Darci.Forrer@dummymail.com,doctor
410,Karena,Libna,Karena.Libna@dummymail.com,Karena.Libna@dummymail.com,worker
411,Tilly,Barney,Tilly.Barney@dummymail.com,Tilly.Barney@dummymail.com,doctor
412,Laurene,Vittoria,Laurene.Vittoria@dummymail.com,Laurene.Vittoria@dummymail.com,police officer
413,Wynne,Payson,Wynne.Payson@dummymail.com,Wynne.Payson@dummymail.com,police officer
414,Lucille,Myrilla,Lucille.Myrilla@dummymail.com,Lucille.Myrilla@dummymail.com,worker
415,Monika,Wolfgram,Monika.Wolfgram@dummymail.com,Monika.Wolfgram@dummymail.com,firefighter
416,Abbie,Granoff,Abbie.Granoff@dummymail.com,Abbie.Granoff@dummymail.com,worker
417,Kittie,Chauncey,Kittie.Chauncey@dummymail.com,Kittie.Chauncey@dummymail.com,worker
418,Melodie,Lanita,Melodie.Lanita@dummymail.com,Melodie.Lanita@dummymail.com,firefighter
419,Amara,Lacombe,Amara.Lacombe@dummymail.com,Amara.Lacombe@dummymail.com,police officer
420,Florencia,Fontana,Florencia.Fontana@dummymail.com,Florencia.Fontana@dummymail.com,doctor
421,Micheline,Primalia,Micheline.Primalia@dummymail.com,Micheline.Primalia@dummymail.com,police officer
422,Jan,Schonfeld,Jan.Schonfeld@dummymail.com,Jan.Schonfeld@dummymail.com,developer
423,Karolina,Dulciana,Karolina.Dulciana@dummymail.com,Karolina.Dulciana@dummymail.com,police officer
424,Lucille,Cristi,Lucille.Cristi@dummymail.com,Lucille.Cristi@dummymail.com,doctor
425,Joane,Skell,Joane.Skell@dummymail.com,Joane.Skell@dummymail.com,firefighter
426,Kylynn,Bultman,Kylynn.Bultman@dummymail.com,Kylynn.Bultman@dummymail.com,developer
427,Frieda,Bartlett,Frieda.Bartlett@dummymail.com,Frieda.Bartlett@dummymail.com,developer
428,Annora,Carolin,Annora.Carolin@dummymail.com,Annora.Carolin@dummymail.com,developer
429,Dyann,Norrie,Dyann.Norrie@dummymail.com,Dyann.Norrie@dummymail.com,doctor
430,Gilda,Bonilla,Gilda.Bonilla@dummymail.com,Gilda.Bonilla@dummymail.com,firefighter
431,Tilly,Bohlin,Tilly.Bohlin@dummymail.com,Tilly.Bohlin@dummymail.com,police officer
432,Heddie,Grobe,Heddie.Grobe@dummymail.com,Heddie.Grobe@dummymail.com,worker
433,Glenda,Mayeda,Glenda.Mayeda@dummymail.com,Glenda.Mayeda@dummymail.com,firefighter
434,Ezmeralda,McLaughlin,Ezmeralda.McLaughlin@dummymail.com,Ezmeralda.McLaughlin@dummymail.com,worker
435,Catrina,Gower,Catrina.Gower@dummymail.com,Catrina.Gower@dummymail.com,firefighter
436,Olwen,Yorick,Olwen.Yorick@dummymail.com,Olwen.Yorick@dummymail.com,police officer
437,Brooks,Genna,Brooks.Genna@dummymail.com,Brooks.Genna@dummymail.com,firefighter
438,Ruthe,Estella,Ruthe.Estella@dummymail.com,Ruthe.Estella@dummymail.com,firefighter
439,Allis,Celestine,Allis.Celestine@dummymail.com,Allis.Celestine@dummymail.com,firefighter
440,Kayla,Pearse,Kayla.Pearse@dummymail.com,Kayla.Pearse@dummymail.com,worker
441,Elise,Horan,Elise.Horan@dummymail.com,Elise.Horan@dummymail.com,police officer
442,Belinda,Dorine,Belinda.Dorine@dummymail.com,Belinda.Dorine@dummymail.com,doctor
443,Shaine,Corilla,Shaine.Corilla@dummymail.com,Shaine.Corilla@dummymail.com,firefighter
444,Fawne,Lauraine,Fawne.Lauraine@dummymail.com,Fawne.Lauraine@dummymail.com,doctor
445,Nataline,Kiersten,Nataline.Kiersten@dummymail.com,Nataline.Kiersten@dummymail.com,firefighter
446,Dennie,Loeb,Dennie.Loeb@dummymail.com,Dennie.Loeb@dummymail.com,police officer
447,Danika,Gunn,Danika.Gunn@dummymail.com,Danika.Gunn@dummymail.com,firefighter
448,Stacey,Goldina,Stacey.Goldina@dummymail.com,Stacey.Goldina@dummymail.com,developer
449,Asia,Leopold,Asia.Leopold@dummymail.com,Asia.Leopold@dummymail.com,worker
450,Ermengarde,Serilda,Ermengarde.Serilda@dummymail.com,Ermengarde.Serilda@dummymail.com,developer
451,Theodora,Harriman,Theodora.Harriman@dummymail.com,Theodora.Harriman@dummymail.com,doctor
452,Frances,Seumas,Frances.Seumas@dummymail.com,Frances.Seumas@dummymail.com,developer
453,Marsiella,Land,Marsiella.Land@dummymail.com,Marsiella.Land@dummymail.com,doctor
454,Violet,Yusuk,Violet.Yusuk@dummymail.com,Violet.Yusuk@dummymail.com,developer
455,Betta,Thar,Betta.Thar@dummymail.com,Betta.Thar@dummymail.com,firefighter
456,Netty,Charity,Netty.Charity@dummymail.com,Netty.Charity@dummymail.com,firefighter
457,Melisent,Muriel,Melisent.Muriel@dummymail.com,Melisent.Muriel@dummymail.com,doctor
458,Ursulina,Milson,Ursulina.Milson@dummymail.com,Ursulina.Milson@dummymail.com,worker
459,Jan,Kiersten,Jan.Kiersten@dummymail.com,Jan.Kiersten@dummymail.com,doctor
460,Cassondra,Kenney,Cassondra.Kenney@dummymail.com,Cassondra.Kenney@dummymail.com,worker
461,Meg,Yuille,Meg.Yuille@dummymail.com,Meg.Yuille@dummymail.com,worker
462,Bettine,Cyrie,Bettine.Cyrie@dummymail.com,Bettine.Cyrie@dummymail.com,doctor
463,Penelopa,Si,Penelopa.Si@dummymail.com,Penelopa.Si@dummymail.com,worker
464,Albertina,Winnick,Albertina.Winnick@dummymail.com,Albertina.Winnick@dummymail.com,firefighter
465,Shandie,Barney,Shandie.Barney@dummymail.com,Shandie.Barney@dummymail.com,developer
466,Ana,Wesle,Ana.Wesle@dummymail.com,Ana.Wesle@dummymail.com,police officer
467,Constance,Goldina,Constance.Goldina@dummymail.com,Constance.Goldina@dummymail.com,police officer
468,Sophia,Jalbert,Sophia.Jalbert@dummymail.com,Sophia.Jalbert@dummymail.com,developer
469,Elvira,Pearse,Elvira.Pearse@dummymail.com,Elvira.Pearse@dummymail.com,firefighter
470,Heida,Kalinda,Heida.Kalinda@dummymail.com,Heida.Kalinda@dummymail.com,doctor
471,Genovera,Wesle,Genovera.Wesle@dummymail.com,Genovera.Wesle@dummymail.com,developer
472,Ira,Hilbert,Ira.Hilbert@dummymail.com,Ira.Hilbert@dummymail.com,police officer
473,Leontine,Dorcy,Leontine.Dorcy@dummymail.com,Leontine.Dorcy@dummymail.com,doctor
474,Adelle,Bohlin,Adelle.Bohlin@dummymail.com,Adelle.Bohlin@dummymail.com,worker
475,Lanae,Abbot,Lanae.Abbot@dummymail.com,Lanae.Abbot@dummymail.com,developer
476,Mariele,Greenwald,Mariele.Greenwald@dummymail.com,Mariele.Greenwald@dummymail.com,firefighter
477,Lauryn,Liebermann,Lauryn.Liebermann@dummymail.com,Lauryn.Liebermann@dummymail.com,firefighter
478,Lanna,Felecia,Lanna.Felecia@dummymail.com,Lanna.Felecia@dummymail.com,doctor
479,Kary,Kinnard,Kary.Kinnard@dummymail.com,Kary.Kinnard@dummymail.com,worker
480,Maud,Kunin,Maud.Kunin@dummymail.com,Maud.Kunin@dummymail.com,doctor
481,Lynea,McNully,Lynea.McNully@dummymail.com,Lynea.McNully@dummymail.com,police officer
482,Lisette,Bennie,Lisette.Bennie@dummymail.com,Lisette.Bennie@dummymail.com,police officer
483,Rosanne,Huggins,Rosanne.Huggins@dummymail.com,Rosanne.Huggins@dummymail.com,police officer
484,Kirbee,Riordan,Kirbee.Riordan@dummymail.com,Kirbee.Riordan@dummymail.com,developer
485,Lynde,Kinnard,Lynde.Kinnard@dummymail.com,Lynde.Kinnard@dummymail.com,firefighter
486,Eolanda,Colyer,Eolanda.Colyer@dummymail.com,Eolanda.Colyer@dummymail.com,worker
487,Sandie,Brittani,Sandie.Brittani@dummymail.com,Sandie.Brittani@dummymail.com,firefighter
488,Lisette,Lenny,Lisette.Lenny@dummymail.com,Lisette.Lenny@dummymail.com,worker
489,Lelah,Raimondo,Lelah.Raimondo@dummymail.com,Lelah.Raimondo@dummymail.com,firefighter
490,Sidoney,Fry,Sidoney.Fry@dummymail.com,Sidoney.Fry@dummymail.com,worker
491,Quintina,Cavan,Quintina.Cavan@dummymail.com,Quintina.Cavan@dummymail.com,developer
492,Sue,Obed,Sue.Obed@dummymail.com,Sue.Obed@dummymail.com,firefighter
493,Viki,Lorenz,Viki.Lorenz@dummymail.com,Viki.Lorenz@dummymail.com,police officer
494,Sue,Ciapas,Sue.Ciapas@dummymail.com,Sue.Ciapas@dummymail.com,worker
495,Nananne,Curren,Nananne.Curren@dummymail.com,Nananne.Curren@dummymail.com,doctor
496,Cecile,Hourigan,Cecile.Hourigan@dummymail.com,Cecile.Hourigan@dummymail.com,worker
497,Frieda,Leonard,Frieda.Leonard@dummymail.com,Frieda.Leonard@dummymail.com,police officer
498,Farrah,Goth,Farrah.Goth@dummymail.com,Farrah.Goth@dummymail.com,doctor
499,Kittie,Reidar,Kittie.Reidar@dummymail.com,Kittie.Reidar@dummymail.com,police officer
500,Debee,Glenden,Debee.Glenden@dummymail.com,Debee.Glenden@dummymail.com,worker
501,Joane,Hieronymus,Joane.Hieronymus@dummymail.com,Joane.Hieronymus@dummymail.com,firefighter
502,Chastity,Ellerey,Chastity.Ellerey@dummymail.com,Chastity.Ellerey@dummymail.com,police officer
503,Laure,Philipp,Laure.Philipp@dummymail.com,Laure.Philipp@dummymail.com,police officer
504,Georgetta,Chinua,Georgetta.Chinua@dummymail.com,Georgetta.Chinua@dummymail.com,developer
505,Sheree,Magnolia,Sheree.Magnolia@dummymail.com,Sheree.Magnolia@dummymail.com,developer
506,Marguerite,Craggie,Marguerite.Craggie@dummymail.com,Marguerite.Craggie@dummymail.com,developer
507,Belinda,Bashemeth,Belinda.Bashemeth@dummymail.com,Belinda.Bashemeth@dummymail.com,police officer
508,Calla,Gerge,Calla.Gerge@dummymail.com,Calla.Gerge@dummymail.com,developer
509,Lindie,Skell,Lindie.Skell@dummymail.com,Lindie.Skell@dummymail.com,developer
510,Letizia,Grimbly,Letizia.Grimbly@dummymail.com,Letizia.Grimbly@dummymail.com,firefighter
511,Ricky,Chauncey,Ricky.Chauncey@dummymail.com,Ricky.Chauncey@dummymail.com,developer
512,Emylee,Letsou,Emylee.Letsou@dummymail.com,Emylee.Letsou@dummymail.com,worker
513,Jere,Wilkinson,Jere.Wilkinson@dummymail.com,Jere.Wilkinson@dummymail.com,doctor
514,Christian,Teddman,Christian.Teddman@dummymail.com,Christian.Teddman@dummymail.com,doctor
515,Aili,Gert,Aili.Gert@dummymail.com,Aili.Gert@dummymail.com,doctor
516,Rebeca,Maiah,Rebeca.Maiah@dummymail.com,Rebeca.Maiah@dummymail.com,firefighter
517,Carolina,Montgomery,Carolina.Montgomery@dummymail.com,Carolina.Montgomery@dummymail.com,developer
518,Sonni,Jillane,Sonni.Jillane@dummymail.com,Sonni.Jillane@dummymail.com,police officer
519,Cordi,Gower,Cordi.Gower@dummymail.com,Cordi.Gower@dummymail.com,doctor
520,Gerianna,Cookie,Gerianna.Cookie@dummymail.com,Gerianna.Cookie@dummymail.com,police officer
521,Hayley,Trey,Hayley.Trey@dummymail.com,Hayley.Trey@dummymail.com,doctor
522,Gilda,Haymes,Gilda.Haymes@dummymail.com,Gilda.Haymes@dummymail.com,firefighter
523,Alyda,Croix,Alyda.Croix@dummymail.com,Alyda.Croix@dummymail.com,developer
524,Cissiee,Rurik,Cissiee.Rurik@dummymail.com,Cissiee.Rurik@dummymail.com,doctor
525,Imojean,Primalia,Imojean.Primalia@dummymail.com,Imojean.Primalia@dummymail.com,developer
526,Melodie,Velick,Melodie.Velick@dummymail.com,Melodie.Velick@dummymail.com,doctor
527,Adele,Mike,Adele.Mike@dummymail.com,Adele.Mike@dummymail.com,developer
528,Alameda,Craggie,Alameda.Craggie@dummymail.com,Alameda.Craggie@dummymail.com,police officer
529,Melina,Jehu,Melina.Jehu@dummymail.com,Melina.Jehu@dummymail.com,police officer
530,Iseabal,Sallyann,Iseabal.Sallyann@dummymail.com,Iseabal.Sallyann@dummymail.com,worker
531,Ulrike,Karylin,Ulrike.Karylin@dummymail.com,Ulrike.Karylin@dummymail.com,doctor
532,Shel,Thornburg,Shel.Thornburg@dummymail.com,Shel.Thornburg@dummymail.com,police officer
533,Jany,Wattenberg,Jany.Wattenberg@dummymail.com,Jany.Wattenberg@dummymail.com,police officer
534,Carolina,Barney,Carolina.Barney@dummymail.com,Carolina.Barney@dummymail.com,firefighter
535,Valera,McCutcheon,Valera.McCutcheon@dummymail.com,Valera.McCutcheon@dummymail.com,worker
536,Stacey,Colp,Stacey.Colp@dummymail.com,Stacey.Colp@dummymail.com,doctor
537,Gaylene,Brittani,Gaylene.Brittani@dummymail.com,Gaylene.Brittani@dummymail.com,doctor
538,Romona,Aldric,Romona.Aldric@dummymail.com,Romona.Aldric@dummymail.com,developer
539,Evita,Shaddock,Evita.Shaddock@dummymail.com,Evita.Shaddock@dummymail.com,firefighter
540,Celene,Christal,Celene.Christal@dummymail.com,Celene.Christal@dummymail.com,police officer
541,Lesly,Georas,Lesly.Georas@dummymail.com,Lesly.Georas@dummymail.com,firefighter
542,Cyndie,Valoniah,Cyndie.Valoniah@dummymail.com,Cyndie.Valoniah@dummymail.com,police officer
543,Augustine,Taam,Augustine.Taam@dummymail.com,Augustine.Taam@dummymail.com,worker
544,Peri,Fax,Peri.Fax@dummymail.com,Peri.Fax@dummymail.com,police officer
545,Loree,Lail,Loree.Lail@dummymail.com,Loree.Lail@dummymail.com,police officer
546,Beverley,Septima,Beverley.Septima@dummymail.com,Beverley.Septima@dummymail.com,developer
547,Elora,Tound,Elora.Tound@dummymail.com,Elora.Tound@dummymail.com,firefighter
548,Belva,Pacorro,Belva.Pacorro@dummymail.com,Belva.Pacorro@dummymail.com,firefighter
549,Kial,Kellby,Kial.Kellby@dummymail.com,Kial.Kellby@dummymail.com,worker
550,Angela,Armanda,Angela.Armanda@dummymail.com,Angela.Armanda@dummymail.com,worker
551,Allyce,Stephie,Allyce.Stephie@dummymail.com,Allyce.Stephie@dummymail.com,developer
552,Tatiania,Bertold,Tatiania.Bertold@dummymail.com,Tatiania.Bertold@dummymail.com,worker
553,Diena,Rosette,Diena.Rosette@dummymail.com,Diena.Rosette@dummymail.com,developer
554,Paulita,Codding,Paulita.Codding@dummymail.com,Paulita.Codding@dummymail.com,developer
555,Dorice,Zamora,Dorice.Zamora@dummymail.com,Dorice.Zamora@dummymail.com,worker
556,Veda,Whiffen,Veda.Whiffen@dummymail.com,Veda.Whiffen@dummymail.com,worker
557,Lusa,Afton,Lusa.Afton@dummymail.com,Lusa.Afton@dummymail.com,police officer
558,Shauna,Kunin,Shauna.Kunin@dummymail.com,Shauna.Kunin@dummymail.com,worker
559,Gianina,Avi,Gianina.Avi@dummymail.com,Gianina.Avi@dummymail.com,worker
560,Mildrid,Charity,Mildrid.Charity@dummymail.com,Mildrid.Charity@dummymail.com,police officer
561,Carol-Jean,Latini,Carol-Jean.Latini@dummymail.com,Carol-Jean.Latini@dummymail.com,developer
562,Suzette,Devlen,Suzette.Devlen@dummymail.com,Suzette.Devlen@dummymail.com,doctor
563,Tilly,Norrie,Tilly.Norrie@dummymail.com,Tilly.Norrie@dummymail.com,developer
564,Charmaine,Clarissa,Charmaine.Clarissa@dummymail.com,Charmaine.Clarissa@dummymail.com,police officer
565,Cecile,Jefferey,Cecile.Jefferey@dummymail.com,Cecile.Jefferey@dummymail.com,doctor
566,Harmonia,Penelopa,Harmonia.Penelopa@dummymail.com,Harmonia.Penelopa@dummymail.com,worker
567,June,Vittoria,June.Vittoria@dummymail.com,June.Vittoria@dummymail.com,police officer
568,Audrie,Greyson,Audrie.Greyson@dummymail.com,Audrie.Greyson@dummymail.com,police officer
569,Evita,Cecile,Evita.Cecile@dummymail.com,Evita.Cecile@dummymail.com,worker
570,Addia,Chobot,Addia.Chobot@dummymail.com,Addia.Chobot@dummymail.com,doctor
571,Agathe,Odysseus,Agathe.Odysseus@dummymail.com,Agathe.Odysseus@dummymail.com,doctor
572,Bettine,Yorick,Bettine.Yorick@dummymail.com,Bettine.Yorick@dummymail.com,worker
573,Tani,Anestassia,Tani.Anestassia@dummymail.com,Tani.Anestassia@dummymail.com,police officer
574,Desirae,Johnsson,Desirae.Johnsson@dummymail.com,Desirae.Johnsson@dummymail.com,police officer
575,Fredericka,Berriman,Fredericka.Berriman@dummymail.com,Fredericka.Berriman@dummymail.com,firefighter
576,Shaylyn,Juliet,Shaylyn.Juliet@dummymail.com,Shaylyn.Juliet@dummymail.com,firefighter
577,Tilly,Guthrie,Tilly.Guthrie@dummymail.com,Tilly.Guthrie@dummymail.com,worker
578,Amelia,Leifeste,Amelia.Leifeste@dummymail.com,Amelia.Leifeste@dummymail.com,firefighter
579,Alie,Francyne,Alie.Francyne@dummymail.com,Alie.Francyne@dummymail.com,doctor
580,Caressa,Ulphia,Caressa.Ulphia@dummymail.com,Caressa.Ulphia@dummymail.com,doctor
581,Lauryn,Modie,Lauryn.Modie@dummymail.com,Lauryn.Modie@dummymail.com,doctor
582,Bettine,Bobbee,Bettine.Bobbee@dummymail.com,Bettine.Bobbee@dummymail.com,doctor
583,Wanda,Byrne,Wanda.Byrne@dummymail.com,Wanda.Byrne@dummymail.com,developer
584,Gerianna,Tound,Gerianna.Tound@dummymail.com,Gerianna.Tound@dummymail.com,developer
585,Bernie,Dudley,Bernie.Dudley@dummymail.com,Bernie.Dudley@dummymail.com,worker
586,Jaclyn,Kravits,Jaclyn.Kravits@dummymail.com,Jaclyn.Kravits@dummymail.com,police officer
587,Karolina,Pulsifer,Karolina.Pulsifer@dummymail.com,Karolina.Pulsifer@dummymail.com,firefighter
588,Codie,Nester,Codie.Nester@dummymail.com,Codie.Nester@dummymail.com,police officer
589,Lorne,Ade,Lorne.Ade@dummymail.com,Lorne.Ade@dummymail.com,doctor
590,Emilia,Fiann,Emilia.Fiann@dummymail.com,Emilia.Fiann@dummymail.com,doctor
591,Dominga,Garrison,Dominga.Garrison@dummymail.com,Dominga.Garrison@dummymail.com,firefighter
592,Jackie,Ricki,Jackie.Ricki@dummymail.com,Jackie.Ricki@dummymail.com,police officer
593,Gabi,Nahum,Gabi.Nahum@dummymail.com,Gabi.Nahum@dummymail.com,worker
594,Althea,Marlie,Althea.Marlie@dummymail.com,Althea.Marlie@dummymail.com,worker
595,Christy,Matthew,Christy.Matthew@dummymail.com,Christy.Matthew@dummymail.com,firefighter
596,Wendi,Mata,Wendi.Mata@dummymail.com,Wendi.Mata@dummymail.com,firefighter
597,Meriel,Stacy,Meriel.Stacy@dummymail.com,Meriel.Stacy@dummymail.com,worker
598,Trixi,Dichy,Trixi.Dichy@dummymail.com,Trixi.Dichy@dummymail.com,worker
599,Daryl,Leler,Daryl.Leler@dummymail.com,Daryl.Leler@dummymail.com,developer
600,Gaylene,Levey,Gaylene.Levey@dummymail.com,Gaylene.Levey@dummymail.com,developer
601,Nataline,Johnsson,Nataline.Johnsson@dummymail.com,Nataline.Johnsson@dummymail.com,developer
602,Romona,Korey,Romona.Korey@dummymail.com,Romona.Korey@dummymail.com,firefighter
603,Melina,Mata,Melina.Mata@dummymail.com,Melina.Mata@dummymail.com,doctor
604,Mariann,Elbertina,Mariann.Elbertina@dummymail.com,Mariann.Elbertina@dummymail.com,doctor
605,Katuscha,Maryanne,Katuscha.Maryanne@dummymail.com,Katuscha.Maryanne@dummymail.com,worker
606,Nadine,Susannah,Nadine.Susannah@dummymail.com,Nadine.Susannah@dummymail.com,developer
607,Vanessa,Mullane,Vanessa.Mullane@dummymail.com,Vanessa.Mullane@dummymail.com,firefighter
608,Aurore,Warthman,Aurore.Warthman@dummymail.com,Aurore.Warthman@dummymail.com,firefighter
609,Dotty,Waldron,Dotty.Waldron@dummymail.com,Dotty.Waldron@dummymail.com,police officer
610,Gertrud,Behre,Gertrud.Behre@dummymail.com,Gertrud.Behre@dummymail.com,doctor
611,Lynde,Millda,Lynde.Millda@dummymail.com,Lynde.Millda@dummymail.com,developer
612,Aurore,Keelia,Aurore.Keelia@dummymail.com,Aurore.Keelia@dummymail.com,developer
613,Amelia,Brandice,Amelia.Brandice@dummymail.com,Amelia.Brandice@dummymail.com,firefighter
614,Caressa,Konyn,Caressa.Konyn@dummymail.com,Caressa.Konyn@dummymail.com,police officer
615,Ana,Pip,Ana.Pip@dummymail.com,Ana.Pip@dummymail.com,firefighter
616,Alejandra,Kaete,Alejandra.Kaete@dummymail.com,Alejandra.Kaete@dummymail.com,police officer
617,Mary,Irmine,Mary.Irmine@dummymail.com,Mary.Irmine@dummymail.com,worker
618,Ketti,Thad,Ketti.Thad@dummymail.com,Ketti.Thad@dummymail.com,developer
619,Concettina,Dahlia,Concettina.Dahlia@dummymail.com,Concettina.Dahlia@dummymail.com,police officer
620,Devina,Masao,Devina.Masao@dummymail.com,Devina.Masao@dummymail.com,firefighter
621,Shaine,Gilbertson,Shaine.Gilbertson@dummymail.com,Shaine.Gilbertson@dummymail.com,worker
622,Ethel,Ammann,Ethel.Ammann@dummymail.com,Ethel.Ammann@dummymail.com,worker
623,Tracey,Engdahl,Tracey.Engdahl@dummymail.com,Tracey.Engdahl@dummymail.com,police officer
624,Ruthe,Tyson,Ruthe.Tyson@dummymail.com,Ruthe.Tyson@dummymail.com,firefighter
625,Ardenia,Mayeda,Ardenia.Mayeda@dummymail.com,Ardenia.Mayeda@dummymail.com,worker
626,Cyndie,Meter,Cyndie.Meter@dummymail.com,Cyndie.Meter@dummymail.com,police officer
627,Suzette,Rubie,Suzette.Rubie@dummymail.com,Suzette.Rubie@dummymail.com,doctor
628,Vinita,Thilda,Vinita.Thilda@dummymail.com,Vinita.Thilda@dummymail.com,firefighter
629,Belva,Iphlgenia,Belva.Iphlgenia@dummymail.com,Belva.Iphlgenia@dummymail.com,firefighter
630,Gusty,Harned,Gusty.Harned@dummymail.com,Gusty.Harned@dummymail.com,developer
631,Charissa,Infield,Charissa.Infield@dummymail.com,Charissa.Infield@dummymail.com,developer
632,Fina,Elisha,Fina.Elisha@dummymail.com,Fina.Elisha@dummymail.com,firefighter
633,Arlina,Ade,Arlina.Ade@dummymail.com,Arlina.Ade@dummymail.com,firefighter
634,Krystle,Morrill,Krystle.Morrill@dummymail.com,Krystle.Morrill@dummymail.com,worker
635,Latisha,Doig,Latisha.Doig@dummymail.com,Latisha.Doig@dummymail.com,police officer
636,Jennica,Darbie,Jennica.Darbie@dummymail.com,Jennica.Darbie@dummymail.com,worker
637,Beth,Cloris,Beth.Cloris@dummymail.com,Beth.Cloris@dummymail.com,developer
638,Cassandra,Gale,Cassandra.Gale@dummymail.com,Cassandra.Gale@dummymail.com,firefighter
639,Tonia,Roche,Tonia.Roche@dummymail.com,Tonia.Roche@dummymail.com,developer
640,Rhea,Erb,Rhea.Erb@dummymail.com,Rhea.Erb@dummymail.com,doctor
641,Kristina,Wenda,Kristina.Wenda@dummymail.com,Kristina.Wenda@dummymail.com,police officer
642,Averyl,Lipson,Averyl.Lipson@dummymail.com,Averyl.Lipson@dummymail.com,firefighter
643,Romona,Thunell,Romona.Thunell@dummymail.com,Romona.Thunell@dummymail.com,police officer
644,Sarette,Dearborn,Sarette.Dearborn@dummymail.com,Sarette.Dearborn@dummymail.com,police officer
645,Jemie,Tacye,Jemie.Tacye@dummymail.com,Jemie.Tacye@dummymail.com,firefighter
646,Ardenia,Jena,Ardenia.Jena@dummymail.com,Ardenia.Jena@dummymail.com,worker
647,Tiffie,Eldrid,Tiffie.Eldrid@dummymail.com,Tiffie.Eldrid@dummymail.com,police officer
648,Shell,Salchunas,Shell.Salchunas@dummymail.com,Shell.Salchunas@dummymail.com,police officer
649,Sissy,Kress,Sissy.Kress@dummymail.com,Sissy.Kress@dummymail.com,worker
650,Louella,Sheng,Louella.Sheng@dummymail.com,Louella.Sheng@dummymail.com,doctor
651,Yetty,Muriel,Yetty.Muriel@dummymail.com,Yetty.Muriel@dummymail.com,firefighter
652,Dale,Anselmi,Dale.Anselmi@dummymail.com,Dale.Anselmi@dummymail.com,doctor
653,Consuela,Jorgan,Consuela.Jorgan@dummymail.com,Consuela.Jorgan@dummymail.com,worker
654,Ellette,Anderea,Ellette.Anderea@dummymail.com,Ellette.Anderea@dummymail.com,police officer
655,Harmonia,Erich,Harmonia.Erich@dummymail.com,Harmonia.Erich@dummymail.com,firefighter
656,Karlee,Read,Karlee.Read@dummymail.com,Karlee.Read@dummymail.com,worker
657,Kirbee,Han,Kirbee.Han@dummymail.com,Kirbee.Han@dummymail.com,police officer
658,Jenda,Hanleigh,Jenda.Hanleigh@dummymail.com,Jenda.Hanleigh@dummymail.com,firefighter
659,Genevra,Karl,Genevra.Karl@dummymail.com,Genevra.Karl@dummymail.com,doctor
660,Karolina,Eckblad,Karolina.Eckblad@dummymail.com,Karolina.Eckblad@dummymail.com,worker
661,Henriette,Lareena,Henriette.Lareena@dummymail.com,Henriette.Lareena@dummymail.com,doctor
662,Janenna,Capello,Janenna.Capello@dummymail.com,Janenna.Capello@dummymail.com,firefighter
663,Agnese,Lail,Agnese.Lail@dummymail.com,Agnese.Lail@dummymail.com,firefighter
664,Maurene,Willie,Maurene.Willie@dummymail.com,Maurene.Willie@dummymail.com,doctor
665,Carmencita,Mitzi,Carmencita.Mitzi@dummymail.com,Carmencita.Mitzi@dummymail.com,worker
666,Emma,Ochs,Emma.Ochs@dummymail.com,Emma.Ochs@dummymail.com,developer
667,Merry,Barbey,Merry.Barbey@dummymail.com,Merry.Barbey@dummymail.com,firefighter
668,Madelle,Hamil,Madelle.Hamil@dummymail.com,Madelle.Hamil@dummymail.com,doctor
669,Shirlee,Fax,Shirlee.Fax@dummymail.com,Shirlee.Fax@dummymail.com,police officer
670,Gretal,Keily,Gretal.Keily@dummymail.com,Gretal.Keily@dummymail.com,police officer
671,Lisette,Arathorn,Lisette.Arathorn@dummymail.com,Lisette.Arathorn@dummymail.com,worker
672,Sandie,Quent,Sandie.Quent@dummymail.com,Sandie.Quent@dummymail.com,developer
673,Kathi,Anton,Kathi.Anton@dummymail.com,Kathi.Anton@dummymail.com,worker
674,Elise,Ilka,Elise.Ilka@dummymail.com,Elise.Ilka@dummymail.com,worker
675,Dominga,Dimitris,Dominga.Dimitris@dummymail.com,Dominga.Dimitris@dummymail.com,doctor
676,Candi,Selway,Candi.Selway@dummymail.com,Candi.Selway@dummymail.com,police officer
677,Annice,Iiette,Annice.Iiette@dummymail.com,Annice.Iiette@dummymail.com,developer
678,Dolli,Grayce,Dolli.Grayce@dummymail.com,Dolli.Grayce@dummymail.com,police officer
679,Leontine,Hilbert,Leontine.Hilbert@dummymail.com,Leontine.Hilbert@dummymail.com,doctor
680,Ofilia,Paine,Ofilia.Paine@dummymail.com,Ofilia.Paine@dummymail.com,doctor
681,Margalo,Verger,Margalo.Verger@dummymail.com,Margalo.Verger@dummymail.com,firefighter
682,Valera,Jeanne,Valera.Jeanne@dummymail.com,Valera.Jeanne@dummymail.com,doctor
683,Kylynn,Gillan,Kylynn.Gillan@dummymail.com,Kylynn.Gillan@dummymail.com,firefighter
684,Carlie,Hurley,Carlie.Hurley@dummymail.com,Carlie.Hurley@dummymail.com,police officer
685,Rochette,Sadowski,Rochette.Sadowski@dummymail.com,Rochette.Sadowski@dummymail.com,developer
686,Tami,Tristram,Tami.Tristram@dummymail.com,Tami.Tristram@dummymail.com,developer
687,Maud,Xerxes,Maud.Xerxes@dummymail.com,Maud.Xerxes@dummymail.com,worker
688,Joleen,Lia,Joleen.Lia@dummymail.com,Joleen.Lia@dummymail.com,developer
689,Sherrie,Chem,Sherrie.Chem@dummymail.com,Sherrie.Chem@dummymail.com,worker
690,Margalo,Weitman,Margalo.Weitman@dummymail.com,Margalo.Weitman@dummymail.com,doctor
691,Asia,Tyson,Asia.Tyson@dummymail.com,Asia.Tyson@dummymail.com,firefighter
692,Katharina,Millda,Katharina.Millda@dummymail.com,Katharina.Millda@dummymail.com,developer
693,Ellette,Tamar,Ellette.Tamar@dummymail.com,Ellette.Tamar@dummymail.com,worker
694,Zia,Karl,Zia.Karl@dummymail.com,Zia.Karl@dummymail.com,worker
695,Celestyna,Buckler,Celestyna.Buckler@dummymail.com,Celestyna.Buckler@dummymail.com,doctor
696,Ermengarde,Dahlia,Ermengarde.Dahlia@dummymail.com,Ermengarde.Dahlia@dummymail.com,developer
697,Gale,Thunell,Gale.Thunell@dummymail.com,Gale.Thunell@dummymail.com,police officer
698,Florie,Dulciana,Florie.Dulciana@dummymail.com,Florie.Dulciana@dummymail.com,developer
699,Ezmeralda,Mendez,Ezmeralda.Mendez@dummymail.com,Ezmeralda.Mendez@dummymail.com,firefighter
700,Jere,Nance,Jere.Nance@dummymail.com,Jere.Nance@dummymail.com,worker
701,Louella,Buttaro,Louella.Buttaro@dummymail.com,Louella.Buttaro@dummymail.com,doctor
702,Veda,Fleeta,Veda.Fleeta@dummymail.com,Veda.Fleeta@dummymail.com,developer
703,Kittie,Clywd,Kittie.Clywd@dummymail.com,Kittie.Clywd@dummymail.com,police officer
704,Inga,Solitta,Inga.Solitta@dummymail.com,Inga.Solitta@dummymail.com,worker
705,Ronna,Modie,Ronna.Modie@dummymail.com,Ronna.Modie@dummymail.com,firefighter
706,Karolina,Joeann,Karolina.Joeann@dummymail.com,Karolina.Joeann@dummymail.com,doctor
707,Carly,McClimans,Carly.McClimans@dummymail.com,Carly.McClimans@dummymail.com,doctor
708,Frances,Camden,Frances.Camden@dummymail.com,Frances.Camden@dummymail.com,developer
709,Jinny,Quent,Jinny.Quent@dummymail.com,Jinny.Quent@dummymail.com,police officer
710,Shirlee,Halsey,Shirlee.Halsey@dummymail.com,Shirlee.Halsey@dummymail.com,developer
711,Wynne,Alexandr,Wynne.Alexandr@dummymail.com,Wynne.Alexandr@dummymail.com,police officer
712,Gilda,Judye,Gilda.Judye@dummymail.com,Gilda.Judye@dummymail.com,police officer
713,Christal,Remmer,Christal.Remmer@dummymail.com,Christal.Remmer@dummymail.com,doctor
714,Quintina,Barney,Quintina.Barney@dummymail.com,Quintina.Barney@dummymail.com,developer
715,Mara,Riva,Mara.Riva@dummymail.com,Mara.Riva@dummymail.com,developer
716,Meg,Aaberg,Meg.Aaberg@dummymail.com,Meg.Aaberg@dummymail.com,police officer
717,Violet,Sperling,Violet.Sperling@dummymail.com,Violet.Sperling@dummymail.com,worker
718,Tarra,Sancho,Tarra.Sancho@dummymail.com,Tarra.Sancho@dummymail.com,doctor
719,Damaris,Ietta,Damaris.Ietta@dummymail.com,Damaris.Ietta@dummymail.com,worker
720,Dacia,Artie,Dacia.Artie@dummymail.com,Dacia.Artie@dummymail.com,firefighter
721,Adore,Barney,Adore.Barney@dummymail.com,Adore.Barney@dummymail.com,worker
722,Harmonia,Dosia,Harmonia.Dosia@dummymail.com,Harmonia.Dosia@dummymail.com,police officer
723,Gusty,Rad,Gusty.Rad@dummymail.com,Gusty.Rad@dummymail.com,firefighter
724,Giustina,Blake,Giustina.Blake@dummymail.com,Giustina.Blake@dummymail.com,doctor
725,Sheelagh,Kannry,Sheelagh.Kannry@dummymail.com,Sheelagh.Kannry@dummymail.com,doctor
726,Caressa,Byrne,Caressa.Byrne@dummymail.com,Caressa.Byrne@dummymail.com,firefighter
727,Meg,Hertzfeld,Meg.Hertzfeld@dummymail.com,Meg.Hertzfeld@dummymail.com,worker
728,Dennie,Kelula,Dennie.Kelula@dummymail.com,Dennie.Kelula@dummymail.com,firefighter
729,Selia,Lowry,Selia.Lowry@dummymail.com,Selia.Lowry@dummymail.com,doctor
730,Blinni,Henrie,Blinni.Henrie@dummymail.com,Blinni.Henrie@dummymail.com,developer
731,Alex,Robertson,Alex.Robertson@dummymail.com,Alex.Robertson@dummymail.com,developer
732,Mariele,Stav,Mariele.Stav@dummymail.com,Mariele.Stav@dummymail.com,worker
733,Bettine,Levey,Bettine.Levey@dummymail.com,Bettine.Levey@dummymail.com,worker
734,Dorice,Wilkinson,Dorice.Wilkinson@dummymail.com,Dorice.Wilkinson@dummymail.com,firefighter
735,Edyth,Emmaline,Edyth.Emmaline@dummymail.com,Edyth.Emmaline@dummymail.com,doctor
736,Ann-Marie,Viddah,Ann-Marie.Viddah@dummymail.com,Ann-Marie.Viddah@dummymail.com,firefighter
737,Bill,Magnolia,Bill.Magnolia@dummymail.com,Bill.Magnolia@dummymail.com,police officer
738,Myrtice,Sigfrid,Myrtice.Sigfrid@dummymail.com,Myrtice.Sigfrid@dummymail.com,doctor
739,Renie,Krystle,Renie.Krystle@dummymail.com,Renie.Krystle@dummymail.com,firefighter
740,Jobi,Anyah,Jobi.Anyah@dummymail.com,Jobi.Anyah@dummymail.com,developer
741,Chrystel,Fitzsimmons,Chrystel.Fitzsimmons@dummymail.com,Chrystel.Fitzsimmons@dummymail.com,doctor
742,Emylee,Phaidra,Emylee.Phaidra@dummymail.com,Emylee.Phaidra@dummymail.com,worker
743,Kamilah,Harriman,Kamilah.Harriman@dummymail.com,Kamilah.Harriman@dummymail.com,doctor
744,Kassey,Phi,Kassey.Phi@dummymail.com,Kassey.Phi@dummymail.com,doctor
745,Ardenia,Gamaliel,Ardenia.Gamaliel@dummymail.com,Ardenia.Gamaliel@dummymail.com,firefighter
746,Elmira,Saree,Elmira.Saree@dummymail.com,Elmira.Saree@dummymail.com,doctor
747,Emelina,Sadowski,Emelina.Sadowski@dummymail.com,Emelina.Sadowski@dummymail.com,worker
748,Ekaterina,Tice,Ekaterina.Tice@dummymail.com,Ekaterina.Tice@dummymail.com,police officer
749,Aili,Edvard,Aili.Edvard@dummymail.com,Aili.Edvard@dummymail.com,firefighter
750,Grier,Pauly,Grier.Pauly@dummymail.com,Grier.Pauly@dummymail.com,doctor
751,Karena,Cullin,Karena.Cullin@dummymail.com,Karena.Cullin@dummymail.com,police officer
752,Aimil,Olin,Aimil.Olin@dummymail.com,Aimil.Olin@dummymail.com,developer
753,Karly,Dulciana,Karly.Dulciana@dummymail.com,Karly.Dulciana@dummymail.com,firefighter
754,Marylou,Romelda,Marylou.Romelda@dummymail.com,Marylou.Romelda@dummymail.com,firefighter
755,Ira,Ivens,Ira.Ivens@dummymail.com,Ira.Ivens@dummymail.com,worker
756,Viviene,Ardra,Viviene.Ardra@dummymail.com,Viviene.Ardra@dummymail.com,doctor
757,Madelle,Gaal,Madelle.Gaal@dummymail.com,Madelle.Gaal@dummymail.com,worker
758,Chloris,Shaddock,Chloris.Shaddock@dummymail.com,Chloris.Shaddock@dummymail.com,doctor
759,Nessie,Morrill,Nessie.Morrill@dummymail.com,Nessie.Morrill@dummymail.com,worker
760,Konstance,Jacobah,Konstance.Jacobah@dummymail.com,Konstance.Jacobah@dummymail.com,police officer
761,Ruthe,Mallon,Ruthe.Mallon@dummymail.com,Ruthe.Mallon@dummymail.com,doctor
762,Alyssa,Mathilde,Alyssa.Mathilde@dummymail.com,Alyssa.Mathilde@dummymail.com,worker
763,Farrah,Neils,Farrah.Neils@dummymail.com,Farrah.Neils@dummymail.com,firefighter
764,Dagmar,Radu,Dagmar.Radu@dummymail.com,Dagmar.Radu@dummymail.com,worker
765,Catrina,Gamaliel,Catrina.Gamaliel@dummymail.com,Catrina.Gamaliel@dummymail.com,firefighter
766,Marjie,Hathaway,Marjie.Hathaway@dummymail.com,Marjie.Hathaway@dummymail.com,doctor
767,Marcy,Mandler,Marcy.Mandler@dummymail.com,Marcy.Mandler@dummymail.com,worker
768,Dorthy,Loring,Dorthy.Loring@dummymail.com,Dorthy.Loring@dummymail.com,firefighter
769,Cyndie,Penelopa,Cyndie.Penelopa@dummymail.com,Cyndie.Penelopa@dummymail.com,doctor
770,Gusella,Lattie,Gusella.Lattie@dummymail.com,Gusella.Lattie@dummymail.com,police officer
771,Marsiella,Newell,Marsiella.Newell@dummymail.com,Marsiella.Newell@dummymail.com,firefighter
772,Meghann,Hewitt,Meghann.Hewitt@dummymail.com,Meghann.Hewitt@dummymail.com,firefighter
773,Netty,My,Netty.My@dummymail.com,Netty.My@dummymail.com,worker
774,Winifred,Adlare,Winifred.Adlare@dummymail.com,Winifred.Adlare@dummymail.com,worker
775,Codie,Johnsson,Codie.Johnsson@dummymail.com,Codie.Johnsson@dummymail.com,worker
776,Courtnay,Bonilla,Courtnay.Bonilla@dummymail.com,Courtnay.Bonilla@dummymail.com,developer
777,Dotty,Lowry,Dotty.Lowry@dummymail.com,Dotty.Lowry@dummymail.com,firefighter
778,Dorice,Clara,Dorice.Clara@dummymail.com,Dorice.Clara@dummymail.com,police officer
779,Mamie,Leonard,Mamie.Leonard@dummymail.com,Mamie.Leonard@dummymail.com,developer
780,Priscilla,Mullane,Priscilla.Mullane@dummymail.com,Priscilla.Mullane@dummymail.com,doctor
781,Dotty,Corrine,Dotty.Corrine@dummymail.com,Dotty.Corrine@dummymail.com,firefighter
782,Morganica,Bari,Morganica.Bari@dummymail.com,Morganica.Bari@dummymail.com,worker
783,Florencia,Maiah,Florencia.Maiah@dummymail.com,Florencia.Maiah@dummymail.com,firefighter
784,Lulita,Demitria,Lulita.Demitria@dummymail.com,Lulita.Demitria@dummymail.com,doctor
785,Josephine,Bultman,Josephine.Bultman@dummymail.com,Josephine.Bultman@dummymail.com,worker
786,Carolina,Wittie,Carolina.Wittie@dummymail.com,Carolina.Wittie@dummymail.com,worker
787,Valli,Raseda,Valli.Raseda@dummymail.com,Valli.Raseda@dummymail.com,doctor
788,Wilma,Latini,Wilma.Latini@dummymail.com,Wilma.Latini@dummymail.com,doctor
789,Susan,Seumas,Susan.Seumas@dummymail.com,Susan.Seumas@dummymail.com,developer
790,Aurore,Pascia,Aurore.Pascia@dummymail.com,Aurore.Pascia@dummymail.com,firefighter
791,Andeee,Atcliffe,Andeee.Atcliffe@dummymail.com,Andeee.Atcliffe@dummymail.com,worker
792,Philis,Lorenz,Philis.Lorenz@dummymail.com,Philis.Lorenz@dummymail.com,doctor
793,Alexine,Peti,Alexine.Peti@dummymail.com,Alexine.Peti@dummymail.com,developer
794,Elmira,Publia,Elmira.Publia@dummymail.com,Elmira.Publia@dummymail.com,developer
795,Joeann,Mandler,Joeann.Mandler@dummymail.com,Joeann.Mandler@dummymail.com,developer
796,Jaclyn,Dalli,Jaclyn.Dalli@dummymail.com,Jaclyn.Dalli@dummymail.com,developer
797,Layla,Leopold,Layla.Leopold@dummymail.com,Layla.Leopold@dummymail.com,developer
798,Genovera,Adamsen,Genovera.Adamsen@dummymail.com,Genovera.Adamsen@dummymail.com,police officer
799,Elsie,Dichy,Elsie.Dichy@dummymail.com,Elsie.Dichy@dummymail.com,police officer
800,Frank,Nedrud,Frank.Nedrud@dummymail.com,Frank.Nedrud@dummymail.com,developer
801,Sashenka,Sibyls,Sashenka.Sibyls@dummymail.com,Sashenka.Sibyls@dummymail.com,developer
802,Sonni,Yorick,Sonni.Yorick@dummymail.com,Sonni.Yorick@dummymail.com,worker
803,Odessa,Vivle,Odessa.Vivle@dummymail.com,Odessa.Vivle@dummymail.com,firefighter
804,Leeanne,Curren,Leeanne.Curren@dummymail.com,Leeanne.Curren@dummymail.com,developer
805,Adriana,Johanna,Adriana.Johanna@dummymail.com,Adriana.Johanna@dummymail.com,worker
806,Mady,Stover,Mady.Stover@dummymail.com,Mady.Stover@dummymail.com,doctor
807,Tera,Idelia,Tera.Idelia@dummymail.com,Tera.Idelia@dummymail.com,firefighter
808,Tatiania,Elbertina,Tatiania.Elbertina@dummymail.com,Tatiania.Elbertina@dummymail.com,police officer
809,Debee,Marcellus,Debee.Marcellus@dummymail.com,Debee.Marcellus@dummymail.com,worker
810,Vonny,Crudden,Vonny.Crudden@dummymail.com,Vonny.Crudden@dummymail.com,doctor
811,Dacia,Warthman,Dacia.Warthman@dummymail.com,Dacia.Warthman@dummymail.com,firefighter
812,Elora,Kiersten,Elora.Kiersten@dummymail.com,Elora.Kiersten@dummymail.com,worker
813,Alexine,Dimitris,Alexine.Dimitris@dummymail.com,Alexine.Dimitris@dummymail.com,doctor
814,Elfreda,Oriana,Elfreda.Oriana@dummymail.com,Elfreda.Oriana@dummymail.com,police officer
815,Sheelagh,Henebry,Sheelagh.Henebry@dummymail.com,Sheelagh.Henebry@dummymail.com,worker
816,Codie,Naashom,Codie.Naashom@dummymail.com,Codie.Naashom@dummymail.com,worker
817,Janey,Wilona,Janey.Wilona@dummymail.com,Janey.Wilona@dummymail.com,police officer
818,Taffy,Haymes,Taffy.Haymes@dummymail.com,Taffy.Haymes@dummymail.com,police officer
819,Elyssa,O'Neill,Elyssa.O'Neill@dummymail.com,Elyssa.O'Neill@dummymail.com,police officer
820,Shell,Aaberg,Shell.Aaberg@dummymail.com,Shell.Aaberg@dummymail.com,firefighter
821,Fayre,Schroth,Fayre.Schroth@dummymail.com,Fayre.Schroth@dummymail.com,worker
822,Consuela,Wooster,Consuela.Wooster@dummymail.com,Consuela.Wooster@dummymail.com,police officer
823,Asia,Armanda,Asia.Armanda@dummymail.com,Asia.Armanda@dummymail.com,firefighter
824,Jaime,Parette,Jaime.Parette@dummymail.com,Jaime.Parette@dummymail.com,worker
825,Marcy,Pettiford,Marcy.Pettiford@dummymail.com,Marcy.Pettiford@dummymail.com,police officer
826,Moyna,Zrike,Moyna.Zrike@dummymail.com,Moyna.Zrike@dummymail.com,developer
827,Evita,Vittoria,Evita.Vittoria@dummymail.com,Evita.Vittoria@dummymail.com,doctor
828,Dagmar,Kannry,Dagmar.Kannry@dummymail.com,Dagmar.Kannry@dummymail.com,doctor
829,Dorice,Yusuk,Dorice.Yusuk@dummymail.com,Dorice.Yusuk@dummymail.com,worker
830,Jere,Louanna,Jere.Louanna@dummymail.com,Jere.Louanna@dummymail.com,firefighter
831,Lisette,Destinee,Lisette.Destinee@dummymail.com,Lisette.Destinee@dummymail.com,worker
832,Merry,Moina,Merry.Moina@dummymail.com,Merry.Moina@dummymail.com,firefighter
833,Brandise,Munn,Brandise.Munn@dummymail.com,Brandise.Munn@dummymail.com,worker
834,Dianemarie,Ioab,Dianemarie.Ioab@dummymail.com,Dianemarie.Ioab@dummymail.com,police officer
835,Maridel,Danby,Maridel.Danby@dummymail.com,Maridel.Danby@dummymail.com,doctor
836,Sharlene,Delila,Sharlene.Delila@dummymail.com,Sharlene.Delila@dummymail.com,worker
837,Damaris,Johnsson,Damaris.Johnsson@dummymail.com,Damaris.Johnsson@dummymail.com,doctor
838,Sheree,Nerita,Sheree.Nerita@dummymail.com,Sheree.Nerita@dummymail.com,firefighter
839,Trixi,Azeria,Trixi.Azeria@dummymail.com,Trixi.Azeria@dummymail.com,developer
840,Marita,Helfand,Marita.Helfand@dummymail.com,Marita.Helfand@dummymail.com,developer
841,Kristan,Lilybelle,Kristan.Lilybelle@dummymail.com,Kristan.Lilybelle@dummymail.com,police officer
842,Jordan,Cath,Jordan.Cath@dummymail.com,Jordan.Cath@dummymail.com,developer
843,Rozele,Kevon,Rozele.Kevon@dummymail.com,Rozele.Kevon@dummymail.com,developer
844,Rosabelle,Joni,Rosabelle.Joni@dummymail.com,Rosabelle.Joni@dummymail.com,doctor
845,Ekaterina,Giff,Ekaterina.Giff@dummymail.com,Ekaterina.Giff@dummymail.com,police officer
846,Rubie,Stanwood,Rubie.Stanwood@dummymail.com,Rubie.Stanwood@dummymail.com,police officer
847,Anallese,Ehrman,Anallese.Ehrman@dummymail.com,Anallese.Ehrman@dummymail.com,worker
848,Dawn,Cristi,Dawn.Cristi@dummymail.com,Dawn.Cristi@dummymail.com,police officer
849,Leanna,McLaughlin,Leanna.McLaughlin@dummymail.com,Leanna.McLaughlin@dummymail.com,developer
850,Blinni,Odell,Blinni.Odell@dummymail.com,Blinni.Odell@dummymail.com,doctor
851,Mariele,Cohdwell,Mariele.Cohdwell@dummymail.com,Mariele.Cohdwell@dummymail.com,doctor
852,Marnia,Colp,Marnia.Colp@dummymail.com,Marnia.Colp@dummymail.com,developer
853,Sybille,Madaih,Sybille.Madaih@dummymail.com,Sybille.Madaih@dummymail.com,firefighter
854,Adore,Behre,Adore.Behre@dummymail.com,Adore.Behre@dummymail.com,doctor
855,Candi,Shaddock,Candi.Shaddock@dummymail.com,Candi.Shaddock@dummymail.com,police officer
856,Cissiee,Cassius,Cissiee.Cassius@dummymail.com,Cissiee.Cassius@dummymail.com,developer
857,Micheline,Baudin,Micheline.Baudin@dummymail.com,Micheline.Baudin@dummymail.com,developer
858,Karolina,Toni,Karolina.Toni@dummymail.com,Karolina.Toni@dummymail.com,worker
859,Britte,Orelee,Britte.Orelee@dummymail.com,Britte.Orelee@dummymail.com,police officer
860,Lizzie,Leler,Lizzie.Leler@dummymail.com,Lizzie.Leler@dummymail.com,developer
861,Ellette,Cath,Ellette.Cath@dummymail.com,Ellette.Cath@dummymail.com,worker
862,Judy,Cyrie,Judy.Cyrie@dummymail.com,Judy.Cyrie@dummymail.com,doctor
863,Julieta,Thunell,Julieta.Thunell@dummymail.com,Julieta.Thunell@dummymail.com,worker
864,Ebonee,Sisile,Ebonee.Sisile@dummymail.com,Ebonee.Sisile@dummymail.com,firefighter
865,Rivalee,Keelia,Rivalee.Keelia@dummymail.com,Rivalee.Keelia@dummymail.com,doctor
866,Rani,Scammon,Rani.Scammon@dummymail.com,Rani.Scammon@dummymail.com,worker
867,Fawne,Sigfrid,Fawne.Sigfrid@dummymail.com,Fawne.Sigfrid@dummymail.com,developer
868,Stephanie,Iiette,Stephanie.Iiette@dummymail.com,Stephanie.Iiette@dummymail.com,firefighter
869,Mamie,Egbert,Mamie.Egbert@dummymail.com,Mamie.Egbert@dummymail.com,developer
870,Winifred,Ilka,Winifred.Ilka@dummymail.com,Winifred.Ilka@dummymail.com,firefighter
871,Dotty,Kunin,Dotty.Kunin@dummymail.com,Dotty.Kunin@dummymail.com,police officer
872,Cherrita,Percy,Cherrita.Percy@dummymail.com,Cherrita.Percy@dummymail.com,police officer
873,Eve,Merriott,Eve.Merriott@dummymail.com,Eve.Merriott@dummymail.com,firefighter
874,Vinita,Tufts,Vinita.Tufts@dummymail.com,Vinita.Tufts@dummymail.com,police officer
875,Jacenta,Ailyn,Jacenta.Ailyn@dummymail.com,Jacenta.Ailyn@dummymail.com,doctor
876,Olwen,Adlare,Olwen.Adlare@dummymail.com,Olwen.Adlare@dummymail.com,worker
877,Ashlee,Borrell,Ashlee.Borrell@dummymail.com,Ashlee.Borrell@dummymail.com,firefighter
878,Jemie,Kazimir,Jemie.Kazimir@dummymail.com,Jemie.Kazimir@dummymail.com,doctor
879,Correy,Hubert,Correy.Hubert@dummymail.com,Correy.Hubert@dummymail.com,doctor
880,Abbie,Oriana,Abbie.Oriana@dummymail.com,Abbie.Oriana@dummymail.com,developer
881,Daryl,Odysseus,Daryl.Odysseus@dummymail.com,Daryl.Odysseus@dummymail.com,firefighter
882,Jackie,Bibi,Jackie.Bibi@dummymail.com,Jackie.Bibi@dummymail.com,police officer
883,Ricky,Boycey,Ricky.Boycey@dummymail.com,Ricky.Boycey@dummymail.com,police officer
884,Chickie,Brodench,Chickie.Brodench@dummymail.com,Chickie.Brodench@dummymail.com,developer
885,Cindelyn,Orelee,Cindelyn.Orelee@dummymail.com,Cindelyn.Orelee@dummymail.com,developer
886,Lily,Wooster,Lily.Wooster@dummymail.com,Lily.Wooster@dummymail.com,developer
887,Viviene,Henebry,Viviene.Henebry@dummymail.com,Viviene.Henebry@dummymail.com,doctor
888,Reeba,Cavan,Reeba.Cavan@dummymail.com,Reeba.Cavan@dummymail.com,worker
889,Ethel,Carmena,Ethel.Carmena@dummymail.com,Ethel.Carmena@dummymail.com,police officer
890,Elvira,Suk,Elvira.Suk@dummymail.com,Elvira.Suk@dummymail.com,doctor
891,Gusty,Denis,Gusty.Denis@dummymail.com,Gusty.Denis@dummymail.com,police officer
892,Sheree,Bethany,Sheree.Bethany@dummymail.com,Sheree.Bethany@dummymail.com,developer
893,Luci,Schroth,Luci.Schroth@dummymail.com,Luci.Schroth@dummymail.com,developer
894,Ottilie,Tayib,Ottilie.Tayib@dummymail.com,Ottilie.Tayib@dummymail.com,doctor
895,Krystle,Baudin,Krystle.Baudin@dummymail.com,Krystle.Baudin@dummymail.com,police officer
896,Tiffie,Kronfeld,Tiffie.Kronfeld@dummymail.com,Tiffie.Kronfeld@dummymail.com,doctor
897,Lauryn,Thunell,Lauryn.Thunell@dummymail.com,Lauryn.Thunell@dummymail.com,doctor
898,Yetty,Daveta,Yetty.Daveta@dummymail.com,Yetty.Daveta@dummymail.com,doctor
899,Rivalee,Kristi,Rivalee.Kristi@dummymail.com,Rivalee.Kristi@dummymail.com,firefighter
900,Doro,Thornburg,Doro.Thornburg@dummymail.com,Doro.Thornburg@dummymail.com,firefighter
901,Leanna,Anselmi,Leanna.Anselmi@dummymail.com,Leanna.Anselmi@dummymail.com,doctor
902,Wynne,Therine,Wynne.Therine@dummymail.com,Wynne.Therine@dummymail.com,firefighter
903,Ethel,Levey,Ethel.Levey@dummymail.com,Ethel.Levey@dummymail.com,developer
904,Queenie,Gherardo,Queenie.Gherardo@dummymail.com,Queenie.Gherardo@dummymail.com,firefighter
905,Claresta,Emerson,Claresta.Emerson@dummymail.com,Claresta.Emerson@dummymail.com,firefighter
906,Jeanna,Bury,Jeanna.Bury@dummymail.com,Jeanna.Bury@dummymail.com,developer
907,Carolina,Cullin,Carolina.Cullin@dummymail.com,Carolina.Cullin@dummymail.com,worker
908,Mady,Dudley,Mady.Dudley@dummymail.com,Mady.Dudley@dummymail.com,developer
909,Trixi,Ortrude,Trixi.Ortrude@dummymail.com,Trixi.Ortrude@dummymail.com,developer
910,Tybie,Noam,Tybie.Noam@dummymail.com,Tybie.Noam@dummymail.com,police officer
911,Melisent,Crudden,Melisent.Crudden@dummymail.com,Melisent.Crudden@dummymail.com,firefighter
912,Karena,Delacourt,Karena.Delacourt@dummymail.com,Karena.Delacourt@dummymail.com,firefighter
913,Janis,Sabella,Janis.Sabella@dummymail.com,Janis.Sabella@dummymail.com,doctor
914,Tobe,Shelba,Tobe.Shelba@dummymail.com,Tobe.Shelba@dummymail.com,firefighter
915,Christian,Gamaliel,Christian.Gamaliel@dummymail.com,Christian.Gamaliel@dummymail.com,firefighter
916,Codie,Lutero,Codie.Lutero@dummymail.com,Codie.Lutero@dummymail.com,worker
917,Gale,Rad,Gale.Rad@dummymail.com,Gale.Rad@dummymail.com,worker
918,Lindie,Zina,Lindie.Zina@dummymail.com,Lindie.Zina@dummymail.com,doctor
919,Kayla,Fleeta,Kayla.Fleeta@dummymail.com,Kayla.Fleeta@dummymail.com,worker
920,Paulita,Dash,Paulita.Dash@dummymail.com,Paulita.Dash@dummymail.com,firefighter
921,Courtnay,Smitt,Courtnay.Smitt@dummymail.com,Courtnay.Smitt@dummymail.com,doctor
922,Jinny,Kellby,Jinny.Kellby@dummymail.com,Jinny.Kellby@dummymail.com,firefighter
923,Ann-Marie,Chandler,Ann-Marie.Chandler@dummymail.com,Ann-Marie.Chandler@dummymail.com,firefighter
924,Mellicent,Nadia,Mellicent.Nadia@dummymail.com,Mellicent.Nadia@dummymail.com,police officer
925,Annora,Stevy,Annora.Stevy@dummymail.com,Annora.Stevy@dummymail.com,developer
926,Kylynn,Dannye,Kylynn.Dannye@dummymail.com,Kylynn.Dannye@dummymail.com,doctor
927,Madalyn,Freddi,Madalyn.Freddi@dummymail.com,Madalyn.Freddi@dummymail.com,firefighter
928,Madeleine,Graig,Madeleine.Graig@dummymail.com,Madeleine.Graig@dummymail.com,worker
929,Cissiee,Verger,Cissiee.Verger@dummymail.com,Cissiee.Verger@dummymail.com,developer
930,Sue,Chem,Sue.Chem@dummymail.com,Sue.Chem@dummymail.com,firefighter
931,Zondra,Shuler,Zondra.Shuler@dummymail.com,Zondra.Shuler@dummymail.com,developer
932,Lyssa,Pelagias,Lyssa.Pelagias@dummymail.com,Lyssa.Pelagias@dummymail.com,worker
933,Gianina,Tillford,Gianina.Tillford@dummymail.com,Gianina.Tillford@dummymail.com,developer
934,Gianina,Skurnik,Gianina.Skurnik@dummymail.com,Gianina.Skurnik@dummymail.com,developer
935,Meghann,Tarrant,Meghann.Tarrant@dummymail.com,Meghann.Tarrant@dummymail.com,police officer
936,Christal,Diann,Christal.Diann@dummymail.com,Christal.Diann@dummymail.com,police officer
937,Wanda,Myrilla,Wanda.Myrilla@dummymail.com,Wanda.Myrilla@dummymail.com,police officer
938,Johna,Flita,Johna.Flita@dummymail.com,Johna.Flita@dummymail.com,police officer
939,Aaren,Flyn,Aaren.Flyn@dummymail.com,Aaren.Flyn@dummymail.com,police officer
940,Quintina,Eiser,Quintina.Eiser@dummymail.com,Quintina.Eiser@dummymail.com,police officer
941,Dyann,Bronk,Dyann.Bronk@dummymail.com,Dyann.Bronk@dummymail.com,doctor
942,Fredericka,Sawtelle,Fredericka.Sawtelle@dummymail.com,Fredericka.Sawtelle@dummymail.com,worker
943,Blondelle,Elisha,Blondelle.Elisha@dummymail.com,Blondelle.Elisha@dummymail.com,developer
944,Gerianna,Wareing,Gerianna.Wareing@dummymail.com,Gerianna.Wareing@dummymail.com,worker
945,Ashlee,Amasa,Ashlee.Amasa@dummymail.com,Ashlee.Amasa@dummymail.com,police officer
946,Teriann,Ilka,Teriann.Ilka@dummymail.com,Teriann.Ilka@dummymail.com,worker
947,Correy,Ventre,Correy.Ventre@dummymail.com,Correy.Ventre@dummymail.com,firefighter
948,Sadie,Suanne,Sadie.Suanne@dummymail.com,Sadie.Suanne@dummymail.com,firefighter
949,Joceline,Elephus,Joceline.Elephus@dummymail.com,Joceline.Elephus@dummymail.com,firefighter
950,Patricia,Trinetta,Patricia.Trinetta@dummymail.com,Patricia.Trinetta@dummymail.com,firefighter
951,Bernardine,Poppy,Bernardine.Poppy@dummymail.com,Bernardine.Poppy@dummymail.com,police officer
952,Meghann,Gusella,Meghann.Gusella@dummymail.com,Meghann.Gusella@dummymail.com,firefighter
953,Sadie,Yoko,Sadie.Yoko@dummymail.com,Sadie.Yoko@dummymail.com,firefighter
954,Vinita,Corilla,Vinita.Corilla@dummymail.com,Vinita.Corilla@dummymail.com,developer
955,Ira,Daegal,Ira.Daegal@dummymail.com,Ira.Daegal@dummymail.com,firefighter
956,Xylina,Lipson,Xylina.Lipson@dummymail.com,Xylina.Lipson@dummymail.com,worker
957,Annora,Behre,Annora.Behre@dummymail.com,Annora.Behre@dummymail.com,worker
958,Eve,Munn,Eve.Munn@dummymail.com,Eve.Munn@dummymail.com,police officer
959,Shandie,Buckler,Shandie.Buckler@dummymail.com,Shandie.Buckler@dummymail.com,police officer
960,Tybie,Leffen,Tybie.Leffen@dummymail.com,Tybie.Leffen@dummymail.com,developer
961,Aimil,Kendrick,Aimil.Kendrick@dummymail.com,Aimil.Kendrick@dummymail.com,police officer
962,Codie,Charmine,Codie.Charmine@dummymail.com,Codie.Charmine@dummymail.com,firefighter
963,Jobi,Elephus,Jobi.Elephus@dummymail.com,Jobi.Elephus@dummymail.com,police officer
964,Hermione,Capello,Hermione.Capello@dummymail.com,Hermione.Capello@dummymail.com,worker
965,Ninnetta,Carleen,Ninnetta.Carleen@dummymail.com,Ninnetta.Carleen@dummymail.com,worker
966,Celene,Love,Celene.Love@dummymail.com,Celene.Love@dummymail.com,police officer
967,Aeriela,Adore,Aeriela.Adore@dummymail.com,Aeriela.Adore@dummymail.com,worker
968,Aeriela,Darbie,Aeriela.Darbie@dummymail.com,Aeriela.Darbie@dummymail.com,police officer
969,Florencia,Mandler,Florencia.Mandler@dummymail.com,Florencia.Mandler@dummymail.com,worker
970,Alyssa,Soneson,Alyssa.Soneson@dummymail.com,Alyssa.Soneson@dummymail.com,police officer
971,Sue,Leonard,Sue.Leonard@dummymail.com,Sue.Leonard@dummymail.com,doctor
972,Florie,Olnee,Florie.Olnee@dummymail.com,Florie.Olnee@dummymail.com,worker
973,Christian,Rebecka,Christian.Rebecka@dummymail.com,Christian.Rebecka@dummymail.com,developer
974,Theodora,Alexandr,Theodora.Alexandr@dummymail.com,Theodora.Alexandr@dummymail.com,doctor
975,Lisette,Garbe,Lisette.Garbe@dummymail.com,Lisette.Garbe@dummymail.com,firefighter
976,Marti,Eno,Marti.Eno@dummymail.com,Marti.Eno@dummymail.com,firefighter
977,Henriette,My,Henriette.My@dummymail.com,Henriette.My@dummymail.com,worker
978,Gabi,Sheng,Gabi.Sheng@dummymail.com,Gabi.Sheng@dummymail.com,firefighter
979,Tami,Shaver,Tami.Shaver@dummymail.com,Tami.Shaver@dummymail.com,police officer
980,Kassey,Maisey,Kassey.Maisey@dummymail.com,Kassey.Maisey@dummymail.com,police officer
981,Elora,Papageno,Elora.Papageno@dummymail.com,Elora.Papageno@dummymail.com,worker
982,Cindelyn,Urania,Cindelyn.Urania@dummymail.com,Cindelyn.Urania@dummymail.com,police officer
983,Carlie,Garbe,Carlie.Garbe@dummymail.com,Carlie.Garbe@dummymail.com,doctor
984,Cassondra,Firmin,Cassondra.Firmin@dummymail.com,Cassondra.Firmin@dummymail.com,worker
985,Cecile,Glovsky,Cecile.Glovsky@dummymail.com,Cecile.Glovsky@dummymail.com,worker
986,Ericka,Millda,Ericka.Millda@dummymail.com,Ericka.Millda@dummymail.com,firefighter
987,Laure,Infield,Laure.Infield@dummymail.com,Laure.Infield@dummymail.com,police officer
988,Dotty,Read,Dotty.Read@dummymail.com,Dotty.Read@dummymail.com,police officer
989,Dolli,Sallyann,Dolli.Sallyann@dummymail.com,Dolli.Sallyann@dummymail.com,worker
990,Noelle,Jaylene,Noelle.Jaylene@dummymail.com,Noelle.Jaylene@dummymail.com,worker
991,Louella,Fredi,Louella.Fredi@dummymail.com,Louella.Fredi@dummymail.com,firefighter
992,Chrystel,Sothena,Chrystel.Sothena@dummymail.com,Chrystel.Sothena@dummymail.com,doctor
993,Esmeralda,Gahl,Esmeralda.Gahl@dummymail.com,Esmeralda.Gahl@dummymail.com,doctor
994,Heddie,Tybald,Heddie.Tybald@dummymail.com,Heddie.Tybald@dummymail.com,firefighter
995,Luci,Ivens,Luci.Ivens@dummymail.com,Luci.Ivens@dummymail.com,worker
996,Ingrid,Nadia,Ingrid.Nadia@dummymail.com,Ingrid.Nadia@dummymail.com,police officer
997,Kara-Lynn,Mendez,Kara-Lynn.Mendez@dummymail.com,Kara-Lynn.Mendez@dummymail.com,police officer
998,Lily,Percy,Lily.Percy@dummymail.com,Lily.Percy@dummymail.com,police officer
999,Mellicent,Skell,Mellicent.Skell@dummymail.com,Mellicent.Skell@dummymail.com,firefighter
1000,Frances,Roscoe,Frances.Roscoe@dummymail.com,Frances.Roscoe@dummymail.com,police officer
1001,Dorice,Delila,Dorice.Delila@dummymail.com,Dorice.Delila@dummymail.com,police officer
1002,Ottilie,Obed,Ottilie.Obed@dummymail.com,Ottilie.Obed@dummymail.com,worker
1003,Sindee,Mitzi,Sindee.Mitzi@dummymail.com,Sindee.Mitzi@dummymail.com,firefighter
1004,Kary,Borrell,Kary.Borrell@dummymail.com,Kary.Borrell@dummymail.com,police officer
1005,Nollie,Brackely,Nollie.Brackely@dummymail.com,Nollie.Brackely@dummymail.com,firefighter
1006,Shel,Dahlia,Shel.Dahlia@dummymail.com,Shel.Dahlia@dummymail.com,developer
1007,Vevay,Lattie,Vevay.Lattie@dummymail.com,Vevay.Lattie@dummymail.com,developer
1008,Almeta,Gaspard,Almeta.Gaspard@dummymail.com,Almeta.Gaspard@dummymail.com,developer
1009,Karlee,Stacy,Karlee.Stacy@dummymail.com,Karlee.Stacy@dummymail.com,firefighter
1010,Clo,Lory,Clo.Lory@dummymail.com,Clo.Lory@dummymail.com,police officer
1011,Gabi,Mullane,Gabi.Mullane@dummymail.com,Gabi.Mullane@dummymail.com,developer
1012,Alejandra,Damarra,Alejandra.Damarra@dummymail.com,Alejandra.Damarra@dummymail.com,worker
1013,Alleen,Keelia,Alleen.Keelia@dummymail.com,Alleen.Keelia@dummymail.com,doctor
1014,Alexine,Zenas,Alexine.Zenas@dummymail.com,Alexine.Zenas@dummymail.com,doctor
1015,Betta,Wiener,Betta.Wiener@dummymail.com,Betta.Wiener@dummymail.com,doctor
1016,Marnia,Presber,Marnia.Presber@dummymail.com,Marnia.Presber@dummymail.com,developer
1017,Kamilah,Callista,Kamilah.Callista@dummymail.com,Kamilah.Callista@dummymail.com,developer
1018,Jany,Ralfston,Jany.Ralfston@dummymail.com,Jany.Ralfston@dummymail.com,developer
1019,Latisha,Publia,Latisha.Publia@dummymail.com,Latisha.Publia@dummymail.com,doctor
1020,Deedee,Malanie,Deedee.Malanie@dummymail.com,Deedee.Malanie@dummymail.com,police officer
1021,Melina,Cullin,Melina.Cullin@dummymail.com,Melina.Cullin@dummymail.com,firefighter
1022,Jaime,Sandye,Jaime.Sandye@dummymail.com,Jaime.Sandye@dummymail.com,doctor
1023,Selia,Dex,Selia.Dex@dummymail.com,Selia.Dex@dummymail.com,doctor
1024,Annaliese,Jalbert,Annaliese.Jalbert@dummymail.com,Annaliese.Jalbert@dummymail.com,developer
1025,Jordan,Creamer,Jordan.Creamer@dummymail.com,Jordan.Creamer@dummymail.com,developer
1026,Constance,Hurley,Constance.Hurley@dummymail.com,Constance.Hurley@dummymail.com,firefighter
1027,Tatiania,Mozelle,Tatiania.Mozelle@dummymail.com,Tatiania.Mozelle@dummymail.com,police officer
1028,Nollie,Karylin,Nollie.Karylin@dummymail.com,Nollie.Karylin@dummymail.com,worker
1029,Karina,Shields,Karina.Shields@dummymail.com,Karina.Shields@dummymail.com,developer
1030,Blake,Skell,Blake.Skell@dummymail.com,Blake.Skell@dummymail.com,doctor
1031,Christal,Codding,Christal.Codding@dummymail.com,Christal.Codding@dummymail.com,doctor
1032,Pollyanna,Tryck,Pollyanna.Tryck@dummymail.com,Pollyanna.Tryck@dummymail.com,police officer
1033,Yvonne,Guildroy,Yvonne.Guildroy@dummymail.com,Yvonne.Guildroy@dummymail.com,worker
1034,Gwyneth,Dash,Gwyneth.Dash@dummymail.com,Gwyneth.Dash@dummymail.com,police officer
1035,Cathyleen,Joseph,Cathyleen.Joseph@dummymail.com,Cathyleen.Joseph@dummymail.com,worker
1036,Sara-Ann,Read,Sara-Ann.Read@dummymail.com,Sara-Ann.Read@dummymail.com,doctor
1037,Molli,Adrienne,Molli.Adrienne@dummymail.com,Molli.Adrienne@dummymail.com,worker
1038,Viviene,Si,Viviene.Si@dummymail.com,Viviene.Si@dummymail.com,doctor
1039,Nikki,Strephon,Nikki.Strephon@dummymail.com,Nikki.Strephon@dummymail.com,doctor
1040,Tami,Radu,Tami.Radu@dummymail.com,Tami.Radu@dummymail.com,worker
1041,Jennica,O'Carroll,Jennica.O'Carroll@dummymail.com,Jennica.O'Carroll@dummymail.com,police officer
1042,Alia,Gombach,Alia.Gombach@dummymail.com,Alia.Gombach@dummymail.com,police officer
1043,Ardeen,Maribeth,Ardeen.Maribeth@dummymail.com,Ardeen.Maribeth@dummymail.com,developer
1044,Kirbee,Neva,Kirbee.Neva@dummymail.com,Kirbee.Neva@dummymail.com,firefighter
1045,Paulita,Publia,Paulita.Publia@dummymail.com,Paulita.Publia@dummymail.com,firefighter
1046,Barbara,Seessel,Barbara.Seessel@dummymail.com,Barbara.Seessel@dummymail.com,police officer
1047,Elmira,Lemuela,Elmira.Lemuela@dummymail.com,Elmira.Lemuela@dummymail.com,worker
1048,Carly,Carvey,Carly.Carvey@dummymail.com,Carly.Carvey@dummymail.com,firefighter
1049,Lucy,Johnsson,Lucy.Johnsson@dummymail.com,Lucy.Johnsson@dummymail.com,firefighter
1050,Kathy,Adlare,Kathy.Adlare@dummymail.com,Kathy.Adlare@dummymail.com,firefighter
1051,Mady,Vharat,Mady.Vharat@dummymail.com,Mady.Vharat@dummymail.com,firefighter
1052,Mildrid,Travax,Mildrid.Travax@dummymail.com,Mildrid.Travax@dummymail.com,police officer
1053,Arlena,Shirberg,Arlena.Shirberg@dummymail.com,Arlena.Shirberg@dummymail.com,developer
1054,Bill,Read,Bill.Read@dummymail.com,Bill.Read@dummymail.com,worker
1055,Arlena,Pillsbury,Arlena.Pillsbury@dummymail.com,Arlena.Pillsbury@dummymail.com,police officer
1056,Lynea,Cloris,Lynea.Cloris@dummymail.com,Lynea.Cloris@dummymail.com,developer
1057,Britni,Tamar,Britni.Tamar@dummymail.com,Britni.Tamar@dummymail.com,police officer
1058,Giustina,Brian,Giustina.Brian@dummymail.com,Giustina.Brian@dummymail.com,firefighter
1059,Aryn,Wenda,Aryn.Wenda@dummymail.com,Aryn.Wenda@dummymail.com,worker
1060,Ulrike,Madelene,Ulrike.Madelene@dummymail.com,Ulrike.Madelene@dummymail.com,developer
1061,Leanna,Sperling,Leanna.Sperling@dummymail.com,Leanna.Sperling@dummymail.com,developer
1062,Cherrita,Bergman,Cherrita.Bergman@dummymail.com,Cherrita.Bergman@dummymail.com,police officer
1063,Gloria,Kalinda,Gloria.Kalinda@dummymail.com,Gloria.Kalinda@dummymail.com,police officer
1064,Jackie,Sigfrid,Jackie.Sigfrid@dummymail.com,Jackie.Sigfrid@dummymail.com,firefighter
1065,Lelah,Amand,Lelah.Amand@dummymail.com,Lelah.Amand@dummymail.com,police officer
1066,Diena,Maples,Diena.Maples@dummymail.com,Diena.Maples@dummymail.com,worker
1067,Robinia,Billye,Robinia.Billye@dummymail.com,Robinia.Billye@dummymail.com,doctor
1068,Evita,Seligman,Evita.Seligman@dummymail.com,Evita.Seligman@dummymail.com,worker
1069,Clarice,Abram,Clarice.Abram@dummymail.com,Clarice.Abram@dummymail.com,firefighter
1070,Janey,Romelda,Janey.Romelda@dummymail.com,Janey.Romelda@dummymail.com,police officer
1071,Antonietta,Damarra,Antonietta.Damarra@dummymail.com,Antonietta.Damarra@dummymail.com,doctor
1072,Tami,Rozanna,Tami.Rozanna@dummymail.com,Tami.Rozanna@dummymail.com,police officer
1073,Candy,Clywd,Candy.Clywd@dummymail.com,Candy.Clywd@dummymail.com,doctor
1074,Jacenta,Ferino,Jacenta.Ferino@dummymail.com,Jacenta.Ferino@dummymail.com,developer
1075,Lanna,Mott,Lanna.Mott@dummymail.com,Lanna.Mott@dummymail.com,developer
1076,Konstance,Raimondo,Konstance.Raimondo@dummymail.com,Konstance.Raimondo@dummymail.com,developer
1077,Devina,Mathilde,Devina.Mathilde@dummymail.com,Devina.Mathilde@dummymail.com,developer
1078,Aigneis,Hepsibah,Aigneis.Hepsibah@dummymail.com,Aigneis.Hepsibah@dummymail.com,firefighter
1079,Kalina,Kussell,Kalina.Kussell@dummymail.com,Kalina.Kussell@dummymail.com,firefighter
1080,Lorie,Gavrila,Lorie.Gavrila@dummymail.com,Lorie.Gavrila@dummymail.com,police officer
1081,Frank,Fosque,Frank.Fosque@dummymail.com,Frank.Fosque@dummymail.com,firefighter
1082,Nariko,Dudley,Nariko.Dudley@dummymail.com,Nariko.Dudley@dummymail.com,worker
1083,Odessa,Stav,Odessa.Stav@dummymail.com,Odessa.Stav@dummymail.com,police officer
1084,Zsa Zsa,Bryna,Zsa Zsa.Bryna@dummymail.com,Zsa Zsa.Bryna@dummymail.com,police officer
1085,Albertina,Alrich,Albertina.Alrich@dummymail.com,Albertina.Alrich@dummymail.com,worker
1086,Augustine,Redmond,Augustine.Redmond@dummymail.com,Augustine.Redmond@dummymail.com,worker
1087,Bobinette,Kellby,Bobinette.Kellby@dummymail.com,Bobinette.Kellby@dummymail.com,police officer
1088,Olwen,Dom,Olwen.Dom@dummymail.com,Olwen.Dom@dummymail.com,developer
1089,Inga,Philipp,Inga.Philipp@dummymail.com,Inga.Philipp@dummymail.com,doctor
1090,Bibby,Lindemann,Bibby.Lindemann@dummymail.com,Bibby.Lindemann@dummymail.com,police officer
1091,Danika,Ajay,Danika.Ajay@dummymail.com,Danika.Ajay@dummymail.com,worker
1092,Desirae,Vilma,Desirae.Vilma@dummymail.com,Desirae.Vilma@dummymail.com,worker
1093,Gusella,Muriel,Gusella.Muriel@dummymail.com,Gusella.Muriel@dummymail.com,developer
1094,Marsiella,Lalitta,Marsiella.Lalitta@dummymail.com,Marsiella.Lalitta@dummymail.com,worker
1095,Elyssa,Etom,Elyssa.Etom@dummymail.com,Elyssa.Etom@dummymail.com,police officer
1096,Leona,Ephrem,Leona.Ephrem@dummymail.com,Leona.Ephrem@dummymail.com,developer
1097,Emylee,Dom,Emylee.Dom@dummymail.com,Emylee.Dom@dummymail.com,firefighter
1098,Queenie,Dowski,Queenie.Dowski@dummymail.com,Queenie.Dowski@dummymail.com,firefighter
1099,Lonnie,Dichy,Lonnie.Dichy@dummymail.com,Lonnie.Dichy@dummymail.com,police officer