id,firstname,lastname,email,email2,profession
100,Therine,Emerson,Therine.Emerson@dummymail.com,Therine.Emerson@dummymail.com,police officer
101,Arlena,Kunin,Arlena.Kunin@dummymail.com,Arlena.Kunin@dummymail.com,doctor
102,Dania,Hollingsworth,Dania.Hollingsworth@dummymail.com,Dania.Hollingsworth@dummymail.com,developer
103,Evaleen,Ogren,Evaleen.Ogren@dummymail.com,Evaleen.Ogren@dummymail.com,doctor
104,Olivette,Kirstin,Olivette.Kirstin@dummymail.com,Olivette.Kirstin@dummymail.com,worker
105,Elise,Adlare,Elise.Adlare@dummymail.com,Elise.Adlare@dummymail.com,doctor
106,Frank,Colyer,Frank.Colyer@dummymail.com,Frank.Colyer@dummymail.com,worker
107,Etta,Anderea,Etta.Anderea@dummymail.com,Etta.Anderea@dummymail.com,worker
108,Clo,Emmaline,Clo.Emmaline@dummymail.com,Clo.Emmaline@dummymail.com,firefighter
109,Tarra,Tybald,Tarra.Tybald@dummymail.com,Tarra.Tybald@dummymail.com,doctor
110,Alisha,Atcliffe,Alisha.Atcliffe@dummymail.com,Alisha.Atcliffe@dummymail.com,firefighter
111,Christian,Ezar,Christian.Ezar@dummymail.com,Christian.Ezar@dummymail.com,doctor
112,Mignon,Chandler,Mignon.Chandler@dummymail.com,Mignon.Chandler@dummymail.com,worker
113,Devina,Nadia,Devina.Nadia@dummymail.com,Devina.Nadia@dummymail.com,worker
114,Annaliese,Zetta,Annaliese.Zetta@dummymail.com,Annaliese.Zetta@dummymail.com,worker
115,Carmela,Anselmi,Carmela.Anselmi@dummymail.com,Carmela.Anselmi@dummymail.com,developer
116,Sam,Susannah,Sam.Susannah@dummymail.com,Sam.Susannah@dummymail.com,developer
117,Brynna,Audly,Brynna.Audly@dummymail.com,Brynna.Audly@dummymail.com,police officer
118,Neila,Viddah,Neila.Viddah@dummymail.com,Neila.Viddah@dummymail.com,firefighter
119,Donetta,Bronk,Donetta.Bronk@dummymail.com,Donetta.Bronk@dummymail.com,worker
120,Tatiania,Hollingsworth,Tatiania.Hollingsworth@dummymail.com,Tatiania.Hollingsworth@dummymail.com,doctor
121,Deane,Imelida,Deane.Imelida@dummymail.com,Deane.Imelida@dummymail.com,doctor
122,Lory,Lory,Lory.Lory@dummymail.com,Lory.Lory@dummymail.com,police officer
123,Dotty,Brotherson,Dotty.Brotherson@dummymail.com,Dotty.Brotherson@dummymail.com,doctor
124,Danika,Ludewig,Danika.Ludewig@dummymail.com,Danika.Ludewig@dummymail.com,developer
125,Vevay,Fancie,Vevay.Fancie@dummymail.com,Vevay.Fancie@dummymail.com,firefighter
126,Tomasina,Tamsky,Tomasina.Tamsky@dummymail.com,Tomasina.Tamsky@dummymail.com,developer
127,Mireielle,Wattenberg,Mireielle.Wattenberg@dummymail.com,Mireielle.Wattenberg@dummymail.com,developer
128,Emma,Neva,Emma.Neva@dummymail.com,Emma.Neva@dummymail.com,doctor
129,Sharlene,Pacorro,Sharlene.Pacorro@dummymail.com,Sharlene.Pacorro@dummymail.com,police officer
130,Lexine,Fleeta,Lexine.Fleeta@dummymail.com,Lexine.Fleeta@dummymail.com,police officer
131,Elyssa,Libna,Elyssa.Libna@dummymail.com,Elyssa.Libna@dummymail.com,firefighter
132,Agathe,Poppy,Agathe.Poppy@dummymail.com,Agathe.Poppy@dummymail.com,police officer
133,Imojean,Berard,Imojean.Berard@dummymail.com,Imojean.Berard@dummymail.com,firefighter
134,Genevra,Thar,Genevra.Thar@dummymail.com,Genevra.Thar@dummymail.com,firefighter
135,Dulcinea,Hanleigh,Dulcinea.Hanleigh@dummymail.com,Dulcinea.Hanleigh@dummymail.com,worker
136,Elsie,Tomasina,Elsie.Tomasina@dummymail.com,Elsie.Tomasina@dummymail.com,firefighter
137,Emelina,Briney,Emelina.Briney@dummymail.com,Emelina.Briney@dummymail.com,doctor
138,Roseline,Ezar,Roseline.Ezar@dummymail.com,Roseline.Ezar@dummymail.com,firefighter
139,Augustine,Jehu,Augustine.Jehu@dummymail.com,Augustine.Jehu@dummymail.com,worker
140,Caritta,Dex,Caritta.Dex@dummymail.com,Caritta.Dex@dummymail.com,doctor
141,Kassey,Xerxes,Kassey.Xerxes@dummymail.com,Kassey.Xerxes@dummymail.com,worker
142,Bobinette,Tamsky,Bobinette.Tamsky@dummymail.com,Bobinette.Tamsky@dummymail.com,developer
143,Candy,Weitman,Candy.Weitman@dummymail.com,Candy.Weitman@dummymail.com,doctor
144,Viviene,Danby,Viviene.Danby@dummymail.com,Viviene.Danby@dummymail.com,firefighter
145,Leia,Ariella,Leia.Ariella@dummymail.com,Leia.Ariella@dummymail.com,doctor
146,Margalo,Knowling,Margalo.Knowling@dummymail.com,Margalo.Knowling@dummymail.com,developer
147,Sissy,Pandolfi,Sissy.Pandolfi@dummymail.com,Sissy.Pandolfi@dummymail.com,worker
148,Livvyy,Dawkins,Livvyy.Dawkins@dummymail.com,Livvyy.Dawkins@dummymail.com,firefighter
149,Roslyn,Cath,Roslyn.Cath@dummymail.com,Roslyn.Cath@dummymail.com,firefighter
150,Elise,Hubert,Elise.Hubert@dummymail.com,Elise.Hubert@dummymail.com,firefighter
151,Louella,Bord,Louella.Bord@dummymail.com,Louella.Bord@dummymail.com,doctor
152,Dulcinea,Erlandson,Dulcinea.Erlandson@dummymail.com,Dulcinea.Erlandson@dummymail.com,police officer
153,Marline,Clywd,Marline.Clywd@dummymail.com,Marline.Clywd@dummymail.com,worker
154,Aurore,Mata,Aurore.Mata@dummymail.com,Aurore.Mata@dummymail.com,developer
155,Jinny,Hailee,Jinny.Hailee@dummymail.com,Jinny.Hailee@dummymail.com,police officer
156,Mara,Gillan,Mara.Gillan@dummymail.com,Mara.Gillan@dummymail.com,police officer
157,Courtnay,Dannye,Courtnay.Dannye@dummymail.com,Courtnay.Dannye@dummymail.com,doctor
158,Agathe,Stacy,Agathe.Stacy@dummymail.com,Agathe.Stacy@dummymail.com,worker
159,Candy,Shanley,Candy.Shanley@dummymail.com,Candy.Shanley@dummymail.com,worker
160,Lanna,Donell,Lanna.Donell@dummymail.com,Lanna.Donell@dummymail.com,doctor
161,Concettina,Fontana,Concettina.Fontana@dummymail.com,Concettina.Fontana@dummymail.com,developer
162,Beverley,Zachary,Beverley.Zachary@dummymail.com,Beverley.Zachary@dummymail.com,police officer
163,Ofilia,Cullin,Ofilia.Cullin@dummymail.com,Ofilia.Cullin@dummymail.com,police officer
164,Carmela,Sothena,Carmela.Sothena@dummymail.com,Carmela.Sothena@dummymail.com,doctor
165,Chandra,Aprile,Chandra.Aprile@dummymail.com,Chandra.Aprile@dummymail.com,developer
166,Ruthe,Donell,Ruthe.Donell@dummymail.com,Ruthe.Donell@dummymail.com,worker
167,Annecorinne,Ajay,Annecorinne.Ajay@dummymail.com,Annecorinne.Ajay@dummymail.com,developer
168,Ursulina,Riordan,Ursulina.Riordan@dummymail.com,Ursulina.Riordan@dummymail.com,firefighter
169,Gwyneth,Carey,Gwyneth.Carey@dummymail.com,Gwyneth.Carey@dummymail.com,developer
170,Kaja,Ader,Kaja.Ader@dummymail.com,Kaja.Ader@dummymail.com,developer
171,Courtnay,Vharat,Courtnay.Vharat@dummymail.com,Courtnay.Vharat@dummymail.com,police officer
172,Adele,Juan,Adele.Juan@dummymail.com,Adele.Juan@dummymail.com,firefighter
173,Arabel,Weinreb,Arabel.Weinreb@dummymail.com,Arabel.Weinreb@dummymail.com,developer
174,Stephanie,Medrek,Stephanie.Medrek@dummymail.com,Stephanie.Medrek@dummymail.com,firefighter
175,Daphne,Zina,Daphne.Zina@dummymail.com,Daphne.Zina@dummymail.com,developer
176,Deedee,Cordi,Deedee.Cordi@dummymail.com,Deedee.Cordi@dummymail.com,police officer
177,Drucie,Dudley,Drucie.Dudley@dummymail.com,Drucie.Dudley@dummymail.com,police officer
178,Alia,Remmer,Alia.Remmer@dummymail.com,Alia.Remmer@dummymail.com,police officer
179,Molli,Helve,Molli.Helve@dummymail.com,Molli.Helve@dummymail.com,developer
180,Zia,Dudley,Zia.Dudley@dummymail.com,Zia.Dudley@dummymail.com,developer
181,Amalie,Hoban,Amalie.Hoban@dummymail.com,Amalie.Hoban@dummymail.com,police officer
182,Jaime,Lilas,Jaime.Lilas@dummymail.com,Jaime.Lilas@dummymail.com,doctor
183,Orsola,Romelda,Orsola.Romelda@dummymail.com,Orsola.Romelda@dummymail.com,developer
184,Lexine,Pip,Lexine.Pip@dummymail.com,Lexine.Pip@dummymail.com,developer
185,Tybie,Tayib,Tybie.Tayib@dummymail.com,Tybie.Tayib@dummymail.com,developer
186,Quintina,Ludewig,Quintina.Ludewig@dummymail.com,Quintina.Ludewig@dummymail.com,police officer
187,Carilyn,Kauppi,Carilyn.Kauppi@dummymail.com,Carilyn.Kauppi@dummymail.com,firefighter
188,Feliza,Jefferey,Feliza.Jefferey@dummymail.com,Feliza.Jefferey@dummymail.com,firefighter
189,Susette,Melony,Susette.Melony@dummymail.com,Susette.Melony@dummymail.com,doctor
190,Cherilyn,Mitzi,Cherilyn.Mitzi@dummymail.com,Cherilyn.Mitzi@dummymail.com,doctor
191,Dolli,Honoria,Dolli.Honoria@dummymail.com,Dolli.Honoria@dummymail.com,worker
192,Ermengarde,Pelagias,Ermengarde.Pelagias@dummymail.com,Ermengarde.Pelagias@dummymail.com,police officer
193,Lexine,Nedrud,Lexine.Nedrud@dummymail.com,Lexine.Nedrud@dummymail.com,police officer
194,Gerianna,Trace,Gerianna.Trace@dummymail.com,Gerianna.Trace@dummymail.com,developer
195,Mureil,Zeeba,Mureil.Zeeba@dummymail.com,Mureil.Zeeba@dummymail.com,doctor
196,Rosabelle,Ball,Rosabelle.Ball@dummymail.com,Rosabelle.Ball@dummymail.com,developer
197,Starla,Atcliffe,Starla.Atcliffe@dummymail.com,Starla.Atcliffe@dummymail.com,firefighter
198,Marcelline,Engdahl,Marcelline.Engdahl@dummymail.com,Marcelline.Engdahl@dummymail.com,police officer
199,Raina,Chapland,Raina.Chapland@dummymail.com,Raina.Chapland@dummymail.com,firefighter
200,Maud,Hieronymus,Maud.Hieronymus@dummymail.com,Maud.Hieronymus@dummymail.com,worker
201,Dominga,Lareena,Dominga.Lareena@dummymail.com,Dominga.Lareena@dummymail.com,developer
202,Doro,Docilla,Doro.Docilla@dummymail.com,Doro.Docilla@dummymail.com,firefighter
203,Maud,Anselmi,Maud.Anselmi@dummymail.com,Maud.Anselmi@dummymail.com,developer
204,Aaren,Byrne,Aaren.Byrne@dummymail.com,Aaren.Byrne@dummymail.com,worker
205,Stacey,McLaughlin,Stacey.McLaughlin@dummymail.com,Stacey.McLaughlin@dummymail.com,developer
206,Robbi,Sinegold,Robbi.Sinegold@dummymail.com,Robbi.Sinegold@dummymail.com,worker
207,Edith,Miru,Edith.Miru@dummymail.com,Edith.Miru@dummymail.com,police officer
208,Linzy,Madox,Linzy.Madox@dummymail.com,Linzy.Madox@dummymail.com,worker
209,Andeee,Juliet,Andeee.Juliet@dummymail.com,Andeee.Juliet@dummymail.com,firefighter
210,Jany,Koziara,Jany.Koziara@dummymail.com,Jany.Koziara@dummymail.com,firefighter
211,Grier,Newell,Grier.Newell@dummymail.com,Grier.Newell@dummymail.com,doctor
212,Dennie,Rosalba,Dennie.Rosalba@dummymail.com,Dennie.Rosalba@dummymail.com,firefighter
213,Tonia,Ciro,Tonia.Ciro@dummymail.com,Tonia.Ciro@dummymail.com,doctor
214,Bettine,Cassius,Bettine.Cassius@dummymail.com,Bettine.Cassius@dummymail.com,doctor
215,Lanna,Ciro,Lanna.Ciro@dummymail.com,Lanna.Ciro@dummymail.com,worker
216,Rayna,Llovera,Rayna.Llovera@dummymail.com,Rayna.Llovera@dummymail.com,worker
217,Lacie,Abernon,Lacie.Abernon@dummymail.com,Lacie.Abernon@dummymail.com,firefighter
218,Justinn,Dominy,Justinn.Dominy@dummymail.com,Justinn.Dominy@dummymail.com,doctor
219,Elora,Sherfield,Elora.Sherfield@dummymail.com,Elora.Sherfield@dummymail.com,worker
220,Jenilee,Baylor,Jenilee.Baylor@dummymail.com,Jenilee.Baylor@dummymail.com,police officer
221,Mureil,Sheedy,Mureil.Sheedy@dummymail.com,Mureil.Sheedy@dummymail.com,firefighter
222,Julieta,Hylan,Julieta.Hylan@dummymail.com,Julieta.Hylan@dummymail.com,firefighter
223,Estell,Lowry,Estell.Lowry@dummymail.com,Estell.Lowry@dummymail.com,developer
224,Sheree,Gale,Sheree.Gale@dummymail.com,Sheree.Gale@dummymail.com,firefighter
225,Rayna,Sundin,Rayna.Sundin@dummymail.com,Rayna.Sundin@dummymail.com,police officer
226,Ivett,Aurelio,Ivett.Aurelio@dummymail.com,Ivett.Aurelio@dummymail.com,worker
227,Mary,Borrell,Mary.Borrell@dummymail.com,Mary.Borrell@dummymail.com,worker
228,Sybille,Celestine,Sybille.Celestine@dummymail.com,Sybille.Celestine@dummymail.com,developer
229,Calla,Winnick,Calla.Winnick@dummymail.com,Calla.Winnick@dummymail.com,developer
230,Meghann,Jotham,Meghann.Jotham@dummymail.com,Meghann.Jotham@dummymail.com,police officer
231,Christian,Brenn,Christian.Brenn@dummymail.com,Christian.Brenn@dummymail.com,developer
232,Shirlee,Schroth,Shirlee.Schroth@dummymail.com,Shirlee.Schroth@dummymail.com,doctor
233,Zia,Standing,Zia.Standing@dummymail.com,Zia.Standing@dummymail.com,doctor
234,Benita,Smitt,Benita.Smitt@dummymail.com,Benita.Smitt@dummymail.com,firefighter
235,Zsa Zsa,Naashom,Zsa Zsa.Naashom@dummymail.com,Zsa Zsa.Naashom@dummymail.com,firefighter
236,Ermengarde,Andrel,Ermengarde.Andrel@dummymail.com,Ermengarde.Andrel@dummymail.com,firefighter
237,Dulce,Urias,Dulce.Urias@dummymail.com,Dulce.Urias@dummymail.com,firefighter
238,Janis,Dielu,Janis.Dielu@dummymail.com,Janis.Dielu@dummymail.com,developer
239,Antonietta,Darian,Antonietta.Darian@dummymail.com,Antonietta.Darian@dummymail.com,worker
240,Merry,Sabella,Merry.Sabella@dummymail.com,Merry.Sabella@dummymail.com,worker
241,Arlena,Richers,Arlena.Richers@dummymail.com,Arlena.Richers@dummymail.com,police officer
242,Leeanne,Larochelle,Leeanne.Larochelle@dummymail.com,Leeanne.Larochelle@dummymail.com,firefighter
243,Yolane,Brady,Yolane.Brady@dummymail.com,Yolane.Brady@dummymail.com,police officer
244,Oralee,LaRue,Oralee.LaRue@dummymail.com,Oralee.LaRue@dummymail.com,firefighter
245,Ardys,Rhu,Ardys.Rhu@dummymail.com,Ardys.Rhu@dummymail.com,developer
246,Merle,Liva,Merle.Liva@dummymail.com,Merle.Liva@dummymail.com,doctor
247,Orelia,Klotz,Orelia.Klotz@dummymail.com,Orelia.Klotz@dummymail.com,developer
248,Dagmar,Kaete,Dagmar.Kaete@dummymail.com,Dagmar.Kaete@dummymail.com,worker
249,Brianna,Monk,Brianna.Monk@dummymail.com,Brianna.Monk@dummymail.com,firefighter
250,Tomasina,Hirsch,Tomasina.Hirsch@dummymail.com,Tomasina.Hirsch@dummymail.com,worker
251,Fernande,Rubie,Fernande.Rubie@dummymail.com,Fernande.Rubie@dummymail.com,firefighter
252,Mellicent,Suk,Mellicent.Suk@dummymail.com,Mellicent.Suk@dummymail.com,developer
253,Morganica,Smitt,Morganica.Smitt@dummymail.com,Morganica.Smitt@dummymail.com,police officer
254,Zaria,Izaak,Zaria.Izaak@dummymail.com,Zaria.Izaak@dummymail.com,worker
255,Stacey,Kinnard,Stacey.Kinnard@dummymail.com,Stacey.Kinnard@dummymail.com,firefighter
256,Daune,Cecile,Daune.Cecile@dummymail.com,Daune.Cecile@dummymail.com,police officer
257,Gusty,Stefa,Gusty.Stefa@dummymail.com,Gusty.Stefa@dummymail.com,doctor
258,Maisey,Madelene,Maisey.Madelene@dummymail.com,Maisey.Madelene@dummymail.com,firefighter
259,Janenna,Lory,Janenna.Lory@dummymail.com,Janenna.Lory@dummymail.com,worker
260,Amii,Ortrude,Amii.Ortrude@dummymail.com,Amii.Ortrude@dummymail.com,developer
261,Kaia,Merna,Kaia.Merna@dummymail.com,Kaia.Merna@dummymail.com,developer
262,Marcelline,Campball,Marcelline.Campball@dummymail.com,Marcelline.Campball@dummymail.com,police officer
263,Vita,Armanda,Vita.Armanda@dummymail.com,Vita.Armanda@dummymail.com,doctor
264,Shannah,Monaco,Shannah.Monaco@dummymail.com,Shannah.Monaco@dummymail.com,developer
265,Marjie,Adore,Marjie.Adore@dummymail.com,Marjie.Adore@dummymail.com,police officer
266,Binny,Vanni,Binny.Vanni@dummymail.com,Binny.Vanni@dummymail.com,police officer
267,Daune,Ilka,Daune.Ilka@dummymail.com,Daune.Ilka@dummymail.com,police officer
268,Tersina,Bakerman,Tersina.Bakerman@dummymail.com,Tersina.Bakerman@dummymail.com,developer
269,Abbie,Dannye,Abbie.Dannye@dummymail.com,Abbie.Dannye@dummymail.com,firefighter
270,Lynea,Wallis,Lynea.Wallis@dummymail.com,Lynea.Wallis@dummymail.com,firefighter
271,Laurene,Smitt,Laurene.Smitt@dummymail.com,Laurene.Smitt@dummymail.com,worker
272,Lusa,Rurik,Lusa.Rurik@dummymail.com,Lusa.Rurik@dummymail.com,firefighter
273,Darlleen,Grobe,Darlleen.Grobe@dummymail.com,Darlleen.Grobe@dummymail.com,police officer
274,Chrystel,Grimbly,Chrystel.Grimbly@dummymail.com,Chrystel.Grimbly@dummymail.com,police officer
275,Ermengarde,Concha,Ermengarde.Concha@dummymail.com,Ermengarde.Concha@dummymail.com,police officer
276,Anthia,Bergman,Anthia.Bergman@dummymail.com,Anthia.Bergman@dummymail.com,developer
277,Misha,Tremayne,Misha.Tremayne@dummymail.com,Misha.Tremayne@dummymail.com,firefighter
278,Elora,Persse,Elora.Persse@dummymail.com,Elora.Persse@dummymail.com,police officer
279,Dorthy,Cleo,Dorthy.Cleo@dummymail.com,Dorthy.Cleo@dummymail.com,firefighter
280,Nonnah,Gusella,Nonnah.Gusella@dummymail.com,Nonnah.Gusella@dummymail.com,firefighter
281,Yolane,Johnsson,Yolane.Johnsson@dummymail.com,Yolane.Johnsson@dummymail.com,developer
282,Ruthe,Colp,Ruthe.Colp@dummymail.com,Ruthe.Colp@dummymail.com,developer
283,Barbara,Susannah,Barbara.Susannah@dummymail.com,Barbara.Susannah@dummymail.com,doctor
284,Sarette,Kaete,Sarette.Kaete@dummymail.com,Sarette.Kaete@dummymail.com,firefighter
285,Collen,Septima,Collen.Septima@dummymail.com,Collen.Septima@dummymail.com,firefighter
286,Feliza,Corrine,Feliza.Corrine@dummymail.com,Feliza.Corrine@dummymail.com,police officer
287,Tani,Stacy,Tani.Stacy@dummymail.com,Tani.Stacy@dummymail.com,doctor
288,Oona,Kunin,Oona.Kunin@dummymail.com,Oona.Kunin@dummymail.com,firefighter
289,Alyda,Oneida,Alyda.Oneida@dummymail.com,Alyda.Oneida@dummymail.com,doctor
290,Chickie,Sinegold,Chickie.Sinegold@dummymail.com,Chickie.Sinegold@dummymail.com,firefighter
291,Nadine,Toni,Nadine.Toni@dummymail.com,Nadine.Toni@dummymail.com,police officer
292,Berta,Kirbee,Berta.Kirbee@dummymail.com,Berta.Kirbee@dummymail.com,firefighter
293,Brooks,Mata,Brooks.Mata@dummymail.com,Brooks.Mata@dummymail.com,developer
294,Edyth,Plato,Edyth.Plato@dummymail.com,Edyth.Plato@dummymail.com,police officer
295,Beatriz,Vale,Beatriz.Vale@dummymail.com,Beatriz.Vale@dummymail.com,developer
296,Valera,Engdahl,Valera.Engdahl@dummymail.com,Valera.Engdahl@dummymail.com,doctor
297,Lelah,Nedrud,Lelah.Nedrud@dummymail.com,Lelah.Nedrud@dummymail.com,firefighter
298,Dagmar,Even,Dagmar.Even@dummymail.com,Dagmar.Even@dummymail.com,doctor
299,Fayre,Ephrem,Fayre.Ephrem@dummymail.com,Fayre.Ephrem@dummymail.com,police officer
300,Darci,Sisile,Darci.Sisile@dummymail.com,Darci.Sisile@dummymail.com,worker
301,Sidoney,Sekofski,Sidoney.Sekofski@dummymail.com,Sidoney.Sekofski@dummymail.com,police officer
302,Alyda,Jotham,Alyda.Jotham@dummymail.com,Alyda.Jotham@dummymail.com,police officer
303,Meg,Havens,Meg.Havens@dummymail.com,Meg.Havens@dummymail.com,developer
304,Beth,Cohdwell,Beth.Cohdwell@dummymail.com,Beth.Cohdwell@dummymail.com,firefighter
305,Jean,Millda,Jean.Millda@dummymail.com,Jean.Millda@dummymail.com,worker
306,Zondra,Ezar,Zondra.Ezar@dummymail.com,Zondra.Ezar@dummymail.com,developer
307,Cacilie,Neva,Cacilie.Neva@dummymail.com,Cacilie.Neva@dummymail.com,firefighter
308,Tracey,Wittie,Tracey.Wittie@dummymail.com,Tracey.Wittie@dummymail.com,police officer
309,Melisent,Darian,Melisent.Darian@dummymail.com,Melisent.Darian@dummymail.com,firefighter
310,Joceline,Vanni,Joceline.Vanni@dummymail.com,Joceline.Vanni@dummymail.com,developer
311,Starla,Emmy,Starla.Emmy@dummymail.com,Starla.Emmy@dummymail.com,police officer
312,Myrtice,Faro,Myrtice.Faro@dummymail.com,Myrtice.Faro@dummymail.com,police officer
313,Jordan,Duwalt,Jordan.Duwalt@dummymail.com,Jordan.Duwalt@dummymail.com,doctor
314,Calla,Rudolph,Calla.Rudolph@dummymail.com,Calla.Rudolph@dummymail.com,doctor
315,Paule,Edee,Paule.Edee@dummymail.com,Paule.Edee@dummymail.com,police officer
316,Sheelagh,Ummersen,Sheelagh.Ummersen@dummymail.com,Sheelagh.Ummersen@dummymail.com,doctor
317,Aeriela,Gherardo,Aeriela.Gherardo@dummymail.com,Aeriela.Gherardo@dummymail.com,doctor
318,Frances,Stanwood,Frances.Stanwood@dummymail.com,Frances.Stanwood@dummymail.com,worker
319,Evaleen,Thad,Evaleen.Thad@dummymail.com,Evaleen.Thad@dummymail.com,doctor
320,Lolita,Sprage,Lolita.Sprage@dummymail.com,Lolita.Sprage@dummymail.com,firefighter
321,Aryn,Dawkins,Aryn.Dawkins@dummymail.com,Aryn.Dawkins@dummymail.com,firefighter
322,Nerta,Erskine,Nerta.Erskine@dummymail.com,Nerta.Erskine@dummymail.com,worker
323,Eadie,Zetta,Eadie.Zetta@dummymail.com,Eadie.Zetta@dummymail.com,doctor
324,Roxane,Hermes,Roxane.Hermes@dummymail.com,Roxane.Hermes@dummymail.com,worker
325,Sidoney,Riva,Sidoney.Riva@dummymail.com,Sidoney.Riva@dummymail.com,firefighter
326,Marleah,Sherfield,Marleah.Sherfield@dummymail.com,Marleah.Sherfield@dummymail.com,firefighter
327,Brynna,Schwejda,Brynna.Schwejda@dummymail.com,Brynna.Schwejda@dummymail.com,police officer
328,Emylee,Shaddock,Emylee.Shaddock@dummymail.com,Emylee.Shaddock@dummymail.com,worker
329,Kylynn,Rese,Kylynn.Rese@dummymail.com,Kylynn.Rese@dummymail.com,police officer
330,Gusty,An,Gusty.An@dummymail.com,Gusty.An@dummymail.com,police officer
331,Lory,Monk,Lory.Monk@dummymail.com,Lory.Monk@dummymail.com,police officer
332,Merci,Demitria,Merci.Demitria@dummymail.com,Merci.Demitria@dummymail.com,police officer
333,Evaleen,Glenden,Evaleen.Glenden@dummymail.com,Evaleen.Glenden@dummymail.com,police officer
334,Iseabal,Ardra,Iseabal.Ardra@dummymail.com,Iseabal.Ardra@dummymail.com,worker
335,Minne,Burch,Minne.Burch@dummymail.com,Minne.Burch@dummymail.com,firefighter
336,Leanna,Old,Leanna.Old@dummymail.com,Leanna.Old@dummymail.com,police officer
337,Brooks,Carlson,Brooks.Carlson@dummymail.com,Brooks.Carlson@dummymail.com,worker
338,Annabela,Bearnard,Annabela.Bearnard@dummymail.com,Annabela.Bearnard@dummymail.com,developer
339,Mellicent,Aaberg,Mellicent.Aaberg@dummymail.com,Mellicent.Aaberg@dummymail.com,firefighter
340,Tina,Gherardo,Tina.Gherardo@dummymail.com,Tina.Gherardo@dummymail.com,police officer
341,Sam,Barney,Sam.Barney@dummymail.com,Sam.Barney@dummymail.com,worker
342,Margette,Johnsson,Margette.Johnsson@dummymail.com,Margette.Johnsson@dummymail.com,doctor
343,Nerta,Faust,Nerta.Faust@dummymail.com,Nerta.Faust@dummymail.com,police officer
344,Gale,Syd,Gale.Syd@dummymail.com,Gale.Syd@dummymail.com,firefighter
345,Olwen,Goode,Olwen.Goode@dummymail.com,Olwen.Goode@dummymail.com,doctor
346,Christal,Truc,Christal.Truc@dummymail.com,Christal.Truc@dummymail.com,worker
347,Dacia,Suk,Dacia.Suk@dummymail.com,Dacia.Suk@dummymail.com,worker
348,Jaclyn,Euridice,Jaclyn.Euridice@dummymail.com,Jaclyn.Euridice@dummymail.com,developer
349,Talya,Goddard,Talya.Goddard@dummymail.com,Talya.Goddard@dummymail.com,worker
350,Valera,Nicoline,Valera.Nicoline@dummymail.com,Valera.Nicoline@dummymail.com,police officer
351,Lindie,Wandie,Lindie.Wandie@dummymail.com,Lindie.Wandie@dummymail.com,doctor
352,Judy,Bohlin,Judy.Bohlin@dummymail.com,Judy.Bohlin@dummymail.com,police officer
353,Magdalena,Kylander,Magdalena.Kylander@dummymail.com,Magdalena.Kylander@dummymail.com,firefighter
354,Genovera,Merna,Genovera.Merna@dummymail.com,Genovera.Merna@dummymail.com,police officer
355,Trixi,Astra,Trixi.Astra@dummymail.com,Trixi.Astra@dummymail.com,doctor
356,Gretal,Fry,Gretal.Fry@dummymail.com,Gretal.Fry@dummymail.com,developer
357,Rozele,Gert,Rozele.Gert@dummymail.com,Rozele.Gert@dummymail.com,developer
358,Hayley,Ludewig,Hayley.Ludewig@dummymail.com,Hayley.Ludewig@dummymail.com,worker
359,Rubie,Audly,Rubie.Audly@dummymail.com,Rubie.Audly@dummymail.com,doctor
360,Claudina,Ax,Claudina.Ax@dummymail.com,Claudina.Ax@dummymail.com,developer
361,Layla,Cohdwell,Layla.Cohdwell@dummymail.com,Layla.Cohdwell@dummymail.com,police officer
362,Lanae,Zetta,Lanae.Zetta@dummymail.com,Lanae.Zetta@dummymail.com,firefighter
363,Ulrike,Meter,Ulrike.Meter@dummymail.com,Ulrike.Meter@dummymail.com,doctor
364,Annecorinne,Remmer,Annecorinne.Remmer@dummymail.com,Annecorinne.Remmer@dummymail.com,firefighter
365,Averyl,Meli,Averyl.Meli@dummymail.com,Averyl.Meli@dummymail.com,doctor
366,Romona,Harned,Romona.Harned@dummymail.com,Romona.Harned@dummymail.com,developer
367,Dione,Kathie,Dione.Kathie@dummymail.com,Dione.Kathie@dummymail.com,firefighter
368,Nadine,Daveta,Nadine.Daveta@dummymail.com,Nadine.Daveta@dummymail.com,doctor
369,Cam,Howlyn,Cam.Howlyn@dummymail.com,Cam.Howlyn@dummymail.com,worker
370,Olwen,Brodench,Olwen.Brodench@dummymail.com,Olwen.Brodench@dummymail.com,firefighter
371,Cassandra,Hanleigh,Cassandra.Hanleigh@dummymail.com,Cassandra.Hanleigh@dummymail.com,firefighter
372,Cassondra,Terrence,Cassondra.Terrence@dummymail.com,Cassondra.Terrence@dummymail.com,police officer
373,Lorne,Bonucci,Lorne.Bonucci@dummymail.com,Lorne.Bonucci@dummymail.com,doctor
374,Claresta,Angelis,Claresta.Angelis@dummymail.com,Claresta.Angelis@dummymail.com,developer
375,Bee,Secrest,Bee.Secrest@dummymail.com,Bee.Secrest@dummymail.com,worker
376,Margalo,Lutero,Margalo.Lutero@dummymail.com,Margalo.Lutero@dummymail.com,doctor
377,Jolyn,Alva,Jolyn.Alva@dummymail.com,Jolyn.Alva@dummymail.com,developer
378,Anthia,Ehrman,Anthia.Ehrman@dummymail.com,Anthia.Ehrman@dummymail.com,developer
379,Wilma,Zamora,Wilma.Zamora@dummymail.com,Wilma.Zamora@dummymail.com,firefighter
380,Elyssa,Egbert,Elyssa.Egbert@dummymail.com,Elyssa.Egbert@dummymail.com,firefighter
381,Jordan,Zola,Jordan.Zola@dummymail.com,Jordan.Zola@dummymail.com,worker
382,Elmira,Liva,Elmira.Liva@dummymail.com,Elmira.Liva@dummymail.com,firefighter
383,Frances,Gwenore,Frances.Gwenore@dummymail.com,Frances.Gwenore@dummymail.com,firefighter
384,Sandie,Jacinda,Sandie.Jacinda@dummymail.com,Sandie.Jacinda@dummymail.com,firefighter
385,Marguerite,Michella,Marguerite.Michella@dummymail.com,Marguerite.Michella@dummymail.com,police officer
386,Carly,Camden,Carly.Camden@dummymail.com,Carly.Camden@dummymail.com,police officer
387,Lonnie,Urania,Lonnie.Urania@dummymail.com,Lonnie.Urania@dummymail.com,developer
388,Sheelagh,Hourigan,Sheelagh.Hourigan@dummymail.com,Sheelagh.Hourigan@dummymail.com,firefighter
389,Babita,Mehalek,Babita.Mehalek@dummymail.com,Babita.Mehalek@dummymail.com,firefighter
390,Annecorinne,Macey,Annecorinne.Macey@dummymail.com,Annecorinne.Macey@dummymail.com,developer
391,Jasmina,Sancho,Jasmina.Sancho@dummymail.com,Jasmina.Sancho@dummymail.com,doctor
392,Rubie,Rustice,Rubie.Rustice@dummymail.com,Rubie.Rustice@dummymail.com,firefighter
393,Tera,Oneida,Tera.Oneida@dummymail.com,Tera.Oneida@dummymail.com,developer
394,Emmey,Santoro,Emmey.Santoro@dummymail.com,Emmey.Santoro@dummymail.com,police officer
395,Raina,Adrienne,Raina.Adrienne@dummymail.com,Raina.Adrienne@dummymail.com,developer
396,Linet,Ogren,Linet.Ogren@dummymail.com,Linet.Ogren@dummymail.com,developer
397,Orsola,Bow,Orsola.Bow@dummymail.com,Orsola.Bow@dummymail.com,doctor
398,Vonny,Sisile,Vonny.Sisile@dummymail.com,Vonny.Sisile@dummymail.com,worker
399,Lila,Suzetta,Lila.Suzetta@dummymail.com,Lila.Suzetta@dummymail.com,doctor
400,Peri,Bebe,Peri.Bebe@dummymail.com,Peri.Bebe@dummymail.com,worker
401,Amalie,Adore,Amalie.Adore@dummymail.com,Amalie.Adore@dummymail.com,doctor
402,Nananne,Sophronia,Nananne.Sophronia@dummymail.com,Nananne.Sophronia@dummymail.com,police officer
403,Sam,Loleta,Sam.Loleta@dummymail.com,Sam.Loleta@dummymail.com,firefighter
404,Kalina,Izaak,Kalina.Izaak@dummymail.com,Kalina.Izaak@dummymail.com,police officer
405,Eolanda,Orelee,Eolanda.Orelee@dummymail.com,Eolanda.Orelee@dummymail.com,doctor
406,Fredericka,Hubert,Fredericka.Hubert@dummymail.com,Fredericka.Hubert@dummymail.com,doctor
407,Roberta,Strephon,Roberta.Strephon@dummymail.com,Roberta.Strephon@dummymail.com,police officer
408,Thalia,Dawkins,Thalia.Dawkins@dummymail.com,Thalia.Dawkins@dummymail.com,developer
409,Heida,Erlandson,Heida.Erlandson@dummymail.com,Heida.Erlandson@dummymail.com,developer
410,Celene,Urania,Celene.Urania@dummymail.com,Celene.Urania@dummymail.com,worker
411,Riannon,Lauraine,Riannon.Lauraine@dummymail.com,Riannon.Lauraine@dummymail.com,worker
412,Elyssa,Franza,Elyssa.Franza@dummymail.com,Elyssa.Franza@dummymail.com,doctor
413,Elvira,Vilma,Elvira.Vilma@dummymail.com,Elvira.Vilma@dummymail.com,developer
414,Heida,Justinn,Heida.Justinn@dummymail.com,Heida.Justinn@dummymail.com,police officer
415,Alyssa,Carolin,Alyssa.Carolin@dummymail.com,Alyssa.Carolin@dummymail.com,firefighter
416,Stacey,Charity,Stacey.Charity@dummymail.com,Stacey.Charity@dummymail.com,worker
417,Genevra,Thunell,Genevra.Thunell@dummymail.com,Genevra.Thunell@dummymail.com,firefighter
418,Minda,Chaing,Minda.Chaing@dummymail.com,Minda.Chaing@dummymail.com,police officer
419,Letizia,Carvey,Letizia.Carvey@dummymail.com,Letizia.Carvey@dummymail.com,worker
420,Jessy,Garek,Jessy.Garek@dummymail.com,Jessy.Garek@dummymail.com,worker
421,Etta,Chandler,Etta.Chandler@dummymail.com,Etta.Chandler@dummymail.com,worker
422,Ericka,Sinegold,Ericka.Sinegold@dummymail.com,Ericka.Sinegold@dummymail.com,developer
423,Nerta,Rooney,Nerta.Rooney@dummymail.com,Nerta.Rooney@dummymail.com,worker
424,Codie,Garbe,Codie.Garbe@dummymail.com,Codie.Garbe@dummymail.com,doctor
425,Alejandra,Hieronymus,Alejandra.Hieronymus@dummymail.com,Alejandra.Hieronymus@dummymail.com,developer
426,Rivalee,Dermott,Rivalee.Dermott@dummymail.com,Rivalee.Dermott@dummymail.com,firefighter
427,Joleen,Schenck,Joleen.Schenck@dummymail.com,Joleen.Schenck@dummymail.com,police officer
428,Arlena,Germann,Arlena.Germann@dummymail.com,Arlena.Germann@dummymail.com,firefighter
429,Kara-Lynn,Hilbert,Kara-Lynn.Hilbert@dummymail.com,Kara-Lynn.Hilbert@dummymail.com,firefighter
430,Lynde,Mintz,Lynde.Mintz@dummymail.com,Lynde.Mintz@dummymail.com,doctor
431,Ileana,Hurley,Ileana.Hurley@dummymail.com,Ileana.Hurley@dummymail.com,developer
432,Sara-Ann,Hourigan,Sara-Ann.Hourigan@dummymail.com,Sara-Ann.Hourigan@dummymail.com,doctor
433,Lanae,Montgomery,Lanae.Montgomery@dummymail.com,Lanae.Montgomery@dummymail.com,worker
434,Kristina,Lorenz,Kristina.Lorenz@dummymail.com,Kristina.Lorenz@dummymail.com,firefighter
435,Joy,Ferrell,Joy.Ferrell@dummymail.com,Joy.Ferrell@dummymail.com,firefighter
436,Pierette,Wu,Pierette.Wu@dummymail.com,Pierette.Wu@dummymail.com,developer
437,Madeleine,Erskine,Madeleine.Erskine@dummymail.com,Madeleine.Erskine@dummymail.com,doctor
438,Paola,Rubie,Paola.Rubie@dummymail.com,Paola.Rubie@dummymail.com,firefighter
439,Lusa,Kesley,Lusa.Kesley@dummymail.com,Lusa.Kesley@dummymail.com,doctor
440,Sara-Ann,Therine,Sara-Ann.Therine@dummymail.com,Sara-Ann.Therine@dummymail.com,doctor
441,Helsa,Brotherson,Helsa.Brotherson@dummymail.com,Helsa.Brotherson@dummymail.com,worker
442,Nelle,Johanna,Nelle.Johanna@dummymail.com,Nelle.Johanna@dummymail.com,police officer
443,Elka,Malina,Elka.Malina@dummymail.com,Elka.Malina@dummymail.com,police officer
444,Maridel,Honoria,Maridel.Honoria@dummymail.com,Maridel.Honoria@dummymail.com,worker
445,Lusa,Abernon,Lusa.Abernon@dummymail.com,Lusa.Abernon@dummymail.com,worker
446,Chastity,Flita,Chastity.Flita@dummymail.com,Chastity.Flita@dummymail.com,doctor
447,Sean,Martguerita,Sean.Martguerita@dummymail.com,Sean.Martguerita@dummymail.com,police officer
448,Emma,Iaverne,Emma.Iaverne@dummymail.com,Emma.Iaverne@dummymail.com,police officer
449,Frieda,Carleen,Frieda.Carleen@dummymail.com,Frieda.Carleen@dummymail.com,developer
450,Gwenneth,Merat,Gwenneth.Merat@dummymail.com,Gwenneth.Merat@dummymail.com,police officer
451,Mara,Douglass,Mara.Douglass@dummymail.com,Mara.Douglass@dummymail.com,worker
452,Nessie,Denis,Nessie.Denis@dummymail.com,Nessie.Denis@dummymail.com,worker
453,Michaelina,Bigner,Michaelina.Bigner@dummymail.com,Michaelina.Bigner@dummymail.com,doctor
454,Rosene,Barrus,Rosene.Barrus@dummymail.com,Rosene.Barrus@dummymail.com,firefighter
455,Nita,Lane,Nita.Lane@dummymail.com,Nita.Lane@dummymail.com,doctor
456,Tracey,Lea,Tracey.Lea@dummymail.com,Tracey.Lea@dummymail.com,worker
457,Gavrielle,Dudley,Gavrielle.Dudley@dummymail.com,Gavrielle.Dudley@dummymail.com,police officer
458,Ileana,Tannie,Ileana.Tannie@dummymail.com,Ileana.Tannie@dummymail.com,firefighter
459,Dolli,Japeth,Dolli.Japeth@dummymail.com,Dolli.Japeth@dummymail.com,worker
460,Gisela,Kellby,Gisela.Kellby@dummymail.com,Gisela.Kellby@dummymail.com,developer
461,Laurene,Ortrude,Laurene.Ortrude@dummymail.com,Laurene.Ortrude@dummymail.com,firefighter
462,Bibby,Francene,Bibby.Francene@dummymail.com,Bibby.Francene@dummymail.com,police officer
463,Carly,Rodmann,Carly.Rodmann@dummymail.com,Carly.Rodmann@dummymail.com,worker
464,Catrina,Kellby,Catrina.Kellby@dummymail.com,Catrina.Kellby@dummymail.com,police officer
465,Myrtice,Candy,Myrtice.Candy@dummymail.com,Myrtice.Candy@dummymail.com,worker
466,Yolane,Rudolph,Yolane.Rudolph@dummymail.com,Yolane.Rudolph@dummymail.com,worker
467,Starla,Sharl,Starla.Sharl@dummymail.com,Starla.Sharl@dummymail.com,developer
468,Emma,Wooster,Emma.Wooster@dummymail.com,Emma.Wooster@dummymail.com,doctor
469,Livvyy,Phyllis,Livvyy.Phyllis@dummymail.com,Livvyy.Phyllis@dummymail.com,worker
470,Rosanne,Dorine,Rosanne.Dorine@dummymail.com,Rosanne.Dorine@dummymail.com,firefighter
471,Fanny,Roarke,Fanny.Roarke@dummymail.com,Fanny.Roarke@dummymail.com,doctor
472,Mallory,Bennie,Mallory.Bennie@dummymail.com,Mallory.Bennie@dummymail.com,worker
473,Taffy,Docilla,Taffy.Docilla@dummymail.com,Taffy.Docilla@dummymail.com,developer
474,Amelia,Eliathas,Amelia.Eliathas@dummymail.com,Amelia.Eliathas@dummymail.com,police officer
475,Tani,Zachary,Tani.Zachary@dummymail.com,Tani.Zachary@dummymail.com,developer
476,Bee,Fennessy,Bee.Fennessy@dummymail.com,Bee.Fennessy@dummymail.com,doctor
477,Cathyleen,Dudley,Cathyleen.Dudley@dummymail.com,Cathyleen.Dudley@dummymail.com,police officer
478,Hermione,Brady,Hermione.Brady@dummymail.com,Hermione.Brady@dummymail.com,worker
479,Kate,Anastatius,Kate.Anastatius@dummymail.com,Kate.Anastatius@dummymail.com,police officer
480,Ethel,Angelis,Ethel.Angelis@dummymail.com,Ethel.Angelis@dummymail.com,doctor
481,Trixi,Bach,Trixi.Bach@dummymail.com,Trixi.Bach@dummymail.com,doctor
482,Chastity,Norrie,Chastity.Norrie@dummymail.com,Chastity.Norrie@dummymail.com,firefighter
483,Arlina,Christal,Arlina.Christal@dummymail.com,Arlina.Christal@dummymail.com,worker
484,Nickie,Hirsch,Nickie.Hirsch@dummymail.com,Nickie.Hirsch@dummymail.com,firefighter
485,Leanna,Bohlin,Leanna.Bohlin@dummymail.com,Leanna.Bohlin@dummymail.com,police officer
486,Roz,Verger,Roz.Verger@dummymail.com,Roz.Verger@dummymail.com,developer
487,Wanda,Garrison,Wanda.Garrison@dummymail.com,Wanda.Garrison@dummymail.com,police officer
488,Lacie,Miru,Lacie.Miru@dummymail.com,Lacie.Miru@dummymail.com,police officer
489,Janenna,Milson,Janenna.Milson@dummymail.com,Janenna.Milson@dummymail.com,developer
490,Cordi,Minetta,Cordi.Minetta@dummymail.com,Cordi.Minetta@dummymail.com,doctor
491,Lonnie,Desai,Lonnie.Desai@dummymail.com,Lonnie.Desai@dummymail.com,developer
492,Roslyn,Douglass,Roslyn.Douglass@dummymail.com,Roslyn.Douglass@dummymail.com,developer
493,Bibby,Hanshaw,Bibby.Hanshaw@dummymail.com,Bibby.Hanshaw@dummymail.com,developer
494,Alia,Jagir,Alia.Jagir@dummymail.com,Alia.Jagir@dummymail.com,firefighter
495,Linzy,Torray,Linzy.Torray@dummymail.com,Linzy.Torray@dummymail.com,doctor
496,Ketti,Baptlsta,Ketti.Baptlsta@dummymail.com,Ketti.Baptlsta@dummymail.com,worker
497,Drucie,Haldas,Drucie.Haldas@dummymail.com,Drucie.Haldas@dummymail.com,doctor
498,Vonny,Carolin,Vonny.Carolin@dummymail.com,Vonny.Carolin@dummymail.com,worker
499,Jolyn,Plato,Jolyn.Plato@dummymail.com,Jolyn.Plato@dummymail.com,worker
500,Charlena,Pandolfi,Charlena.Pandolfi@dummymail.com,Charlena.Pandolfi@dummymail.com,worker
501,Blake,Penelopa,Blake.Penelopa@dummymail.com,Blake.Penelopa@dummymail.com,police officer
502,Tiffie,Pascia,Tiffie.Pascia@dummymail.com,Tiffie.Pascia@dummymail.com,police officer
503,Roxane,Wilona,Roxane.Wilona@dummymail.com,Roxane.Wilona@dummymail.com,police officer
504,Rivalee,Gaspard,Rivalee.Gaspard@dummymail.com,Rivalee.Gaspard@dummymail.com,worker
505,Farrah,Iaverne,Farrah.Iaverne@dummymail.com,Farrah.Iaverne@dummymail.com,developer
506,Eve,Baptlsta,Eve.Baptlsta@dummymail.com,Eve.Baptlsta@dummymail.com,worker
507,Shannah,Jarib,Shannah.Jarib@dummymail.com,Shannah.Jarib@dummymail.com,developer
508,Alleen,Gillan,Alleen.Gillan@dummymail.com,Alleen.Gillan@dummymail.com,developer
509,Kial,Gherardo,Kial.Gherardo@dummymail.com,Kial.Gherardo@dummymail.com,firefighter
510,Gretal,Sisile,Gretal.Sisile@dummymail.com,Gretal.Sisile@dummymail.com,firefighter
511,Mahalia,Angelis,Mahalia.Angelis@dummymail.com,Mahalia.Angelis@dummymail.com,doctor
512,Lily,Shanley,Lily.Shanley@dummymail.com,Lily.Shanley@dummymail.com,developer
513,Dorthy,Atcliffe,Dorthy.Atcliffe@dummymail.com,Dorthy.Atcliffe@dummymail.com,developer
514,Kittie,Dyche,Kittie.Dyche@dummymail.com,Kittie.Dyche@dummymail.com,firefighter
515,Mariele,Redmond,Mariele.Redmond@dummymail.com,Mariele.Redmond@dummymail.com,doctor
516,Ginnie,Shields,Ginnie.Shields@dummymail.com,Ginnie.Shields@dummymail.com,developer
517,Max,Nedrud,Max.Nedrud@dummymail.com,Max.Nedrud@dummymail.com,doctor
518,Constance,Corilla,Constance.Corilla@dummymail.com,Constance.Corilla@dummymail.com,police officer
519,Gerrie,Henrie,Gerrie.Henrie@dummymail.com,Gerrie.Henrie@dummymail.com,doctor
520,Michaelina,Ulphia,Michaelina.Ulphia@dummymail.com,Michaelina.Ulphia@dummymail.com,worker
521,Magdalena,Blisse,Magdalena.Blisse@dummymail.com,Magdalena.Blisse@dummymail.com,worker
522,Selma,Grosz,Selma.Grosz@dummymail.com,Selma.Grosz@dummymail.com,firefighter
523,Celisse,Teryn,Celisse.Teryn@dummymail.com,Celisse.Teryn@dummymail.com,police officer
524,Cordi,Rosalba,Cordi.Rosalba@dummymail.com,Cordi.Rosalba@dummymail.com,police officer
525,Letizia,Rona,Letizia.Rona@dummymail.com,Letizia.Rona@dummymail.com,doctor
526,Valera,Argus,Valera.Argus@dummymail.com,Valera.Argus@dummymail.com,firefighter
527,Angelique,Kenwood,Angelique.Kenwood@dummymail.com,Angelique.Kenwood@dummymail.com,worker
528,Larine,Kosey,Larine.Kosey@dummymail.com,Larine.Kosey@dummymail.com,police officer
529,Margette,Shuler,Margette.Shuler@dummymail.com,Margette.Shuler@dummymail.com,police officer
530,Roseline,Ummersen,Roseline.Ummersen@dummymail.com,Roseline.Ummersen@dummymail.com,firefighter
531,Joeann,Fairweather,Joeann.Fairweather@dummymail.com,Joeann.Fairweather@dummymail.com,firefighter
532,Dagmar,Anderea,Dagmar.Anderea@dummymail.com,Dagmar.Anderea@dummymail.com,firefighter
533,Helsa,Randene,Helsa.Randene@dummymail.com,Helsa.Randene@dummymail.com,developer
534,Cam,Weinreb,Cam.Weinreb@dummymail.com,Cam.Weinreb@dummymail.com,worker
535,Isa,Lamoree,Isa.Lamoree@dummymail.com,Isa.Lamoree@dummymail.com,police officer
536,Pollyanna,Elvyn,Pollyanna.Elvyn@dummymail.com,Pollyanna.Elvyn@dummymail.com,police officer
537,Keelia,Merat,Keelia.Merat@dummymail.com,Keelia.Merat@dummymail.com,developer
538,Sarette,Jacobah,Sarette.Jacobah@dummymail.com,Sarette.Jacobah@dummymail.com,doctor
539,Dode,Hertzfeld,Dode.Hertzfeld@dummymail.com,Dode.Hertzfeld@dummymail.com,firefighter
540,Caryl,Wind,Caryl.Wind@dummymail.com,Caryl.Wind@dummymail.com,doctor
541,Ariela,Stanwood,Ariela.Stanwood@dummymail.com,Ariela.Stanwood@dummymail.com,developer
542,Cordi,Uird,Cordi.Uird@dummymail.com,Cordi.Uird@dummymail.com,doctor
543,Roberta,Georgy,Roberta.Georgy@dummymail.com,Roberta.Georgy@dummymail.com,developer
544,Jerry,Amethist,Jerry.Amethist@dummymail.com,Jerry.Amethist@dummymail.com,police officer
545,Melisent,Madaih,Melisent.Madaih@dummymail.com,Melisent.Madaih@dummymail.com,firefighter
546,Chandra,Saree,Chandra.Saree@dummymail.com,Chandra.Saree@dummymail.com,developer
547,Genovera,McCutcheon,Genovera.McCutcheon@dummymail.com,Genovera.McCutcheon@dummymail.com,worker
548,Donnie,Hoenack,Donnie.Hoenack@dummymail.com,Donnie.Hoenack@dummymail.com,worker
549,Mariann,Garek,Mariann.Garek@dummymail.com,Mariann.Garek@dummymail.com,firefighter
550,Yolane,Marsden,Yolane.Marsden@dummymail.com,Yolane.Marsden@dummymail.com,worker
551,Nessie,Christine,Nessie.Christine@dummymail.com,Nessie.Christine@dummymail.com,doctor
552,Tarra,Tippets,Tarra.Tippets@dummymail.com,Tarra.Tippets@dummymail.com,police officer
553,Shandie,Raseda,Shandie.Raseda@dummymail.com,Shandie.Raseda@dummymail.com,firefighter
554,Cyb,Love,Cyb.Love@dummymail.com,Cyb.Love@dummymail.com,firefighter
555,Perry,Ciapas,Perry.Ciapas@dummymail.com,Perry.Ciapas@dummymail.com,developer
556,Louella,Westphal,Louella.Westphal@dummymail.com,Louella.Westphal@dummymail.com,worker
557,Mariele,Sholley,Mariele.Sholley@dummymail.com,Mariele.Sholley@dummymail.com,firefighter
558,Tarra,Monaco,Tarra.Monaco@dummymail.com,Tarra.Monaco@dummymail.com,doctor
559,Dania,Skell,Dania.Skell@dummymail.com,Dania.Skell@dummymail.com,developer
560,Viki,Geffner,Viki.Geffner@dummymail.com,Viki.Geffner@dummymail.com,worker
561,Vita,Stacy,Vita.Stacy@dummymail.com,Vita.Stacy@dummymail.com,developer
562,Wilma,Guildroy,Wilma.Guildroy@dummymail.com,Wilma.Guildroy@dummymail.com,police officer
563,Lynde,Kosey,Lynde.Kosey@dummymail.com,Lynde.Kosey@dummymail.com,developer
564,Adele,Rheingold,Adele.Rheingold@dummymail.com,Adele.Rheingold@dummymail.com,developer
565,Sarette,Milde,Sarette.Milde@dummymail.com,Sarette.Milde@dummymail.com,worker
566,Heddie,Aprile,Heddie.Aprile@dummymail.com,Heddie.Aprile@dummymail.com,doctor
567,Margarette,Therine,Margarette.Therine@dummymail.com,Margarette.Therine@dummymail.com,worker
568,Marjie,Drisko,Marjie.Drisko@dummymail.com,Marjie.Drisko@dummymail.com,developer
569,Myrtice,Posner,Myrtice.Posner@dummymail.com,Myrtice.Posner@dummymail.com,firefighter
570,Dorothy,Chabot,Dorothy.Chabot@dummymail.com,Dorothy.Chabot@dummymail.com,police officer
571,Therine,Lacombe,Therine.Lacombe@dummymail.com,Therine.Lacombe@dummymail.com,doctor
572,Kate,Annabella,Kate.Annabella@dummymail.com,Kate.Annabella@dummymail.com,developer
573,Maisey,Chandler,Maisey.Chandler@dummymail.com,Maisey.Chandler@dummymail.com,firefighter
574,Leeanne,Boycey,Leeanne.Boycey@dummymail.com,Leeanne.Boycey@dummymail.com,developer
575,Renae,Roxanna,Renae.Roxanna@dummymail.com,Renae.Roxanna@dummymail.com,worker
576,Hayley,Seagraves,Hayley.Seagraves@dummymail.com,Hayley.Seagraves@dummymail.com,developer
577,Margette,Justinn,Margette.Justinn@dummymail.com,Margette.Justinn@dummymail.com,developer
578,Albertina,Ulphia,Albertina.Ulphia@dummymail.com,Albertina.Ulphia@dummymail.com,police officer
579,Demetris,Eldrid,Demetris.Eldrid@dummymail.com,Demetris.Eldrid@dummymail.com,firefighter
580,Justinn,Goerke,Justinn.Goerke@dummymail.com,Justinn.Goerke@dummymail.com,developer
581,Hayley,Bartlett,Hayley.Bartlett@dummymail.com,Hayley.Bartlett@dummymail.com,doctor
582,Eadie,Hewitt,Eadie.Hewitt@dummymail.com,Eadie.Hewitt@dummymail.com,firefighter
583,Joeann,Dalli,Joeann.Dalli@dummymail.com,Joeann.Dalli@dummymail.com,police officer
584,Lucy,Johanna,Lucy.Johanna@dummymail.com,Lucy.Johanna@dummymail.com,worker
585,Mellicent,Viddah,Mellicent.Viddah@dummymail.com,Mellicent.Viddah@dummymail.com,doctor
586,Adelle,Quent,Adelle.Quent@dummymail.com,Adelle.Quent@dummymail.com,developer
587,Darlleen,Madelene,Darlleen.Madelene@dummymail.com,Darlleen.Madelene@dummymail.com,firefighter
588,Merle,Gaal,Merle.Gaal@dummymail.com,Merle.Gaal@dummymail.com,police officer
589,Kellen,Maurine,Kellen.Maurine@dummymail.com,Kellen.Maurine@dummymail.com,police officer
590,Carly,Bashemeth,Carly.Bashemeth@dummymail.com,Carly.Bashemeth@dummymail.com,police officer
591,Stevana,Marisa,Stevana.Marisa@dummymail.com,Stevana.Marisa@dummymail.com,worker
592,Chrystel,Isidore,Chrystel.Isidore@dummymail.com,Chrystel.Isidore@dummymail.com,worker
593,Viki,Center,Viki.Center@dummymail.com,Viki.Center@dummymail.com,firefighter
594,Alex,Trace,Alex.Trace@dummymail.com,Alex.Trace@dummymail.com,developer
595,Almeta,Dom,Almeta.Dom@dummymail.com,Almeta.Dom@dummymail.com,police officer
596,Lacie,Anton,Lacie.Anton@dummymail.com,Lacie.Anton@dummymail.com,worker
597,Caritta,Junie,Caritta.Junie@dummymail.com,Caritta.Junie@dummymail.com,firefighter
598,Emelina,Emmy,Emelina.Emmy@dummymail.com,Emelina.Emmy@dummymail.com,doctor
599,Andree,Olnee,Andree.Olnee@dummymail.com,Andree.Olnee@dummymail.com,doctor
600,Mignon,Philipp,Mignon.Philipp@dummymail.com,Mignon.Philipp@dummymail.com,firefighter
601,Sam,Henrie,Sam.Henrie@dummymail.com,Sam.Henrie@dummymail.com,developer
602,Ethel,Hewitt,Ethel.Hewitt@dummymail.com,Ethel.Hewitt@dummymail.com,doctor
603,Korrie,Ietta,Korrie.Ietta@dummymail.com,Korrie.Ietta@dummymail.com,worker
604,Tarra,Morehouse,Tarra.Morehouse@dummymail.com,Tarra.Morehouse@dummymail.com,doctor
605,Cassondra,Graig,Cassondra.Graig@dummymail.com,Cassondra.Graig@dummymail.com,developer
606,Brianna,Cimbura,Brianna.Cimbura@dummymail.com,Brianna.Cimbura@dummymail.com,doctor
607,Sybille,Hedve,Sybille.Hedve@dummymail.com,Sybille.Hedve@dummymail.com,doctor
608,Melanie,Eckblad,Melanie.Eckblad@dummymail.com,Melanie.Eckblad@dummymail.com,firefighter
609,Maurene,Drus,Maurene.Drus@dummymail.com,Maurene.Drus@dummymail.com,developer
610,Roberta,Pernick,Roberta.Pernick@dummymail.com,Roberta.Pernick@dummymail.com,doctor
611,Lisette,Pozzy,Lisette.Pozzy@dummymail.com,Lisette.Pozzy@dummymail.com,police officer
612,Cassandra,Lumbard,Cassandra.Lumbard@dummymail.com,Cassandra.Lumbard@dummymail.com,worker
613,Sissy,Nester,Sissy.Nester@dummymail.com,Sissy.Nester@dummymail.com,doctor
614,Jordan,Vanni,Jordan.Vanni@dummymail.com,Jordan.Vanni@dummymail.com,doctor
615,Leia,Lalitta,Leia.Lalitta@dummymail.com,Leia.Lalitta@dummymail.com,developer
616,Chandra,Rosalba,Chandra.Rosalba@dummymail.com,Chandra.Rosalba@dummymail.com,developer
617,Kary,Cath,Kary.Cath@dummymail.com,Kary.Cath@dummymail.com,police officer
618,Emylee,Bari,Emylee.Bari@dummymail.com,Emylee.Bari@dummymail.com,worker
619,Isa,Vary,Isa.Vary@dummymail.com,Isa.Vary@dummymail.com,firefighter
620,Vevay,Hedve,Vevay.Hedve@dummymail.com,Vevay.Hedve@dummymail.com,developer
621,Nyssa,Adlare,Nyssa.Adlare@dummymail.com,Nyssa.Adlare@dummymail.com,developer
622,Vanessa,Janene,Vanessa.Janene@dummymail.com,Vanessa.Janene@dummymail.com,developer
623,Raina,McAdams,Raina.McAdams@dummymail.com,Raina.McAdams@dummymail.com,police officer
624,Winny,Roxanna,Winny.Roxanna@dummymail.com,Winny.Roxanna@dummymail.com,firefighter
625,Leeanne,Ummersen,Leeanne.Ummersen@dummymail.com,Leeanne.Ummersen@dummymail.com,developer
626,Jsandye,Matthew,Jsandye.Matthew@dummymail.com,Jsandye.Matthew@dummymail.com,worker
627,Ira,Cyrie,Ira.Cyrie@dummymail.com,Ira.Cyrie@dummymail.com,developer
628,Hyacinthe,Jacobah,Hyacinthe.Jacobah@dummymail.com,Hyacinthe.Jacobah@dummymail.com,worker
629,Bertine,Neva,Bertine.Neva@dummymail.com,Bertine.Neva@dummymail.com,police officer
630,Ketti,Stilwell,Ketti.Stilwell@dummymail.com,Ketti.Stilwell@dummymail.com,firefighter
631,Marjie,Edison,Marjie.Edison@dummymail.com,Marjie.Edison@dummymail.com,firefighter
632,Deane,McGrody,Deane.McGrody@dummymail.com,Deane.McGrody@dummymail.com,doctor
633,Sashenka,Lattie,Sashenka.Lattie@dummymail.com,Sashenka.Lattie@dummymail.com,developer
634,Jackie,Kimmie,Jackie.Kimmie@dummymail.com,Jackie.Kimmie@dummymail.com,firefighter
635,Anthia,Janene,Anthia.Janene@dummymail.com,Anthia.Janene@dummymail.com,worker
636,Deane,Berard,Deane.Berard@dummymail.com,Deane.Berard@dummymail.com,doctor
637,Nadine,Wooster,Nadine.Wooster@dummymail.com,Nadine.Wooster@dummymail.com,police officer
638,Lindie,Joachim,Lindie.Joachim@dummymail.com,Lindie.Joachim@dummymail.com,worker
639,Ardys,Bluh,Ardys.Bluh@dummymail.com,Ardys.Bluh@dummymail.com,worker
640,Amii,Barbey,Amii.Barbey@dummymail.com,Amii.Barbey@dummymail.com,developer
641,Kaia,Fontana,Kaia.Fontana@dummymail.com,Kaia.Fontana@dummymail.com,developer
642,Fina,Rheingold,Fina.Rheingold@dummymail.com,Fina.Rheingold@dummymail.com,doctor
643,Emylee,Mott,Emylee.Mott@dummymail.com,Emylee.Mott@dummymail.com,police officer
644,Juliane,Woodberry,Juliane.Woodberry@dummymail.com,Juliane.Woodberry@dummymail.com,developer
645,Phedra,Fiester,Phedra.Fiester@dummymail.com,Phedra.Fiester@dummymail.com,worker
646,Leia,Mathilde,Leia.Mathilde@dummymail.com,Leia.Mathilde@dummymail.com,worker
647,Carmela,Marden,Carmela.Marden@dummymail.com,Carmela.Marden@dummymail.com,doctor
648,Raf,Danby,Raf.Danby@dummymail.com,Raf.Danby@dummymail.com,firefighter
649,Rosene,Lay,Rosene.Lay@dummymail.com,Rosene.Lay@dummymail.com,doctor
650,Luci,Suanne,Luci.Suanne@dummymail.com,Luci.Suanne@dummymail.com,developer
651,Sadie,Jotham,Sadie.Jotham@dummymail.com,Sadie.Jotham@dummymail.com,worker
652,Winifred,Callista,Winifred.Callista@dummymail.com,Winifred.Callista@dummymail.com,police officer
653,Sonni,Astra,Sonni.Astra@dummymail.com,Sonni.Astra@dummymail.com,worker
654,Amelia,Weaks,Amelia.Weaks@dummymail.com,Amelia.Weaks@dummymail.com,doctor
655,Sybille,Kellby,Sybille.Kellby@dummymail.com,Sybille.Kellby@dummymail.com,doctor
656,Cordi,Atonsah,Cordi.Atonsah@dummymail.com,Cordi.Atonsah@dummymail.com,doctor
657,Bee,Aida,Bee.Aida@dummymail.com,Bee.Aida@dummymail.com,developer
658,Gerianna,Sasnett,Gerianna.Sasnett@dummymail.com,Gerianna.Sasnett@dummymail.com,firefighter
659,Steffane,Jacinda,Steffane.Jacinda@dummymail.com,Steffane.Jacinda@dummymail.com,worker
660,Nariko,Mathilde,Nariko.Mathilde@dummymail.com,Nariko.Mathilde@dummymail.com,developer
661,Dianemarie,McCutcheon,Dianemarie.McCutcheon@dummymail.com,Dianemarie.McCutcheon@dummymail.com,worker
662,Ada,Rogerio,Ada.Rogerio@dummymail.com,Ada.Rogerio@dummymail.com,worker
663,Kelly,Eno,Kelly.Eno@dummymail.com,Kelly.Eno@dummymail.com,firefighter
664,Ekaterina,Gombach,Ekaterina.Gombach@dummymail.com,Ekaterina.Gombach@dummymail.com,police officer
665,Corina,Kussell,Corina.Kussell@dummymail.com,Corina.Kussell@dummymail.com,firefighter
666,Joane,Ehrman,Joane.Ehrman@dummymail.com,Joane.Ehrman@dummymail.com,firefighter
667,Marcelline,Ovid,Marcelline.Ovid@dummymail.com,Marcelline.Ovid@dummymail.com,doctor
668,Annabela,Joni,Annabela.Joni@dummymail.com,Annabela.Joni@dummymail.com,doctor
669,Beatriz,Sherfield,Beatriz.Sherfield@dummymail.com,Beatriz.Sherfield@dummymail.com,developer
670,Melina,Fillbert,Melina.Fillbert@dummymail.com,Melina.Fillbert@dummymail.com,firefighter
671,Carolina,Franza,Carolina.Franza@dummymail.com,Carolina.Franza@dummymail.com,firefighter
672,Sandie,Sallyann,Sandie.Sallyann@dummymail.com,Sandie.Sallyann@dummymail.com,worker
673,Pollyanna,Allys,Pollyanna.Allys@dummymail.com,Pollyanna.Allys@dummymail.com,developer
674,Cherilyn,Brady,Cherilyn.Brady@dummymail.com,Cherilyn.Brady@dummymail.com,doctor
675,Susan,Persse,Susan.Persse@dummymail.com,Susan.Persse@dummymail.com,firefighter
676,Cordi,Chabot,Cordi.Chabot@dummymail.com,Cordi.Chabot@dummymail.com,worker
677,Ada,Heidt,Ada.Heidt@dummymail.com,Ada.Heidt@dummymail.com,worker
678,Elyssa,Dosia,Elyssa.Dosia@dummymail.com,Elyssa.Dosia@dummymail.com,developer
679,Frances,Germann,Frances.Germann@dummymail.com,Frances.Germann@dummymail.com,doctor
680,Susette,Primalia,Susette.Primalia@dummymail.com,Susette.Primalia@dummymail.com,developer
681,Oralee,Olin,Oralee.Olin@dummymail.com,Oralee.Olin@dummymail.com,doctor
682,Genevra,Edee,Genevra.Edee@dummymail.com,Genevra.Edee@dummymail.com,firefighter
683,Maye,Schonfeld,Maye.Schonfeld@dummymail.com,Maye.Schonfeld@dummymail.com,developer
684,Chrystel,Corilla,Chrystel.Corilla@dummymail.com,Chrystel.Corilla@dummymail.com,firefighter
685,Cacilie,Jagir,Cacilie.Jagir@dummymail.com,Cacilie.Jagir@dummymail.com,worker
686,Madeleine,Saunderson,Madeleine.Saunderson@dummymail.com,Madeleine.Saunderson@dummymail.com,police officer
687,Lorne,Quent,Lorne.Quent@dummymail.com,Lorne.Quent@dummymail.com,worker
688,Doro,Jammal,Doro.Jammal@dummymail.com,Doro.Jammal@dummymail.com,developer
689,Edith,Chauncey,Edith.Chauncey@dummymail.com,Edith.Chauncey@dummymail.com,worker
690,Genevra,Atonsah,Genevra.Atonsah@dummymail.com,Genevra.Atonsah@dummymail.com,doctor
691,Gui,Prouty,Gui.Prouty@dummymail.com,Gui.Prouty@dummymail.com,developer
692,Verla,Ilka,Verla.Ilka@dummymail.com,Verla.Ilka@dummymail.com,doctor
693,Chloris,Bibi,Chloris.Bibi@dummymail.com,Chloris.Bibi@dummymail.com,developer
694,Blondelle,Devlen,Blondelle.Devlen@dummymail.com,Blondelle.Devlen@dummymail.com,doctor
695,Darci,Morgun,Darci.Morgun@dummymail.com,Darci.Morgun@dummymail.com,developer
696,Kathy,Wenda,Kathy.Wenda@dummymail.com,Kathy.Wenda@dummymail.com,worker
697,Starla,Douglass,Starla.Douglass@dummymail.com,Starla.Douglass@dummymail.com,firefighter
698,Christal,Odysseus,Christal.Odysseus@dummymail.com,Christal.Odysseus@dummymail.com,police officer
699,Rochette,Teryn,Rochette.Teryn@dummymail.com,Rochette.Teryn@dummymail.com,developer
700,Tobe,Wu,Tobe.Wu@dummymail.com,Tobe.Wu@dummymail.com,worker
701,Pollyanna,Gino,Pollyanna.Gino@dummymail.com,Pollyanna.Gino@dummymail.com,doctor
702,Dawn,Girardo,Dawn.Girardo@dummymail.com,Dawn.Girardo@dummymail.com,developer
703,Esmeralda,Reidar,Esmeralda.Reidar@dummymail.com,Esmeralda.Reidar@dummymail.com,doctor
704,Lucy,Yate,Lucy.Yate@dummymail.com,Lucy.Yate@dummymail.com,police officer
705,Candi,Lipson,Candi.Lipson@dummymail.com,Candi.Lipson@dummymail.com,police officer
706,Britte,Redmond,Britte.Redmond@dummymail.com,Britte.Redmond@dummymail.com,firefighter
707,Codie,Ranjiv,Codie.Ranjiv@dummymail.com,Codie.Ranjiv@dummymail.com,firefighter
708,Winifred,Alrich,Winifred.Alrich@dummymail.com,Winifred.Alrich@dummymail.com,doctor
709,Shel,Cutlerr,Shel.Cutlerr@dummymail.com,Shel.Cutlerr@dummymail.com,police officer
710,Violet,Celestine,Violet.Celestine@dummymail.com,Violet.Celestine@dummymail.com,worker
711,Alameda,Ax,Alameda.Ax@dummymail.com,Alameda.Ax@dummymail.com,firefighter
712,Brooks,Aloise,Brooks.Aloise@dummymail.com,Brooks.Aloise@dummymail.com,developer
713,Alameda,Martguerita,Alameda.Martguerita@dummymail.com,Alameda.Martguerita@dummymail.com,police officer
714,Layla,Pitt,Layla.Pitt@dummymail.com,Layla.Pitt@dummymail.com,developer
715,Sherrie,Sekofski,Sherrie.Sekofski@dummymail.com,Sherrie.Sekofski@dummymail.com,developer
716,Brandise,Manolo,Brandise.Manolo@dummymail.com,Brandise.Manolo@dummymail.com,worker
717,Edith,Berne,Edith.Berne@dummymail.com,Edith.Berne@dummymail.com,developer
718,Minda,Ruvolo,Minda.Ruvolo@dummymail.com,Minda.Ruvolo@dummymail.com,developer
719,Priscilla,Ciro,Priscilla.Ciro@dummymail.com,Priscilla.Ciro@dummymail.com,doctor
720,Keelia,Gregrory,Keelia.Gregrory@dummymail.com,Keelia.Gregrory@dummymail.com,firefighter
721,Viki,Rubie,Viki.Rubie@dummymail.com,Viki.Rubie@dummymail.com,police officer
722,Randa,Urias,Randa.Urias@dummymail.com,Randa.Urias@dummymail.com,worker
723,Mara,Holbrook,Mara.Holbrook@dummymail.com,Mara.Holbrook@dummymail.com,firefighter
724,Goldie,Cleavland,Goldie.Cleavland@dummymail.com,Goldie.Cleavland@dummymail.com,worker
725,Ilse,Warthman,Ilse.Warthman@dummymail.com,Ilse.Warthman@dummymail.com,doctor
726,Sharlene,Garlinda,Sharlene.Garlinda@dummymail.com,Sharlene.Garlinda@dummymail.com,worker
727,Roseline,Wareing,Roseline.Wareing@dummymail.com,Roseline.Wareing@dummymail.com,police officer
728,Pearline,Teddman,Pearline.Teddman@dummymail.com,Pearline.Teddman@dummymail.com,firefighter
729,Natka,Fiann,Natka.Fiann@dummymail.com,Natka.Fiann@dummymail.com,police officer
730,Lyssa,Corilla,Lyssa.Corilla@dummymail.com,Lyssa.Corilla@dummymail.com,doctor
731,Cristine,Bergman,Cristine.Bergman@dummymail.com,Cristine.Bergman@dummymail.com,police officer
732,Demetris,Shirberg,Demetris.Shirberg@dummymail.com,Demetris.Shirberg@dummymail.com,developer
733,Janenna,Strephon,Janenna.Strephon@dummymail.com,Janenna.Strephon@dummymail.com,developer
734,Yvonne,Lasley,Yvonne.Lasley@dummymail.com,Yvonne.Lasley@dummymail.com,worker
735,Correy,Ricarda,Correy.Ricarda@dummymail.com,Correy.Ricarda@dummymail.com,worker
736,Sindee,Astra,Sindee.Astra@dummymail.com,Sindee.Astra@dummymail.com,worker
737,Agnese,Lorenz,Agnese.Lorenz@dummymail.com,Agnese.Lorenz@dummymail.com,firefighter
738,Reeba,Vale,Reeba.Vale@dummymail.com,Reeba.Vale@dummymail.com,doctor
739,Annora,Neils,Annora.Neils@dummymail.com,Annora.Neils@dummymail.com,developer
740,Orsola,Neva,Orsola.Neva@dummymail.com,Orsola.Neva@dummymail.com,developer
741,Antonietta,Jenness,Antonietta.Jenness@dummymail.com,Antonietta.Jenness@dummymail.com,developer
742,Cristabel,Dalli,Cristabel.Dalli@dummymail.com,Cristabel.Dalli@dummymail.com,doctor
743,Shannah,Nikaniki,Shannah.Nikaniki@dummymail.com,Shannah.Nikaniki@dummymail.com,developer
744,Valli,Revkah,Valli.Revkah@dummymail.com,Valli.Revkah@dummymail.com,firefighter
745,Farrah,Ackerley,Farrah.Ackerley@dummymail.com,Farrah.Ackerley@dummymail.com,worker
746,Beth,Garbe,Beth.Garbe@dummymail.com,Beth.Garbe@dummymail.com,doctor
747,Raquela,Naor,Raquela.Naor@dummymail.com,Raquela.Naor@dummymail.com,doctor
748,Bernie,Gino,Bernie.Gino@dummymail.com,Bernie.Gino@dummymail.com,doctor
749,Celisse,Francene,Celisse.Francene@dummymail.com,Celisse.Francene@dummymail.com,police officer
750,Ethel,Zitvaa,Ethel.Zitvaa@dummymail.com,Ethel.Zitvaa@dummymail.com,doctor
751,Jennica,Fairweather,Jennica.Fairweather@dummymail.com,Jennica.Fairweather@dummymail.com,firefighter
752,Cherrita,Bartlett,Cherrita.Bartlett@dummymail.com,Cherrita.Bartlett@dummymail.com,firefighter
753,Sissy,Graig,Sissy.Graig@dummymail.com,Sissy.Graig@dummymail.com,police officer
754,Katleen,Wooster,Katleen.Wooster@dummymail.com,Katleen.Wooster@dummymail.com,firefighter
755,Vonny,Dimitris,Vonny.Dimitris@dummymail.com,Vonny.Dimitris@dummymail.com,police officer
756,Cherrita,Dom,Cherrita.Dom@dummymail.com,Cherrita.Dom@dummymail.com,developer
757,Tobe,Manolo,Tobe.Manolo@dummymail.com,Tobe.Manolo@dummymail.com,firefighter
758,Sonni,Oriana,Sonni.Oriana@dummymail.com,Sonni.Oriana@dummymail.com,developer
759,Ricky,Danby,Ricky.Danby@dummymail.com,Ricky.Danby@dummymail.com,firefighter
760,Maisey,Payson,Maisey.Payson@dummymail.com,Maisey.Payson@dummymail.com,police officer
761,Corina,Germann,Corina.Germann@dummymail.com,Corina.Germann@dummymail.com,developer
762,Latisha,Daniele,Latisha.Daniele@dummymail.com,Latisha.Daniele@dummymail.com,firefighter
763,Ronna,Bearnard,Ronna.Bearnard@dummymail.com,Ronna.Bearnard@dummymail.com,worker
764,Cindelyn,Dash,Cindelyn.Dash@dummymail.com,Cindelyn.Dash@dummymail.com,worker
765,Pollyanna,Fosque,Pollyanna.Fosque@dummymail.com,Pollyanna.Fosque@dummymail.com,worker
766,Estell,Kravits,Estell.Kravits@dummymail.com,Estell.Kravits@dummymail.com,worker
767,Meriel,Xerxes,Meriel.Xerxes@dummymail.com,Meriel.Xerxes@dummymail.com,firefighter
768,Bertine,Melleta,Bertine.Melleta@dummymail.com,Bertine.Melleta@dummymail.com,police officer
769,Clarice,Clie,Clarice.Clie@dummymail.com,Clarice.Clie@dummymail.com,doctor
770,Caressa,Riordan,Caressa.Riordan@dummymail.com,Caressa.Riordan@dummymail.com,firefighter
771,Gavrielle,Lorain,Gavrielle.Lorain@dummymail.com,Gavrielle.Lorain@dummymail.com,developer
772,Penelopa,Constancy,Penelopa.Constancy@dummymail.com,Penelopa.Constancy@dummymail.com,doctor
773,Peri,Johnsson,Peri.Johnsson@dummymail.com,Peri.Johnsson@dummymail.com,firefighter
774,Nerta,Emmy,Nerta.Emmy@dummymail.com,Nerta.Emmy@dummymail.com,developer
775,Rosaline,Nisbet,Rosaline.Nisbet@dummymail.com,Rosaline.Nisbet@dummymail.com,police officer
776,Meg,Darbie,Meg.Darbie@dummymail.com,Meg.Darbie@dummymail.com,worker
777,Kathi,Alfons,Kathi.Alfons@dummymail.com,Kathi.Alfons@dummymail.com,doctor
778,Daune,Modie,Daune.Modie@dummymail.com,Daune.Modie@dummymail.com,police officer
779,Oralee,Dunkin,Oralee.Dunkin@dummymail.com,Oralee.Dunkin@dummymail.com,developer
780,Eadie,Ulphia,Eadie.Ulphia@dummymail.com,Eadie.Ulphia@dummymail.com,firefighter
781,Marika,Flyn,Marika.Flyn@dummymail.com,Marika.Flyn@dummymail.com,firefighter
782,Eve,Campball,Eve.Campball@dummymail.com,Eve.Campball@dummymail.com,developer
783,Jordan,McLaughlin,Jordan.McLaughlin@dummymail.com,Jordan.McLaughlin@dummymail.com,doctor
784,Harrietta,Infield,Harrietta.Infield@dummymail.com,Harrietta.Infield@dummymail.com,doctor
785,Clementine,Couture,Clementine.Couture@dummymail.com,Clementine.Couture@dummymail.com,firefighter
786,Kathy,Niles,Kathy.Niles@dummymail.com,Kathy.Niles@dummymail.com,firefighter
787,Harrietta,Maisey,Harrietta.Maisey@dummymail.com,Harrietta.Maisey@dummymail.com,firefighter
788,Karolina,Kathie,Karolina.Kathie@dummymail.com,Karolina.Kathie@dummymail.com,doctor
789,Chere,Bord,Chere.Bord@dummymail.com,Chere.Bord@dummymail.com,firefighter
790,Stevana,Uund,Stevana.Uund@dummymail.com,Stevana.Uund@dummymail.com,firefighter
791,Binny,Eno,Binny.Eno@dummymail.com,Binny.Eno@dummymail.com,developer
792,Adelle,Cherianne,Adelle.Cherianne@dummymail.com,Adelle.Cherianne@dummymail.com,doctor
793,Carlie,Khorma,Carlie.Khorma@dummymail.com,Carlie.Khorma@dummymail.com,police officer
794,Glynnis,My,Glynnis.My@dummymail.com,Glynnis.My@dummymail.com,worker
795,Shel,Maribeth,Shel.Maribeth@dummymail.com,Shel.Maribeth@dummymail.com,firefighter
796,Randa,Daegal,Randa.Daegal@dummymail.com,Randa.Daegal@dummymail.com,police officer
797,Joceline,Papageno,Joceline.Papageno@dummymail.com,Joceline.Papageno@dummymail.com,worker
798,Cacilie,Goldina,Cacilie.Goldina@dummymail.com,Cacilie.Goldina@dummymail.com,doctor
799,Katleen,Bertold,Katleen.Bertold@dummymail.com,Katleen.Bertold@dummymail.com,developer
800,Olwen,Ricarda,Olwen.Ricarda@dummymail.com,Olwen.Ricarda@dummymail.com,firefighter
801,Harrietta,Dosia,Harrietta.Dosia@dummymail.com,Harrietta.Dosia@dummymail.com,police officer
802,Beverley,Grosz,Beverley.Grosz@dummymail.com,Beverley.Grosz@dummymail.com,developer
803,Veda,Roche,Veda.Roche@dummymail.com,Veda.Roche@dummymail.com,police officer
804,Andree,O'Neill,Andree.O'Neill@dummymail.com,Andree.O'Neill@dummymail.com,firefighter
805,Jany,Matthew,Jany.Matthew@dummymail.com,Jany.Matthew@dummymail.com,police officer
806,Alexine,Posner,Alexine.Posner@dummymail.com,Alexine.Posner@dummymail.com,police officer
807,Deirdre,Delacourt,Deirdre.Delacourt@dummymail.com,Deirdre.Delacourt@dummymail.com,police officer
808,Marti,Melleta,Marti.Melleta@dummymail.com,Marti.Melleta@dummymail.com,firefighter
809,Fawne,Zaslow,Fawne.Zaslow@dummymail.com,Fawne.Zaslow@dummymail.com,worker
810,Minne,Yam,Minne.Yam@dummymail.com,Minne.Yam@dummymail.com,developer
811,Teddie,Bettine,Teddie.Bettine@dummymail.com,Teddie.Bettine@dummymail.com,doctor
812,Maisey,Harday,Maisey.Harday@dummymail.com,Maisey.Harday@dummymail.com,developer
813,Ezmeralda,Sperling,Ezmeralda.Sperling@dummymail.com,Ezmeralda.Sperling@dummymail.com,developer
814,Annabela,Dex,Annabela.Dex@dummymail.com,Annabela.Dex@dummymail.com,police officer
815,Pearline,Kazimir,Pearline.Kazimir@dummymail.com,Pearline.Kazimir@dummymail.com,worker
816,Gertrud,Mauer,Gertrud.Mauer@dummymail.com,Gertrud.Mauer@dummymail.com,doctor
817,Caritta,Madelene,Caritta.Madelene@dummymail.com,Caritta.Madelene@dummymail.com,doctor
818,Arlena,Jeanne,Arlena.Jeanne@dummymail.com,Arlena.Jeanne@dummymail.com,police officer
819,Anica,Marsden,Anica.Marsden@dummymail.com,Anica.Marsden@dummymail.com,firefighter
820,Tiffie,Gunn,Tiffie.Gunn@dummymail.com,Tiffie.Gunn@dummymail.com,doctor
821,Brana,Abbot,Brana.Abbot@dummymail.com,Brana.Abbot@dummymail.com,police officer
822,Aigneis,Rugen,Aigneis.Rugen@dummymail.com,Aigneis.Rugen@dummymail.com,firefighter
823,Kassey,Allina,Kassey.Allina@dummymail.com,Kassey.Allina@dummymail.com,doctor
824,Blondelle,Rogerio,Blondelle.Rogerio@dummymail.com,Blondelle.Rogerio@dummymail.com,police officer
825,Jolyn,Baptlsta,Jolyn.Baptlsta@dummymail.com,Jolyn.Baptlsta@dummymail.com,police officer
826,Babita,Blase,Babita.Blase@dummymail.com,Babita.Blase@dummymail.com,police officer
827,Fidelia,Lowry,Fidelia.Lowry@dummymail.com,Fidelia.Lowry@dummymail.com,doctor
828,Netty,Bates,Netty.Bates@dummymail.com,Netty.Bates@dummymail.com,police officer
829,Roxane,Sikorski,Roxane.Sikorski@dummymail.com,Roxane.Sikorski@dummymail.com,developer
830,Quintina,Arley,Quintina.Arley@dummymail.com,Quintina.Arley@dummymail.com,worker
831,Selma,Chick,Selma.Chick@dummymail.com,Selma.Chick@dummymail.com,worker
832,Nelle,Koziara,Nelle.Koziara@dummymail.com,Nelle.Koziara@dummymail.com,doctor
833,Heida,Hieronymus,Heida.Hieronymus@dummymail.com,Heida.Hieronymus@dummymail.com,worker
834,Ivett,Quinn,Ivett.Quinn@dummymail.com,Ivett.Quinn@dummymail.com,firefighter
835,Danika,Bultman,Danika.Bultman@dummymail.com,Danika.Bultman@dummymail.com,doctor
836,Tatiania,Schlosser,Tatiania.Schlosser@dummymail.com,Tatiania.Schlosser@dummymail.com,worker
837,Candi,Japeth,Candi.Japeth@dummymail.com,Candi.Japeth@dummymail.com,firefighter
838,Georgetta,Uund,Georgetta.Uund@dummymail.com,Georgetta.Uund@dummymail.com,police officer
839,Gusty,Libna,Gusty.Libna@dummymail.com,Gusty.Libna@dummymail.com,firefighter
840,Maryellen,Jerold,Maryellen.Jerold@dummymail.com,Maryellen.Jerold@dummymail.com,firefighter
841,Anthia,Gemini,Anthia.Gemini@dummymail.com,Anthia.Gemini@dummymail.com,firefighter
842,Etta,Serilda,Etta.Serilda@dummymail.com,Etta.Serilda@dummymail.com,doctor
843,Abbie,Tillford,Abbie.Tillford@dummymail.com,Abbie.Tillford@dummymail.com,worker
844,Lauryn,Brunell,Lauryn.Brunell@dummymail.com,Lauryn.Brunell@dummymail.com,doctor
845,Danny,Gilmour,Danny.Gilmour@dummymail.com,Danny.Gilmour@dummymail.com,worker
846,Cristine,Taima,Cristine.Taima@dummymail.com,Cristine.Taima@dummymail.com,developer
847,June,Joachim,June.Joachim@dummymail.com,June.Joachim@dummymail.com,worker
848,Binny,Lunsford,Binny.Lunsford@dummymail.com,Binny.Lunsford@dummymail.com,worker
849,Lucille,Sothena,Lucille.Sothena@dummymail.com,Lucille.Sothena@dummymail.com,worker
850,Tersina,Noam,Tersina.Noam@dummymail.com,Tersina.Noam@dummymail.com,worker
851,Bettine,Destinee,Bettine.Destinee@dummymail.com,Bettine.Destinee@dummymail.com,doctor
852,Hope,Dowski,Hope.Dowski@dummymail.com,Hope.Dowski@dummymail.com,developer
853,Anallese,Hubert,Anallese.Hubert@dummymail.com,Anallese.Hubert@dummymail.com,firefighter
854,Madeleine,Kelula,Madeleine.Kelula@dummymail.com,Madeleine.Kelula@dummymail.com,firefighter
855,Deane,Niles,Deane.Niles@dummymail.com,Deane.Niles@dummymail.com,worker
856,Sibella,Felizio,Sibella.Felizio@dummymail.com,Sibella.Felizio@dummymail.com,police officer
857,Tina,Callista,Tina.Callista@dummymail.com,Tina.Callista@dummymail.com,developer
858,Vinita,Dash,Vinita.Dash@dummymail.com,Vinita.Dash@dummymail.com,doctor
859,Misha,Tillford,Misha.Tillford@dummymail.com,Misha.Tillford@dummymail.com,firefighter
860,Modestia,Socha,Modestia.Socha@dummymail.com,Modestia.Socha@dummymail.com,developer
861,Katleen,Hamil,Katleen.Hamil@dummymail.com,Katleen.Hamil@dummymail.com,developer
862,Doralynne,Afton,Doralynne.Afton@dummymail.com,Doralynne.Afton@dummymail.com,developer
863,Livvyy,Lea,Livvyy.Lea@dummymail.com,Livvyy.Lea@dummymail.com,firefighter
864,Averyl,Zina,Averyl.Zina@dummymail.com,Averyl.Zina@dummymail.com,developer
865,Charmaine,Ophelia,Charmaine.Ophelia@dummymail.com,Charmaine.Ophelia@dummymail.com,developer
866,Mary,Granoff,Mary.Granoff@dummymail.com,Mary.Granoff@dummymail.com,police officer
867,June,Lesley,June.Lesley@dummymail.com,June.Lesley@dummymail.com,police officer
868,Vanessa,Erskine,Vanessa.Erskine@dummymail.com,Vanessa.Erskine@dummymail.com,worker
869,Shauna,Kravits,Shauna.Kravits@dummymail.com,Shauna.Kravits@dummymail.com,developer
870,Babita,Gregrory,Babita.Gregrory@dummymail.com,Babita.Gregrory@dummymail.com,developer
871,Lory,Millda,Lory.Millda@dummymail.com,Lory.Millda@dummymail.com,doctor
872,Corly,Jena,Corly.Jena@dummymail.com,Corly.Jena@dummymail.com,firefighter
873,Regina,Oster,Regina.Oster@dummymail.com,Regina.Oster@dummymail.com,developer
874,Tamqrah,Lareena,Tamqrah.Lareena@dummymail.com,Tamqrah.Lareena@dummymail.com,firefighter
875,Frank,Pernick,Frank.Pernick@dummymail.com,Frank.Pernick@dummymail.com,doctor
876,Dennie,Peonir,Dennie.Peonir@dummymail.com,Dennie.Peonir@dummymail.com,firefighter
877,Rani,Clywd,Rani.Clywd@dummymail.com,Rani.Clywd@dummymail.com,police officer
878,Bernardine,Oster,Bernardine.Oster@dummymail.com,Bernardine.Oster@dummymail.com,police officer
879,Lonnie,Nester,Lonnie.Nester@dummymail.com,Lonnie.Nester@dummymail.com,doctor
880,Calla,Blase,Calla.Blase@dummymail.com,Calla.Blase@dummymail.com,firefighter
881,Britte,Roscoe,Britte.Roscoe@dummymail.com,Britte.Roscoe@dummymail.com,developer
882,Kaia,Germann,Kaia.Germann@dummymail.com,Kaia.Germann@dummymail.com,police officer
883,Eve,Timon,Eve.Timon@dummymail.com,Eve.Timon@dummymail.com,police officer
884,Catharine,Havens,Catharine.Havens@dummymail.com,Catharine.Havens@dummymail.com,firefighter
885,Blondelle,Kaja,Blondelle.Kaja@dummymail.com,Blondelle.Kaja@dummymail.com,firefighter
886,Corly,Iaverne,Corly.Iaverne@dummymail.com,Corly.Iaverne@dummymail.com,developer
887,Kayla,Munn,Kayla.Munn@dummymail.com,Kayla.Munn@dummymail.com,police officer
888,Fernande,Nedrud,Fernande.Nedrud@dummymail.com,Fernande.Nedrud@dummymail.com,firefighter
889,Blondelle,Colyer,Blondelle.Colyer@dummymail.com,Blondelle.Colyer@dummymail.com,police officer
890,Aaren,Palocz,Aaren.Palocz@dummymail.com,Aaren.Palocz@dummymail.com,police officer
891,Shannah,Gino,Shannah.Gino@dummymail.com,Shannah.Gino@dummymail.com,developer
892,Rani,Kelula,Rani.Kelula@dummymail.com,Rani.Kelula@dummymail.com,police officer
893,Sabina,Olin,Sabina.Olin@dummymail.com,Sabina.Olin@dummymail.com,firefighter
894,Raina,Nea,Raina.Nea@dummymail.com,Raina.Nea@dummymail.com,doctor
895,Eugine,Hoban,Eugine.Hoban@dummymail.com,Eugine.Hoban@dummymail.com,developer
896,Gwenneth,Tillford,Gwenneth.Tillford@dummymail.com,Gwenneth.Tillford@dummymail.com,firefighter
897,Johna,Ioab,Johna.Ioab@dummymail.com,Johna.Ioab@dummymail.com,developer
898,Carmela,Dalli,Carmela.Dalli@dummymail.com,Carmela.Dalli@dummymail.com,doctor
899,Adelle,Zaslow,Adelle.Zaslow@dummymail.com,Adelle.Zaslow@dummymail.com,doctor
900,Flory,Salvidor,Flory.Salvidor@dummymail.com,Flory.Salvidor@dummymail.com,firefighter
901,Beverley,Knowling,Beverley.Knowling@dummymail.com,Beverley.Knowling@dummymail.com,doctor
902,Felice,Wadell,Felice.Wadell@dummymail.com,Felice.Wadell@dummymail.com,worker
903,Rebeca,Keily,Rebeca.Keily@dummymail.com,Rebeca.Keily@dummymail.com,police officer
904,Tierney,Ashely,Tierney.Ashely@dummymail.com,Tierney.Ashely@dummymail.com,doctor
905,Lonnie,Blase,Lonnie.Blase@dummymail.com,Lonnie.Blase@dummymail.com,developer
906,Janis,Rese,Janis.Rese@dummymail.com,Janis.Rese@dummymail.com,developer
907,Wynne,Daegal,Wynne.Daegal@dummymail.com,Wynne.Daegal@dummymail.com,worker
908,Tami,Ricarda,Tami.Ricarda@dummymail.com,Tami.Ricarda@dummymail.com,doctor
909,Meg,Silvan,Meg.Silvan@dummymail.com,Meg.Silvan@dummymail.com,developer
910,Paulita,My,Paulita.My@dummymail.com,Paulita.My@dummymail.com,firefighter
911,Sherrie,Stuart,Sherrie.Stuart@dummymail.com,Sherrie.Stuart@dummymail.com,developer
912,Marinna,Posner,Marinna.Posner@dummymail.com,Marinna.Posner@dummymail.com,developer
913,Stevana,Schwejda,Stevana.Schwejda@dummymail.com,Stevana.Schwejda@dummymail.com,firefighter
914,Marguerite,Kenwood,Marguerite.Kenwood@dummymail.com,Marguerite.Kenwood@dummymail.com,worker
915,Romona,Amethist,Romona.Amethist@dummymail.com,Romona.Amethist@dummymail.com,worker
916,Jemie,Modie,Jemie.Modie@dummymail.com,Jemie.Modie@dummymail.com,firefighter
917,Hettie,Terencio,Hettie.Terencio@dummymail.com,Hettie.Terencio@dummymail.com,firefighter
918,Petronia,Behre,Petronia.Behre@dummymail.com,Petronia.Behre@dummymail.com,developer
919,Dulcinea,Orlene,Dulcinea.Orlene@dummymail.com,Dulcinea.Orlene@dummymail.com,worker
920,Adriana,Cynar,Adriana.Cynar@dummymail.com,Adriana.Cynar@dummymail.com,worker
921,Lila,Estella,Lila.Estella@dummymail.com,Lila.Estella@dummymail.com,worker
922,Kate,Greenwald,Kate.Greenwald@dummymail.com,Kate.Greenwald@dummymail.com,police officer
923,Cindelyn,Urania,Cindelyn.Urania@dummymail.com,Cindelyn.Urania@dummymail.com,worker
924,Harrietta,Neva,Harrietta.Neva@dummymail.com,Harrietta.Neva@dummymail.com,firefighter
925,Caressa,Berl,Caressa.Berl@dummymail.com,Caressa.Berl@dummymail.com,firefighter
926,Fernande,Bakerman,Fernande.Bakerman@dummymail.com,Fernande.Bakerman@dummymail.com,developer
927,Maisey,Thilda,Maisey.Thilda@dummymail.com,Maisey.Thilda@dummymail.com,doctor
928,Lanna,Barrus,Lanna.Barrus@dummymail.com,Lanna.Barrus@dummymail.com,worker
929,Kara-Lynn,Maryanne,Kara-Lynn.Maryanne@dummymail.com,Kara-Lynn.Maryanne@dummymail.com,developer
930,Atlanta,Kaete,Atlanta.Kaete@dummymail.com,Atlanta.Kaete@dummymail.com,doctor
931,Kimmy,Shama,Kimmy.Shama@dummymail.com,Kimmy.Shama@dummymail.com,firefighter
932,Christian,Dimitris,Christian.Dimitris@dummymail.com,Christian.Dimitris@dummymail.com,doctor
933,Britte,Earlie,Britte.Earlie@dummymail.com,Britte.Earlie@dummymail.com,firefighter
934,Gaylene,Graig,Gaylene.Graig@dummymail.com,Gaylene.Graig@dummymail.com,developer
935,Evaleen,Konyn,Evaleen.Konyn@dummymail.com,Evaleen.Konyn@dummymail.com,worker
936,Ira,Goldina,Ira.Goldina@dummymail.com,Ira.Goldina@dummymail.com,police officer
937,Almeta,Joni,Almeta.Joni@dummymail.com,Almeta.Joni@dummymail.com,developer
938,Briney,Nisbet,Briney.Nisbet@dummymail.com,Briney.Nisbet@dummymail.com,worker
939,Farrah,Elisha,Farrah.Elisha@dummymail.com,Farrah.Elisha@dummymail.com,developer
940,Dale,Birdella,Dale.Birdella@dummymail.com,Dale.Birdella@dummymail.com,police officer
941,Maisey,Florina,Maisey.Florina@dummymail.com,Maisey.Florina@dummymail.com,developer
942,Edyth,Pattin,Edyth.Pattin@dummymail.com,Edyth.Pattin@dummymail.com,developer
943,Clo,Camden,Clo.Camden@dummymail.com,Clo.Camden@dummymail.com,doctor
944,Marjie,Couture,Marjie.Couture@dummymail.com,Marjie.Couture@dummymail.com,developer
945,Lorie,Hoenack,Lorie.Hoenack@dummymail.com,Lorie.Hoenack@dummymail.com,police officer
946,Alia,Thar,Alia.Thar@dummymail.com,Alia.Thar@dummymail.com,worker
947,Tera,Tice,Tera.Tice@dummymail.com,Tera.Tice@dummymail.com,doctor
948,Violet,Ingra,Violet.Ingra@dummymail.com,Violet.Ingra@dummymail.com,developer
949,Phedra,Fry,Phedra.Fry@dummymail.com,Phedra.Fry@dummymail.com,doctor
950,Evaleen,Nerita,Evaleen.Nerita@dummymail.com,Evaleen.Nerita@dummymail.com,worker
951,Marnia,Grimbly,Marnia.Grimbly@dummymail.com,Marnia.Grimbly@dummymail.com,doctor
952,Kelly,Fabiola,Kelly.Fabiola@dummymail.com,Kelly.Fabiola@dummymail.com,worker
953,Nicoli,Sancho,Nicoli.Sancho@dummymail.com,Nicoli.Sancho@dummymail.com,police officer
954,Leontine,Amadas,Leontine.Amadas@dummymail.com,Leontine.Amadas@dummymail.com,police officer
955,Miquela,Christal,Miquela.Christal@dummymail.com,Miquela.Christal@dummymail.com,worker
956,Babita,Creamer,Babita.Creamer@dummymail.com,Babita.Creamer@dummymail.com,doctor
957,Kristina,Martguerita,Kristina.Martguerita@dummymail.com,Kristina.Martguerita@dummymail.com,worker
958,Tina,Mauer,Tina.Mauer@dummymail.com,Tina.Mauer@dummymail.com,doctor
959,Rani,Auberbach,Rani.Auberbach@dummymail.com,Rani.Auberbach@dummymail.com,police officer
960,Ekaterina,Avi,Ekaterina.Avi@dummymail.com,Ekaterina.Avi@dummymail.com,developer
961,Hallie,Kendrick,Hallie.Kendrick@dummymail.com,Hallie.Kendrick@dummymail.com,worker
962,Debee,Vivle,Debee.Vivle@dummymail.com,Debee.Vivle@dummymail.com,police officer
963,Renie,Loleta,Renie.Loleta@dummymail.com,Renie.Loleta@dummymail.com,doctor
964,Elena,Narton,Elena.Narton@dummymail.com,Elena.Narton@dummymail.com,firefighter
965,Clarice,Dearborn,Clarice.Dearborn@dummymail.com,Clarice.Dearborn@dummymail.com,firefighter
966,Vere,Lail,Vere.Lail@dummymail.com,Vere.Lail@dummymail.com,worker
967,Gisela,Lia,Gisela.Lia@dummymail.com,Gisela.Lia@dummymail.com,police officer
968,Malina,Japeth,Malina.Japeth@dummymail.com,Malina.Japeth@dummymail.com,developer
969,Trudie,Xerxes,Trudie.Xerxes@dummymail.com,Trudie.Xerxes@dummymail.com,firefighter
970,Gusella,Elvyn,Gusella.Elvyn@dummymail.com,Gusella.Elvyn@dummymail.com,doctor
971,Edyth,Wilkinson,Edyth.Wilkinson@dummymail.com,Edyth.Wilkinson@dummymail.com,doctor
972,Gilligan,Gunn,Gilligan.Gunn@dummymail.com,Gilligan.Gunn@dummymail.com,worker
973,Wynne,Suanne,Wynne.Suanne@dummymail.com,Wynne.Suanne@dummymail.com,worker
974,Tabbatha,Gerge,Tabbatha.Gerge@dummymail.com,Tabbatha.Gerge@dummymail.com,worker
975,Sophia,Cyrie,Sophia.Cyrie@dummymail.com,Sophia.Cyrie@dummymail.com,firefighter
976,Marinna,Manolo,Marinna.Manolo@dummymail.com,Marinna.Manolo@dummymail.com,worker
977,Catrina,Reidar,Catrina.Reidar@dummymail.com,Catrina.Reidar@dummymail.com,developer
978,Silvana,Leifeste,Silvana.Leifeste@dummymail.com,Silvana.Leifeste@dummymail.com,worker
979,Jean,Yerkovich,Jean.Yerkovich@dummymail.com,Jean.Yerkovich@dummymail.com,doctor
980,Blinni,Loleta,Blinni.Loleta@dummymail.com,Blinni.Loleta@dummymail.com,developer
981,Beatriz,Hoban,Beatriz.Hoban@dummymail.com,Beatriz.Hoban@dummymail.com,police officer
982,Penelopa,Raama,Penelopa.Raama@dummymail.com,Penelopa.Raama@dummymail.com,police officer
983,Minda,Adore,Minda.Adore@dummymail.com,Minda.Adore@dummymail.com,police officer
984,Nickie,Jagir,Nickie.Jagir@dummymail.com,Nickie.Jagir@dummymail.com,worker
985,Concettina,Therine,Concettina.Therine@dummymail.com,Concettina.Therine@dummymail.com,doctor
986,Ileana,Ranjiv,Ileana.Ranjiv@dummymail.com,Ileana.Ranjiv@dummymail.com,worker
987,Jennica,Maroney,Jennica.Maroney@dummymail.com,Jennica.Maroney@dummymail.com,worker
988,Vere,Brittani,Vere.Brittani@dummymail.com,Vere.Brittani@dummymail.com,firefighter
989,Barbi,Suk,Barbi.Suk@dummymail.com,Barbi.Suk@dummymail.com,police officer
990,Annaliese,Dannye,Annaliese.Dannye@dummymail.com,Annaliese.Dannye@dummymail.com,doctor
991,Veda,Johnsson,Veda.Johnsson@dummymail.com,Veda.Johnsson@dummymail.com,developer
992,Raf,Bergman,Raf.Bergman@dummymail.com,Raf.Bergman@dummymail.com,worker
993,Gavrielle,Howlyn,Gavrielle.Howlyn@dummymail.com,Gavrielle.Howlyn@dummymail.com,firefighter
994,Roseline,Loleta,Roseline.Loleta@dummymail.com,Roseline.Loleta@dummymail.com,police officer
995,Wanda,Hermes,Wanda.Hermes@dummymail.com,Wanda.Hermes@dummymail.com,police officer
996,Shandie,Rurik,Shandie.Rurik@dummymail.com,Shandie.Rurik@dummymail.com,worker
997,Moyna,Krystle,Moyna.Krystle@dummymail.com,Moyna.Krystle@dummymail.com,police officer
998,Kathy,Dulciana,Kathy.Dulciana@dummymail.com,Kathy.Dulciana@dummymail.com,developer
999,Ilse,Wenda,Ilse.Wenda@dummymail.com,Ilse.Wenda@dummymail.com,doctor
1000,Hettie,Mich,Hettie.Mich@dummymail.com,Hettie.Mich@dummymail.com,developer
1001,Britni,Modie,Britni.Modie@dummymail.com,Britni.Modie@dummymail.com,doctor
1002,Kaia,Martsen,Kaia.Martsen@dummymail.com,Kaia.Martsen@dummymail.com,police officer
1003,Cassondra,Percy,Cassondra.Percy@dummymail.com,Cassondra.Percy@dummymail.com,police officer
1004,Rayna,Leonard,Rayna.Leonard@dummymail.com,Rayna.Leonard@dummymail.com,developer
1005,Gisela,Toffic,Gisela.Toffic@dummymail.com,Gisela.Toffic@dummymail.com,firefighter
1006,Tamqrah,Rheingold,Tamqrah.Rheingold@dummymail.com,Tamqrah.Rheingold@dummymail.com,developer
1007,Rivalee,Rodmann,Rivalee.Rodmann@dummymail.com,Rivalee.Rodmann@dummymail.com,developer
1008,Shauna,Penelopa,Shauna.Penelopa@dummymail.com,Shauna.Penelopa@dummymail.com,worker
1009,Myrtice,Verger,Myrtice.Verger@dummymail.com,Myrtice.Verger@dummymail.com,developer
1010,Gaylene,Read,Gaylene.Read@dummymail.com,Gaylene.Read@dummymail.com,police officer
1011,Brianna,Raul,Brianna.Raul@dummymail.com,Brianna.Raul@dummymail.com,doctor
1012,Charlena,Bouchard,Charlena.Bouchard@dummymail.com,Charlena.Bouchard@dummymail.com,firefighter
1013,Mureil,Decato,Mureil.Decato@dummymail.com,Mureil.Decato@dummymail.com,police officer
1014,Edith,Hazlett,Edith.Hazlett@dummymail.com,Edith.Hazlett@dummymail.com,doctor
1015,Kara-Lynn,Eliathas,Kara-Lynn.Eliathas@dummymail.com,Kara-Lynn.Eliathas@dummymail.com,worker
1016,Wileen,Brenn,Wileen.Brenn@dummymail.com,Wileen.Brenn@dummymail.com,police officer
1017,Ofilia,Hanleigh,Ofilia.Hanleigh@dummymail.com,Ofilia.Hanleigh@dummymail.com,firefighter
1018,Allyce,Erb,Allyce.Erb@dummymail.com,Allyce.Erb@dummymail.com,firefighter
1019,Ursulina,Diogenes,Ursulina.Diogenes@dummymail.com,Ursulina.Diogenes@dummymail.com,police officer
1020,Jobi,Raseda,Jobi.Raseda@dummymail.com,Jobi.Raseda@dummymail.com,worker
1021,Marguerite,Syd,Marguerite.Syd@dummymail.com,Marguerite.Syd@dummymail.com,firefighter
1022,Vivia,Christine,Vivia.Christine@dummymail.com,Vivia.Christine@dummymail.com,doctor
1023,Sheelagh,Anis,Sheelagh.Anis@dummymail.com,Sheelagh.Anis@dummymail.com,worker
1024,Anthia,Sancho,Anthia.Sancho@dummymail.com,Anthia.Sancho@dummymail.com,police officer
1025,Almeta,Ezar,Almeta.Ezar@dummymail.com,Almeta.Ezar@dummymail.com,firefighter
1026,Lily,Fiester,Lily.Fiester@dummymail.com,Lily.Fiester@dummymail.com,developer
1027,Cathie,Orelee,Cathie.Orelee@dummymail.com,Cathie.Orelee@dummymail.com,worker
1028,Gusella,Bethany,Gusella.Bethany@dummymail.com,Gusella.Bethany@dummymail.com,firefighter
1029,Ezmeralda,Kauppi,Ezmeralda.Kauppi@dummymail.com,Ezmeralda.Kauppi@dummymail.com,firefighter
1030,Aimil,Vins,Aimil.Vins@dummymail.com,Aimil.Vins@dummymail.com,doctor
1031,Kelly,Newell,Kelly.Newell@dummymail.com,Kelly.Newell@dummymail.com,firefighter
1032,Charlena,Minetta,Charlena.Minetta@dummymail.com,Charlena.Minetta@dummymail.com,doctor
1033,Nannie,Zenas,Nannie.Zenas@dummymail.com,Nannie.Zenas@dummymail.com,doctor
1034,Coral,Maisey,Coral.Maisey@dummymail.com,Coral.Maisey@dummymail.com,doctor
1035,Elka,Dorine,Elka.Dorine@dummymail.com,Elka.Dorine@dummymail.com,doctor
1036,Susan,Kronfeld,Susan.Kronfeld@dummymail.com,Susan.Kronfeld@dummymail.com,police officer
1037,Glynnis,Audly,Glynnis.Audly@dummymail.com,Glynnis.Audly@dummymail.com,police officer
1038,Oralee,Pozzy,Oralee.Pozzy@dummymail.com,Oralee.Pozzy@dummymail.com,developer
1039,Maridel,Yerkovich,Maridel.Yerkovich@dummymail.com,Maridel.Yerkovich@dummymail.com,worker
1040,Ana,Jacqui,Ana.Jacqui@dummymail.com,Ana.Jacqui@dummymail.com,firefighter
1041,Merci,Jacqui,Merci.Jacqui@dummymail.com,Merci.Jacqui@dummymail.com,firefighter
1042,Tera,Valoniah,Tera.Valoniah@dummymail.com,Tera.Valoniah@dummymail.com,doctor
1043,Melisent,Malanie,Melisent.Malanie@dummymail.com,Melisent.Malanie@dummymail.com,doctor
1044,Cissiee,Tillford,Cissiee.Tillford@dummymail.com,Cissiee.Tillford@dummymail.com,doctor
1045,Melodie,Hourigan,Melodie.Hourigan@dummymail.com,Melodie.Hourigan@dummymail.com,doctor
1046,Fina,Laverne,Fina.Laverne@dummymail.com,Fina.Laverne@dummymail.com,developer
1047,Elfreda,Blake,Elfreda.Blake@dummymail.com,Elfreda.Blake@dummymail.com,doctor
1048,Ethel,Cyrie,Ethel.Cyrie@dummymail.com,Ethel.Cyrie@dummymail.com,police officer
1049,Joeann,Kannry,Joeann.Kannry@dummymail.com,Joeann.Kannry@dummymail.com,worker
1050,Bobinette,Doig,Bobinette.Doig@dummymail.com,Bobinette.Doig@dummymail.com,police officer
1051,Rayna,Rebecka,Rayna.Rebecka@dummymail.com,Rayna.Rebecka@dummymail.com,developer
1052,Shaine,Marcellus,Shaine.Marcellus@dummymail.com,Shaine.Marcellus@dummymail.com,worker
1053,Adriana,Montgomery,Adriana.Montgomery@dummymail.com,Adriana.Montgomery@dummymail.com,developer
1054,Kelly,Mozelle,Kelly.Mozelle@dummymail.com,Kelly.Mozelle@dummymail.com,developer
1055,Bertine,Naashom,Bertine.Naashom@dummymail.com,Bertine.Naashom@dummymail.com,developer
1056,Christy,Olin,Christy.Olin@dummymail.com,Christy.Olin@dummymail.com,developer
1057,Candy,Ashok,Candy.Ashok@dummymail.com,Candy.Ashok@dummymail.com,police officer
1058,Shirlee,Faso,Shirlee.Faso@dummymail.com,Shirlee.Faso@dummymail.com,doctor
1059,Verla,Neils,Verla.Neils@dummymail.com,Verla.Neils@dummymail.com,developer
1060,Marguerite,Winnick,Marguerite.Winnick@dummymail.com,Marguerite.Winnick@dummymail.com,police officer
1061,Aurelie,Kirbee,Aurelie.Kirbee@dummymail.com,Aurelie.Kirbee@dummymail.com,developer
1062,Trudie,Melleta,Trudie.Melleta@dummymail.com,Trudie.Melleta@dummymail.com,police officer
1063,Heida,Nedrud,Heida.Nedrud@dummymail.com,Heida.Nedrud@dummymail.com,doctor
1064,Esmeralda,Nahum,Esmeralda.Nahum@dummymail.com,Esmeralda.Nahum@dummymail.com,police officer
1065,Arlina,Geffner,Arlina.Geffner@dummymail.com,Arlina.Geffner@dummymail.com,firefighter
1066,Gusty,Keily,Gusty.Keily@dummymail.com,Gusty.Keily@dummymail.com,doctor
1067,Brooks,Nicoline,Brooks.Nicoline@dummymail.com,Brooks.Nicoline@dummymail.com,developer
1068,Danny,Christal,Danny.Christal@dummymail.com,Danny.Christal@dummymail.com,police officer
1069,Camile,Kimmie,Camile.Kimmie@dummymail.com,Camile.Kimmie@dummymail.com,doctor
1070,Nananne,Reneta,Nananne.Reneta@dummymail.com,Nananne.Reneta@dummymail.com,developer
1071,Adele,Raseda,Adele.Raseda@dummymail.com,Adele.Raseda@dummymail.com,worker
1072,Cam,Tyson,Cam.Tyson@dummymail.com,Cam.Tyson@dummymail.com,police officer
1073,Christal,Ursulette,Christal.Ursulette@dummymail.com,Christal.Ursulette@dummymail.com,firefighter
1074,Kittie,Ludewig,Kittie.Ludewig@dummymail.com,Kittie.Ludewig@dummymail.com,firefighter
1075,Marylou,Craggie,Marylou.Craggie@dummymail.com,Marylou.Craggie@dummymail.com,developer
1076,Susan,Connelly,Susan.Connelly@dummymail.com,Susan.Connelly@dummymail.com,developer
1077,Nelle,Mich,Nelle.Mich@dummymail.com,Nelle.Mich@dummymail.com,worker
1078,Lindie,Madox,Lindie.Madox@dummymail.com,Lindie.Madox@dummymail.com,firefighter
1079,Winny,Kravits,Winny.Kravits@dummymail.com,Winny.Kravits@dummymail.com,worker
1080,Rebeca,Aloise,Rebeca.Aloise@dummymail.com,Rebeca.Aloise@dummymail.com,doctor
1081,Paule,Parette,Paule.Parette@dummymail.com,Paule.Parette@dummymail.com,police officer
1082,Aaren,Denis,Aaren.Denis@dummymail.com,Aaren.Denis@dummymail.com,doctor
1083,Alex,Tybald,Alex.Tybald@dummymail.com,Alex.Tybald@dummymail.com,police officer
1084,Lanae,Trace,Lanae.Trace@dummymail.com,Lanae.Trace@dummymail.com,doctor
1085,Pearline,Schenck,Pearline.Schenck@dummymail.com,Pearline.Schenck@dummymail.com,developer
1086,Deedee,Autrey,Deedee.Autrey@dummymail.com,Deedee.Autrey@dummymail.com,worker
1087,Wanda,Demitria,Wanda.Demitria@dummymail.com,Wanda.Demitria@dummymail.com,doctor
1088,Sharai,Telfer,Sharai.Telfer@dummymail.com,Sharai.Telfer@dummymail.com,police officer
1089,Lyssa,Cecile,Lyssa.Cecile@dummymail.com,Lyssa.Cecile@dummymail.com,firefighter
1090,Beth,Konyn,Beth.Konyn@dummymail.com,Beth.Konyn@dummymail.com,firefighter
1091,Tersina,Rosette,Tersina.Rosette@dummymail.com,Tersina.Rosette@dummymail.com,developer
1092,Lesly,Cottle,Lesly.Cottle@dummymail.com,Lesly.Cottle@dummymail.com,police officer
1093,Lynde,Harriman,Lynde.Harriman@dummymail.com,Lynde.Harriman@dummymail.com,firefighter
1094,Stacey,Alva,Stacey.Alva@dummymail.com,Stacey.Alva@dummymail.com,developer
1095,Adele,Calhoun,Adele.Calhoun@dummymail.com,Adele.Calhoun@dummymail.com,doctor
1096,Sidoney,Ardeha,Sidoney.Ardeha@dummymail.com,Sidoney.Ardeha@dummymail.com,police officer
1097,Concettina,Xerxes,Concettina.Xerxes@dummymail.com,Concettina.Xerxes@dummymail.com,doctor
1098,Jaclyn,Phi,Jaclyn.Phi@dummymail.com,Jaclyn.Phi@dummymail.com,developer
1099,Carree,Wyn,Carree.Wyn@dummymail.com,Carree.Wyn@dummymail.com,developer