id,firstname,lastname,email,email2,profession
100,Tonia,Beniamino,Tonia.Beniamino@dummymail.com,Tonia.Beniamino@dummymail.com,developer
101,Brietta,Alabaster,Brietta.Alabaster@dummymail.com,Brietta.Alabaster@dummymail.com,developer
102,Althea,Ashely,Althea.Ashely@dummymail.com,Althea.Ashely@dummymail.com,worker
103,Trudie,Ezar,Trudie.Ezar@dummymail.com,Trudie.Ezar@dummymail.com,police officer
104,Ketti,Deegan,Ketti.Deegan@dummymail.com,Ketti.Deegan@dummymail.com,doctor
105,Orsola,Kermit,Orsola.Kermit@dummymail.com,Orsola.Kermit@dummymail.com,doctor
106,Feliza,Lilas,Feliza.Lilas@dummymail.com,Feliza.Lilas@dummymail.com,police officer
107,Averyl,Faro,Averyl.Faro@dummymail.com,Averyl.Faro@dummymail.com,worker
108,Arlina,Kress,Arlina.Kress@dummymail.com,Arlina.Kress@dummymail.com,firefighter
109,Ginnie,Parsaye,Ginnie.Parsaye@dummymail.com,Ginnie.Parsaye@dummymail.com,firefighter
110,Goldie,Seligman,Goldie.Seligman@dummymail.com,Goldie.Seligman@dummymail.com,developer
111,Tori,Merat,Tori.Merat@dummymail.com,Tori.Merat@dummymail.com,developer
112,Orelia,Millda,Orelia.Millda@dummymail.com,Orelia.Millda@dummymail.com,police officer
113,Fawne,Zetta,Fawne.Zetta@dummymail.com,Fawne.Zetta@dummymail.com,police officer
114,Lilith,Scammon,Lilith.Scammon@dummymail.com,Lilith.Scammon@dummymail.com,worker
115,Darlleen,Gower,Darlleen.Gower@dummymail.com,Darlleen.Gower@dummymail.com,firefighter
116,Tybie,Weide,Tybie.Weide@dummymail.com,Tybie.Weide@dummymail.com,developer
117,Lelah,Morgun,Lelah.Morgun@dummymail.com,Lelah.Morgun@dummymail.com,worker
118,Addia,Amadas,Addia.Amadas@dummymail.com,Addia.Amadas@dummymail.com,firefighter
119,Mary,Stilwell,Mary.Stilwell@dummymail.com,Mary.Stilwell@dummymail.com,doctor
120,Libbie,Gemini,Libbie.Gemini@dummymail.com,Libbie.Gemini@dummymail.com,doctor
121,Pierette,McNully,Pierette.McNully@dummymail.com,Pierette.McNully@dummymail.com,worker
122,Atlanta,Leopold,Atlanta.Leopold@dummymail.com,Atlanta.Leopold@dummymail.com,firefighter
123,Jaime,Wooster,Jaime.Wooster@dummymail.com,Jaime.Wooster@dummymail.com,police officer
124,Shauna,Firmin,Shauna.Firmin@dummymail.com,Shauna.Firmin@dummymail.com,worker
125,Juliane,Girardo,Juliane.Girardo@dummymail.com,Juliane.Girardo@dummymail.com,doctor
126,June,Elo,June.Elo@dummymail.com,June.Elo@dummymail.com,police officer
127,Fred,Heidt,Fred.Heidt@dummymail.com,Fred.Heidt@dummymail.com,developer
128,Magdalena,Yoko,Magdalena.Yoko@dummymail.com,Magdalena.Yoko@dummymail.com,police officer
129,Morganica,Ingra,Morganica.Ingra@dummymail.com,Morganica.Ingra@dummymail.com,doctor
130,Sandie,Hessler,Sandie.Hessler@dummymail.com,Sandie.Hessler@dummymail.com,developer
131,Dyann,Zrike,Dyann.Zrike@dummymail.com,Dyann.Zrike@dummymail.com,doctor
132,Talya,Alva,Talya.Alva@dummymail.com,Talya.Alva@dummymail.com,doctor
133,Esmeralda,Turne,Esmeralda.Turne@dummymail.com,Esmeralda.Turne@dummymail.com,firefighter
134,Andeee,Cosenza,Andeee.Cosenza@dummymail.com,Andeee.Cosenza@dummymail.com,worker
135,Valera,Barney,Valera.Barney@dummymail.com,Valera.Barney@dummymail.com,worker
136,Hermione,Kendrick,Hermione.Kendrick@dummymail.com,Hermione.Kendrick@dummymail.com,police officer
137,Farrah,Velick,Farrah.Velick@dummymail.com,Farrah.Velick@dummymail.com,doctor
138,Lila,Mullane,Lila.Mullane@dummymail.com,Lila.Mullane@dummymail.com,firefighter
139,Amii,Marijo,Amii.Marijo@dummymail.com,Amii.Marijo@dummymail.com,firefighter
140,Sabina,Vernier,Sabina.Vernier@dummymail.com,Sabina.Vernier@dummymail.com,firefighter
141,Hermione,Yusuk,Hermione.Yusuk@dummymail.com,Hermione.Yusuk@dummymail.com,developer
142,Paola,Morehouse,Paola.Morehouse@dummymail.com,Paola.Morehouse@dummymail.com,developer
143,Iseabal,Sasnett,Iseabal.Sasnett@dummymail.com,Iseabal.Sasnett@dummymail.com,worker
144,Lizzie,Wyn,Lizzie.Wyn@dummymail.com,Lizzie.Wyn@dummymail.com,developer
145,Carmencita,Carmena,Carmencita.Carmena@dummymail.com,Carmencita.Carmena@dummymail.com,police officer
146,Genevra,Tound,Genevra.Tound@dummymail.com,Genevra.Tound@dummymail.com,police officer
147,Zsa Zsa,Burkle,Zsa Zsa.Burkle@dummymail.com,Zsa Zsa.Burkle@dummymail.com,firefighter
148,Aubrie,Ivens,Aubrie.Ivens@dummymail.com,Aubrie.Ivens@dummymail.com,police officer
149,Brynna,Pauly,Brynna.Pauly@dummymail.com,Brynna.Pauly@dummymail.com,police officer
150,Edith,Michella,Edith.Michella@dummymail.com,Edith.Michella@dummymail.com,worker
151,Karly,Orelee,Karly.Orelee@dummymail.com,Karly.Orelee@dummymail.com,firefighter
152,Cathyleen,Ioab,Cathyleen.Ioab@dummymail.com,Cathyleen.Ioab@dummymail.com,police officer
153,Mamie,Gert,Mamie.Gert@dummymail.com,Mamie.Gert@dummymail.com,police officer
154,Fred,Constancy,Fred.Constancy@dummymail.com,Fred.Constancy@dummymail.com,firefighter
155,Gianina,Eno,Gianina.Eno@dummymail.com,Gianina.Eno@dummymail.com,doctor
156,Merry,Cookie,Merry.Cookie@dummymail.com,Merry.Cookie@dummymail.com,worker
157,Rozele,Candy,Rozele.Candy@dummymail.com,Rozele.Candy@dummymail.com,doctor
158,Nanete,Cecile,Nanete.Cecile@dummymail.com,Nanete.Cecile@dummymail.com,doctor
159,Emmey,Louanna,Emmey.Louanna@dummymail.com,Emmey.Louanna@dummymail.com,worker
160,Ida,Mike,Ida.Mike@dummymail.com,Ida.Mike@dummymail.com,worker
161,Catharine,Ochs,Catharine.Ochs@dummymail.com,Catharine.Ochs@dummymail.com,firefighter
162,Jorry,Charmine,Jorry.Charmine@dummymail.com,Jorry.Charmine@dummymail.com,police officer
163,Phedra,Scammon,Phedra.Scammon@dummymail.com,Phedra.Scammon@dummymail.com,police officer
164,Ninnetta,Taam,Ninnetta.Taam@dummymail.com,Ninnetta.Taam@dummymail.com,developer
165,Gabriellia,Israeli,Gabriellia.Israeli@dummymail.com,Gabriellia.Israeli@dummymail.com,worker
166,Riannon,Tufts,Riannon.Tufts@dummymail.com,Riannon.Tufts@dummymail.com,developer
167,Ardeen,Schonfeld,Ardeen.Schonfeld@dummymail.com,Ardeen.Schonfeld@dummymail.com,firefighter
168,Tina,Nahum,Tina.Nahum@dummymail.com,Tina.Nahum@dummymail.com,firefighter
169,Betta,Dearborn,Betta.Dearborn@dummymail.com,Betta.Dearborn@dummymail.com,firefighter
170,Almeta,Creamer,Almeta.Creamer@dummymail.com,Almeta.Creamer@dummymail.com,worker
171,Jean,Margarete,Jean.Margarete@dummymail.com,Jean.Margarete@dummymail.com,firefighter
172,Sallie,Gale,Sallie.Gale@dummymail.com,Sallie.Gale@dummymail.com,firefighter
173,Frieda,Sundin,Frieda.Sundin@dummymail.com,Frieda.Sundin@dummymail.com,developer
174,Emma,Briney,Emma.Briney@dummymail.com,Emma.Briney@dummymail.com,developer
175,Pamella,Sawtelle,Pamella.Sawtelle@dummymail.com,Pamella.Sawtelle@dummymail.com,developer
176,Justinn,Newell,Justinn.Newell@dummymail.com,Justinn.Newell@dummymail.com,developer
177,Edyth,Drus,Edyth.Drus@dummymail.com,Edyth.Drus@dummymail.com,worker
178,Hettie,Toni,Hettie.Toni@dummymail.com,Hettie.Toni@dummymail.com,developer
179,Mignon,Drus,Mignon.Drus@dummymail.com,Mignon.Drus@dummymail.com,worker
180,Marguerite,Sheng,Marguerite.Sheng@dummymail.com,Marguerite.Sheng@dummymail.com,police officer
181,Evaleen,Rolf,Evaleen.Rolf@dummymail.com,Evaleen.Rolf@dummymail.com,doctor
182,Jaclyn,Loring,Jaclyn.Loring@dummymail.com,Jaclyn.Loring@dummymail.com,developer
183,Liana,Jenness,Liana.Jenness@dummymail.com,Liana.Jenness@dummymail.com,worker
184,Anallese,Syd,Anallese.Syd@dummymail.com,Anallese.Syd@dummymail.com,doctor
185,Caressa,Adamsen,Caressa.Adamsen@dummymail.com,Caressa.Adamsen@dummymail.com,doctor
186,Nyssa,Brady,Nyssa.Brady@dummymail.com,Nyssa.Brady@dummymail.com,developer
187,Randa,Darbie,Randa.Darbie@dummymail.com,Randa.Darbie@dummymail.com,firefighter
188,Margarette,Markman,Margarette.Markman@dummymail.com,Margarette.Markman@dummymail.com,firefighter
189,Melina,Judye,Melina.Judye@dummymail.com,Melina.Judye@dummymail.com,worker
190,Audrie,Harday,Audrie.Harday@dummymail.com,Audrie.Harday@dummymail.com,firefighter
191,Amara,Gregrory,Amara.Gregrory@dummymail.com,Amara.Gregrory@dummymail.com,police officer
192,Ezmeralda,Charity,Ezmeralda.Charity@dummymail.com,Ezmeralda.Charity@dummymail.com,firefighter
193,Nataline,Dom,Nataline.Dom@dummymail.com,Nataline.Dom@dummymail.com,firefighter
194,Vere,Simmonds,Vere.Simmonds@dummymail.com,Vere.Simmonds@dummymail.com,firefighter
195,Nadine,August,Nadine.August@dummymail.com,Nadine.August@dummymail.com,police officer
196,Cherilyn,Bury,Cherilyn.Bury@dummymail.com,Cherilyn.Bury@dummymail.com,worker
197,Dorene,Darian,Dorene.Darian@dummymail.com,Dorene.Darian@dummymail.com,doctor
198,Basia,Carvey,Basia.Carvey@dummymail.com,Basia.Carvey@dummymail.com,police officer
199,Sam,Kinnard,Sam.Kinnard@dummymail.com,Sam.Kinnard@dummymail.com,police officer
200,Tamqrah,Wittie,Tamqrah.Wittie@dummymail.com,Tamqrah.Wittie@dummymail.com,developer
201,Brietta,Adamsen,Brietta.Adamsen@dummymail.com,Brietta.Adamsen@dummymail.com,developer
202,Fred,Phyllis,Fred.Phyllis@dummymail.com,Fred.Phyllis@dummymail.com,doctor
203,Hollie,Ciro,Hollie.Ciro@dummymail.com,Hollie.Ciro@dummymail.com,worker
204,Chickie,Ackerley,Chickie.Ackerley@dummymail.com,Chickie.Ackerley@dummymail.com,developer
205,Paulita,Nance,Paulita.Nance@dummymail.com,Paulita.Nance@dummymail.com,doctor
206,Tybie,Kermit,Tybie.Kermit@dummymail.com,Tybie.Kermit@dummymail.com,police officer
207,Joy,Yerkovich,Joy.Yerkovich@dummymail.com,Joy.Yerkovich@dummymail.com,firefighter
208,Ardys,Chandler,Ardys.Chandler@dummymail.com,Ardys.Chandler@dummymail.com,firefighter
209,Blinni,Ralfston,Blinni.Ralfston@dummymail.com,Blinni.Ralfston@dummymail.com,doctor
210,Jacenta,Hermes,Jacenta.Hermes@dummymail.com,Jacenta.Hermes@dummymail.com,developer
211,Ileana,Franza,Ileana.Franza@dummymail.com,Ileana.Franza@dummymail.com,firefighter
212,Lizzie,Vittoria,Lizzie.Vittoria@dummymail.com,Lizzie.Vittoria@dummymail.com,developer
213,Dotty,Katrine,Dotty.Katrine@dummymail.com,Dotty.Katrine@dummymail.com,worker
214,Melanie,Tengdin,Melanie.Tengdin@dummymail.com,Melanie.Tengdin@dummymail.com,doctor
215,Corene,Chesna,Corene.Chesna@dummymail.com,Corene.Chesna@dummymail.com,worker
216,Lacie,Croix,Lacie.Croix@dummymail.com,Lacie.Croix@dummymail.com,police officer
217,Janenna,Darbie,Janenna.Darbie@dummymail.com,Janenna.Darbie@dummymail.com,doctor
218,Ricky,Durware,Ricky.Durware@dummymail.com,Ricky.Durware@dummymail.com,developer
219,Dale,Mott,Dale.Mott@dummymail.com,Dale.Mott@dummymail.com,doctor
220,Vinita,Adore,Vinita.Adore@dummymail.com,Vinita.Adore@dummymail.com,police officer
221,Tybie,Kronfeld,Tybie.Kronfeld@dummymail.com,Tybie.Kronfeld@dummymail.com,developer
222,Blinni,Pettiford,Blinni.Pettiford@dummymail.com,Blinni.Pettiford@dummymail.com,police officer
223,Ericka,Crudden,Ericka.Crudden@dummymail.com,Ericka.Crudden@dummymail.com,doctor
224,Yolane,Gaal,Yolane.Gaal@dummymail.com,Yolane.Gaal@dummymail.com,firefighter
225,Lindie,Freddi,Lindie.Freddi@dummymail.com,Lindie.Freddi@dummymail.com,police officer
226,Felice,Rubie,Felice.Rubie@dummymail.com,Felice.Rubie@dummymail.com,police officer
227,Priscilla,Sheng,Priscilla.Sheng@dummymail.com,Priscilla.Sheng@dummymail.com,police officer
228,Sidoney,Ehrman,Sidoney.Ehrman@dummymail.com,Sidoney.Ehrman@dummymail.com,doctor
229,Nanete,Fancie,Nanete.Fancie@dummymail.com,Nanete.Fancie@dummymail.com,firefighter
230,Pierette,Bach,Pierette.Bach@dummymail.com,Pierette.Bach@dummymail.com,worker
231,Rosanne,Rustice,Rosanne.Rustice@dummymail.com,Rosanne.Rustice@dummymail.com,firefighter
232,Kate,Carri,Kate.Carri@dummymail.com,Kate.Carri@dummymail.com,firefighter
233,Grier,Munn,Grier.Munn@dummymail.com,Grier.Munn@dummymail.com,doctor
234,Cacilie,Fancie,Cacilie.Fancie@dummymail.com,Cacilie.Fancie@dummymail.com,doctor
235,Tina,Jalbert,Tina.Jalbert@dummymail.com,Tina.Jalbert@dummymail.com,developer
236,Priscilla,Reneta,Priscilla.Reneta@dummymail.com,Priscilla.Reneta@dummymail.com,doctor
237,Alyssa,Marsden,Alyssa.Marsden@dummymail.com,Alyssa.Marsden@dummymail.com,developer
238,Winny,Calhoun,Winny.Calhoun@dummymail.com,Winny.Calhoun@dummymail.com,developer
239,Susan,Sammons,Susan.Sammons@dummymail.com,Susan.Sammons@dummymail.com,police officer
240,Kary,Quinn,Kary.Quinn@dummymail.com,Kary.Quinn@dummymail.com,developer
241,Marinna,Hourigan,Marinna.Hourigan@dummymail.com,Marinna.Hourigan@dummymail.com,doctor
242,Jere,Even,Jere.Even@dummymail.com,Jere.Even@dummymail.com,doctor
243,Jinny,Janene,Jinny.Janene@dummymail.com,Jinny.Janene@dummymail.com,worker
244,Joelly,Schonfeld,Joelly.Schonfeld@dummymail.com,Joelly.Schonfeld@dummymail.com,developer
245,Felice,Secrest,Felice.Secrest@dummymail.com,Felice.Secrest@dummymail.com,police officer
246,Roseline,Edvard,Roseline.Edvard@dummymail.com,Roseline.Edvard@dummymail.com,firefighter
247,Edee,Maryanne,Edee.Maryanne@dummymail.com,Edee.Maryanne@dummymail.com,developer
248,Aubrie,Hunfredo,Aubrie.Hunfredo@dummymail.com,Aubrie.Hunfredo@dummymail.com,police officer
249,Melisent,Jeanne,Melisent.Jeanne@dummymail.com,Melisent.Jeanne@dummymail.com,worker
250,Larine,Cecile,Larine.Cecile@dummymail.com,Larine.Cecile@dummymail.com,firefighter
251,Dione,Buffum,Dione.Buffum@dummymail.com,Dione.Buffum@dummymail.com,developer
252,Kenna,Adlare,Kenna.Adlare@dummymail.com,Kenna.Adlare@dummymail.com,worker
253,Renae,Cadmar,Renae.Cadmar@dummymail.com,Renae.Cadmar@dummymail.com,doctor
254,Cherilyn,Dosia,Cherilyn.Dosia@dummymail.com,Cherilyn.Dosia@dummymail.com,police officer
255,Margette,Ellerey,Margette.Ellerey@dummymail.com,Margette.Ellerey@dummymail.com,developer
256,Siana,Dudley,Siana.Dudley@dummymail.com,Siana.Dudley@dummymail.com,police officer
257,Sidoney,Raffo,Sidoney.Raffo@dummymail.com,Sidoney.Raffo@dummymail.com,firefighter
258,Blinni,Oster,Blinni.Oster@dummymail.com,Blinni.Oster@dummymail.com,developer
259,Gaylene,Fleeta,Gaylene.Fleeta@dummymail.com,Gaylene.Fleeta@dummymail.com,doctor
260,Rosaline,Ethban,Rosaline.Ethban@dummymail.com,Rosaline.Ethban@dummymail.com,developer
261,Gui,Raimondo,Gui.Raimondo@dummymail.com,Gui.Raimondo@dummymail.com,developer
262,Alexine,Ball,Alexine.Ball@dummymail.com,Alexine.Ball@dummymail.com,worker
263,Peri,Flyn,Peri.Flyn@dummymail.com,Peri.Flyn@dummymail.com,developer
264,Modestia,Sidonius,Modestia.Sidonius@dummymail.com,Modestia.Sidonius@dummymail.com,developer
265,Andree,Stover,Andree.Stover@dummymail.com,Andree.Stover@dummymail.com,police officer
266,Adore,Corrine,Adore.Corrine@dummymail.com,Adore.Corrine@dummymail.com,police officer
267,Rochette,Loeb,Rochette.Loeb@dummymail.com,Rochette.Loeb@dummymail.com,doctor
268,Cherrita,Kress,Cherrita.Kress@dummymail.com,Cherrita.Kress@dummymail.com,worker
269,Drucie,Uird,Drucie.Uird@dummymail.com,Drucie.Uird@dummymail.com,firefighter
270,Shaine,Erlandson,Shaine.Erlandson@dummymail.com,Shaine.Erlandson@dummymail.com,developer
271,Nanete,Hachmin,Nanete.Hachmin@dummymail.com,Nanete.Hachmin@dummymail.com,developer
272,Maryellen,Kermit,Maryellen.Kermit@dummymail.com,Maryellen.Kermit@dummymail.com,worker
273,Shell,Henebry,Shell.Henebry@dummymail.com,Shell.Henebry@dummymail.com,worker
274,Marsiella,Campball,Marsiella.Campball@dummymail.com,Marsiella.Campball@dummymail.com,firefighter
275,Elie,Anton,Elie.Anton@dummymail.com,Elie.Anton@dummymail.com,police officer
276,Deloria,Gino,Deloria.Gino@dummymail.com,Deloria.Gino@dummymail.com,police officer
277,Chastity,Anyah,Chastity.Anyah@dummymail.com,Chastity.Anyah@dummymail.com,firefighter
278,Audrie,Wallis,Audrie.Wallis@dummymail.com,Audrie.Wallis@dummymail.com,doctor
279,Correy,Yam,Correy.Yam@dummymail.com,Correy.Yam@dummymail.com,worker
280,Melanie,August,Melanie.August@dummymail.com,Melanie.August@dummymail.com,firefighter
281,Olwen,Shirberg,Olwen.Shirberg@dummymail.com,Olwen.Shirberg@dummymail.com,firefighter
282,Lulita,Maxi,Lulita.Maxi@dummymail.com,Lulita.Maxi@dummymail.com,doctor
283,Averyl,Sadowski,Averyl.Sadowski@dummymail.com,Averyl.Sadowski@dummymail.com,police officer
284,Hallie,Teryn,Hallie.Teryn@dummymail.com,Hallie.Teryn@dummymail.com,doctor
285,Marita,Azeria,Marita.Azeria@dummymail.com,Marita.Azeria@dummymail.com,police officer
286,Dolli,Taima,Dolli.Taima@dummymail.com,Dolli.Taima@dummymail.com,police officer
287,Maye,Giff,Maye.Giff@dummymail.com,Maye.Giff@dummymail.com,worker
288,Deane,Anastatius,Deane.Anastatius@dummymail.com,Deane.Anastatius@dummymail.com,police officer
289,Mildrid,Shields,Mildrid.Shields@dummymail.com,Mildrid.Shields@dummymail.com,worker
290,Monika,Gunn,Monika.Gunn@dummymail.com,Monika.Gunn@dummymail.com,worker
291,Caritta,Toni,Caritta.Toni@dummymail.com,Caritta.Toni@dummymail.com,doctor
292,Jerry,Kenwood,Jerry.Kenwood@dummymail.com,Jerry.Kenwood@dummymail.com,police officer
293,Jacenta,Kare,Jacenta.Kare@dummymail.com,Jacenta.Kare@dummymail.com,developer
294,Concettina,Madaih,Concettina.Madaih@dummymail.com,Concettina.Madaih@dummymail.com,police officer
295,Helena,Lilas,Helena.Lilas@dummymail.com,Helena.Lilas@dummymail.com,doctor
296,Gerrie,Moina,Gerrie.Moina@dummymail.com,Gerrie.Moina@dummymail.com,doctor
297,Maud,Faria,Maud.Faria@dummymail.com,Maud.Faria@dummymail.com,firefighter
298,Cassondra,Ambrosia,Cassondra.Ambrosia@dummymail.com,Cassondra.Ambrosia@dummymail.com,worker
299,Elie,Kermit,Elie.Kermit@dummymail.com,Elie.Kermit@dummymail.com,doctor
300,Viviene,Toni,Viviene.Toni@dummymail.com,Viviene.Toni@dummymail.com,worker
301,Augustine,Deegan,Augustine.Deegan@dummymail.com,Augustine.Deegan@dummymail.com,police officer
302,Ruthe,Deegan,Ruthe.Deegan@dummymail.com,Ruthe.Deegan@dummymail.com,worker
303,Brooks,Harriman,Brooks.Harriman@dummymail.com,Brooks.Harriman@dummymail.com,police officer
304,Krystle,Thornburg,Krystle.Thornburg@dummymail.com,Krystle.Thornburg@dummymail.com,doctor
305,Gusty,Pulsifer,Gusty.Pulsifer@dummymail.com,Gusty.Pulsifer@dummymail.com,firefighter
306,Dorothy,Pacorro,Dorothy.Pacorro@dummymail.com,Dorothy.Pacorro@dummymail.com,firefighter
307,Dorice,Laverne,Dorice.Laverne@dummymail.com,Dorice.Laverne@dummymail.com,developer
308,Gratia,Chem,Gratia.Chem@dummymail.com,Gratia.Chem@dummymail.com,worker
309,Robinia,Damarra,Robinia.Damarra@dummymail.com,Robinia.Damarra@dummymail.com,developer
310,Diena,Hepsibah,Diena.Hepsibah@dummymail.com,Diena.Hepsibah@dummymail.com,doctor
311,Alejandra,Eliathas,Alejandra.Eliathas@dummymail.com,Alejandra.Eliathas@dummymail.com,firefighter
312,Noelle,Slifka,Noelle.Slifka@dummymail.com,Noelle.Slifka@dummymail.com,worker
313,Ida,Isidore,Ida.Isidore@dummymail.com,Ida.Isidore@dummymail.com,worker
314,Yolane,Yusuk,Yolane.Yusuk@dummymail.com,Yolane.Yusuk@dummymail.com,worker
315,Rivalee,Mott,Rivalee.Mott@dummymail.com,Rivalee.Mott@dummymail.com,worker
316,Anallese,Carolin,Anallese.Carolin@dummymail.com,Anallese.Carolin@dummymail.com,worker
317,Codie,Lymann,Codie.Lymann@dummymail.com,Codie.Lymann@dummymail.com,police officer
318,Daune,Ashely,Daune.Ashely@dummymail.com,Daune.Ashely@dummymail.com,developer
319,Florie,Oriana,Florie.Oriana@dummymail.com,Florie.Oriana@dummymail.com,police officer
320,Tierney,Boycey,Tierney.Boycey@dummymail.com,Tierney.Boycey@dummymail.com,doctor
321,Claresta,Lorenz,Claresta.Lorenz@dummymail.com,Claresta.Lorenz@dummymail.com,worker
322,Kathy,Moseley,Kathy.Moseley@dummymail.com,Kathy.Moseley@dummymail.com,police officer
323,Clementine,Kirbee,Clementine.Kirbee@dummymail.com,Clementine.Kirbee@dummymail.com,doctor
324,Helena,Alarise,Helena.Alarise@dummymail.com,Helena.Alarise@dummymail.com,developer
325,Cathyleen,Kinnard,Cathyleen.Kinnard@dummymail.com,Cathyleen.Kinnard@dummymail.com,worker
326,Charissa,Rheingold,Charissa.Rheingold@dummymail.com,Charissa.Rheingold@dummymail.com,developer
327,Sheree,Suzetta,Sheree.Suzetta@dummymail.com,Sheree.Suzetta@dummymail.com,worker
328,Renie,Karna,Renie.Karna@dummymail.com,Renie.Karna@dummymail.com,firefighter
329,Bettine,Baptlsta,Bettine.Baptlsta@dummymail.com,Bettine.Baptlsta@dummymail.com,police officer
330,Daphne,My,Daphne.My@dummymail.com,Daphne.My@dummymail.com,worker
331,Jacenta,Borrell,Jacenta.Borrell@dummymail.com,Jacenta.Borrell@dummymail.com,worker
332,June,Maribeth,June.Maribeth@dummymail.com,June.Maribeth@dummymail.com,developer
333,Karlee,Croix,Karlee.Croix@dummymail.com,Karlee.Croix@dummymail.com,police officer
334,Layla,Trey,Layla.Trey@dummymail.com,Layla.Trey@dummymail.com,developer
335,Fina,Anselmi,Fina.Anselmi@dummymail.com,Fina.Anselmi@dummymail.com,police officer
336,Yetty,Gert,Yetty.Gert@dummymail.com,Yetty.Gert@dummymail.com,police officer
337,Christal,Evangelia,Christal.Evangelia@dummymail.com,Christal.Evangelia@dummymail.com,developer
338,Elsie,Krystle,Elsie.Krystle@dummymail.com,Elsie.Krystle@dummymail.com,police officer
339,Dulcinea,Charmine,Dulcinea.Charmine@dummymail.com,Dulcinea.Charmine@dummymail.com,worker
340,Bibby,Gombach,Bibby.Gombach@dummymail.com,Bibby.Gombach@dummymail.com,police officer
341,Queenie,Wind,Queenie.Wind@dummymail.com,Queenie.Wind@dummymail.com,developer
342,Roxane,Wyn,Roxane.Wyn@dummymail.com,Roxane.Wyn@dummymail.com,police officer
343,Raina,Thema,Raina.Thema@dummymail.com,Raina.Thema@dummymail.com,police officer
344,Minne,Ax,Minne.Ax@dummymail.com,Minne.Ax@dummymail.com,worker
345,Georgina,Melony,Georgina.Melony@dummymail.com,Georgina.Melony@dummymail.com,doctor
346,Kirstin,Schalles,Kirstin.Schalles@dummymail.com,Kirstin.Schalles@dummymail.com,doctor
347,Pollyanna,Chandler,Pollyanna.Chandler@dummymail.com,Pollyanna.Chandler@dummymail.com,worker
348,Sibella,Bohlin,Sibella.Bohlin@dummymail.com,Sibella.Bohlin@dummymail.com,firefighter
349,Raf,Diann,Raf.Diann@dummymail.com,Raf.Diann@dummymail.com,police officer
350,Elfreda,Suk,Elfreda.Suk@dummymail.com,Elfreda.Suk@dummymail.com,firefighter
351,Roseline,Kamaria,Roseline.Kamaria@dummymail.com,Roseline.Kamaria@dummymail.com,police officer
352,Georgetta,Francene,Georgetta.Francene@dummymail.com,Georgetta.Francene@dummymail.com,police officer
353,Amara,Fitzsimmons,Amara.Fitzsimmons@dummymail.com,Amara.Fitzsimmons@dummymail.com,firefighter
354,Lolita,Tyson,Lolita.Tyson@dummymail.com,Lolita.Tyson@dummymail.com,doctor
355,Sue,Bigner,Sue.Bigner@dummymail.com,Sue.Bigner@dummymail.com,worker
356,Gianina,Seligman,Gianina.Seligman@dummymail.com,Gianina.Seligman@dummymail.com,police officer
357,Bertine,Sandye,Bertine.Sandye@dummymail.com,Bertine.Sandye@dummymail.com,developer
358,Aili,Leopold,Aili.Leopold@dummymail.com,Aili.Leopold@dummymail.com,worker
359,Anestassia,Tice,Anestassia.Tice@dummymail.com,Anestassia.Tice@dummymail.com,developer
360,Dede,Zeeba,Dede.Zeeba@dummymail.com,Dede.Zeeba@dummymail.com,developer
361,Carly,Joachim,Carly.Joachim@dummymail.com,Carly.Joachim@dummymail.com,firefighter
362,Blinni,Rillings,Blinni.Rillings@dummymail.com,Blinni.Rillings@dummymail.com,developer
363,Margarette,Ashely,Margarette.Ashely@dummymail.com,Margarette.Ashely@dummymail.com,worker
364,Elise,Orlene,Elise.Orlene@dummymail.com,Elise.Orlene@dummymail.com,developer
365,Clarice,Sundin,Clarice.Sundin@dummymail.com,Clarice.Sundin@dummymail.com,doctor
366,Fredericka,Poppy,Fredericka.Poppy@dummymail.com,Fredericka.Poppy@dummymail.com,worker
367,Farrah,Trinetta,Farrah.Trinetta@dummymail.com,Farrah.Trinetta@dummymail.com,police officer
368,Alameda,Robertson,Alameda.Robertson@dummymail.com,Alameda.Robertson@dummymail.com,doctor
369,Estell,Shuler,Estell.Shuler@dummymail.com,Estell.Shuler@dummymail.com,firefighter
370,Frieda,Posner,Frieda.Posner@dummymail.com,Frieda.Posner@dummymail.com,police officer
371,Gianina,Olnee,Gianina.Olnee@dummymail.com,Gianina.Olnee@dummymail.com,firefighter
372,Katharina,Hoenack,Katharina.Hoenack@dummymail.com,Katharina.Hoenack@dummymail.com,worker
373,Rochette,Mullane,Rochette.Mullane@dummymail.com,Rochette.Mullane@dummymail.com,worker
374,Sibella,Chick,Sibella.Chick@dummymail.com,Sibella.Chick@dummymail.com,firefighter
375,Barbara,Kermit,Barbara.Kermit@dummymail.com,Barbara.Kermit@dummymail.com,firefighter
376,Carilyn,McGrody,Carilyn.McGrody@dummymail.com,Carilyn.McGrody@dummymail.com,worker
377,Philis,Noelyn,Philis.Noelyn@dummymail.com,Philis.Noelyn@dummymail.com,doctor
378,Leontine,Rhu,Leontine.Rhu@dummymail.com,Leontine.Rhu@dummymail.com,police officer
379,Alleen,Screens,Alleen.Screens@dummymail.com,Alleen.Screens@dummymail.com,police officer
380,Allis,Goerke,Allis.Goerke@dummymail.com,Allis.Goerke@dummymail.com,doctor
381,Blinni,Radu,Blinni.Radu@dummymail.com,Blinni.Radu@dummymail.com,firefighter
382,Adele,Kimmie,Adele.Kimmie@dummymail.com,Adele.Kimmie@dummymail.com,developer
383,Gaylene,Lubin,Gaylene.Lubin@dummymail.com,Gaylene.Lubin@dummymail.com,developer
384,Loree,Docilla,Loree.Docilla@dummymail.com,Loree.Docilla@dummymail.com,firefighter
385,Correy,Chick,Correy.Chick@dummymail.com,Correy.Chick@dummymail.com,police officer
386,Nadine,Neva,Nadine.Neva@dummymail.com,Nadine.Neva@dummymail.com,police officer
387,Mureil,Adalbert,Mureil.Adalbert@dummymail.com,Mureil.Adalbert@dummymail.com,developer
388,Kenna,Casimir,Kenna.Casimir@dummymail.com,Kenna.Casimir@dummymail.com,firefighter
389,Clarice,Nunci,Clarice.Nunci@dummymail.com,Clarice.Nunci@dummymail.com,police officer
390,Genevra,Genna,Genevra.Genna@dummymail.com,Genevra.Genna@dummymail.com,firefighter
391,Imojean,Joseph,Imojean.Joseph@dummymail.com,Imojean.Joseph@dummymail.com,worker
392,Rubie,Daegal,Rubie.Daegal@dummymail.com,Rubie.Daegal@dummymail.com,police officer
393,Meghann,Pitt,Meghann.Pitt@dummymail.com,Meghann.Pitt@dummymail.com,developer
394,Paola,Thomasina,Paola.Thomasina@dummymail.com,Paola.Thomasina@dummymail.com,police officer
395,Pierette,Lea,Pierette.Lea@dummymail.com,Pierette.Lea@dummymail.com,doctor
396,Rori,Deegan,Rori.Deegan@dummymail.com,Rori.Deegan@dummymail.com,doctor
397,Emylee,Rubie,Emylee.Rubie@dummymail.com,Emylee.Rubie@dummymail.com,worker
398,Jerry,Alva,Jerry.Alva@dummymail.com,Jerry.Alva@dummymail.com,police officer
399,Karina,Halsey,Karina.Halsey@dummymail.com,Karina.Halsey@dummymail.com,worker
400,Carree,Burkle,Carree.Burkle@dummymail.com,Carree.Burkle@dummymail.com,doctor
401,Janey,Stevy,Janey.Stevy@dummymail.com,Janey.Stevy@dummymail.com,doctor
402,Dawn,Lauraine,Dawn.Lauraine@dummymail.com,Dawn.Lauraine@dummymail.com,firefighter
403,Felice,Norvol,Felice.Norvol@dummymail.com,Felice.Norvol@dummymail.com,worker
404,Lorne,Cordi,Lorne.Cordi@dummymail.com,Lorne.Cordi@dummymail.com,doctor
405,Marnia,Ezar,Marnia.Ezar@dummymail.com,Marnia.Ezar@dummymail.com,police officer
406,Blondelle,Kolnick,Blondelle.Kolnick@dummymail.com,Blondelle.Kolnick@dummymail.com,firefighter
407,Dacia,Rillings,Dacia.Rillings@dummymail.com,Dacia.Rillings@dummymail.com,doctor
408,Wilma,Daniele,Wilma.Daniele@dummymail.com,Wilma.Daniele@dummymail.com,worker
409,Ebonee,Fontana,Ebonee.Fontana@dummymail.com,Ebonee.Fontana@dummymail.com,police officer
410,Cassondra,Hylan,Cassondra.Hylan@dummymail.com,Cassondra.Hylan@dummymail.com,firefighter
411,Britni,Hartnett,Britni.Hartnett@dummymail.com,Britni.Hartnett@dummymail.com,firefighter
412,Zia,Urias,Zia.Urias@dummymail.com,Zia.Urias@dummymail.com,doctor
413,Kore,Olin,Kore.Olin@dummymail.com,Kore.Olin@dummymail.com,firefighter
414,Leia,Ax,Leia.Ax@dummymail.com,Leia.Ax@dummymail.com,firefighter
415,Madalyn,Trace,Madalyn.Trace@dummymail.com,Madalyn.Trace@dummymail.com,developer
416,Viki,Zamora,Viki.Zamora@dummymail.com,Viki.Zamora@dummymail.com,firefighter
417,Kore,Bertold,Kore.Bertold@dummymail.com,Kore.Bertold@dummymail.com,firefighter
418,Tori,Publia,Tori.Publia@dummymail.com,Tori.Publia@dummymail.com,developer
419,Tracey,Auberbach,Tracey.Auberbach@dummymail.com,Tracey.Auberbach@dummymail.com,developer
420,Gaylene,Breed,Gaylene.Breed@dummymail.com,Gaylene.Breed@dummymail.com,police officer
421,Quintina,Tippets,Quintina.Tippets@dummymail.com,Quintina.Tippets@dummymail.com,doctor
422,Kristina,Nadia,Kristina.Nadia@dummymail.com,Kristina.Nadia@dummymail.com,developer
423,Adele,Connelly,Adele.Connelly@dummymail.com,Adele.Connelly@dummymail.com,police officer
424,Cam,Adalbert,Cam.Adalbert@dummymail.com,Cam.Adalbert@dummymail.com,worker
425,Therine,Voletta,Therine.Voletta@dummymail.com,Therine.Voletta@dummymail.com,doctor
426,Doro,Riordan,Doro.Riordan@dummymail.com,Doro.Riordan@dummymail.com,doctor
427,Pearline,Calhoun,Pearline.Calhoun@dummymail.com,Pearline.Calhoun@dummymail.com,police officer
428,Corry,Pauly,Corry.Pauly@dummymail.com,Corry.Pauly@dummymail.com,police officer
429,Catharine,Felizio,Catharine.Felizio@dummymail.com,Catharine.Felizio@dummymail.com,developer
430,Blinni,Concha,Blinni.Concha@dummymail.com,Blinni.Concha@dummymail.com,worker
431,Jobi,Bigner,Jobi.Bigner@dummymail.com,Jobi.Bigner@dummymail.com,doctor
432,Aurelie,Merat,Aurelie.Merat@dummymail.com,Aurelie.Merat@dummymail.com,developer
433,Cecile,Ellerey,Cecile.Ellerey@dummymail.com,Cecile.Ellerey@dummymail.com,worker
434,Gusella,Annabella,Gusella.Annabella@dummymail.com,Gusella.Annabella@dummymail.com,worker
435,Wendi,Celestine,Wendi.Celestine@dummymail.com,Wendi.Celestine@dummymail.com,firefighter
436,Yvonne,Tybald,Yvonne.Tybald@dummymail.com,Yvonne.Tybald@dummymail.com,police officer
437,Dyann,Shaddock,Dyann.Shaddock@dummymail.com,Dyann.Shaddock@dummymail.com,developer
438,Shel,Emmy,Shel.Emmy@dummymail.com,Shel.Emmy@dummymail.com,doctor
439,Codie,Behre,Codie.Behre@dummymail.com,Codie.Behre@dummymail.com,developer
440,Hollie,Ilka,Hollie.Ilka@dummymail.com,Hollie.Ilka@dummymail.com,worker
441,Basia,Cleavland,Basia.Cleavland@dummymail.com,Basia.Cleavland@dummymail.com,firefighter
442,Kalina,Willie,Kalina.Willie@dummymail.com,Kalina.Willie@dummymail.com,doctor
443,Ursulina,Mata,Ursulina.Mata@dummymail.com,Ursulina.Mata@dummymail.com,worker
444,Claresta,Wadell,Claresta.Wadell@dummymail.com,Claresta.Wadell@dummymail.com,police officer
445,Jordan,Tristram,Jordan.Tristram@dummymail.com,Jordan.Tristram@dummymail.com,firefighter
446,Rosabelle,Nester,Rosabelle.Nester@dummymail.com,Rosabelle.Nester@dummymail.com,worker
447,Vevay,Dichy,Vevay.Dichy@dummymail.com,Vevay.Dichy@dummymail.com,developer
448,Ricky,Stover,Ricky.Stover@dummymail.com,Ricky.Stover@dummymail.com,police officer
449,Blake,Merell,Blake.Merell@dummymail.com,Blake.Merell@dummymail.com,firefighter
450,Layla,Gemini,Layla.Gemini@dummymail.com,Layla.Gemini@dummymail.com,police officer
451,Viki,Ailyn,Viki.Ailyn@dummymail.com,Viki.Ailyn@dummymail.com,police officer
452,Rubie,Tacye,Rubie.Tacye@dummymail.com,Rubie.Tacye@dummymail.com,worker
453,Bibby,Mich,Bibby.Mich@dummymail.com,Bibby.Mich@dummymail.com,worker
454,Dale,Katrine,Dale.Katrine@dummymail.com,Dale.Katrine@dummymail.com,firefighter
455,Darci,Chaing,Darci.Chaing@dummymail.com,Darci.Chaing@dummymail.com,worker
456,Marylou,Tound,Marylou.Tound@dummymail.com,Marylou.Tound@dummymail.com,firefighter
457,Lusa,Darbie,Lusa.Darbie@dummymail.com,Lusa.Darbie@dummymail.com,worker
458,Kathi,Romelda,Kathi.Romelda@dummymail.com,Kathi.Romelda@dummymail.com,worker
459,Sonni,Vastah,Sonni.Vastah@dummymail.com,Sonni.Vastah@dummymail.com,developer
460,Arabel,Travax,Arabel.Travax@dummymail.com,Arabel.Travax@dummymail.com,doctor
461,Damaris,Rese,Damaris.Rese@dummymail.com,Damaris.Rese@dummymail.com,police officer
462,Dawn,Willie,Dawn.Willie@dummymail.com,Dawn.Willie@dummymail.com,firefighter
463,Delilah,Dannye,Delilah.Dannye@dummymail.com,Delilah.Dannye@dummymail.com,developer
464,Kellen,Loleta,Kellen.Loleta@dummymail.com,Kellen.Loleta@dummymail.com,police officer
465,Gloria,Center,Gloria.Center@dummymail.com,Gloria.Center@dummymail.com,developer
466,Ida,Carmena,Ida.Carmena@dummymail.com,Ida.Carmena@dummymail.com,worker
467,Zsa Zsa,Friede,Zsa Zsa.Friede@dummymail.com,Zsa Zsa.Friede@dummymail.com,firefighter
468,Ursulina,Stevy,Ursulina.Stevy@dummymail.com,Ursulina.Stevy@dummymail.com,developer
469,Sissy,Cookie,Sissy.Cookie@dummymail.com,Sissy.Cookie@dummymail.com,doctor
470,Chickie,Pillsbury,Chickie.Pillsbury@dummymail.com,Chickie.Pillsbury@dummymail.com,developer
471,Leanna,Manolo,Leanna.Manolo@dummymail.com,Leanna.Manolo@dummymail.com,firefighter
472,Audrie,Lenny,Audrie.Lenny@dummymail.com,Audrie.Lenny@dummymail.com,firefighter
473,Monika,Honoria,Monika.Honoria@dummymail.com,Monika.Honoria@dummymail.com,doctor
474,Alisha,Ralfston,Alisha.Ralfston@dummymail.com,Alisha.Ralfston@dummymail.com,police officer
475,Rozele,Izaak,Rozele.Izaak@dummymail.com,Rozele.Izaak@dummymail.com,developer
476,Modestia,Astra,Modestia.Astra@dummymail.com,Modestia.Astra@dummymail.com,developer
477,Janey,Calhoun,Janey.Calhoun@dummymail.com,Janey.Calhoun@dummymail.com,doctor
478,Pollyanna,Yoko,Pollyanna.Yoko@dummymail.com,Pollyanna.Yoko@dummymail.com,worker
479,Tilly,Hebner,Tilly.Hebner@dummymail.com,Tilly.Hebner@dummymail.com,developer
480,Susan,Dosia,Susan.Dosia@dummymail.com,Susan.Dosia@dummymail.com,developer
481,Henriette,Tayib,Henriette.Tayib@dummymail.com,Henriette.Tayib@dummymail.com,worker
482,June,Waite,June.Waite@dummymail.com,June.Waite@dummymail.com,worker
483,Romona,Firmin,Romona.Firmin@dummymail.com,Romona.Firmin@dummymail.com,doctor
484,Berget,Wittie,Berget.Wittie@dummymail.com,Berget.Wittie@dummymail.com,firefighter
485,Jenda,Kimmie,Jenda.Kimmie@dummymail.com,Jenda.Kimmie@dummymail.com,worker
486,Deedee,Stefa,Deedee.Stefa@dummymail.com,Deedee.Stefa@dummymail.com,firefighter
487,Shauna,Odell,Shauna.Odell@dummymail.com,Shauna.Odell@dummymail.com,firefighter
488,Britni,Lareena,Britni.Lareena@dummymail.com,Britni.Lareena@dummymail.com,firefighter
489,Stevana,Aloise,Stevana.Aloise@dummymail.com,Stevana.Aloise@dummymail.com,developer
490,Marika,Rosemary,Marika.Rosemary@dummymail.com,Marika.Rosemary@dummymail.com,doctor
491,Alia,Helve,Alia.Helve@dummymail.com,Alia.Helve@dummymail.com,police officer
492,Luci,Vanni,Luci.Vanni@dummymail.com,Luci.Vanni@dummymail.com,firefighter
493,Pollyanna,Afton,Pollyanna.Afton@dummymail.com,Pollyanna.Afton@dummymail.com,police officer
494,Winifred,Pillsbury,Winifred.Pillsbury@dummymail.com,Winifred.Pillsbury@dummymail.com,firefighter
495,Oralee,Lia,Oralee.Lia@dummymail.com,Oralee.Lia@dummymail.com,doctor
496,Doro,Elsinore,Doro.Elsinore@dummymail.com,Doro.Elsinore@dummymail.com,doctor
497,Teriann,Zaslow,Teriann.Zaslow@dummymail.com,Teriann.Zaslow@dummymail.com,firefighter
498,Nerta,Ophelia,Nerta.Ophelia@dummymail.com,Nerta.Ophelia@dummymail.com,police officer
499,Dyann,Cecile,Dyann.Cecile@dummymail.com,Dyann.Cecile@dummymail.com,police officer
500,Grier,Carbo,Grier.Carbo@dummymail.com,Grier.Carbo@dummymail.com,worker
501,Joane,Karylin,Joane.Karylin@dummymail.com,Joane.Karylin@dummymail.com,police officer
502,Trudie,Nadia,Trudie.Nadia@dummymail.com,Trudie.Nadia@dummymail.com,worker
503,Magdalena,Sawtelle,Magdalena.Sawtelle@dummymail.com,Magdalena.Sawtelle@dummymail.com,worker
504,Sophia,Yorick,Sophia.Yorick@dummymail.com,Sophia.Yorick@dummymail.com,developer
505,Georgina,Saunderson,Georgina.Saunderson@dummymail.com,Georgina.Saunderson@dummymail.com,police officer
506,Juliane,Turne,Juliane.Turne@dummymail.com,Juliane.Turne@dummymail.com,worker
507,Andree,Laurianne,Andree.Laurianne@dummymail.com,Andree.Laurianne@dummymail.com,firefighter
508,Feliza,Fitzsimmons,Feliza.Fitzsimmons@dummymail.com,Feliza.Fitzsimmons@dummymail.com,worker
509,Reeba,Kauppi,Reeba.Kauppi@dummymail.com,Reeba.Kauppi@dummymail.com,doctor
510,Carmencita,Schonfeld,Carmencita.Schonfeld@dummymail.com,Carmencita.Schonfeld@dummymail.com,developer
511,Bernie,Dimitris,Bernie.Dimitris@dummymail.com,Bernie.Dimitris@dummymail.com,worker
512,Tierney,Soneson,Tierney.Soneson@dummymail.com,Tierney.Soneson@dummymail.com,developer
513,Mignon,Tengdin,Mignon.Tengdin@dummymail.com,Mignon.Tengdin@dummymail.com,police officer
514,Tomasina,Denis,Tomasina.Denis@dummymail.com,Tomasina.Denis@dummymail.com,firefighter
515,Eolanda,Hollingsworth,Eolanda.Hollingsworth@dummymail.com,Eolanda.Hollingsworth@dummymail.com,firefighter
516,Nita,Goth,Nita.Goth@dummymail.com,Nita.Goth@dummymail.com,worker
517,Lulita,Chapland,Lulita.Chapland@dummymail.com,Lulita.Chapland@dummymail.com,firefighter
518,Winifred,Earlie,Winifred.Earlie@dummymail.com,Winifred.Earlie@dummymail.com,worker
519,Ivett,Friede,Ivett.Friede@dummymail.com,Ivett.Friede@dummymail.com,developer
520,Kaja,Seagraves,Kaja.Seagraves@dummymail.com,Kaja.Seagraves@dummymail.com,worker
521,Carlie,Francene,Carlie.Francene@dummymail.com,Carlie.Francene@dummymail.com,firefighter
522,Marita,Lumbard,Marita.Lumbard@dummymail.com,Marita.Lumbard@dummymail.com,police officer
523,Annabela,Georgy,Annabela.Georgy@dummymail.com,Annabela.Georgy@dummymail.com,developer
524,Jorry,Buckler,Jorry.Buckler@dummymail.com,Jorry.Buckler@dummymail.com,firefighter
525,Tomasina,Kristi,Tomasina.Kristi@dummymail.com,Tomasina.Kristi@dummymail.com,doctor
526,Bettine,Marisa,Bettine.Marisa@dummymail.com,Bettine.Marisa@dummymail.com,worker
527,Sheelagh,Ade,Sheelagh.Ade@dummymail.com,Sheelagh.Ade@dummymail.com,worker
528,Gwyneth,Swanhildas,Gwyneth.Swanhildas@dummymail.com,Gwyneth.Swanhildas@dummymail.com,developer
529,Wendi,Sharl,Wendi.Sharl@dummymail.com,Wendi.Sharl@dummymail.com,police officer
530,Natka,Hewitt,Natka.Hewitt@dummymail.com,Natka.Hewitt@dummymail.com,developer
531,Dorice,Sinegold,Dorice.Sinegold@dummymail.com,Dorice.Sinegold@dummymail.com,worker
532,Mara,Kenney,Mara.Kenney@dummymail.com,Mara.Kenney@dummymail.com,doctor
533,Carly,Dimitris,Carly.Dimitris@dummymail.com,Carly.Dimitris@dummymail.com,developer
534,Leontine,Edvard,Leontine.Edvard@dummymail.com,Leontine.Edvard@dummymail.com,worker
535,Veda,Konyn,Veda.Konyn@dummymail.com,Veda.Konyn@dummymail.com,police officer
536,Shell,Dituri,Shell.Dituri@dummymail.com,Shell.Dituri@dummymail.com,doctor
537,Veda,Gale,Veda.Gale@dummymail.com,Veda.Gale@dummymail.com,developer
538,Ninnetta,Bronk,Ninnetta.Bronk@dummymail.com,Ninnetta.Bronk@dummymail.com,worker
539,Cyb,Sacken,Cyb.Sacken@dummymail.com,Cyb.Sacken@dummymail.com,worker
540,Lucille,Etom,Lucille.Etom@dummymail.com,Lucille.Etom@dummymail.com,developer
541,Evaleen,Bendick,Evaleen.Bendick@dummymail.com,Evaleen.Bendick@dummymail.com,developer
542,Jeanna,Jenness,Jeanna.Jenness@dummymail.com,Jeanna.Jenness@dummymail.com,worker
543,Alia,Heisel,Alia.Heisel@dummymail.com,Alia.Heisel@dummymail.com,police officer
544,Shannah,Gaspard,Shannah.Gaspard@dummymail.com,Shannah.Gaspard@dummymail.com,doctor
545,Chere,Obed,Chere.Obed@dummymail.com,Chere.Obed@dummymail.com,police officer
546,Drucie,Alva,Drucie.Alva@dummymail.com,Drucie.Alva@dummymail.com,developer
547,Kimberley,Ahab,Kimberley.Ahab@dummymail.com,Kimberley.Ahab@dummymail.com,worker
548,Dominga,Glenden,Dominga.Glenden@dummymail.com,Dominga.Glenden@dummymail.com,police officer
549,Ardenia,Killigrew,Ardenia.Killigrew@dummymail.com,Ardenia.Killigrew@dummymail.com,developer
550,Cherilyn,Melleta,Cherilyn.Melleta@dummymail.com,Cherilyn.Melleta@dummymail.com,firefighter
551,Codie,Neva,Codie.Neva@dummymail.com,Codie.Neva@dummymail.com,developer
552,Linzy,Burch,Linzy.Burch@dummymail.com,Linzy.Burch@dummymail.com,police officer
553,Valli,Byrne,Valli.Byrne@dummymail.com,Valli.Byrne@dummymail.com,developer
554,Abbie,Jaylene,Abbie.Jaylene@dummymail.com,Abbie.Jaylene@dummymail.com,firefighter
555,Rayna,Melan,Rayna.Melan@dummymail.com,Rayna.Melan@dummymail.com,worker
556,Alexine,Septima,Alexine.Septima@dummymail.com,Alexine.Septima@dummymail.com,police officer
557,Lizzie,Elvyn,Lizzie.Elvyn@dummymail.com,Lizzie.Elvyn@dummymail.com,police officer
558,Clementine,Elvyn,Clementine.Elvyn@dummymail.com,Clementine.Elvyn@dummymail.com,firefighter
559,Susette,Adlare,Susette.Adlare@dummymail.com,Susette.Adlare@dummymail.com,developer
560,Genovera,Ogren,Genovera.Ogren@dummymail.com,Genovera.Ogren@dummymail.com,developer
561,Aimil,Tamsky,Aimil.Tamsky@dummymail.com,Aimil.Tamsky@dummymail.com,firefighter
562,Christian,Chauncey,Christian.Chauncey@dummymail.com,Christian.Chauncey@dummymail.com,firefighter
563,Tina,Iiette,Tina.Iiette@dummymail.com,Tina.Iiette@dummymail.com,firefighter
564,Rosanne,Ashok,Rosanne.Ashok@dummymail.com,Rosanne.Ashok@dummymail.com,worker
565,Gilda,Jerald,Gilda.Jerald@dummymail.com,Gilda.Jerald@dummymail.com,developer
566,Adore,Tarrant,Adore.Tarrant@dummymail.com,Adore.Tarrant@dummymail.com,firefighter
567,Kristina,Merat,Kristina.Merat@dummymail.com,Kristina.Merat@dummymail.com,developer
568,Latisha,Bultman,Latisha.Bultman@dummymail.com,Latisha.Bultman@dummymail.com,worker
569,Mallory,Lipson,Mallory.Lipson@dummymail.com,Mallory.Lipson@dummymail.com,doctor
570,Myriam,Waldron,Myriam.Waldron@dummymail.com,Myriam.Waldron@dummymail.com,police officer
571,Iseabal,Roche,Iseabal.Roche@dummymail.com,Iseabal.Roche@dummymail.com,developer
572,Max,Pandolfi,Max.Pandolfi@dummymail.com,Max.Pandolfi@dummymail.com,developer
573,Dorthy,Delila,Dorthy.Delila@dummymail.com,Dorthy.Delila@dummymail.com,firefighter
574,Beth,Stover,Beth.Stover@dummymail.com,Beth.Stover@dummymail.com,police officer
575,Gertrud,Rogerio,Gertrud.Rogerio@dummymail.com,Gertrud.Rogerio@dummymail.com,worker
576,Esmeralda,Joseph,Esmeralda.Joseph@dummymail.com,Esmeralda.Joseph@dummymail.com,firefighter
577,Sheree,Adrienne,Sheree.Adrienne@dummymail.com,Sheree.Adrienne@dummymail.com,doctor
578,Quintina,Rugen,Quintina.Rugen@dummymail.com,Quintina.Rugen@dummymail.com,doctor
579,Darlleen,Fulmer,Darlleen.Fulmer@dummymail.com,Darlleen.Fulmer@dummymail.com,developer
580,Alie,Johnsson,Alie.Johnsson@dummymail.com,Alie.Johnsson@dummymail.com,doctor
581,Alexine,Hull,Alexine.Hull@dummymail.com,Alexine.Hull@dummymail.com,developer
582,Kylynn,Karylin,Kylynn.Karylin@dummymail.com,Kylynn.Karylin@dummymail.com,police officer
583,Bobbi,Primalia,Bobbi.Primalia@dummymail.com,Bobbi.Primalia@dummymail.com,police officer
584,Felice,Dannye,Felice.Dannye@dummymail.com,Felice.Dannye@dummymail.com,police officer
585,Madelle,Paine,Madelle.Paine@dummymail.com,Madelle.Paine@dummymail.com,developer
586,Modestia,Odell,Modestia.Odell@dummymail.com,Modestia.Odell@dummymail.com,firefighter
587,Sidoney,Toor,Sidoney.Toor@dummymail.com,Sidoney.Toor@dummymail.com,worker
588,Nannie,Ricki,Nannie.Ricki@dummymail.com,Nannie.Ricki@dummymail.com,doctor
589,Sindee,Pearse,Sindee.Pearse@dummymail.com,Sindee.Pearse@dummymail.com,developer
590,Paulita,Hamil,Paulita.Hamil@dummymail.com,Paulita.Hamil@dummymail.com,developer
591,Di,Weide,Di.Weide@dummymail.com,Di.Weide@dummymail.com,developer
592,Corene,Wareing,Corene.Wareing@dummymail.com,Corene.Wareing@dummymail.com,doctor
593,Lucille,Ciapas,Lucille.Ciapas@dummymail.com,Lucille.Ciapas@dummymail.com,doctor
594,Alyda,Mott,Alyda.Mott@dummymail.com,Alyda.Mott@dummymail.com,police officer
595,Ermengarde,Nea,Ermengarde.Nea@dummymail.com,Ermengarde.Nea@dummymail.com,worker
596,Jessy,Alva,Jessy.Alva@dummymail.com,Jessy.Alva@dummymail.com,doctor
597,Siana,Shanley,Siana.Shanley@dummymail.com,Siana.Shanley@dummymail.com,developer
598,Janenna,Japeth,Janenna.Japeth@dummymail.com,Janenna.Japeth@dummymail.com,worker
599,Emmey,Koziara,Emmey.Koziara@dummymail.com,Emmey.Koziara@dummymail.com,doctor
600,Genevra,Berriman,Genevra.Berriman@dummymail.com,Genevra.Berriman@dummymail.com,police officer
601,Dawn,Bevin,Dawn.Bevin@dummymail.com,Dawn.Bevin@dummymail.com,doctor
602,Maurene,Sancho,Maurene.Sancho@dummymail.com,Maurene.Sancho@dummymail.com,worker
603,Sabina,Garek,Sabina.Garek@dummymail.com,Sabina.Garek@dummymail.com,doctor
604,Rosanne,Kaja,Rosanne.Kaja@dummymail.com,Rosanne.Kaja@dummymail.com,developer
605,Frances,Sawtelle,Frances.Sawtelle@dummymail.com,Frances.Sawtelle@dummymail.com,developer
606,Annecorinne,Shaddock,Annecorinne.Shaddock@dummymail.com,Annecorinne.Shaddock@dummymail.com,police officer
607,Jordan,Bord,Jordan.Bord@dummymail.com,Jordan.Bord@dummymail.com,police officer
608,Mamie,Kronfeld,Mamie.Kronfeld@dummymail.com,Mamie.Kronfeld@dummymail.com,firefighter
609,Allis,Payson,Allis.Payson@dummymail.com,Allis.Payson@dummymail.com,police officer
610,Eolanda,Kolnick,Eolanda.Kolnick@dummymail.com,Eolanda.Kolnick@dummymail.com,doctor
611,Ekaterina,Dermott,Ekaterina.Dermott@dummymail.com,Ekaterina.Dermott@dummymail.com,doctor
612,Stacey,Bennie,Stacey.Bennie@dummymail.com,Stacey.Bennie@dummymail.com,firefighter
613,Rani,Prober,Rani.Prober@dummymail.com,Rani.Prober@dummymail.com,developer
614,Margarette,Harday,Margarette.Harday@dummymail.com,Margarette.Harday@dummymail.com,worker
615,Riannon,Tayib,Riannon.Tayib@dummymail.com,Riannon.Tayib@dummymail.com,doctor
616,Margarette,Lubin,Margarette.Lubin@dummymail.com,Margarette.Lubin@dummymail.com,worker
617,Bibby,Stav,Bibby.Stav@dummymail.com,Bibby.Stav@dummymail.com,police officer
618,Winifred,Baylor,Winifred.Baylor@dummymail.com,Winifred.Baylor@dummymail.com,police officer
619,Albertina,Firmin,Albertina.Firmin@dummymail.com,Albertina.Firmin@dummymail.com,doctor
620,Elyssa,Genna,Elyssa.Genna@dummymail.com,Elyssa.Genna@dummymail.com,worker
621,Shel,Infield,Shel.Infield@dummymail.com,Shel.Infield@dummymail.com,worker
622,Britte,Reidar,Britte.Reidar@dummymail.com,Britte.Reidar@dummymail.com,developer
623,Angelique,Joseph,Angelique.Joseph@dummymail.com,Angelique.Joseph@dummymail.com,firefighter
624,Lily,Blisse,Lily.Blisse@dummymail.com,Lily.Blisse@dummymail.com,worker
625,Chickie,Cherianne,Chickie.Cherianne@dummymail.com,Chickie.Cherianne@dummymail.com,police officer
626,Alex,Levey,Alex.Levey@dummymail.com,Alex.Levey@dummymail.com,developer
627,Jolyn,McAdams,Jolyn.McAdams@dummymail.com,Jolyn.McAdams@dummymail.com,doctor
628,Ezmeralda,Maribeth,Ezmeralda.Maribeth@dummymail.com,Ezmeralda.Maribeth@dummymail.com,firefighter
629,Nadine,Jaylene,Nadine.Jaylene@dummymail.com,Nadine.Jaylene@dummymail.com,doctor
630,Kellen,Sekofski,Kellen.Sekofski@dummymail.com,Kellen.Sekofski@dummymail.com,developer
631,Keelia,Japeth,Keelia.Japeth@dummymail.com,Keelia.Japeth@dummymail.com,doctor
632,Ardenia,Cassius,Ardenia.Cassius@dummymail.com,Ardenia.Cassius@dummymail.com,police officer
633,Edee,Orelee,Edee.Orelee@dummymail.com,Edee.Orelee@dummymail.com,firefighter
634,Emylee,Chaing,Emylee.Chaing@dummymail.com,Emylee.Chaing@dummymail.com,worker
635,Jan,Allys,Jan.Allys@dummymail.com,Jan.Allys@dummymail.com,firefighter
636,Ada,Lynn,Ada.Lynn@dummymail.com,Ada.Lynn@dummymail.com,police officer
637,Nickie,Bari,Nickie.Bari@dummymail.com,Nickie.Bari@dummymail.com,worker
638,Gusty,Waldron,Gusty.Waldron@dummymail.com,Gusty.Waldron@dummymail.com,doctor
639,Odessa,Payson,Odessa.Payson@dummymail.com,Odessa.Payson@dummymail.com,firefighter
640,Dione,Killigrew,Dione.Killigrew@dummymail.com,Dione.Killigrew@dummymail.com,developer
641,Dania,Laurianne,Dania.Laurianne@dummymail.com,Dania.Laurianne@dummymail.com,doctor
642,Kittie,Sharl,Kittie.Sharl@dummymail.com,Kittie.Sharl@dummymail.com,developer
643,Patricia,Mallon,Patricia.Mallon@dummymail.com,Patricia.Mallon@dummymail.com,worker
644,Lorenza,Mitzi,Lorenza.Mitzi@dummymail.com,Lorenza.Mitzi@dummymail.com,police officer
645,Daune,Federica,Daune.Federica@dummymail.com,Daune.Federica@dummymail.com,doctor
646,Aaren,Crudden,Aaren.Crudden@dummymail.com,Aaren.Crudden@dummymail.com,developer
647,Queenie,Cutlerr,Queenie.Cutlerr@dummymail.com,Queenie.Cutlerr@dummymail.com,police officer
648,Ethel,Tamar,Ethel.Tamar@dummymail.com,Ethel.Tamar@dummymail.com,firefighter
649,Lily,Roarke,Lily.Roarke@dummymail.com,Lily.Roarke@dummymail.com,doctor
650,Hyacinthe,Stevy,Hyacinthe.Stevy@dummymail.com,Hyacinthe.Stevy@dummymail.com,firefighter
651,Bobbi,Anselmi,Bobbi.Anselmi@dummymail.com,Bobbi.Anselmi@dummymail.com,developer
652,Daryl,Cecile,Daryl.Cecile@dummymail.com,Daryl.Cecile@dummymail.com,firefighter
653,Mariann,Primalia,Mariann.Primalia@dummymail.com,Mariann.Primalia@dummymail.com,worker
654,Alie,Salchunas,Alie.Salchunas@dummymail.com,Alie.Salchunas@dummymail.com,developer
655,Gale,Roche,Gale.Roche@dummymail.com,Gale.Roche@dummymail.com,doctor
656,Elyssa,Craggie,Elyssa.Craggie@dummymail.com,Elyssa.Craggie@dummymail.com,developer
657,Nicoli,Even,Nicoli.Even@dummymail.com,Nicoli.Even@dummymail.com,doctor
658,Malina,Thar,Malina.Thar@dummymail.com,Malina.Thar@dummymail.com,firefighter
659,Danny,Valerio,Danny.Valerio@dummymail.com,Danny.Valerio@dummymail.com,firefighter
660,Alejandra,Juan,Alejandra.Juan@dummymail.com,Alejandra.Juan@dummymail.com,developer
661,Renie,Liebermann,Renie.Liebermann@dummymail.com,Renie.Liebermann@dummymail.com,police officer
662,Roz,Dituri,Roz.Dituri@dummymail.com,Roz.Dituri@dummymail.com,doctor
663,Genovera,Cullin,Genovera.Cullin@dummymail.com,Genovera.Cullin@dummymail.com,police officer
664,Kial,Blase,Kial.Blase@dummymail.com,Kial.Blase@dummymail.com,worker
665,Lesly,Saint,Lesly.Saint@dummymail.com,Lesly.Saint@dummymail.com,developer
666,Alejandra,Nickola,Alejandra.Nickola@dummymail.com,Alejandra.Nickola@dummymail.com,police officer
667,Phedra,Yorick,Phedra.Yorick@dummymail.com,Phedra.Yorick@dummymail.com,police officer
668,Gabriellia,Giff,Gabriellia.Giff@dummymail.com,Gabriellia.Giff@dummymail.com,firefighter
669,Paule,Erich,Paule.Erich@dummymail.com,Paule.Erich@dummymail.com,firefighter
670,Taffy,Kevon,Taffy.Kevon@dummymail.com,Taffy.Kevon@dummymail.com,doctor
671,Kirstin,Markman,Kirstin.Markman@dummymail.com,Kirstin.Markman@dummymail.com,doctor
672,Romona,Amasa,Romona.Amasa@dummymail.com,Romona.Amasa@dummymail.com,doctor
673,Lolita,Bollay,Lolita.Bollay@dummymail.com,Lolita.Bollay@dummymail.com,developer
674,Yvonne,Harriman,Yvonne.Harriman@dummymail.com,Yvonne.Harriman@dummymail.com,police officer
675,Millie,Hermes,Millie.Hermes@dummymail.com,Millie.Hermes@dummymail.com,doctor
676,Carly,Capello,Carly.Capello@dummymail.com,Carly.Capello@dummymail.com,firefighter
677,Loree,Armanda,Loree.Armanda@dummymail.com,Loree.Armanda@dummymail.com,developer
678,Lynde,Tamsky,Lynde.Tamsky@dummymail.com,Lynde.Tamsky@dummymail.com,doctor
679,Mara,Jeanne,Mara.Jeanne@dummymail.com,Mara.Jeanne@dummymail.com,developer
680,Joeann,Baptlsta,Joeann.Baptlsta@dummymail.com,Joeann.Baptlsta@dummymail.com,developer
681,Antonietta,Glovsky,Antonietta.Glovsky@dummymail.com,Antonietta.Glovsky@dummymail.com,worker
682,Ileana,Schenck,Ileana.Schenck@dummymail.com,Ileana.Schenck@dummymail.com,developer
683,Tressa,Boehike,Tressa.Boehike@dummymail.com,Tressa.Boehike@dummymail.com,doctor
684,Kathi,Keily,Kathi.Keily@dummymail.com,Kathi.Keily@dummymail.com,police officer
685,Susette,Federica,Susette.Federica@dummymail.com,Susette.Federica@dummymail.com,police officer
686,Deirdre,Loring,Deirdre.Loring@dummymail.com,Deirdre.Loring@dummymail.com,doctor
687,Yolane,Yorick,Yolane.Yorick@dummymail.com,Yolane.Yorick@dummymail.com,worker
688,Paule,Friede,Paule.Friede@dummymail.com,Paule.Friede@dummymail.com,police officer
689,Maryellen,Bohlin,Maryellen.Bohlin@dummymail.com,Maryellen.Bohlin@dummymail.com,doctor
690,Merci,Gemini,Merci.Gemini@dummymail.com,Merci.Gemini@dummymail.com,doctor
691,Aeriela,Halsey,Aeriela.Halsey@dummymail.com,Aeriela.Halsey@dummymail.com,police officer
692,Shaylyn,Wolfgram,Shaylyn.Wolfgram@dummymail.com,Shaylyn.Wolfgram@dummymail.com,worker
693,Myriam,Woodberry,Myriam.Woodberry@dummymail.com,Myriam.Woodberry@dummymail.com,firefighter
694,Lorne,Thomasina,Lorne.Thomasina@dummymail.com,Lorne.Thomasina@dummymail.com,doctor
695,Max,Redmond,Max.Redmond@dummymail.com,Max.Redmond@dummymail.com,police officer
696,Rebeca,Linskey,Rebeca.Linskey@dummymail.com,Rebeca.Linskey@dummymail.com,police officer
697,Karena,Ietta,Karena.Ietta@dummymail.com,Karena.Ietta@dummymail.com,worker
698,Mady,Rossner,Mady.Rossner@dummymail.com,Mady.Rossner@dummymail.com,police officer
699,Noelle,Maisey,Noelle.Maisey@dummymail.com,Noelle.Maisey@dummymail.com,doctor
700,Marinna,Aida,Marinna.Aida@dummymail.com,Marinna.Aida@dummymail.com,police officer
701,Alyda,Ledah,Alyda.Ledah@dummymail.com,Alyda.Ledah@dummymail.com,worker
702,Molli,Colleen,Molli.Colleen@dummymail.com,Molli.Colleen@dummymail.com,doctor
703,Vonny,Tristram,Vonny.Tristram@dummymail.com,Vonny.Tristram@dummymail.com,doctor
704,Cathyleen,Ahab,Cathyleen.Ahab@dummymail.com,Cathyleen.Ahab@dummymail.com,worker
705,Cathie,Diann,Cathie.Diann@dummymail.com,Cathie.Diann@dummymail.com,developer
706,Jinny,Norrie,Jinny.Norrie@dummymail.com,Jinny.Norrie@dummymail.com,developer
707,Ivett,Lasley,Ivett.Lasley@dummymail.com,Ivett.Lasley@dummymail.com,firefighter
708,Cyndie,Ursulette,Cyndie.Ursulette@dummymail.com,Cyndie.Ursulette@dummymail.com,doctor
709,Margarette,Martguerita,Margarette.Martguerita@dummymail.com,Margarette.Martguerita@dummymail.com,doctor
710,Dennie,Latini,Dennie.Latini@dummymail.com,Dennie.Latini@dummymail.com,firefighter
711,Tabbatha,Amadas,Tabbatha.Amadas@dummymail.com,Tabbatha.Amadas@dummymail.com,firefighter
712,Elbertina,Holbrook,Elbertina.Holbrook@dummymail.com,Elbertina.Holbrook@dummymail.com,developer
713,Frank,Cullin,Frank.Cullin@dummymail.com,Frank.Cullin@dummymail.com,doctor
714,Cassondra,Amadas,Cassondra.Amadas@dummymail.com,Cassondra.Amadas@dummymail.com,developer
715,Evita,Edvard,Evita.Edvard@dummymail.com,Evita.Edvard@dummymail.com,firefighter
716,Keelia,Madox,Keelia.Madox@dummymail.com,Keelia.Madox@dummymail.com,developer
717,Donetta,Bertold,Donetta.Bertold@dummymail.com,Donetta.Bertold@dummymail.com,worker
718,Tani,Kannry,Tani.Kannry@dummymail.com,Tani.Kannry@dummymail.com,developer
719,Rosanne,Florina,Rosanne.Florina@dummymail.com,Rosanne.Florina@dummymail.com,worker
720,Charmaine,An,Charmaine.An@dummymail.com,Charmaine.An@dummymail.com,doctor
721,Gabriellia,Tyson,Gabriellia.Tyson@dummymail.com,Gabriellia.Tyson@dummymail.com,firefighter
722,Roxane,Herrera,Roxane.Herrera@dummymail.com,Roxane.Herrera@dummymail.com,doctor
723,June,Tiffa,June.Tiffa@dummymail.com,June.Tiffa@dummymail.com,developer
724,Roz,Morehouse,Roz.Morehouse@dummymail.com,Roz.Morehouse@dummymail.com,developer
725,Celene,Ferino,Celene.Ferino@dummymail.com,Celene.Ferino@dummymail.com,police officer
726,Aubrie,Wolfgram,Aubrie.Wolfgram@dummymail.com,Aubrie.Wolfgram@dummymail.com,police officer
727,Kristan,Ferrell,Kristan.Ferrell@dummymail.com,Kristan.Ferrell@dummymail.com,police officer
728,Mignon,Martsen,Mignon.Martsen@dummymail.com,Mignon.Martsen@dummymail.com,worker
729,Marcelline,Telfer,Marcelline.Telfer@dummymail.com,Marcelline.Telfer@dummymail.com,police officer
730,Goldie,Buffum,Goldie.Buffum@dummymail.com,Goldie.Buffum@dummymail.com,firefighter
731,Ginnie,Kaete,Ginnie.Kaete@dummymail.com,Ginnie.Kaete@dummymail.com,developer
732,Sharai,Kolnick,Sharai.Kolnick@dummymail.com,Sharai.Kolnick@dummymail.com,firefighter
733,Amelia,Payson,Amelia.Payson@dummymail.com,Amelia.Payson@dummymail.com,police officer
734,Marsiella,Barbey,Marsiella.Barbey@dummymail.com,Marsiella.Barbey@dummymail.com,police officer
735,Althea,Mott,Althea.Mott@dummymail.com,Althea.Mott@dummymail.com,doctor
736,Moyna,Roarke,Moyna.Roarke@dummymail.com,Moyna.Roarke@dummymail.com,worker
737,Sallie,Rugen,Sallie.Rugen@dummymail.com,Sallie.Rugen@dummymail.com,doctor
738,Vere,Decato,Vere.Decato@dummymail.com,Vere.Decato@dummymail.com,developer
739,Dorice,Felizio,Dorice.Felizio@dummymail.com,Dorice.Felizio@dummymail.com,doctor
740,Blinni,Himelman,Blinni.Himelman@dummymail.com,Blinni.Himelman@dummymail.com,firefighter
741,Ninnetta,Helfand,Ninnetta.Helfand@dummymail.com,Ninnetta.Helfand@dummymail.com,firefighter
742,Emma,Yorick,Emma.Yorick@dummymail.com,Emma.Yorick@dummymail.com,firefighter
743,Demetris,Brodench,Demetris.Brodench@dummymail.com,Demetris.Brodench@dummymail.com,firefighter
744,Danny,Madox,Danny.Madox@dummymail.com,Danny.Madox@dummymail.com,worker
745,Babita,Celestine,Babita.Celestine@dummymail.com,Babita.Celestine@dummymail.com,doctor
746,Fidelia,Reneta,Fidelia.Reneta@dummymail.com,Fidelia.Reneta@dummymail.com,developer
747,Lolita,Hylan,Lolita.Hylan@dummymail.com,Lolita.Hylan@dummymail.com,police officer
748,Gisela,Abram,Gisela.Abram@dummymail.com,Gisela.Abram@dummymail.com,police officer
749,Fawne,Zachary,Fawne.Zachary@dummymail.com,Fawne.Zachary@dummymail.com,worker
750,Nonnah,Fiann,Nonnah.Fiann@dummymail.com,Nonnah.Fiann@dummymail.com,doctor
751,Bernardine,Malvino,Bernardine.Malvino@dummymail.com,Bernardine.Malvino@dummymail.com,doctor
752,Celisse,Markman,Celisse.Markman@dummymail.com,Celisse.Markman@dummymail.com,worker
753,Kirbee,Codding,Kirbee.Codding@dummymail.com,Kirbee.Codding@dummymail.com,firefighter
754,Malina,Mendez,Malina.Mendez@dummymail.com,Malina.Mendez@dummymail.com,police officer
755,Inga,Voletta,Inga.Voletta@dummymail.com,Inga.Voletta@dummymail.com,developer
756,Ilse,Henebry,Ilse.Henebry@dummymail.com,Ilse.Henebry@dummymail.com,doctor
757,Alexine,Velick,Alexine.Velick@dummymail.com,Alexine.Velick@dummymail.com,doctor
758,Marylou,Jarib,Marylou.Jarib@dummymail.com,Marylou.Jarib@dummymail.com,police officer
759,Codie,Candy,Codie.Candy@dummymail.com,Codie.Candy@dummymail.com,police officer
760,Hannis,Durware,Hannis.Durware@dummymail.com,Hannis.Durware@dummymail.com,firefighter
761,Alie,Cristi,Alie.Cristi@dummymail.com,Alie.Cristi@dummymail.com,doctor
762,Claudina,Alcott,Claudina.Alcott@dummymail.com,Claudina.Alcott@dummymail.com,developer
763,Lory,Zitvaa,Lory.Zitvaa@dummymail.com,Lory.Zitvaa@dummymail.com,police officer
764,Babita,Roscoe,Babita.Roscoe@dummymail.com,Babita.Roscoe@dummymail.com,doctor
765,Talya,Holbrook,Talya.Holbrook@dummymail.com,Talya.Holbrook@dummymail.com,firefighter
766,Jaclyn,Kellby,Jaclyn.Kellby@dummymail.com,Jaclyn.Kellby@dummymail.com,firefighter
767,Gilligan,Iiette,Gilligan.Iiette@dummymail.com,Gilligan.Iiette@dummymail.com,police officer
768,Celene,Pettiford,Celene.Pettiford@dummymail.com,Celene.Pettiford@dummymail.com,firefighter
769,Shaine,Desai,Shaine.Desai@dummymail.com,Shaine.Desai@dummymail.com,developer
770,Raina,Erskine,Raina.Erskine@dummymail.com,Raina.Erskine@dummymail.com,firefighter
771,Brietta,Bakerman,Brietta.Bakerman@dummymail.com,Brietta.Bakerman@dummymail.com,police officer
772,Brynna,Claudine,Brynna.Claudine@dummymail.com,Brynna.Claudine@dummymail.com,doctor
773,Jenda,Pond,Jenda.Pond@dummymail.com,Jenda.Pond@dummymail.com,police officer
774,Elbertina,Vanni,Elbertina.Vanni@dummymail.com,Elbertina.Vanni@dummymail.com,firefighter
775,Gwyneth,Forrer,Gwyneth.Forrer@dummymail.com,Gwyneth.Forrer@dummymail.com,worker
776,Ermengarde,Ietta,Ermengarde.Ietta@dummymail.com,Ermengarde.Ietta@dummymail.com,developer
777,Aeriela,Sharl,Aeriela.Sharl@dummymail.com,Aeriela.Sharl@dummymail.com,firefighter
778,Tonia,Goerke,Tonia.Goerke@dummymail.com,Tonia.Goerke@dummymail.com,worker
779,Oralee,Plato,Oralee.Plato@dummymail.com,Oralee.Plato@dummymail.com,developer
780,Ericka,Douglass,Ericka.Douglass@dummymail.com,Ericka.Douglass@dummymail.com,police officer
781,Correy,Anestassia,Correy.Anestassia@dummymail.com,Correy.Anestassia@dummymail.com,developer
782,Anestassia,Primalia,Anestassia.Primalia@dummymail.com,Anestassia.Primalia@dummymail.com,firefighter
783,Andree,Tristram,Andree.Tristram@dummymail.com,Andree.Tristram@dummymail.com,doctor
784,Estell,Quent,Estell.Quent@dummymail.com,Estell.Quent@dummymail.com,police officer
785,Orelia,Gabrielli,Orelia.Gabrielli@dummymail.com,Orelia.Gabrielli@dummymail.com,worker
786,Lulita,Durante,Lulita.Durante@dummymail.com,Lulita.Durante@dummymail.com,doctor
787,Dennie,Nickola,Dennie.Nickola@dummymail.com,Dennie.Nickola@dummymail.com,firefighter
788,Teddie,Kirbee,Teddie.Kirbee@dummymail.com,Teddie.Kirbee@dummymail.com,worker
789,Annora,Madaih,Annora.Madaih@dummymail.com,Annora.Madaih@dummymail.com,firefighter
790,Tobe,Lytton,Tobe.Lytton@dummymail.com,Tobe.Lytton@dummymail.com,doctor
791,Cassandra,Edmund,Cassandra.Edmund@dummymail.com,Cassandra.Edmund@dummymail.com,developer
792,Gerrie,Roumell,Gerrie.Roumell@dummymail.com,Gerrie.Roumell@dummymail.com,police officer
793,Felice,Yoko,Felice.Yoko@dummymail.com,Felice.Yoko@dummymail.com,firefighter
794,Bertine,Regan,Bertine.Regan@dummymail.com,Bertine.Regan@dummymail.com,worker
795,Stephanie,Tarrant,Stephanie.Tarrant@dummymail.com,Stephanie.Tarrant@dummymail.com,developer
796,Hettie,Yate,Hettie.Yate@dummymail.com,Hettie.Yate@dummymail.com,police officer
797,Nananne,Jaylene,Nananne.Jaylene@dummymail.com,Nananne.Jaylene@dummymail.com,worker
798,Elvira,Konyn,Elvira.Konyn@dummymail.com,Elvira.Konyn@dummymail.com,doctor
799,Sindee,Bashemeth,Sindee.Bashemeth@dummymail.com,Sindee.Bashemeth@dummymail.com,police officer
800,Carolina,Delila,Carolina.Delila@dummymail.com,Carolina.Delila@dummymail.com,doctor
801,Hayley,Bohlin,Hayley.Bohlin@dummymail.com,Hayley.Bohlin@dummymail.com,developer
802,Zaria,Prober,Zaria.Prober@dummymail.com,Zaria.Prober@dummymail.com,developer
803,Ermengarde,Hanleigh,Ermengarde.Hanleigh@dummymail.com,Ermengarde.Hanleigh@dummymail.com,developer
804,Jemie,Stoller,Jemie.Stoller@dummymail.com,Jemie.Stoller@dummymail.com,worker
805,Catrina,Flyn,Catrina.Flyn@dummymail.com,Catrina.Flyn@dummymail.com,firefighter
806,Sarette,Atcliffe,Sarette.Atcliffe@dummymail.com,Sarette.Atcliffe@dummymail.com,worker
807,Tani,Adlare,Tani.Adlare@dummymail.com,Tani.Adlare@dummymail.com,police officer
808,Kore,Aida,Kore.Aida@dummymail.com,Kore.Aida@dummymail.com,worker
809,Calla,Dreda,Calla.Dreda@dummymail.com,Calla.Dreda@dummymail.com,police officer
810,Lily,Lay,Lily.Lay@dummymail.com,Lily.Lay@dummymail.com,doctor
811,Katuscha,Pattin,Katuscha.Pattin@dummymail.com,Katuscha.Pattin@dummymail.com,worker
812,Barbi,Cohdwell,Barbi.Cohdwell@dummymail.com,Barbi.Cohdwell@dummymail.com,developer
813,Allyce,Tayib,Allyce.Tayib@dummymail.com,Allyce.Tayib@dummymail.com,developer
814,Lucille,Pascia,Lucille.Pascia@dummymail.com,Lucille.Pascia@dummymail.com,firefighter
815,Minda,Kussell,Minda.Kussell@dummymail.com,Minda.Kussell@dummymail.com,developer
816,Valli,Vanni,Valli.Vanni@dummymail.com,Valli.Vanni@dummymail.com,doctor
817,Mahalia,Sadowski,Mahalia.Sadowski@dummymail.com,Mahalia.Sadowski@dummymail.com,firefighter
818,Cristine,Jaylene,Cristine.Jaylene@dummymail.com,Cristine.Jaylene@dummymail.com,developer
819,Brooks,Nester,Brooks.Nester@dummymail.com,Brooks.Nester@dummymail.com,doctor
820,Valeda,Rese,Valeda.Rese@dummymail.com,Valeda.Rese@dummymail.com,developer
821,Jinny,Merell,Jinny.Merell@dummymail.com,Jinny.Merell@dummymail.com,worker
822,Fanny,Levey,Fanny.Levey@dummymail.com,Fanny.Levey@dummymail.com,police officer
823,Felice,Joni,Felice.Joni@dummymail.com,Felice.Joni@dummymail.com,doctor
824,Melodie,Wolfgram,Melodie.Wolfgram@dummymail.com,Melodie.Wolfgram@dummymail.com,police officer
825,Wileen,Shuler,Wileen.Shuler@dummymail.com,Wileen.Shuler@dummymail.com,developer
826,Gui,Randene,Gui.Randene@dummymail.com,Gui.Randene@dummymail.com,firefighter
827,Winifred,Robertson,Winifred.Robertson@dummymail.com,Winifred.Robertson@dummymail.com,doctor
828,Nickie,Waite,Nickie.Waite@dummymail.com,Nickie.Waite@dummymail.com,doctor
829,Hallie,Cookie,Hallie.Cookie@dummymail.com,Hallie.Cookie@dummymail.com,doctor
830,Norine,Lacombe,Norine.Lacombe@dummymail.com,Norine.Lacombe@dummymail.com,doctor
831,Danny,Berl,Danny.Berl@dummymail.com,Danny.Berl@dummymail.com,police officer
832,Luci,Elbertina,Luci.Elbertina@dummymail.com,Luci.Elbertina@dummymail.com,worker
833,Janey,Strephon,Janey.Strephon@dummymail.com,Janey.Strephon@dummymail.com,doctor
834,Lynnea,Merriott,Lynnea.Merriott@dummymail.com,Lynnea.Merriott@dummymail.com,worker
835,Sonni,Desai,Sonni.Desai@dummymail.com,Sonni.Desai@dummymail.com,developer
836,Sue,Vanni,Sue.Vanni@dummymail.com,Sue.Vanni@dummymail.com,developer
837,Judy,Zetta,Judy.Zetta@dummymail.com,Judy.Zetta@dummymail.com,firefighter
838,Kimberley,Hathaway,Kimberley.Hathaway@dummymail.com,Kimberley.Hathaway@dummymail.com,police officer
839,Edith,Grimbly,Edith.Grimbly@dummymail.com,Edith.Grimbly@dummymail.com,worker
840,Delilah,Old,Delilah.Old@dummymail.com,Delilah.Old@dummymail.com,doctor
841,Dari,Seumas,Dari.Seumas@dummymail.com,Dari.Seumas@dummymail.com,worker
842,Lynnea,Israeli,Lynnea.Israeli@dummymail.com,Lynnea.Israeli@dummymail.com,police officer
843,Alex,Wadell,Alex.Wadell@dummymail.com,Alex.Wadell@dummymail.com,police officer
844,Paule,Kamaria,Paule.Kamaria@dummymail.com,Paule.Kamaria@dummymail.com,firefighter
845,Jerry,Merat,Jerry.Merat@dummymail.com,Jerry.Merat@dummymail.com,developer
846,Althea,Brieta,Althea.Brieta@dummymail.com,Althea.Brieta@dummymail.com,worker
847,Rosanne,Cookie,Rosanne.Cookie@dummymail.com,Rosanne.Cookie@dummymail.com,police officer
848,Joelly,Sprage,Joelly.Sprage@dummymail.com,Joelly.Sprage@dummymail.com,police officer
849,Viki,Jary,Viki.Jary@dummymail.com,Viki.Jary@dummymail.com,doctor
850,Ketti,Emerson,Ketti.Emerson@dummymail.com,Ketti.Emerson@dummymail.com,doctor
851,Claresta,Doig,Claresta.Doig@dummymail.com,Claresta.Doig@dummymail.com,police officer
852,Evita,Ahab,Evita.Ahab@dummymail.com,Evita.Ahab@dummymail.com,developer
853,Heida,Lynn,Heida.Lynn@dummymail.com,Heida.Lynn@dummymail.com,doctor
854,Adelle,Elsinore,Adelle.Elsinore@dummymail.com,Adelle.Elsinore@dummymail.com,firefighter
855,Siana,Wyn,Siana.Wyn@dummymail.com,Siana.Wyn@dummymail.com,developer
856,Tera,Bluh,Tera.Bluh@dummymail.com,Tera.Bluh@dummymail.com,doctor
857,Merry,Revkah,Merry.Revkah@dummymail.com,Merry.Revkah@dummymail.com,developer
858,Lonnie,Colbert,Lonnie.Colbert@dummymail.com,Lonnie.Colbert@dummymail.com,developer
859,Aigneis,Old,Aigneis.Old@dummymail.com,Aigneis.Old@dummymail.com,police officer
860,Arabel,McLaughlin,Arabel.McLaughlin@dummymail.com,Arabel.McLaughlin@dummymail.com,police officer
861,Micheline,Bigner,Micheline.Bigner@dummymail.com,Micheline.Bigner@dummymail.com,police officer
862,Janenna,Ovid,Janenna.Ovid@dummymail.com,Janenna.Ovid@dummymail.com,developer
863,Belinda,Malina,Belinda.Malina@dummymail.com,Belinda.Malina@dummymail.com,worker
864,Anthia,Catie,Anthia.Catie@dummymail.com,Anthia.Catie@dummymail.com,firefighter
865,Trixi,Chobot,Trixi.Chobot@dummymail.com,Trixi.Chobot@dummymail.com,doctor
866,Maryellen,Baylor,Maryellen.Baylor@dummymail.com,Maryellen.Baylor@dummymail.com,police officer
867,Allis,Norrie,Allis.Norrie@dummymail.com,Allis.Norrie@dummymail.com,developer
868,Natka,Tound,Natka.Tound@dummymail.com,Natka.Tound@dummymail.com,firefighter
869,Basia,An,Basia.An@dummymail.com,Basia.An@dummymail.com,developer
870,Evaleen,Felizio,Evaleen.Felizio@dummymail.com,Evaleen.Felizio@dummymail.com,developer
871,Clary,Desai,Clary.Desai@dummymail.com,Clary.Desai@dummymail.com,police officer
872,Renae,Viddah,Renae.Viddah@dummymail.com,Renae.Viddah@dummymail.com,firefighter
873,Molli,Han,Molli.Han@dummymail.com,Molli.Han@dummymail.com,developer
874,Dominga,Lauraine,Dominga.Lauraine@dummymail.com,Dominga.Lauraine@dummymail.com,firefighter
875,Orsola,Cloris,Orsola.Cloris@dummymail.com,Orsola.Cloris@dummymail.com,doctor
876,Alia,Eugenia,Alia.Eugenia@dummymail.com,Alia.Eugenia@dummymail.com,police officer
877,Tabbatha,Bigner,Tabbatha.Bigner@dummymail.com,Tabbatha.Bigner@dummymail.com,worker
878,Babita,Lenny,Babita.Lenny@dummymail.com,Babita.Lenny@dummymail.com,firefighter
879,Elyssa,Cutlerr,Elyssa.Cutlerr@dummymail.com,Elyssa.Cutlerr@dummymail.com,police officer
880,Allis,Odysseus,Allis.Odysseus@dummymail.com,Allis.Odysseus@dummymail.com,worker
881,Lauryn,Sheng,Lauryn.Sheng@dummymail.com,Lauryn.Sheng@dummymail.com,worker
882,Mellicent,Durante,Mellicent.Durante@dummymail.com,Mellicent.Durante@dummymail.com,firefighter
883,Roz,Hailee,Roz.Hailee@dummymail.com,Roz.Hailee@dummymail.com,developer
884,Edee,Zuzana,Edee.Zuzana@dummymail.com,Edee.Zuzana@dummymail.com,firefighter
885,Roz,Cecile,Roz.Cecile@dummymail.com,Roz.Cecile@dummymail.com,firefighter
886,Marcy,Margarete,Marcy.Margarete@dummymail.com,Marcy.Margarete@dummymail.com,police officer
887,Charmaine,Verger,Charmaine.Verger@dummymail.com,Charmaine.Verger@dummymail.com,developer
888,Shirlee,Riva,Shirlee.Riva@dummymail.com,Shirlee.Riva@dummymail.com,doctor
889,Annice,Emmaline,Annice.Emmaline@dummymail.com,Annice.Emmaline@dummymail.com,worker
890,Carmencita,Denis,Carmencita.Denis@dummymail.com,Carmencita.Denis@dummymail.com,developer
891,Penelopa,Delila,Penelopa.Delila@dummymail.com,Penelopa.Delila@dummymail.com,developer
892,Rosaline,Tatianas,Rosaline.Tatianas@dummymail.com,Rosaline.Tatianas@dummymail.com,doctor
893,Luci,Carlson,Luci.Carlson@dummymail.com,Luci.Carlson@dummymail.com,firefighter
894,Sam,Magnolia,Sam.Magnolia@dummymail.com,Sam.Magnolia@dummymail.com,doctor
895,Janis,Martguerita,Janis.Martguerita@dummymail.com,Janis.Martguerita@dummymail.com,firefighter
896,Valera,Thomasina,Valera.Thomasina@dummymail.com,Valera.Thomasina@dummymail.com,police officer
897,Devina,Ralfston,Devina.Ralfston@dummymail.com,Devina.Ralfston@dummymail.com,developer
898,Rozele,Paton,Rozele.Paton@dummymail.com,Rozele.Paton@dummymail.com,developer
899,Barbara,Arathorn,Barbara.Arathorn@dummymail.com,Barbara.Arathorn@dummymail.com,firefighter
900,Ethel,Elephus,Ethel.Elephus@dummymail.com,Ethel.Elephus@dummymail.com,worker
901,Candy,Colp,Candy.Colp@dummymail.com,Candy.Colp@dummymail.com,developer
902,Bobbi,Dex,Bobbi.Dex@dummymail.com,Bobbi.Dex@dummymail.com,worker
903,Kerrin,Leffen,Kerrin.Leffen@dummymail.com,Kerrin.Leffen@dummymail.com,doctor
904,Gerrie,Jacinda,Gerrie.Jacinda@dummymail.com,Gerrie.Jacinda@dummymail.com,doctor
905,Violet,Lail,Violet.Lail@dummymail.com,Violet.Lail@dummymail.com,worker
906,Rosene,Ferrell,Rosene.Ferrell@dummymail.com,Rosene.Ferrell@dummymail.com,developer
907,Damaris,Cherianne,Damaris.Cherianne@dummymail.com,Damaris.Cherianne@dummymail.com,police officer
908,Robinia,Fiann,Robinia.Fiann@dummymail.com,Robinia.Fiann@dummymail.com,firefighter
909,Dotty,Fancie,Dotty.Fancie@dummymail.com,Dotty.Fancie@dummymail.com,developer
910,Kamilah,Breed,Kamilah.Breed@dummymail.com,Kamilah.Breed@dummymail.com,doctor
911,Alex,Thema,Alex.Thema@dummymail.com,Alex.Thema@dummymail.com,police officer
912,Ottilie,Waldron,Ottilie.Waldron@dummymail.com,Ottilie.Waldron@dummymail.com,firefighter
913,Iseabal,Izaak,Iseabal.Izaak@dummymail.com,Iseabal.Izaak@dummymail.com,doctor
914,Roberta,Cavan,Roberta.Cavan@dummymail.com,Roberta.Cavan@dummymail.com,doctor
915,Rosaline,Waite,Rosaline.Waite@dummymail.com,Rosaline.Waite@dummymail.com,firefighter
916,Sarette,Tjon,Sarette.Tjon@dummymail.com,Sarette.Tjon@dummymail.com,developer
917,Dode,Harned,Dode.Harned@dummymail.com,Dode.Harned@dummymail.com,worker
918,Sheelagh,Bonilla,Sheelagh.Bonilla@dummymail.com,Sheelagh.Bonilla@dummymail.com,doctor
919,Dari,Stav,Dari.Stav@dummymail.com,Dari.Stav@dummymail.com,doctor
920,Gabi,Simmonds,Gabi.Simmonds@dummymail.com,Gabi.Simmonds@dummymail.com,firefighter
921,Esmeralda,Hertzfeld,Esmeralda.Hertzfeld@dummymail.com,Esmeralda.Hertzfeld@dummymail.com,developer
922,Kial,Heisel,Kial.Heisel@dummymail.com,Kial.Heisel@dummymail.com,police officer
923,Jemie,Ricki,Jemie.Ricki@dummymail.com,Jemie.Ricki@dummymail.com,firefighter
924,Melodie,Alcott,Melodie.Alcott@dummymail.com,Melodie.Alcott@dummymail.com,firefighter
925,Sallie,Holbrook,Sallie.Holbrook@dummymail.com,Sallie.Holbrook@dummymail.com,firefighter
926,Belva,Mata,Belva.Mata@dummymail.com,Belva.Mata@dummymail.com,developer
927,Lynde,Berl,Lynde.Berl@dummymail.com,Lynde.Berl@dummymail.com,developer
928,Michaelina,Leopold,Michaelina.Leopold@dummymail.com,Michaelina.Leopold@dummymail.com,firefighter
929,Helsa,Adamsen,Helsa.Adamsen@dummymail.com,Helsa.Adamsen@dummymail.com,firefighter
930,Rosanne,Sharl,Rosanne.Sharl@dummymail.com,Rosanne.Sharl@dummymail.com,worker
931,Gwyneth,Fleeta,Gwyneth.Fleeta@dummymail.com,Gwyneth.Fleeta@dummymail.com,developer
932,Charissa,Alfons,Charissa.Alfons@dummymail.com,Charissa.Alfons@dummymail.com,worker
933,Michaelina,Abbot,Michaelina.Abbot@dummymail.com,Michaelina.Abbot@dummymail.com,doctor
934,Fawne,Cleo,Fawne.Cleo@dummymail.com,Fawne.Cleo@dummymail.com,worker
935,Ada,Presber,Ada.Presber@dummymail.com,Ada.Presber@dummymail.com,worker
936,Janey,Sinegold,Janey.Sinegold@dummymail.com,Janey.Sinegold@dummymail.com,developer
937,Evaleen,Briney,Evaleen.Briney@dummymail.com,Evaleen.Briney@dummymail.com,worker
938,Nikki,Florina,Nikki.Florina@dummymail.com,Nikki.Florina@dummymail.com,police officer
939,Kassey,Jacinda,Kassey.Jacinda@dummymail.com,Kassey.Jacinda@dummymail.com,police officer
940,Petronia,Thilda,Petronia.Thilda@dummymail.com,Petronia.Thilda@dummymail.com,firefighter
941,Annice,Cavan,Annice.Cavan@dummymail.com,Annice.Cavan@dummymail.com,worker
942,Correy,Argus,Correy.Argus@dummymail.com,Correy.Argus@dummymail.com,police officer
943,Margette,Korey,Margette.Korey@dummymail.com,Margette.Korey@dummymail.com,doctor
944,Jaclyn,Noelyn,Jaclyn.Noelyn@dummymail.com,Jaclyn.Noelyn@dummymail.com,firefighter
945,Anthia,Goldina,Anthia.Goldina@dummymail.com,Anthia.Goldina@dummymail.com,firefighter
946,Diena,Han,Diena.Han@dummymail.com,Diena.Han@dummymail.com,developer
947,Georgetta,Rhu,Georgetta.Rhu@dummymail.com,Georgetta.Rhu@dummymail.com,developer
948,Viki,Zitvaa,Viki.Zitvaa@dummymail.com,Viki.Zitvaa@dummymail.com,doctor
949,Arabel,Gaal,Arabel.Gaal@dummymail.com,Arabel.Gaal@dummymail.com,doctor
950,Bobbi,Sheedy,Bobbi.Sheedy@dummymail.com,Bobbi.Sheedy@dummymail.com,doctor
951,Keelia,Dulciana,Keelia.Dulciana@dummymail.com,Keelia.Dulciana@dummymail.com,doctor
952,Carmela,Hanshaw,Carmela.Hanshaw@dummymail.com,Carmela.Hanshaw@dummymail.com,developer
953,Yolane,Calhoun,Yolane.Calhoun@dummymail.com,Yolane.Calhoun@dummymail.com,worker
954,Lorne,Erlandson,Lorne.Erlandson@dummymail.com,Lorne.Erlandson@dummymail.com,police officer
955,Anthia,Etom,Anthia.Etom@dummymail.com,Anthia.Etom@dummymail.com,firefighter
956,Latisha,Melony,Latisha.Melony@dummymail.com,Latisha.Melony@dummymail.com,doctor
957,Cyb,Lalitta,Cyb.Lalitta@dummymail.com,Cyb.Lalitta@dummymail.com,developer
958,Gusella,Liva,Gusella.Liva@dummymail.com,Gusella.Liva@dummymail.com,police officer
959,Sheree,Pip,Sheree.Pip@dummymail.com,Sheree.Pip@dummymail.com,firefighter
960,Brooks,Lesley,Brooks.Lesley@dummymail.com,Brooks.Lesley@dummymail.com,firefighter
961,Ivett,Woodberry,Ivett.Woodberry@dummymail.com,Ivett.Woodberry@dummymail.com,firefighter
962,Penelopa,Garlinda,Penelopa.Garlinda@dummymail.com,Penelopa.Garlinda@dummymail.com,doctor
963,Feliza,Henrie,Feliza.Henrie@dummymail.com,Feliza.Henrie@dummymail.com,worker
964,Wynne,Cordi,Wynne.Cordi@dummymail.com,Wynne.Cordi@dummymail.com,developer
965,Georgina,Wind,Georgina.Wind@dummymail.com,Georgina.Wind@dummymail.com,developer
966,Bill,Baptlsta,Bill.Baptlsta@dummymail.com,Bill.Baptlsta@dummymail.com,doctor
967,Shirlee,Kelula,Shirlee.Kelula@dummymail.com,Shirlee.Kelula@dummymail.com,doctor
968,Basia,Roche,Basia.Roche@dummymail.com,Basia.Roche@dummymail.com,doctor
969,Jillayne,Aloise,Jillayne.Aloise@dummymail.com,Jillayne.Aloise@dummymail.com,worker
970,Lesly,Cassius,Lesly.Cassius@dummymail.com,Lesly.Cassius@dummymail.com,police officer
971,Cissiee,Bakerman,Cissiee.Bakerman@dummymail.com,Cissiee.Bakerman@dummymail.com,doctor
972,Iseabal,Evangelia,Iseabal.Evangelia@dummymail.com,Iseabal.Evangelia@dummymail.com,worker
973,Rubie,Bow,Rubie.Bow@dummymail.com,Rubie.Bow@dummymail.com,developer
974,Jasmina,Edison,Jasmina.Edison@dummymail.com,Jasmina.Edison@dummymail.com,doctor
975,Margarette,Christal,Margarette.Christal@dummymail.com,Margarette.Christal@dummymail.com,police officer
976,Dione,Bates,Dione.Bates@dummymail.com,Dione.Bates@dummymail.com,worker
977,Ezmeralda,Soneson,Ezmeralda.Soneson@dummymail.com,Ezmeralda.Soneson@dummymail.com,firefighter
978,Ketti,Sinegold,Ketti.Sinegold@dummymail.com,Ketti.Sinegold@dummymail.com,doctor
979,Jillayne,Kristi,Jillayne.Kristi@dummymail.com,Jillayne.Kristi@dummymail.com,worker
980,Brena,Paton,Brena.Paton@dummymail.com,Brena.Paton@dummymail.com,police officer
981,Amalie,Keily,Amalie.Keily@dummymail.com,Amalie.Keily@dummymail.com,doctor
982,Roseline,Konyn,Roseline.Konyn@dummymail.com,Roseline.Konyn@dummymail.com,worker
983,Bobinette,Karna,Bobinette.Karna@dummymail.com,Bobinette.Karna@dummymail.com,firefighter
984,Clementine,Gaspard,Clementine.Gaspard@dummymail.com,Clementine.Gaspard@dummymail.com,developer
985,Dale,Pascia,Dale.Pascia@dummymail.com,Dale.Pascia@dummymail.com,firefighter
986,Sindee,Kendrick,Sindee.Kendrick@dummymail.com,Sindee.Kendrick@dummymail.com,developer
987,Xylina,Montgomery,Xylina.Montgomery@dummymail.com,Xylina.Montgomery@dummymail.com,developer
988,Lila,Bevin,Lila.Bevin@dummymail.com,Lila.Bevin@dummymail.com,firefighter
989,Candy,Kat,Candy.Kat@dummymail.com,Candy.Kat@dummymail.com,worker
990,Hallie,Garbe,Hallie.Garbe@dummymail.com,Hallie.Garbe@dummymail.com,firefighter
991,Nananne,Brenn,Nananne.Brenn@dummymail.com,Nananne.Brenn@dummymail.com,developer
992,Helena,Giff,Helena.Giff@dummymail.com,Helena.Giff@dummymail.com,developer
993,Carmencita,Ranjiv,Carmencita.Ranjiv@dummymail.com,Carmencita.Ranjiv@dummymail.com,firefighter
994,Elfreda,Alice,Elfreda.Alice@dummymail.com,Elfreda.Alice@dummymail.com,worker
995,Millie,Chaing,Millie.Chaing@dummymail.com,Millie.Chaing@dummymail.com,worker
996,Sonni,Joachim,Sonni.Joachim@dummymail.com,Sonni.Joachim@dummymail.com,developer
997,Helena,Cullin,Helena.Cullin@dummymail.com,Helena.Cullin@dummymail.com,police officer
998,Latisha,Grobe,Latisha.Grobe@dummymail.com,Latisha.Grobe@dummymail.com,police officer
999,Arlina,Cosenza,Arlina.Cosenza@dummymail.com,Arlina.Cosenza@dummymail.com,police officer
1000,Sadie,Evangelia,Sadie.Evangelia@dummymail.com,Sadie.Evangelia@dummymail.com,doctor
1001,Desirae,Hoban,Desirae.Hoban@dummymail.com,Desirae.Hoban@dummymail.com,doctor
1002,Allis,Kazimir,Allis.Kazimir@dummymail.com,Allis.Kazimir@dummymail.com,worker
1003,Carmencita,Lemuela,Carmencita.Lemuela@dummymail.com,Carmencita.Lemuela@dummymail.com,developer
1004,Sheelagh,Dunkin,Sheelagh.Dunkin@dummymail.com,Sheelagh.Dunkin@dummymail.com,worker
1005,Dorothy,Leler,Dorothy.Leler@dummymail.com,Dorothy.Leler@dummymail.com,doctor
1006,Dominga,Urania,Dominga.Urania@dummymail.com,Dominga.Urania@dummymail.com,firefighter
1007,Ardys,Amand,Ardys.Amand@dummymail.com,Ardys.Amand@dummymail.com,developer
1008,Arlena,Percy,Arlena.Percy@dummymail.com,Arlena.Percy@dummymail.com,developer
1009,Aubrie,Ashely,Aubrie.Ashely@dummymail.com,Aubrie.Ashely@dummymail.com,worker
1010,Marinna,Gombach,Marinna.Gombach@dummymail.com,Marinna.Gombach@dummymail.com,firefighter
1011,Jolyn,Clie,Jolyn.Clie@dummymail.com,Jolyn.Clie@dummymail.com,worker
1012,Ayn,Cadmar,Ayn.Cadmar@dummymail.com,Ayn.Cadmar@dummymail.com,worker
1013,Livvyy,Damarra,Livvyy.Damarra@dummymail.com,Livvyy.Damarra@dummymail.com,worker
1014,Dione,Sherfield,Dione.Sherfield@dummymail.com,Dione.Sherfield@dummymail.com,firefighter
1015,Lila,Chobot,Lila.Chobot@dummymail.com,Lila.Chobot@dummymail.com,doctor
1016,Minne,Ardeha,Minne.Ardeha@dummymail.com,Minne.Ardeha@dummymail.com,developer
1017,Mahalia,Aldric,Mahalia.Aldric@dummymail.com,Mahalia.Aldric@dummymail.com,developer
1018,Jere,Truc,Jere.Truc@dummymail.com,Jere.Truc@dummymail.com,doctor
1019,Meghann,Hanshaw,Meghann.Hanshaw@dummymail.com,Meghann.Hanshaw@dummymail.com,worker
1020,Briney,Posner,Briney.Posner@dummymail.com,Briney.Posner@dummymail.com,firefighter
1021,Abbie,Ader,Abbie.Ader@dummymail.com,Abbie.Ader@dummymail.com,police officer
1022,Rosene,Zetta,Rosene.Zetta@dummymail.com,Rosene.Zetta@dummymail.com,police officer
1023,Eolanda,Mullane,Eolanda.Mullane@dummymail.com,Eolanda.Mullane@dummymail.com,police officer
1024,Ivett,McAdams,Ivett.McAdams@dummymail.com,Ivett.McAdams@dummymail.com,developer
1025,Latisha,Marden,Latisha.Marden@dummymail.com,Latisha.Marden@dummymail.com,doctor
1026,Shaylyn,Brandice,Shaylyn.Brandice@dummymail.com,Shaylyn.Brandice@dummymail.com,police officer
1027,Ann-Marie,Alejoa,Ann-Marie.Alejoa@dummymail.com,Ann-Marie.Alejoa@dummymail.com,doctor
1028,Lexine,Juliet,Lexine.Juliet@dummymail.com,Lexine.Juliet@dummymail.com,developer
1029,Tersina,Suk,Tersina.Suk@dummymail.com,Tersina.Suk@dummymail.com,firefighter
1030,Tatiania,Carvey,Tatiania.Carvey@dummymail.com,Tatiania.Carvey@dummymail.com,developer
1031,Jennica,Felizio,Jennica.Felizio@dummymail.com,Jennica.Felizio@dummymail.com,doctor
1032,Ardys,Barrus,Ardys.Barrus@dummymail.com,Ardys.Barrus@dummymail.com,police officer
1033,Ardenia,Eiser,Ardenia.Eiser@dummymail.com,Ardenia.Eiser@dummymail.com,doctor
1034,Mariele,Alisia,Mariele.Alisia@dummymail.com,Mariele.Alisia@dummymail.com,worker
1035,Larine,Atonsah,Larine.Atonsah@dummymail.com,Larine.Atonsah@dummymail.com,doctor
1036,Audrie,Lutero,Audrie.Lutero@dummymail.com,Audrie.Lutero@dummymail.com,firefighter
1037,Janenna,Argus,Janenna.Argus@dummymail.com,Janenna.Argus@dummymail.com,developer
1038,Eolanda,Bartlett,Eolanda.Bartlett@dummymail.com,Eolanda.Bartlett@dummymail.com,worker
1039,Adore,Thad,Adore.Thad@dummymail.com,Adore.Thad@dummymail.com,police officer
1040,Nataline,Wyn,Nataline.Wyn@dummymail.com,Nataline.Wyn@dummymail.com,developer
1041,Edee,Frodi,Edee.Frodi@dummymail.com,Edee.Frodi@dummymail.com,doctor
1042,Julieta,Jerald,Julieta.Jerald@dummymail.com,Julieta.Jerald@dummymail.com,developer
1043,Reeba,Seumas,Reeba.Seumas@dummymail.com,Reeba.Seumas@dummymail.com,police officer
1044,Kathi,Bevin,Kathi.Bevin@dummymail.com,Kathi.Bevin@dummymail.com,firefighter
1045,Elise,Gilmour,Elise.Gilmour@dummymail.com,Elise.Gilmour@dummymail.com,doctor
1046,Viviene,Niles,Viviene.Niles@dummymail.com,Viviene.Niles@dummymail.com,firefighter
1047,Sabina,Tayib,Sabina.Tayib@dummymail.com,Sabina.Tayib@dummymail.com,police officer
1048,Henriette,Ilka,Henriette.Ilka@dummymail.com,Henriette.Ilka@dummymail.com,police officer
1049,Sarette,Toffic,Sarette.Toffic@dummymail.com,Sarette.Toffic@dummymail.com,doctor
1050,Vanessa,Means,Vanessa.Means@dummymail.com,Vanessa.Means@dummymail.com,police officer
1051,Florencia,Tayib,Florencia.Tayib@dummymail.com,Florencia.Tayib@dummymail.com,doctor
1052,Rosaline,Ummersen,Rosaline.Ummersen@dummymail.com,Rosaline.Ummersen@dummymail.com,doctor
1053,Phylis,Arvo,Phylis.Arvo@dummymail.com,Phylis.Arvo@dummymail.com,doctor
1054,Theodora,Edmund,Theodora.Edmund@dummymail.com,Theodora.Edmund@dummymail.com,firefighter
1055,Bibby,McAdams,Bibby.McAdams@dummymail.com,Bibby.McAdams@dummymail.com,police officer
1056,Alia,Berriman,Alia.Berriman@dummymail.com,Alia.Berriman@dummymail.com,developer
1057,Joeann,Hepsibah,Joeann.Hepsibah@dummymail.com,Joeann.Hepsibah@dummymail.com,developer
1058,Mallory,Ariella,Mallory.Ariella@dummymail.com,Mallory.Ariella@dummymail.com,developer
1059,Jsandye,Giule,Jsandye.Giule@dummymail.com,Jsandye.Giule@dummymail.com,firefighter
1060,Tressa,Armanda,Tressa.Armanda@dummymail.com,Tressa.Armanda@dummymail.com,firefighter
1061,Carmencita,Bivins,Carmencita.Bivins@dummymail.com,Carmencita.Bivins@dummymail.com,police officer
1062,Arabel,Cavan,Arabel.Cavan@dummymail.com,Arabel.Cavan@dummymail.com,developer
1063,Kial,Dom,Kial.Dom@dummymail.com,Kial.Dom@dummymail.com,doctor
1064,Clarice,Knowling,Clarice.Knowling@dummymail.com,Clarice.Knowling@dummymail.com,firefighter
1065,Hayley,Hylan,Hayley.Hylan@dummymail.com,Hayley.Hylan@dummymail.com,doctor
1066,Paulita,Schonfeld,Paulita.Schonfeld@dummymail.com,Paulita.Schonfeld@dummymail.com,doctor
1067,Kimberley,Levey,Kimberley.Levey@dummymail.com,Kimberley.Levey@dummymail.com,doctor
1068,Lucy,Goddard,Lucy.Goddard@dummymail.com,Lucy.Goddard@dummymail.com,police officer
1069,Dede,Sherfield,Dede.Sherfield@dummymail.com,Dede.Sherfield@dummymail.com,firefighter
1070,Lauryn,Taam,Lauryn.Taam@dummymail.com,Lauryn.Taam@dummymail.com,firefighter
1071,Zia,Bouchard,Zia.Bouchard@dummymail.com,Zia.Bouchard@dummymail.com,firefighter
1072,Natka,Bahr,Natka.Bahr@dummymail.com,Natka.Bahr@dummymail.com,police officer
1073,Valeda,Gualtiero,Valeda.Gualtiero@dummymail.com,Valeda.Gualtiero@dummymail.com,developer
1074,Melina,Arne,Melina.Arne@dummymail.com,Melina.Arne@dummymail.com,police officer
1075,Edyth,Cohdwell,Edyth.Cohdwell@dummymail.com,Edyth.Cohdwell@dummymail.com,doctor
1076,Daryl,Lutero,Daryl.Lutero@dummymail.com,Daryl.Lutero@dummymail.com,doctor
1077,Andeee,Torray,Andeee.Torray@dummymail.com,Andeee.Torray@dummymail.com,developer
1078,Maisey,Joni,Maisey.Joni@dummymail.com,Maisey.Joni@dummymail.com,developer
1079,Raina,Stanwood,Raina.Stanwood@dummymail.com,Raina.Stanwood@dummymail.com,doctor
1080,Anica,Roche,Anica.Roche@dummymail.com,Anica.Roche@dummymail.com,police officer
1081,Shandie,Angelis,Shandie.Angelis@dummymail.com,Shandie.Angelis@dummymail.com,firefighter
1082,Sharlene,Pascia,Sharlene.Pascia@dummymail.com,Sharlene.Pascia@dummymail.com,police officer
1083,Kara-Lynn,Dyche,Kara-Lynn.Dyche@dummymail.com,Kara-Lynn.Dyche@dummymail.com,doctor
1084,Cacilie,Irmine,Cacilie.Irmine@dummymail.com,Cacilie.Irmine@dummymail.com,police officer
1085,June,Eckblad,June.Eckblad@dummymail.com,June.Eckblad@dummymail.com,doctor
1086,Randa,Poll,Randa.Poll@dummymail.com,Randa.Poll@dummymail.com,police officer
1087,Agathe,Niccolo,Agathe.Niccolo@dummymail.com,Agathe.Niccolo@dummymail.com,doctor
1088,Madeleine,Peti,Madeleine.Peti@dummymail.com,Madeleine.Peti@dummymail.com,firefighter
1089,Cassondra,Chauncey,Cassondra.Chauncey@dummymail.com,Cassondra.Chauncey@dummymail.com,developer
1090,Ayn,Baudin,Ayn.Baudin@dummymail.com,Ayn.Baudin@dummymail.com,worker
1091,Debee,Garek,Debee.Garek@dummymail.com,Debee.Garek@dummymail.com,doctor
1092,Bill,Creamer,Bill.Creamer@dummymail.com,Bill.Creamer@dummymail.com,developer
1093,Nanete,Neils,Nanete.Neils@dummymail.com,Nanete.Neils@dummymail.com,doctor
1094,Tami,Tamar,Tami.Tamar@dummymail.com,Tami.Tamar@dummymail.com,doctor
1095,Annecorinne,Margarete,Annecorinne.Margarete@dummymail.com,Annecorinne.Margarete@dummymail.com,firefighter
1096,Flory,Harl,Flory.Harl@dummymail.com,Flory.Harl@dummymail.com,firefighter
1097,Shel,Newell,Shel.Newell@dummymail.com,Shel.Newell@dummymail.com,firefighter
1098,Shaine,Heidt,Shaine.Heidt@dummymail.com,Shaine.Heidt@dummymail.com,worker
1099,Raf,Mendez,Raf.Mendez@dummymail.com,Raf.Mendez@dummymail.com,developer