id,firstname,lastname,email,email2,profession
100,Kial,Borrell,Kial.Borrell@dummymail.com,Kial.Borrell@dummymail.com,doctor
101,Gabriellia,Hertzfeld,Gabriellia.Hertzfeld@dummymail.com,Gabriellia.Hertzfeld@dummymail.com,developer
102,Susette,Marijo,Susette.Marijo@dummymail.com,Susette.Marijo@dummymail.com,doctor
103,Lilith,Othilia,Lilith.Othilia@dummymail.com,Lilith.Othilia@dummymail.com,firefighter
104,Kate,Concha,Kate.Concha@dummymail.com,Kate.Concha@dummymail.com,firefighter
105,Ottilie,Catie,Ottilie.Catie@dummymail.com,Ottilie.Catie@dummymail.com,worker
106,Thalia,Pacorro,Thalia.Pacorro@dummymail.com,Thalia.Pacorro@dummymail.com,police officer
107,Ayn,Joli,Ayn.Joli@dummymail.com,Ayn.Joli@dummymail.com,worker
108,Tybie,Dyche,Tybie.Dyche@dummymail.com,Tybie.Dyche@dummymail.com,developer
109,Gratia,Peti,Gratia.Peti@dummymail.com,Gratia.Peti@dummymail.com,police officer
110,Livvyy,Zrike,Livvyy.Zrike@dummymail.com,Livvyy.Zrike@dummymail.com,worker
111,Reeba,Laurianne,Reeba.Laurianne@dummymail.com,Reeba.Laurianne@dummymail.com,developer
112,Gerrie,Carbo,Gerrie.Carbo@dummymail.com,Gerrie.Carbo@dummymail.com,developer
113,Ottilie,Ambrosia,Ottilie.Ambrosia@dummymail.com,Ottilie.Ambrosia@dummymail.com,firefighter
114,Alyda,Vernier,Alyda.Vernier@dummymail.com,Alyda.Vernier@dummymail.com,developer
115,Hannis,Ephrem,Hannis.Ephrem@dummymail.com,Hannis.Ephrem@dummymail.com,doctor
116,Emmey,Vorster,Emmey.Vorster@dummymail.com,Emmey.Vorster@dummymail.com,doctor
117,Jere,Infield,Jere.Infield@dummymail.com,Jere.Infield@dummymail.com,police officer
118,Roberta,Suanne,Roberta.Suanne@dummymail.com,Roberta.Suanne@dummymail.com,police officer
119,Aigneis,Erlandson,Aigneis.Erlandson@dummymail.com,Aigneis.Erlandson@dummymail.com,worker
120,Romona,Gregrory,Romona.Gregrory@dummymail.com,Romona.Gregrory@dummymail.com,firefighter
121,Randa,Pernick,Randa.Pernick@dummymail.com,Randa.Pernick@dummymail.com,worker
122,Micheline,Havens,Micheline.Havens@dummymail.com,Micheline.Havens@dummymail.com,police officer
123,Linzy,Monaco,Linzy.Monaco@dummymail.com,Linzy.Monaco@dummymail.com,doctor
124,Raquela,Vharat,Raquela.Vharat@dummymail.com,Raquela.Vharat@dummymail.com,police officer
125,Bettine,Vary,Bettine.Vary@dummymail.com,Bettine.Vary@dummymail.com,worker
126,Vere,Madox,Vere.Madox@dummymail.com,Vere.Madox@dummymail.com,police officer
127,Aaren,Sekofski,Aaren.Sekofski@dummymail.com,Aaren.Sekofski@dummymail.com,police officer
128,Thalia,Vilma,Thalia.Vilma@dummymail.com,Thalia.Vilma@dummymail.com,worker
129,Odessa,Caitlin,Odessa.Caitlin@dummymail.com,Odessa.Caitlin@dummymail.com,developer
130,Maud,Dannye,Maud.Dannye@dummymail.com,Maud.Dannye@dummymail.com,firefighter
131,Mignon,Berl,Mignon.Berl@dummymail.com,Mignon.Berl@dummymail.com,firefighter
132,Carlie,Rese,Carlie.Rese@dummymail.com,Carlie.Rese@dummymail.com,developer
133,Clementine,Arvo,Clementine.Arvo@dummymail.com,Clementine.Arvo@dummymail.com,firefighter
134,Melodie,Cottle,Melodie.Cottle@dummymail.com,Melodie.Cottle@dummymail.com,developer
135,Leontine,Gherardo,Leontine.Gherardo@dummymail.com,Leontine.Gherardo@dummymail.com,firefighter
136,Madalyn,Felecia,Madalyn.Felecia@dummymail.com,Madalyn.Felecia@dummymail.com,firefighter
137,Inga,Israeli,Inga.Israeli@dummymail.com,Inga.Israeli@dummymail.com,worker
138,Alameda,Raama,Alameda.Raama@dummymail.com,Alameda.Raama@dummymail.com,doctor
139,Mariann,Sheedy,Mariann.Sheedy@dummymail.com,Mariann.Sheedy@dummymail.com,police officer
140,Roslyn,Gladstone,Roslyn.Gladstone@dummymail.com,Roslyn.Gladstone@dummymail.com,worker
141,Phylis,Edvard,Phylis.Edvard@dummymail.com,Phylis.Edvard@dummymail.com,worker
142,Josephine,Ries,Josephine.Ries@dummymail.com,Josephine.Ries@dummymail.com,police officer
143,Zsa Zsa,Quent,Zsa Zsa.Quent@dummymail.com,Zsa Zsa.Quent@dummymail.com,firefighter
144,Gusty,Carlson,Gusty.Carlson@dummymail.com,Gusty.Carlson@dummymail.com,police officer
145,Dorene,Zitvaa,Dorene.Zitvaa@dummymail.com,Dorene.Zitvaa@dummymail.com,police officer
146,Romona,Pierette,Romona.Pierette@dummymail.com,Romona.Pierette@dummymail.com,firefighter
147,Nita,Himelman,Nita.Himelman@dummymail.com,Nita.Himelman@dummymail.com,firefighter
148,Misha,Egbert,Misha.Egbert@dummymail.com,Misha.Egbert@dummymail.com,firefighter
149,Mignon,Miru,Mignon.Miru@dummymail.com,Mignon.Miru@dummymail.com,worker
150,Georgetta,Dielu,Georgetta.Dielu@dummymail.com,Georgetta.Dielu@dummymail.com,doctor
151,Antonietta,Brady,Antonietta.Brady@dummymail.com,Antonietta.Brady@dummymail.com,developer
152,Alie,Ferino,Alie.Ferino@dummymail.com,Alie.Ferino@dummymail.com,worker
153,Doro,Vary,Doro.Vary@dummymail.com,Doro.Vary@dummymail.com,developer
154,Starla,Xerxes,Starla.Xerxes@dummymail.com,Starla.Xerxes@dummymail.com,police officer
155,Minda,Lareena,Minda.Lareena@dummymail.com,Minda.Lareena@dummymail.com,worker
156,Donetta,Toffic,Donetta.Toffic@dummymail.com,Donetta.Toffic@dummymail.com,developer
157,Karly,Eldrid,Karly.Eldrid@dummymail.com,Karly.Eldrid@dummymail.com,doctor
158,Kimmy,Garbe,Kimmy.Garbe@dummymail.com,Kimmy.Garbe@dummymail.com,developer
159,Sadie,Sisile,Sadie.Sisile@dummymail.com,Sadie.Sisile@dummymail.com,worker
160,Adriana,Goddard,Adriana.Goddard@dummymail.com,Adriana.Goddard@dummymail.com,worker
161,Andree,Duwalt,Andree.Duwalt@dummymail.com,Andree.Duwalt@dummymail.com,doctor
162,Wynne,Gilbertson,Wynne.Gilbertson@dummymail.com,Wynne.Gilbertson@dummymail.com,police officer
163,Lusa,Havens,Lusa.Havens@dummymail.com,Lusa.Havens@dummymail.com,doctor
164,Fidelia,Shuler,Fidelia.Shuler@dummymail.com,Fidelia.Shuler@dummymail.com,worker
165,Paola,McNully,Paola.McNully@dummymail.com,Paola.McNully@dummymail.com,developer
166,Kirbee,Vharat,Kirbee.Vharat@dummymail.com,Kirbee.Vharat@dummymail.com,firefighter
167,Wanda,McCutcheon,Wanda.McCutcheon@dummymail.com,Wanda.McCutcheon@dummymail.com,doctor
168,Valera,Rheingold,Valera.Rheingold@dummymail.com,Valera.Rheingold@dummymail.com,developer
169,Jere,Wesle,Jere.Wesle@dummymail.com,Jere.Wesle@dummymail.com,police officer
170,Susan,Waldron,Susan.Waldron@dummymail.com,Susan.Waldron@dummymail.com,developer
171,Quintina,Middleton,Quintina.Middleton@dummymail.com,Quintina.Middleton@dummymail.com,developer
172,Gisela,Standing,Gisela.Standing@dummymail.com,Gisela.Standing@dummymail.com,developer
173,Oona,Cleo,Oona.Cleo@dummymail.com,Oona.Cleo@dummymail.com,developer
174,Margarette,Verger,Margarette.Verger@dummymail.com,Margarette.Verger@dummymail.com,firefighter
175,Rozele,Serilda,Rozele.Serilda@dummymail.com,Rozele.Serilda@dummymail.com,police officer
176,Brena,Vittoria,Brena.Vittoria@dummymail.com,Brena.Vittoria@dummymail.com,doctor
177,Myriam,Durante,Myriam.Durante@dummymail.com,Myriam.Durante@dummymail.com,doctor
178,Corry,Fry,Corry.Fry@dummymail.com,Corry.Fry@dummymail.com,worker
179,Dominga,Stephie,Dominga.Stephie@dummymail.com,Dominga.Stephie@dummymail.com,doctor
180,Mignon,Gilbertson,Mignon.Gilbertson@dummymail.com,Mignon.Gilbertson@dummymail.com,doctor
181,Ottilie,Ricarda,Ottilie.Ricarda@dummymail.com,Ottilie.Ricarda@dummymail.com,worker
182,Mignon,Prober,Mignon.Prober@dummymail.com,Mignon.Prober@dummymail.com,developer
183,Minda,Elo,Minda.Elo@dummymail.com,Minda.Elo@dummymail.com,doctor
184,Starla,Diann,Starla.Diann@dummymail.com,Starla.Diann@dummymail.com,police officer
185,Elka,Vary,Elka.Vary@dummymail.com,Elka.Vary@dummymail.com,worker
186,Ginnie,Alrich,Ginnie.Alrich@dummymail.com,Ginnie.Alrich@dummymail.com,police officer
187,Shaylyn,Nicoline,Shaylyn.Nicoline@dummymail.com,Shaylyn.Nicoline@dummymail.com,police officer
188,Minne,Seligman,Minne.Seligman@dummymail.com,Minne.Seligman@dummymail.com,developer
189,Codie,Ferrell,Codie.Ferrell@dummymail.com,Codie.Ferrell@dummymail.com,developer
190,Philis,Breed,Philis.Breed@dummymail.com,Philis.Breed@dummymail.com,worker
191,Judy,Eugenia,Judy.Eugenia@dummymail.com,Judy.Eugenia@dummymail.com,firefighter
192,Cathyleen,Virgin,Cathyleen.Virgin@dummymail.com,Cathyleen.Virgin@dummymail.com,firefighter
193,Therine,Noman,Therine.Noman@dummymail.com,Therine.Noman@dummymail.com,police officer
194,Rebeca,Douglass,Rebeca.Douglass@dummymail.com,Rebeca.Douglass@dummymail.com,worker
195,Darci,Forrer,Darci.Forrer@dummymail.com,Darci.Forrer@dummymail.com,doctor
196,Tonia,Mauer,Tonia.Mauer@dummymail.com,Tonia.Mauer@dummymail.com,developer
197,Aryn,Honoria,Aryn.Honoria@dummymail.com,Aryn.Honoria@dummymail.com,police officer
198,Tomasina,Beniamino,Tomasina.Beniamino@dummymail.com,Tomasina.Beniamino@dummymail.com,developer
199,Carly,Catie,Carly.Catie@dummymail.com,Carly.Catie@dummymail.com,police officer
200,Debee,Georas,Debee.Georas@dummymail.com,Debee.Georas@dummymail.com,firefighter
201,Queenie,Bivins,Queenie.Bivins@dummymail.com,Queenie.Bivins@dummymail.com,developer
202,Renie,Vanni,Renie.Vanni@dummymail.com,Renie.Vanni@dummymail.com,firefighter
203,Charmaine,Noam,Charmaine.Noam@dummymail.com,Charmaine.Noam@dummymail.com,police officer
204,Xylina,Corilla,Xylina.Corilla@dummymail.com,Xylina.Corilla@dummymail.com,developer
205,Corene,Mendez,Corene.Mendez@dummymail.com,Corene.Mendez@dummymail.com,doctor
206,Dari,Zola,Dari.Zola@dummymail.com,Dari.Zola@dummymail.com,police officer
207,Babita,Moseley,Babita.Moseley@dummymail.com,Babita.Moseley@dummymail.com,firefighter
208,Gertrud,Atonsah,Gertrud.Atonsah@dummymail.com,Gertrud.Atonsah@dummymail.com,doctor
209,Hannis,Drus,Hannis.Drus@dummymail.com,Hannis.Drus@dummymail.com,worker
210,Adelle,Morehouse,Adelle.Morehouse@dummymail.com,Adelle.Morehouse@dummymail.com,developer
211,Mara,Bandeen,Mara.Bandeen@dummymail.com,Mara.Bandeen@dummymail.com,worker
212,Leontine,Dorcy,Leontine.Dorcy@dummymail.com,Leontine.Dorcy@dummymail.com,worker
213,Briney,Bahr,Briney.Bahr@dummymail.com,Briney.Bahr@dummymail.com,developer
214,Tobe,Birdella,Tobe.Birdella@dummymail.com,Tobe.Birdella@dummymail.com,doctor
215,Lauryn,Gwenore,Lauryn.Gwenore@dummymail.com,Lauryn.Gwenore@dummymail.com,doctor
216,Gale,Rhu,Gale.Rhu@dummymail.com,Gale.Rhu@dummymail.com,firefighter
217,Pierette,Gabrielli,Pierette.Gabrielli@dummymail.com,Pierette.Gabrielli@dummymail.com,firefighter
218,Britte,Isidore,Britte.Isidore@dummymail.com,Britte.Isidore@dummymail.com,developer
219,Viviene,Delacourt,Viviene.Delacourt@dummymail.com,Viviene.Delacourt@dummymail.com,developer
220,Asia,Hebner,Asia.Hebner@dummymail.com,Asia.Hebner@dummymail.com,police officer
221,Marnia,Euridice,Marnia.Euridice@dummymail.com,Marnia.Euridice@dummymail.com,worker
222,Hollie,Connelly,Hollie.Connelly@dummymail.com,Hollie.Connelly@dummymail.com,developer
223,Fina,Dermott,Fina.Dermott@dummymail.com,Fina.Dermott@dummymail.com,doctor
224,Gui,Olin,Gui.Olin@dummymail.com,Gui.Olin@dummymail.com,worker
225,Aimil,Dichy,Aimil.Dichy@dummymail.com,Aimil.Dichy@dummymail.com,developer
226,Charmaine,Henebry,Charmaine.Henebry@dummymail.com,Charmaine.Henebry@dummymail.com,worker
227,Althea,Dowski,Althea.Dowski@dummymail.com,Althea.Dowski@dummymail.com,developer
228,Betta,Trey,Betta.Trey@dummymail.com,Betta.Trey@dummymail.com,worker
229,Adele,Laverne,Adele.Laverne@dummymail.com,Adele.Laverne@dummymail.com,worker
230,Carolina,Howlyn,Carolina.Howlyn@dummymail.com,Carolina.Howlyn@dummymail.com,firefighter
231,Heddie,Lenny,Heddie.Lenny@dummymail.com,Heddie.Lenny@dummymail.com,police officer
232,Celisse,Cosenza,Celisse.Cosenza@dummymail.com,Celisse.Cosenza@dummymail.com,worker
233,Imojean,Estella,Imojean.Estella@dummymail.com,Imojean.Estella@dummymail.com,worker
234,Andeee,Catie,Andeee.Catie@dummymail.com,Andeee.Catie@dummymail.com,developer
235,Robinia,Jeanne,Robinia.Jeanne@dummymail.com,Robinia.Jeanne@dummymail.com,doctor
236,Emilia,Pauly,Emilia.Pauly@dummymail.com,Emilia.Pauly@dummymail.com,firefighter
237,Lanna,Xerxes,Lanna.Xerxes@dummymail.com,Lanna.Xerxes@dummymail.com,police officer
238,Netty,Mayeda,Netty.Mayeda@dummymail.com,Netty.Mayeda@dummymail.com,worker
239,Bill,Hull,Bill.Hull@dummymail.com,Bill.Hull@dummymail.com,police officer
240,Sallie,Konyn,Sallie.Konyn@dummymail.com,Sallie.Konyn@dummymail.com,police officer
241,Tressa,Elvyn,Tressa.Elvyn@dummymail.com,Tressa.Elvyn@dummymail.com,doctor
242,Caritta,Dex,Caritta.Dex@dummymail.com,Caritta.Dex@dummymail.com,worker
243,Cathie,Publia,Cathie.Publia@dummymail.com,Cathie.Publia@dummymail.com,police officer
244,Jany,Seligman,Jany.Seligman@dummymail.com,Jany.Seligman@dummymail.com,firefighter
245,Mara,Lane,Mara.Lane@dummymail.com,Mara.Lane@dummymail.com,firefighter
246,Frank,Avi,Frank.Avi@dummymail.com,Frank.Avi@dummymail.com,police officer
247,Dagmar,Slifka,Dagmar.Slifka@dummymail.com,Dagmar.Slifka@dummymail.com,police officer
248,Charlena,Idelia,Charlena.Idelia@dummymail.com,Charlena.Idelia@dummymail.com,police officer
249,Sissy,Kylander,Sissy.Kylander@dummymail.com,Sissy.Kylander@dummymail.com,doctor
250,Theodora,Krystle,Theodora.Krystle@dummymail.com,Theodora.Krystle@dummymail.com,developer
251,Christian,Tamsky,Christian.Tamsky@dummymail.com,Christian.Tamsky@dummymail.com,developer
252,Tatiania,Dosia,Tatiania.Dosia@dummymail.com,Tatiania.Dosia@dummymail.com,doctor
253,Madeleine,Amethist,Madeleine.Amethist@dummymail.com,Madeleine.Amethist@dummymail.com,firefighter
254,Farrah,Claudine,Farrah.Claudine@dummymail.com,Farrah.Claudine@dummymail.com,doctor
255,Mamie,Dom,Mamie.Dom@dummymail.com,Mamie.Dom@dummymail.com,firefighter
256,Jan,Koziara,Jan.Koziara@dummymail.com,Jan.Koziara@dummymail.com,firefighter
257,Shandie,Federica,Shandie.Federica@dummymail.com,Shandie.Federica@dummymail.com,firefighter
258,Cherilyn,Ellerey,Cherilyn.Ellerey@dummymail.com,Cherilyn.Ellerey@dummymail.com,worker
259,Stephanie,Federica,Stephanie.Federica@dummymail.com,Stephanie.Federica@dummymail.com,doctor
260,Ardenia,Horan,Ardenia.Horan@dummymail.com,Ardenia.Horan@dummymail.com,doctor
261,Jacquetta,Taam,Jacquetta.Taam@dummymail.com,Jacquetta.Taam@dummymail.com,police officer
262,Tressa,Lay,Tressa.Lay@dummymail.com,Tressa.Lay@dummymail.com,developer
263,Daphne,Solitta,Daphne.Solitta@dummymail.com,Daphne.Solitta@dummymail.com,developer
264,Felice,Fiester,Felice.Fiester@dummymail.com,Felice.Fiester@dummymail.com,doctor
265,Georgetta,Smitt,Georgetta.Smitt@dummymail.com,Georgetta.Smitt@dummymail.com,developer
266,Beverley,Hollingsworth,Beverley.Hollingsworth@dummymail.com,Beverley.Hollingsworth@dummymail.com,firefighter
267,Eadie,Pyle,Eadie.Pyle@dummymail.com,Eadie.Pyle@dummymail.com,worker
268,Kore,Shaddock,Kore.Shaddock@dummymail.com,Kore.Shaddock@dummymail.com,worker
269,Annice,Teddman,Annice.Teddman@dummymail.com,Annice.Teddman@dummymail.com,worker
270,Jessamyn,Parette,Jessamyn.Parette@dummymail.com,Jessamyn.Parette@dummymail.com,doctor
271,Rhoda,Alabaster,Rhoda.Alabaster@dummymail.com,Rhoda.Alabaster@dummymail.com,developer
272,Ofilia,Vernier,Ofilia.Vernier@dummymail.com,Ofilia.Vernier@dummymail.com,firefighter
273,Basia,MacIntosh,Basia.MacIntosh@dummymail.com,Basia.MacIntosh@dummymail.com,police officer
274,Benita,Schlosser,Benita.Schlosser@dummymail.com,Benita.Schlosser@dummymail.com,police officer
275,Donetta,Lilybelle,Donetta.Lilybelle@dummymail.com,Donetta.Lilybelle@dummymail.com,worker
276,Lenna,Morehouse,Lenna.Morehouse@dummymail.com,Lenna.Morehouse@dummymail.com,worker
277,Sindee,Wenoa,Sindee.Wenoa@dummymail.com,Sindee.Wenoa@dummymail.com,firefighter
278,Juliane,Khorma,Juliane.Khorma@dummymail.com,Juliane.Khorma@dummymail.com,firefighter
279,Clo,Sharl,Clo.Sharl@dummymail.com,Clo.Sharl@dummymail.com,worker
280,Delilah,Nance,Delilah.Nance@dummymail.com,Delilah.Nance@dummymail.com,developer
281,Chere,Alfons,Chere.Alfons@dummymail.com,Chere.Alfons@dummymail.com,developer
282,Kathy,Krystle,Kathy.Krystle@dummymail.com,Kathy.Krystle@dummymail.com,doctor
283,Brianna,Sibyls,Brianna.Sibyls@dummymail.com,Brianna.Sibyls@dummymail.com,police officer
284,Diena,Toffic,Diena.Toffic@dummymail.com,Diena.Toffic@dummymail.com,police officer
285,Chandra,Maribeth,Chandra.Maribeth@dummymail.com,Chandra.Maribeth@dummymail.com,firefighter
286,Chere,Cimbura,Chere.Cimbura@dummymail.com,Chere.Cimbura@dummymail.com,police officer
287,Sonni,Bandeen,Sonni.Bandeen@dummymail.com,Sonni.Bandeen@dummymail.com,developer
288,Antonietta,Wadell,Antonietta.Wadell@dummymail.com,Antonietta.Wadell@dummymail.com,police officer
289,Shirlee,Charmine,Shirlee.Charmine@dummymail.com,Shirlee.Charmine@dummymail.com,doctor
290,Alexine,Hylan,Alexine.Hylan@dummymail.com,Alexine.Hylan@dummymail.com,developer
291,Riannon,Heidt,Riannon.Heidt@dummymail.com,Riannon.Heidt@dummymail.com,developer
292,Alleen,Chapland,Alleen.Chapland@dummymail.com,Alleen.Chapland@dummymail.com,firefighter
293,Ariela,Roumell,Ariela.Roumell@dummymail.com,Ariela.Roumell@dummymail.com,developer
294,Perry,Dowski,Perry.Dowski@dummymail.com,Perry.Dowski@dummymail.com,firefighter
295,Vinita,Artie,Vinita.Artie@dummymail.com,Vinita.Artie@dummymail.com,worker
296,Ricky,Idelia,Ricky.Idelia@dummymail.com,Ricky.Idelia@dummymail.com,doctor
297,Rochette,Selway,Rochette.Selway@dummymail.com,Rochette.Selway@dummymail.com,doctor
298,Dagmar,Tamar,Dagmar.Tamar@dummymail.com,Dagmar.Tamar@dummymail.com,police officer
299,Merci,Means,Merci.Means@dummymail.com,Merci.Means@dummymail.com,developer
300,Julieta,Reneta,Julieta.Reneta@dummymail.com,Julieta.Reneta@dummymail.com,firefighter
301,Layla,Ralfston,Layla.Ralfston@dummymail.com,Layla.Ralfston@dummymail.com,worker
302,Taffy,Arathorn,Taffy.Arathorn@dummymail.com,Taffy.Arathorn@dummymail.com,police officer
303,Claresta,Ruvolo,Claresta.Ruvolo@dummymail.com,Claresta.Ruvolo@dummymail.com,police officer
304,Lelah,Adalbert,Lelah.Adalbert@dummymail.com,Lelah.Adalbert@dummymail.com,police officer
305,Raf,Goldina,Raf.Goldina@dummymail.com,Raf.Goldina@dummymail.com,worker
306,Cathyleen,Fredi,Cathyleen.Fredi@dummymail.com,Cathyleen.Fredi@dummymail.com,firefighter
307,Alie,Alcott,Alie.Alcott@dummymail.com,Alie.Alcott@dummymail.com,police officer
308,Tonia,McClimans,Tonia.McClimans@dummymail.com,Tonia.McClimans@dummymail.com,worker
309,Arlina,Goode,Arlina.Goode@dummymail.com,Arlina.Goode@dummymail.com,firefighter
310,Andree,Ezar,Andree.Ezar@dummymail.com,Andree.Ezar@dummymail.com,police officer
311,Nickie,Longfellow,Nickie.Longfellow@dummymail.com,Nickie.Longfellow@dummymail.com,police officer
312,Sean,Joachim,Sean.Joachim@dummymail.com,Sean.Joachim@dummymail.com,firefighter
313,Kara-Lynn,Dulciana,Kara-Lynn.Dulciana@dummymail.com,Kara-Lynn.Dulciana@dummymail.com,firefighter
314,Caryl,Madox,Caryl.Madox@dummymail.com,Caryl.Madox@dummymail.com,doctor
315,Anica,Casimir,Anica.Casimir@dummymail.com,Anica.Casimir@dummymail.com,police officer
316,Clo,Gilmour,Clo.Gilmour@dummymail.com,Clo.Gilmour@dummymail.com,police officer
317,Viki,Bashemeth,Viki.Bashemeth@dummymail.com,Viki.Bashemeth@dummymail.com,worker
318,Shel,Yerkovich,Shel.Yerkovich@dummymail.com,Shel.Yerkovich@dummymail.com,developer
319,Vonny,Wolfgram,Vonny.Wolfgram@dummymail.com,Vonny.Wolfgram@dummymail.com,developer
320,Dennie,Heisel,Dennie.Heisel@dummymail.com,Dennie.Heisel@dummymail.com,developer
321,Gianina,Bearnard,Gianina.Bearnard@dummymail.com,Gianina.Bearnard@dummymail.com,doctor
322,Quintina,Gale,Quintina.Gale@dummymail.com,Quintina.Gale@dummymail.com,doctor
323,Donnie,Tristram,Donnie.Tristram@dummymail.com,Donnie.Tristram@dummymail.com,firefighter
324,Kathi,Magnolia,Kathi.Magnolia@dummymail.com,Kathi.Magnolia@dummymail.com,firefighter
325,Cherrita,Mallon,Cherrita.Mallon@dummymail.com,Cherrita.Mallon@dummymail.com,developer
326,Ezmeralda,Rozanna,Ezmeralda.Rozanna@dummymail.com,Ezmeralda.Rozanna@dummymail.com,police officer
327,Siana,Grimbly,Siana.Grimbly@dummymail.com,Siana.Grimbly@dummymail.com,firefighter
328,Sharlene,Brian,Sharlene.Brian@dummymail.com,Sharlene.Brian@dummymail.com,firefighter
329,Nataline,Kat,Nataline.Kat@dummymail.com,Nataline.Kat@dummymail.com,firefighter
330,Cathyleen,Connelly,Cathyleen.Connelly@dummymail.com,Cathyleen.Connelly@dummymail.com,worker
331,Mildrid,Wattenberg,Mildrid.Wattenberg@dummymail.com,Mildrid.Wattenberg@dummymail.com,firefighter
332,Christal,Philipp,Christal.Philipp@dummymail.com,Christal.Philipp@dummymail.com,worker
333,Millie,Freddi,Millie.Freddi@dummymail.com,Millie.Freddi@dummymail.com,developer
334,Christy,Hedve,Christy.Hedve@dummymail.com,Christy.Hedve@dummymail.com,police officer
335,Evaleen,Toor,Evaleen.Toor@dummymail.com,Evaleen.Toor@dummymail.com,worker
336,Mary,Halsey,Mary.Halsey@dummymail.com,Mary.Halsey@dummymail.com,firefighter
337,Gratia,Helve,Gratia.Helve@dummymail.com,Gratia.Helve@dummymail.com,police officer
338,Luci,Aurelio,Luci.Aurelio@dummymail.com,Luci.Aurelio@dummymail.com,doctor
339,Jaclyn,Berl,Jaclyn.Berl@dummymail.com,Jaclyn.Berl@dummymail.com,developer
340,Vinita,Maples,Vinita.Maples@dummymail.com,Vinita.Maples@dummymail.com,police officer
341,Abbie,Jacobah,Abbie.Jacobah@dummymail.com,Abbie.Jacobah@dummymail.com,police officer
342,Beatriz,Laverne,Beatriz.Laverne@dummymail.com,Beatriz.Laverne@dummymail.com,developer
343,Jordan,Gilmour,Jordan.Gilmour@dummymail.com,Jordan.Gilmour@dummymail.com,doctor
344,Maud,Merat,Maud.Merat@dummymail.com,Maud.Merat@dummymail.com,worker
345,Lusa,Redmond,Lusa.Redmond@dummymail.com,Lusa.Redmond@dummymail.com,firefighter
346,Blake,Edvard,Blake.Edvard@dummymail.com,Blake.Edvard@dummymail.com,developer
347,Nita,Remmer,Nita.Remmer@dummymail.com,Nita.Remmer@dummymail.com,firefighter
348,Codie,Kussell,Codie.Kussell@dummymail.com,Codie.Kussell@dummymail.com,firefighter
349,Elmira,Jagir,Elmira.Jagir@dummymail.com,Elmira.Jagir@dummymail.com,police officer
350,Charlena,Fink,Charlena.Fink@dummymail.com,Charlena.Fink@dummymail.com,police officer
351,Linzy,Kussell,Linzy.Kussell@dummymail.com,Linzy.Kussell@dummymail.com,doctor
352,Ardenia,Faso,Ardenia.Faso@dummymail.com,Ardenia.Faso@dummymail.com,firefighter
353,Jillayne,Alice,Jillayne.Alice@dummymail.com,Jillayne.Alice@dummymail.com,developer
354,Katleen,Bollay,Katleen.Bollay@dummymail.com,Katleen.Bollay@dummymail.com,doctor
355,Malina,Bollay,Malina.Bollay@dummymail.com,Malina.Bollay@dummymail.com,doctor
356,Viki,Kamaria,Viki.Kamaria@dummymail.com,Viki.Kamaria@dummymail.com,police officer
357,Jasmina,Lymann,Jasmina.Lymann@dummymail.com,Jasmina.Lymann@dummymail.com,doctor
358,Cassandra,Kravits,Cassandra.Kravits@dummymail.com,Cassandra.Kravits@dummymail.com,developer
359,Keelia,Koziara,Keelia.Koziara@dummymail.com,Keelia.Koziara@dummymail.com,police officer
360,Elyssa,Uird,Elyssa.Uird@dummymail.com,Elyssa.Uird@dummymail.com,police officer
361,Monika,Pip,Monika.Pip@dummymail.com,Monika.Pip@dummymail.com,developer
362,Malina,Hoenack,Malina.Hoenack@dummymail.com,Malina.Hoenack@dummymail.com,developer
363,Imojean,Nelsen,Imojean.Nelsen@dummymail.com,Imojean.Nelsen@dummymail.com,worker
364,Clary,Teryn,Clary.Teryn@dummymail.com,Clary.Teryn@dummymail.com,developer
365,Goldie,Pip,Goldie.Pip@dummymail.com,Goldie.Pip@dummymail.com,doctor
366,Elka,Couture,Elka.Couture@dummymail.com,Elka.Couture@dummymail.com,doctor
367,Edyth,Philoo,Edyth.Philoo@dummymail.com,Edyth.Philoo@dummymail.com,firefighter
368,Gusella,Fairweather,Gusella.Fairweather@dummymail.com,Gusella.Fairweather@dummymail.com,developer
369,Susette,Brodench,Susette.Brodench@dummymail.com,Susette.Brodench@dummymail.com,doctor
370,Monika,Annice,Monika.Annice@dummymail.com,Monika.Annice@dummymail.com,firefighter
371,Juliane,Sparhawk,Juliane.Sparhawk@dummymail.com,Juliane.Sparhawk@dummymail.com,developer
372,Diena,Anyah,Diena.Anyah@dummymail.com,Diena.Anyah@dummymail.com,doctor
373,Dianemarie,Durante,Dianemarie.Durante@dummymail.com,Dianemarie.Durante@dummymail.com,firefighter
374,Tracey,Wenda,Tracey.Wenda@dummymail.com,Tracey.Wenda@dummymail.com,developer
375,Leona,Durante,Leona.Durante@dummymail.com,Leona.Durante@dummymail.com,doctor
376,Isa,McClimans,Isa.McClimans@dummymail.com,Isa.McClimans@dummymail.com,firefighter
377,Merci,Urias,Merci.Urias@dummymail.com,Merci.Urias@dummymail.com,doctor
378,Codie,Clie,Codie.Clie@dummymail.com,Codie.Clie@dummymail.com,developer
379,Dacia,Terrence,Dacia.Terrence@dummymail.com,Dacia.Terrence@dummymail.com,developer
380,Carmencita,Aloise,Carmencita.Aloise@dummymail.com,Carmencita.Aloise@dummymail.com,firefighter
381,Nerta,Turne,Nerta.Turne@dummymail.com,Nerta.Turne@dummymail.com,doctor
382,Orelia,Halla,Orelia.Halla@dummymail.com,Orelia.Halla@dummymail.com,firefighter
383,Nickie,Nedrud,Nickie.Nedrud@dummymail.com,Nickie.Nedrud@dummymail.com,doctor
384,Frances,Maribeth,Frances.Maribeth@dummymail.com,Frances.Maribeth@dummymail.com,doctor
385,Violet,Bakerman,Violet.Bakerman@dummymail.com,Violet.Bakerman@dummymail.com,firefighter
386,Deedee,Pacorro,Deedee.Pacorro@dummymail.com,Deedee.Pacorro@dummymail.com,doctor
387,Celene,Mozelle,Celene.Mozelle@dummymail.com,Celene.Mozelle@dummymail.com,developer
388,Nariko,Othilia,Nariko.Othilia@dummymail.com,Nariko.Othilia@dummymail.com,developer
389,Fred,Kauppi,Fred.Kauppi@dummymail.com,Fred.Kauppi@dummymail.com,police officer
390,Ruthe,Egbert,Ruthe.Egbert@dummymail.com,Ruthe.Egbert@dummymail.com,developer
391,Raf,Delacourt,Raf.Delacourt@dummymail.com,Raf.Delacourt@dummymail.com,developer
392,Jean,Thad,Jean.Thad@dummymail.com,Jean.Thad@dummymail.com,firefighter
393,Sibella,Pearse,Sibella.Pearse@dummymail.com,Sibella.Pearse@dummymail.com,developer
394,Jenda,Guildroy,Jenda.Guildroy@dummymail.com,Jenda.Guildroy@dummymail.com,doctor
395,Nicoli,Gavrila,Nicoli.Gavrila@dummymail.com,Nicoli.Gavrila@dummymail.com,police officer
396,Lucille,Ralfston,Lucille.Ralfston@dummymail.com,Lucille.Ralfston@dummymail.com,police officer
397,Elise,Natalia,Elise.Natalia@dummymail.com,Elise.Natalia@dummymail.com,worker
398,Nicoli,Eckblad,Nicoli.Eckblad@dummymail.com,Nicoli.Eckblad@dummymail.com,firefighter
399,Sindee,Amand,Sindee.Amand@dummymail.com,Sindee.Amand@dummymail.com,worker
400,Marylou,Marden,Marylou.Marden@dummymail.com,Marylou.Marden@dummymail.com,worker
401,Correy,Tillford,Correy.Tillford@dummymail.com,Correy.Tillford@dummymail.com,police officer
402,Fidelia,Halla,Fidelia.Halla@dummymail.com,Fidelia.Halla@dummymail.com,worker
403,Edee,Stacy,Edee.Stacy@dummymail.com,Edee.Stacy@dummymail.com,firefighter
404,Elie,O'Rourke,Elie.O'Rourke@dummymail.com,Elie.O'Rourke@dummymail.com,doctor
405,Jean,Holbrook,Jean.Holbrook@dummymail.com,Jean.Holbrook@dummymail.com,police officer
406,Genevra,Wiener,Genevra.Wiener@dummymail.com,Genevra.Wiener@dummymail.com,developer
407,Gretal,Weitman,Gretal.Weitman@dummymail.com,Gretal.Weitman@dummymail.com,firefighter
408,Kimberley,Corilla,Kimberley.Corilla@dummymail.com,Kimberley.Corilla@dummymail.com,police officer
409,Siana,Mozelle,Siana.Mozelle@dummymail.com,Siana.Mozelle@dummymail.com,firefighter
410,Camile,Poll,Camile.Poll@dummymail.com,Camile.Poll@dummymail.com,police officer
411,Tybie,Tjon,Tybie.Tjon@dummymail.com,Tybie.Tjon@dummymail.com,firefighter
412,Deedee,Decato,Deedee.Decato@dummymail.com,Deedee.Decato@dummymail.com,developer
413,Joane,Pernick,Joane.Pernick@dummymail.com,Joane.Pernick@dummymail.com,doctor
414,Jsandye,Kare,Jsandye.Kare@dummymail.com,Jsandye.Kare@dummymail.com,firefighter
415,Alie,Genna,Alie.Genna@dummymail.com,Alie.Genna@dummymail.com,firefighter
416,Corene,Croix,Corene.Croix@dummymail.com,Corene.Croix@dummymail.com,firefighter
417,Lynea,Danby,Lynea.Danby@dummymail.com,Lynea.Danby@dummymail.com,doctor
418,Rosabelle,Mich,Rosabelle.Mich@dummymail.com,Rosabelle.Mich@dummymail.com,worker
419,Kial,Shaver,Kial.Shaver@dummymail.com,Kial.Shaver@dummymail.com,worker
420,Gusella,Rona,Gusella.Rona@dummymail.com,Gusella.Rona@dummymail.com,doctor
421,Andeee,Harned,Andeee.Harned@dummymail.com,Andeee.Harned@dummymail.com,worker
422,Dennie,Lamoree,Dennie.Lamoree@dummymail.com,Dennie.Lamoree@dummymail.com,worker
423,Roseline,Mauer,Roseline.Mauer@dummymail.com,Roseline.Mauer@dummymail.com,worker
424,Jenda,Gombach,Jenda.Gombach@dummymail.com,Jenda.Gombach@dummymail.com,police officer
425,Aigneis,Clarissa,Aigneis.Clarissa@dummymail.com,Aigneis.Clarissa@dummymail.com,police officer
426,Berget,Chesna,Berget.Chesna@dummymail.com,Berget.Chesna@dummymail.com,developer
427,Nessie,Giff,Nessie.Giff@dummymail.com,Nessie.Giff@dummymail.com,police officer
428,Merry,Clara,Merry.Clara@dummymail.com,Merry.Clara@dummymail.com,worker
429,Aubrie,Richers,Aubrie.Richers@dummymail.com,Aubrie.Richers@dummymail.com,developer
430,Rori,Michella,Rori.Michella@dummymail.com,Rori.Michella@dummymail.com,police officer
431,Ernesta,Lanita,Ernesta.Lanita@dummymail.com,Ernesta.Lanita@dummymail.com,firefighter
432,Deedee,Bow,Deedee.Bow@dummymail.com,Deedee.Bow@dummymail.com,worker
433,Celestyna,Kenwood,Celestyna.Kenwood@dummymail.com,Celestyna.Kenwood@dummymail.com,developer
434,Ashlee,Sancho,Ashlee.Sancho@dummymail.com,Ashlee.Sancho@dummymail.com,worker
435,Gratia,Ade,Gratia.Ade@dummymail.com,Gratia.Ade@dummymail.com,doctor
436,Glenda,Teddman,Glenda.Teddman@dummymail.com,Glenda.Teddman@dummymail.com,doctor
437,Arabel,Skell,Arabel.Skell@dummymail.com,Arabel.Skell@dummymail.com,doctor
438,Fawne,Daveta,Fawne.Daveta@dummymail.com,Fawne.Daveta@dummymail.com,firefighter
439,Tierney,Louanna,Tierney.Louanna@dummymail.com,Tierney.Louanna@dummymail.com,police officer
440,Jinny,Eckblad,Jinny.Eckblad@dummymail.com,Jinny.Eckblad@dummymail.com,worker
441,Leona,Marisa,Leona.Marisa@dummymail.com,Leona.Marisa@dummymail.com,worker
442,Sadie,Ursulette,Sadie.Ursulette@dummymail.com,Sadie.Ursulette@dummymail.com,developer
443,Alleen,Bonilla,Alleen.Bonilla@dummymail.com,Alleen.Bonilla@dummymail.com,doctor
444,Jillayne,Baylor,Jillayne.Baylor@dummymail.com,Jillayne.Baylor@dummymail.com,firefighter
445,Tilly,Anderea,Tilly.Anderea@dummymail.com,Tilly.Anderea@dummymail.com,developer
446,Danny,Adalbert,Danny.Adalbert@dummymail.com,Danny.Adalbert@dummymail.com,firefighter
447,Corina,Dawkins,Corina.Dawkins@dummymail.com,Corina.Dawkins@dummymail.com,firefighter
448,Katuscha,Cookie,Katuscha.Cookie@dummymail.com,Katuscha.Cookie@dummymail.com,worker
449,Renie,Elo,Renie.Elo@dummymail.com,Renie.Elo@dummymail.com,worker
450,Susette,Lail,Susette.Lail@dummymail.com,Susette.Lail@dummymail.com,worker
451,Nadine,Goerke,Nadine.Goerke@dummymail.com,Nadine.Goerke@dummymail.com,firefighter
452,Roberta,Bevin,Roberta.Bevin@dummymail.com,Roberta.Bevin@dummymail.com,worker
453,Fayre,Bebe,Fayre.Bebe@dummymail.com,Fayre.Bebe@dummymail.com,firefighter
454,Donetta,Salchunas,Donetta.Salchunas@dummymail.com,Donetta.Salchunas@dummymail.com,firefighter
455,Cecile,Georgy,Cecile.Georgy@dummymail.com,Cecile.Georgy@dummymail.com,police officer
456,Quintina,Taam,Quintina.Taam@dummymail.com,Quintina.Taam@dummymail.com,doctor
457,Aryn,Hanleigh,Aryn.Hanleigh@dummymail.com,Aryn.Hanleigh@dummymail.com,doctor
458,Eugine,Ricki,Eugine.Ricki@dummymail.com,Eugine.Ricki@dummymail.com,worker
459,Grier,Dimitris,Grier.Dimitris@dummymail.com,Grier.Dimitris@dummymail.com,developer
460,Donnie,Heidt,Donnie.Heidt@dummymail.com,Donnie.Heidt@dummymail.com,firefighter
461,Ayn,Manolo,Ayn.Manolo@dummymail.com,Ayn.Manolo@dummymail.com,firefighter
462,Fina,Koehler,Fina.Koehler@dummymail.com,Fina.Koehler@dummymail.com,police officer
463,Chandra,Ursulette,Chandra.Ursulette@dummymail.com,Chandra.Ursulette@dummymail.com,firefighter
464,Arlena,Sholley,Arlena.Sholley@dummymail.com,Arlena.Sholley@dummymail.com,doctor
465,Farrah,Trace,Farrah.Trace@dummymail.com,Farrah.Trace@dummymail.com,developer
466,Marline,Seumas,Marline.Seumas@dummymail.com,Marline.Seumas@dummymail.com,worker
467,Lacie,Raseda,Lacie.Raseda@dummymail.com,Lacie.Raseda@dummymail.com,police officer
468,Luci,Gower,Luci.Gower@dummymail.com,Luci.Gower@dummymail.com,developer
469,Lorne,Azeria,Lorne.Azeria@dummymail.com,Lorne.Azeria@dummymail.com,doctor
470,Lynnea,Halla,Lynnea.Halla@dummymail.com,Lynnea.Halla@dummymail.com,police officer
471,Lita,Aprile,Lita.Aprile@dummymail.com,Lita.Aprile@dummymail.com,doctor
472,Juliane,Geffner,Juliane.Geffner@dummymail.com,Juliane.Geffner@dummymail.com,police officer
473,Veda,Truc,Veda.Truc@dummymail.com,Veda.Truc@dummymail.com,doctor
474,Konstance,Georgy,Konstance.Georgy@dummymail.com,Konstance.Georgy@dummymail.com,worker
475,Jessy,Abbot,Jessy.Abbot@dummymail.com,Jessy.Abbot@dummymail.com,doctor
476,Dulcinea,Saunderson,Dulcinea.Saunderson@dummymail.com,Dulcinea.Saunderson@dummymail.com,firefighter
477,Orelia,Wandie,Orelia.Wandie@dummymail.com,Orelia.Wandie@dummymail.com,doctor
478,Dennie,Ludewig,Dennie.Ludewig@dummymail.com,Dennie.Ludewig@dummymail.com,firefighter
479,Chere,Gaynor,Chere.Gaynor@dummymail.com,Chere.Gaynor@dummymail.com,police officer
480,Pierette,Niles,Pierette.Niles@dummymail.com,Pierette.Niles@dummymail.com,police officer
481,Constance,Loleta,Constance.Loleta@dummymail.com,Constance.Loleta@dummymail.com,developer
482,Minda,Elisha,Minda.Elisha@dummymail.com,Minda.Elisha@dummymail.com,doctor
483,Ketti,Seessel,Ketti.Seessel@dummymail.com,Ketti.Seessel@dummymail.com,doctor
484,Natka,Nelsen,Natka.Nelsen@dummymail.com,Natka.Nelsen@dummymail.com,doctor
485,Sophia,Vins,Sophia.Vins@dummymail.com,Sophia.Vins@dummymail.com,police officer
486,Brianna,Fillbert,Brianna.Fillbert@dummymail.com,Brianna.Fillbert@dummymail.com,developer
487,Alleen,Rurik,Alleen.Rurik@dummymail.com,Alleen.Rurik@dummymail.com,developer
488,Constance,Alfons,Constance.Alfons@dummymail.com,Constance.Alfons@dummymail.com,worker
489,Zondra,Luhe,Zondra.Luhe@dummymail.com,Zondra.Luhe@dummymail.com,firefighter
490,Madelle,Vacuva,Madelle.Vacuva@dummymail.com,Madelle.Vacuva@dummymail.com,worker
491,Christal,Dowski,Christal.Dowski@dummymail.com,Christal.Dowski@dummymail.com,worker
492,Shell,Catie,Shell.Catie@dummymail.com,Shell.Catie@dummymail.com,doctor
493,Nikki,Ax,Nikki.Ax@dummymail.com,Nikki.Ax@dummymail.com,developer
494,Raina,Wittie,Raina.Wittie@dummymail.com,Raina.Wittie@dummymail.com,developer
495,Catharine,Ashely,Catharine.Ashely@dummymail.com,Catharine.Ashely@dummymail.com,doctor
496,Elora,Bord,Elora.Bord@dummymail.com,Elora.Bord@dummymail.com,developer
497,Almeta,Ferino,Almeta.Ferino@dummymail.com,Almeta.Ferino@dummymail.com,firefighter
498,Malina,Schonfeld,Malina.Schonfeld@dummymail.com,Malina.Schonfeld@dummymail.com,worker
499,Lyssa,Frendel,Lyssa.Frendel@dummymail.com,Lyssa.Frendel@dummymail.com,worker
500,Susette,Felecia,Susette.Felecia@dummymail.com,Susette.Felecia@dummymail.com,worker
501,Gabi,Kalinda,Gabi.Kalinda@dummymail.com,Gabi.Kalinda@dummymail.com,firefighter
502,Kate,Riordan,Kate.Riordan@dummymail.com,Kate.Riordan@dummymail.com,developer
503,Shaylyn,Mauer,Shaylyn.Mauer@dummymail.com,Shaylyn.Mauer@dummymail.com,police officer
504,Berget,Dom,Berget.Dom@dummymail.com,Berget.Dom@dummymail.com,worker
505,Briney,Bennie,Briney.Bennie@dummymail.com,Briney.Bennie@dummymail.com,police officer
506,Caryl,Joseph,Caryl.Joseph@dummymail.com,Caryl.Joseph@dummymail.com,developer
507,Roseline,Even,Roseline.Even@dummymail.com,Roseline.Even@dummymail.com,police officer
508,Alia,Thilda,Alia.Thilda@dummymail.com,Alia.Thilda@dummymail.com,doctor
509,Aurelie,Alejoa,Aurelie.Alejoa@dummymail.com,Aurelie.Alejoa@dummymail.com,developer
510,Liana,Campball,Liana.Campball@dummymail.com,Liana.Campball@dummymail.com,police officer
511,Mallory,Buckler,Mallory.Buckler@dummymail.com,Mallory.Buckler@dummymail.com,developer
512,Sheree,Audly,Sheree.Audly@dummymail.com,Sheree.Audly@dummymail.com,police officer
513,Binny,Tound,Binny.Tound@dummymail.com,Binny.Tound@dummymail.com,doctor
514,Cam,Bultman,Cam.Bultman@dummymail.com,Cam.Bultman@dummymail.com,police officer
515,Elyssa,Pillsbury,Elyssa.Pillsbury@dummymail.com,Elyssa.Pillsbury@dummymail.com,police officer
516,Merry,Annabella,Merry.Annabella@dummymail.com,Merry.Annabella@dummymail.com,police officer
517,Roberta,Bergman,Roberta.Bergman@dummymail.com,Roberta.Bergman@dummymail.com,developer
518,Dawn,Madaih,Dawn.Madaih@dummymail.com,Dawn.Madaih@dummymail.com,police officer
519,Joelly,Poppy,Joelly.Poppy@dummymail.com,Joelly.Poppy@dummymail.com,police officer
520,Jean,Eugenia,Jean.Eugenia@dummymail.com,Jean.Eugenia@dummymail.com,firefighter
521,Roseline,Gillan,Roseline.Gillan@dummymail.com,Roseline.Gillan@dummymail.com,doctor
522,Frank,Poll,Frank.Poll@dummymail.com,Frank.Poll@dummymail.com,doctor
523,Jere,Justinn,Jere.Justinn@dummymail.com,Jere.Justinn@dummymail.com,developer
524,Adore,Merriott,Adore.Merriott@dummymail.com,Adore.Merriott@dummymail.com,developer
525,Clarice,Tice,Clarice.Tice@dummymail.com,Clarice.Tice@dummymail.com,police officer
526,Jorry,Dorine,Jorry.Dorine@dummymail.com,Jorry.Dorine@dummymail.com,police officer
527,Lenna,Diogenes,Lenna.Diogenes@dummymail.com,Lenna.Diogenes@dummymail.com,developer
528,Aurelie,Henebry,Aurelie.Henebry@dummymail.com,Aurelie.Henebry@dummymail.com,firefighter
529,Meg,Maroney,Meg.Maroney@dummymail.com,Meg.Maroney@dummymail.com,developer
530,Anestassia,Christine,Anestassia.Christine@dummymail.com,Anestassia.Christine@dummymail.com,developer
531,Jany,Israeli,Jany.Israeli@dummymail.com,Jany.Israeli@dummymail.com,doctor
532,Brianna,Nadia,Brianna.Nadia@dummymail.com,Brianna.Nadia@dummymail.com,police officer
533,Drucie,Llovera,Drucie.Llovera@dummymail.com,Drucie.Llovera@dummymail.com,developer
534,Regina,Nicoline,Regina.Nicoline@dummymail.com,Regina.Nicoline@dummymail.com,developer
535,Marita,Posner,Marita.Posner@dummymail.com,Marita.Posner@dummymail.com,police officer
536,Mellicent,Juliet,Mellicent.Juliet@dummymail.com,Mellicent.Juliet@dummymail.com,police officer
537,Darlleen,Norvol,Darlleen.Norvol@dummymail.com,Darlleen.Norvol@dummymail.com,worker
538,Edee,Slifka,Edee.Slifka@dummymail.com,Edee.Slifka@dummymail.com,doctor
539,Alexine,Millda,Alexine.Millda@dummymail.com,Alexine.Millda@dummymail.com,worker
540,Dolli,Saint,Dolli.Saint@dummymail.com,Dolli.Saint@dummymail.com,developer
541,Ruthe,Carleen,Ruthe.Carleen@dummymail.com,Ruthe.Carleen@dummymail.com,developer
542,Adelle,Si,Adelle.Si@dummymail.com,Adelle.Si@dummymail.com,doctor
543,Candy,Winnick,Candy.Winnick@dummymail.com,Candy.Winnick@dummymail.com,police officer
544,Carol-Jean,Grayce,Carol-Jean.Grayce@dummymail.com,Carol-Jean.Grayce@dummymail.com,firefighter
545,Vivia,Penelopa,Vivia.Penelopa@dummymail.com,Vivia.Penelopa@dummymail.com,worker
546,Georgina,Fiann,Georgina.Fiann@dummymail.com,Georgina.Fiann@dummymail.com,firefighter
547,Shaylyn,Desai,Shaylyn.Desai@dummymail.com,Shaylyn.Desai@dummymail.com,firefighter
548,Marylou,Strephon,Marylou.Strephon@dummymail.com,Marylou.Strephon@dummymail.com,developer
549,Verla,Wyn,Verla.Wyn@dummymail.com,Verla.Wyn@dummymail.com,police officer
550,Albertina,Plato,Albertina.Plato@dummymail.com,Albertina.Plato@dummymail.com,police officer
551,Willetta,Linskey,Willetta.Linskey@dummymail.com,Willetta.Linskey@dummymail.com,worker
552,Roseline,Ricarda,Roseline.Ricarda@dummymail.com,Roseline.Ricarda@dummymail.com,worker
553,Nannie,Lesley,Nannie.Lesley@dummymail.com,Nannie.Lesley@dummymail.com,developer
554,Glenda,Sabella,Glenda.Sabella@dummymail.com,Glenda.Sabella@dummymail.com,firefighter
555,Bee,Celestine,Bee.Celestine@dummymail.com,Bee.Celestine@dummymail.com,worker
556,Rori,Lauraine,Rori.Lauraine@dummymail.com,Rori.Lauraine@dummymail.com,worker
557,Caritta,Stacy,Caritta.Stacy@dummymail.com,Caritta.Stacy@dummymail.com,developer
558,Fayre,Hourigan,Fayre.Hourigan@dummymail.com,Fayre.Hourigan@dummymail.com,developer
559,Britni,Audly,Britni.Audly@dummymail.com,Britni.Audly@dummymail.com,firefighter
560,Cindelyn,Rolf,Cindelyn.Rolf@dummymail.com,Cindelyn.Rolf@dummymail.com,doctor
561,Etta,Klemperer,Etta.Klemperer@dummymail.com,Etta.Klemperer@dummymail.com,police officer
562,Dominga,Arley,Dominga.Arley@dummymail.com,Dominga.Arley@dummymail.com,developer
563,Libbie,Ezar,Libbie.Ezar@dummymail.com,Libbie.Ezar@dummymail.com,police officer
564,Trixi,Desai,Trixi.Desai@dummymail.com,Trixi.Desai@dummymail.com,doctor
565,Julieta,Prober,Julieta.Prober@dummymail.com,Julieta.Prober@dummymail.com,firefighter
566,Eugine,Ade,Eugine.Ade@dummymail.com,Eugine.Ade@dummymail.com,firefighter
567,Feliza,Viddah,Feliza.Viddah@dummymail.com,Feliza.Viddah@dummymail.com,firefighter
568,Yolane,Alarise,Yolane.Alarise@dummymail.com,Yolane.Alarise@dummymail.com,worker
569,Gisela,Vernier,Gisela.Vernier@dummymail.com,Gisela.Vernier@dummymail.com,doctor
570,Stevana,Helve,Stevana.Helve@dummymail.com,Stevana.Helve@dummymail.com,doctor
571,Cristabel,Sherrie,Cristabel.Sherrie@dummymail.com,Cristabel.Sherrie@dummymail.com,developer
572,Harmonia,Carmena,Harmonia.Carmena@dummymail.com,Harmonia.Carmena@dummymail.com,worker
573,Lyssa,Ursulette,Lyssa.Ursulette@dummymail.com,Lyssa.Ursulette@dummymail.com,police officer
574,Florencia,Bahr,Florencia.Bahr@dummymail.com,Florencia.Bahr@dummymail.com,police officer
575,Ricky,Raychel,Ricky.Raychel@dummymail.com,Ricky.Raychel@dummymail.com,doctor
576,Lisette,Fillbert,Lisette.Fillbert@dummymail.com,Lisette.Fillbert@dummymail.com,doctor
577,Clo,Gladstone,Clo.Gladstone@dummymail.com,Clo.Gladstone@dummymail.com,developer
578,Jessy,Arquit,Jessy.Arquit@dummymail.com,Jessy.Arquit@dummymail.com,police officer
579,Rayna,Anderea,Rayna.Anderea@dummymail.com,Rayna.Anderea@dummymail.com,doctor
580,Jenilee,Redmond,Jenilee.Redmond@dummymail.com,Jenilee.Redmond@dummymail.com,doctor
581,Marita,Madelene,Marita.Madelene@dummymail.com,Marita.Madelene@dummymail.com,doctor
582,Constance,Felizio,Constance.Felizio@dummymail.com,Constance.Felizio@dummymail.com,police officer
583,Evita,Lalitta,Evita.Lalitta@dummymail.com,Evita.Lalitta@dummymail.com,worker
584,Marcy,Lilybelle,Marcy.Lilybelle@dummymail.com,Marcy.Lilybelle@dummymail.com,firefighter
585,Aaren,Chesna,Aaren.Chesna@dummymail.com,Aaren.Chesna@dummymail.com,firefighter
586,Karly,Oster,Karly.Oster@dummymail.com,Karly.Oster@dummymail.com,worker
587,Deirdre,Decato,Deirdre.Decato@dummymail.com,Deirdre.Decato@dummymail.com,firefighter
588,Christian,Kalinda,Christian.Kalinda@dummymail.com,Christian.Kalinda@dummymail.com,developer
589,Nollie,Zaslow,Nollie.Zaslow@dummymail.com,Nollie.Zaslow@dummymail.com,worker
590,Larine,Tannie,Larine.Tannie@dummymail.com,Larine.Tannie@dummymail.com,worker
591,Jolyn,Konyn,Jolyn.Konyn@dummymail.com,Jolyn.Konyn@dummymail.com,developer
592,Pearline,Heidt,Pearline.Heidt@dummymail.com,Pearline.Heidt@dummymail.com,developer
593,Ketti,Grobe,Ketti.Grobe@dummymail.com,Ketti.Grobe@dummymail.com,worker
594,Lenna,Wyn,Lenna.Wyn@dummymail.com,Lenna.Wyn@dummymail.com,doctor
595,Nonnah,Louanna,Nonnah.Louanna@dummymail.com,Nonnah.Louanna@dummymail.com,police officer
596,Lita,Minetta,Lita.Minetta@dummymail.com,Lita.Minetta@dummymail.com,worker
597,Marika,Autrey,Marika.Autrey@dummymail.com,Marika.Autrey@dummymail.com,developer
598,Barbi,Hachmin,Barbi.Hachmin@dummymail.com,Barbi.Hachmin@dummymail.com,police officer
599,Hettie,Pitt,Hettie.Pitt@dummymail.com,Hettie.Pitt@dummymail.com,developer
600,Marti,Edee,Marti.Edee@dummymail.com,Marti.Edee@dummymail.com,developer
601,Stephanie,Thunell,Stephanie.Thunell@dummymail.com,Stephanie.Thunell@dummymail.com,police officer
602,Benita,Ludewig,Benita.Ludewig@dummymail.com,Benita.Ludewig@dummymail.com,worker
603,Cathie,Bohlin,Cathie.Bohlin@dummymail.com,Cathie.Bohlin@dummymail.com,worker
604,Myrtice,Braun,Myrtice.Braun@dummymail.com,Myrtice.Braun@dummymail.com,police officer
605,Annora,Jalbert,Annora.Jalbert@dummymail.com,Annora.Jalbert@dummymail.com,police officer
606,Tamqrah,Hessler,Tamqrah.Hessler@dummymail.com,Tamqrah.Hessler@dummymail.com,police officer
607,Larine,Gualtiero,Larine.Gualtiero@dummymail.com,Larine.Gualtiero@dummymail.com,worker
608,Annabela,Lacombe,Annabela.Lacombe@dummymail.com,Annabela.Lacombe@dummymail.com,doctor
609,Annice,Daveta,Annice.Daveta@dummymail.com,Annice.Daveta@dummymail.com,worker
610,Nonnah,Fancie,Nonnah.Fancie@dummymail.com,Nonnah.Fancie@dummymail.com,developer
611,Clary,Shaddock,Clary.Shaddock@dummymail.com,Clary.Shaddock@dummymail.com,doctor
612,Janey,Yusuk,Janey.Yusuk@dummymail.com,Janey.Yusuk@dummymail.com,worker
613,Netty,Saint,Netty.Saint@dummymail.com,Netty.Saint@dummymail.com,developer
614,Zia,Toor,Zia.Toor@dummymail.com,Zia.Toor@dummymail.com,doctor
615,Krystle,Cullin,Krystle.Cullin@dummymail.com,Krystle.Cullin@dummymail.com,developer
616,Sheree,Hull,Sheree.Hull@dummymail.com,Sheree.Hull@dummymail.com,doctor
617,Lorie,Bertold,Lorie.Bertold@dummymail.com,Lorie.Bertold@dummymail.com,police officer
618,Corry,Grimbly,Corry.Grimbly@dummymail.com,Corry.Grimbly@dummymail.com,developer
619,Kore,Bearnard,Kore.Bearnard@dummymail.com,Kore.Bearnard@dummymail.com,police officer
620,Dari,Marijo,Dari.Marijo@dummymail.com,Dari.Marijo@dummymail.com,developer
621,Stacey,Hamil,Stacey.Hamil@dummymail.com,Stacey.Hamil@dummymail.com,police officer
622,Roxane,Oneida,Roxane.Oneida@dummymail.com,Roxane.Oneida@dummymail.com,worker
623,Eugine,Izaak,Eugine.Izaak@dummymail.com,Eugine.Izaak@dummymail.com,police officer
624,Harrietta,Alabaster,Harrietta.Alabaster@dummymail.com,Harrietta.Alabaster@dummymail.com,worker
625,Aurore,Gemini,Aurore.Gemini@dummymail.com,Aurore.Gemini@dummymail.com,developer
626,Miquela,Zaslow,Miquela.Zaslow@dummymail.com,Miquela.Zaslow@dummymail.com,worker
627,Cherilyn,Secrest,Cherilyn.Secrest@dummymail.com,Cherilyn.Secrest@dummymail.com,police officer
628,Ezmeralda,Heidt,Ezmeralda.Heidt@dummymail.com,Ezmeralda.Heidt@dummymail.com,firefighter
629,Ekaterina,Joeann,Ekaterina.Joeann@dummymail.com,Ekaterina.Joeann@dummymail.com,developer
630,Theodora,Darrell,Theodora.Darrell@dummymail.com,Theodora.Darrell@dummymail.com,police officer
631,Orelia,Braun,Orelia.Braun@dummymail.com,Orelia.Braun@dummymail.com,firefighter
632,Krystle,Saint,Krystle.Saint@dummymail.com,Krystle.Saint@dummymail.com,developer
633,Patricia,Lenny,Patricia.Lenny@dummymail.com,Patricia.Lenny@dummymail.com,worker
634,Ulrike,O'Neill,Ulrike.O'Neill@dummymail.com,Ulrike.O'Neill@dummymail.com,police officer
635,Belva,Cristi,Belva.Cristi@dummymail.com,Belva.Cristi@dummymail.com,doctor
636,Henriette,Lail,Henriette.Lail@dummymail.com,Henriette.Lail@dummymail.com,developer
637,Rhoda,Evangelia,Rhoda.Evangelia@dummymail.com,Rhoda.Evangelia@dummymail.com,doctor
638,Nariko,Armanda,Nariko.Armanda@dummymail.com,Nariko.Armanda@dummymail.com,police officer
639,Glenda,Shirberg,Glenda.Shirberg@dummymail.com,Glenda.Shirberg@dummymail.com,developer
640,Lulita,Etom,Lulita.Etom@dummymail.com,Lulita.Etom@dummymail.com,firefighter
641,Therine,Gherardo,Therine.Gherardo@dummymail.com,Therine.Gherardo@dummymail.com,developer
642,Elmira,Curren,Elmira.Curren@dummymail.com,Elmira.Curren@dummymail.com,police officer
643,Shirlee,Harriman,Shirlee.Harriman@dummymail.com,Shirlee.Harriman@dummymail.com,worker
644,Aurelie,Havens,Aurelie.Havens@dummymail.com,Aurelie.Havens@dummymail.com,doctor
645,Jacquetta,Nester,Jacquetta.Nester@dummymail.com,Jacquetta.Nester@dummymail.com,worker
646,Jobi,Georgy,Jobi.Georgy@dummymail.com,Jobi.Georgy@dummymail.com,doctor
647,Emmey,Mayeda,Emmey.Mayeda@dummymail.com,Emmey.Mayeda@dummymail.com,firefighter
648,Rubie,Justinn,Rubie.Justinn@dummymail.com,Rubie.Justinn@dummymail.com,doctor
649,Rhea,Bebe,Rhea.Bebe@dummymail.com,Rhea.Bebe@dummymail.com,firefighter
650,Helena,Seessel,Helena.Seessel@dummymail.com,Helena.Seessel@dummymail.com,doctor
651,Charissa,Monaco,Charissa.Monaco@dummymail.com,Charissa.Monaco@dummymail.com,doctor
652,Berta,Barbey,Berta.Barbey@dummymail.com,Berta.Barbey@dummymail.com,worker
653,Max,Morrill,Max.Morrill@dummymail.com,Max.Morrill@dummymail.com,worker
654,Shell,Federica,Shell.Federica@dummymail.com,Shell.Federica@dummymail.com,doctor
655,Konstance,O'Neill,Konstance.O'Neill@dummymail.com,Konstance.O'Neill@dummymail.com,developer
656,Kirstin,Deegan,Kirstin.Deegan@dummymail.com,Kirstin.Deegan@dummymail.com,doctor
657,Alyssa,Mallon,Alyssa.Mallon@dummymail.com,Alyssa.Mallon@dummymail.com,police officer
658,Damaris,Taam,Damaris.Taam@dummymail.com,Damaris.Taam@dummymail.com,developer
659,Roberta,Hebner,Roberta.Hebner@dummymail.com,Roberta.Hebner@dummymail.com,doctor
660,Mariele,Lareena,Mariele.Lareena@dummymail.com,Mariele.Lareena@dummymail.com,doctor
661,Flo,Anderea,Flo.Anderea@dummymail.com,Flo.Anderea@dummymail.com,doctor
662,Marnia,Toffic,Marnia.Toffic@dummymail.com,Marnia.Toffic@dummymail.com,police officer
663,Celene,Soneson,Celene.Soneson@dummymail.com,Celene.Soneson@dummymail.com,police officer
664,Cissiee,Laverne,Cissiee.Laverne@dummymail.com,Cissiee.Laverne@dummymail.com,doctor
665,Dulce,Bari,Dulce.Bari@dummymail.com,Dulce.Bari@dummymail.com,worker
666,Tera,Brieta,Tera.Brieta@dummymail.com,Tera.Brieta@dummymail.com,developer
667,Ekaterina,Prouty,Ekaterina.Prouty@dummymail.com,Ekaterina.Prouty@dummymail.com,developer
668,Lesly,Jagir,Lesly.Jagir@dummymail.com,Lesly.Jagir@dummymail.com,doctor
669,Sybille,Susannah,Sybille.Susannah@dummymail.com,Sybille.Susannah@dummymail.com,worker
670,Meghann,Montgomery,Meghann.Montgomery@dummymail.com,Meghann.Montgomery@dummymail.com,developer
671,Demetris,Dituri,Demetris.Dituri@dummymail.com,Demetris.Dituri@dummymail.com,developer
672,Nerta,Jorgan,Nerta.Jorgan@dummymail.com,Nerta.Jorgan@dummymail.com,firefighter
673,Ana,Aprile,Ana.Aprile@dummymail.com,Ana.Aprile@dummymail.com,police officer
674,Grier,Selway,Grier.Selway@dummymail.com,Grier.Selway@dummymail.com,firefighter
675,Annice,Lattie,Annice.Lattie@dummymail.com,Annice.Lattie@dummymail.com,firefighter
676,Raquela,Diann,Raquela.Diann@dummymail.com,Raquela.Diann@dummymail.com,doctor
677,Tomasina,Goode,Tomasina.Goode@dummymail.com,Tomasina.Goode@dummymail.com,firefighter
678,Selma,Edison,Selma.Edison@dummymail.com,Selma.Edison@dummymail.com,doctor
679,Janis,Helfand,Janis.Helfand@dummymail.com,Janis.Helfand@dummymail.com,developer
680,Leia,Dex,Leia.Dex@dummymail.com,Leia.Dex@dummymail.com,doctor
681,Inga,Niccolo,Inga.Niccolo@dummymail.com,Inga.Niccolo@dummymail.com,doctor
682,Corry,Kaja,Corry.Kaja@dummymail.com,Corry.Kaja@dummymail.com,worker
683,Selma,Lanita,Selma.Lanita@dummymail.com,Selma.Lanita@dummymail.com,firefighter
684,Karly,Skell,Karly.Skell@dummymail.com,Karly.Skell@dummymail.com,worker
685,Patricia,Hailee,Patricia.Hailee@dummymail.com,Patricia.Hailee@dummymail.com,developer
686,Rosene,Cecile,Rosene.Cecile@dummymail.com,Rosene.Cecile@dummymail.com,firefighter
687,Kittie,Federica,Kittie.Federica@dummymail.com,Kittie.Federica@dummymail.com,police officer
688,Lesly,Buckler,Lesly.Buckler@dummymail.com,Lesly.Buckler@dummymail.com,police officer
689,Coral,Sacken,Coral.Sacken@dummymail.com,Coral.Sacken@dummymail.com,developer
690,Leia,Bigner,Leia.Bigner@dummymail.com,Leia.Bigner@dummymail.com,worker
691,Mellicent,Sheng,Mellicent.Sheng@dummymail.com,Mellicent.Sheng@dummymail.com,worker
692,Johna,Cleavland,Johna.Cleavland@dummymail.com,Johna.Cleavland@dummymail.com,doctor
693,Adele,Ashely,Adele.Ashely@dummymail.com,Adele.Ashely@dummymail.com,doctor
694,Queenie,Thema,Queenie.Thema@dummymail.com,Queenie.Thema@dummymail.com,firefighter
695,Dale,Vivle,Dale.Vivle@dummymail.com,Dale.Vivle@dummymail.com,firefighter
696,Karina,Corrine,Karina.Corrine@dummymail.com,Karina.Corrine@dummymail.com,police officer
697,Kerrin,Gamaliel,Kerrin.Gamaliel@dummymail.com,Kerrin.Gamaliel@dummymail.com,developer
698,Dania,Kylander,Dania.Kylander@dummymail.com,Dania.Kylander@dummymail.com,worker
699,Dawn,Ephrem,Dawn.Ephrem@dummymail.com,Dawn.Ephrem@dummymail.com,firefighter
700,Jillayne,Sheedy,Jillayne.Sheedy@dummymail.com,Jillayne.Sheedy@dummymail.com,developer
701,Aimil,Annice,Aimil.Annice@dummymail.com,Aimil.Annice@dummymail.com,police officer
702,Corly,Mullane,Corly.Mullane@dummymail.com,Corly.Mullane@dummymail.com,worker
703,Monika,Cottle,Monika.Cottle@dummymail.com,Monika.Cottle@dummymail.com,developer
704,Codie,Richers,Codie.Richers@dummymail.com,Codie.Richers@dummymail.com,doctor
705,Mahalia,Gherardo,Mahalia.Gherardo@dummymail.com,Mahalia.Gherardo@dummymail.com,developer
706,Dulce,Sancho,Dulce.Sancho@dummymail.com,Dulce.Sancho@dummymail.com,developer
707,Emilia,Ader,Emilia.Ader@dummymail.com,Emilia.Ader@dummymail.com,worker
708,Binny,Arvo,Binny.Arvo@dummymail.com,Binny.Arvo@dummymail.com,worker
709,Leia,Karl,Leia.Karl@dummymail.com,Leia.Karl@dummymail.com,firefighter
710,Aryn,Raychel,Aryn.Raychel@dummymail.com,Aryn.Raychel@dummymail.com,worker
711,Natka,Eckblad,Natka.Eckblad@dummymail.com,Natka.Eckblad@dummymail.com,police officer
712,Viviene,Elisha,Viviene.Elisha@dummymail.com,Viviene.Elisha@dummymail.com,police officer
713,Zia,Christal,Zia.Christal@dummymail.com,Zia.Christal@dummymail.com,worker
714,Steffane,Kauppi,Steffane.Kauppi@dummymail.com,Steffane.Kauppi@dummymail.com,firefighter
715,Pamella,Rozanna,Pamella.Rozanna@dummymail.com,Pamella.Rozanna@dummymail.com,police officer
716,Sean,Valerio,Sean.Valerio@dummymail.com,Sean.Valerio@dummymail.com,worker
717,Elie,Faro,Elie.Faro@dummymail.com,Elie.Faro@dummymail.com,doctor
718,Viki,Cherianne,Viki.Cherianne@dummymail.com,Viki.Cherianne@dummymail.com,worker
719,Millie,Giule,Millie.Giule@dummymail.com,Millie.Giule@dummymail.com,firefighter
720,Tonia,Vorster,Tonia.Vorster@dummymail.com,Tonia.Vorster@dummymail.com,worker
721,Corry,Concha,Corry.Concha@dummymail.com,Corry.Concha@dummymail.com,police officer
722,Tersina,Middleton,Tersina.Middleton@dummymail.com,Tersina.Middleton@dummymail.com,police officer
723,Augustine,Helfand,Augustine.Helfand@dummymail.com,Augustine.Helfand@dummymail.com,developer
724,Goldie,Bari,Goldie.Bari@dummymail.com,Goldie.Bari@dummymail.com,doctor
725,Tori,Skurnik,Tori.Skurnik@dummymail.com,Tori.Skurnik@dummymail.com,worker
726,Ardeen,Guildroy,Ardeen.Guildroy@dummymail.com,Ardeen.Guildroy@dummymail.com,developer
727,Emmey,Bultman,Emmey.Bultman@dummymail.com,Emmey.Bultman@dummymail.com,doctor
728,Layla,Eugenia,Layla.Eugenia@dummymail.com,Layla.Eugenia@dummymail.com,worker
729,Stephanie,Alabaster,Stephanie.Alabaster@dummymail.com,Stephanie.Alabaster@dummymail.com,doctor
730,Jackie,Grimbly,Jackie.Grimbly@dummymail.com,Jackie.Grimbly@dummymail.com,doctor
731,Devina,Bow,Devina.Bow@dummymail.com,Devina.Bow@dummymail.com,firefighter
732,Marline,Ackerley,Marline.Ackerley@dummymail.com,Marline.Ackerley@dummymail.com,firefighter
733,Latisha,Syd,Latisha.Syd@dummymail.com,Latisha.Syd@dummymail.com,developer
734,Alex,Reidar,Alex.Reidar@dummymail.com,Alex.Reidar@dummymail.com,doctor
735,Theodora,Waldron,Theodora.Waldron@dummymail.com,Theodora.Waldron@dummymail.com,firefighter
736,Charlena,Sammons,Charlena.Sammons@dummymail.com,Charlena.Sammons@dummymail.com,firefighter
737,Mary,Stephie,Mary.Stephie@dummymail.com,Mary.Stephie@dummymail.com,developer
738,Claudina,Fiester,Claudina.Fiester@dummymail.com,Claudina.Fiester@dummymail.com,firefighter
739,Christal,Holtz,Christal.Holtz@dummymail.com,Christal.Holtz@dummymail.com,firefighter
740,Shauna,Lalitta,Shauna.Lalitta@dummymail.com,Shauna.Lalitta@dummymail.com,worker
741,Teddie,Belanger,Teddie.Belanger@dummymail.com,Teddie.Belanger@dummymail.com,firefighter
742,Sherrie,Konyn,Sherrie.Konyn@dummymail.com,Sherrie.Konyn@dummymail.com,developer
743,Lynnea,Pitt,Lynnea.Pitt@dummymail.com,Lynnea.Pitt@dummymail.com,firefighter
744,Dominga,Dash,Dominga.Dash@dummymail.com,Dominga.Dash@dummymail.com,doctor
745,Sherrie,Woodberry,Sherrie.Woodberry@dummymail.com,Sherrie.Woodberry@dummymail.com,police officer
746,Lynea,Eno,Lynea.Eno@dummymail.com,Lynea.Eno@dummymail.com,doctor
747,Helsa,Jena,Helsa.Jena@dummymail.com,Helsa.Jena@dummymail.com,firefighter
748,Marylou,Constancy,Marylou.Constancy@dummymail.com,Marylou.Constancy@dummymail.com,doctor
749,Fred,McLaughlin,Fred.McLaughlin@dummymail.com,Fred.McLaughlin@dummymail.com,police officer
750,Jobi,Mott,Jobi.Mott@dummymail.com,Jobi.Mott@dummymail.com,police officer
751,Joelly,Revkah,Joelly.Revkah@dummymail.com,Joelly.Revkah@dummymail.com,police officer
752,Penelopa,Daegal,Penelopa.Daegal@dummymail.com,Penelopa.Daegal@dummymail.com,doctor
753,Cherilyn,Vanni,Cherilyn.Vanni@dummymail.com,Cherilyn.Vanni@dummymail.com,doctor
754,Emelina,Dominy,Emelina.Dominy@dummymail.com,Emelina.Dominy@dummymail.com,worker
755,Dagmar,Uund,Dagmar.Uund@dummymail.com,Dagmar.Uund@dummymail.com,developer
756,Ariela,Wyn,Ariela.Wyn@dummymail.com,Ariela.Wyn@dummymail.com,worker
757,Aigneis,Dawkins,Aigneis.Dawkins@dummymail.com,Aigneis.Dawkins@dummymail.com,police officer
758,Rani,Goldina,Rani.Goldina@dummymail.com,Rani.Goldina@dummymail.com,developer
759,Kathy,Shaver,Kathy.Shaver@dummymail.com,Kathy.Shaver@dummymail.com,doctor
760,Mamie,Amadas,Mamie.Amadas@dummymail.com,Mamie.Amadas@dummymail.com,worker
761,Pamella,Xerxes,Pamella.Xerxes@dummymail.com,Pamella.Xerxes@dummymail.com,police officer
762,Phylis,Clywd,Phylis.Clywd@dummymail.com,Phylis.Clywd@dummymail.com,developer
763,Dione,Jillane,Dione.Jillane@dummymail.com,Dione.Jillane@dummymail.com,firefighter
764,Drucie,Zenas,Drucie.Zenas@dummymail.com,Drucie.Zenas@dummymail.com,doctor
765,Henriette,Darbie,Henriette.Darbie@dummymail.com,Henriette.Darbie@dummymail.com,police officer
766,Theodora,Nerita,Theodora.Nerita@dummymail.com,Theodora.Nerita@dummymail.com,firefighter
767,Gusty,Stephie,Gusty.Stephie@dummymail.com,Gusty.Stephie@dummymail.com,firefighter
768,Shirlee,Fancie,Shirlee.Fancie@dummymail.com,Shirlee.Fancie@dummymail.com,worker
769,Gretal,Eckblad,Gretal.Eckblad@dummymail.com,Gretal.Eckblad@dummymail.com,firefighter
770,Berget,Dom,Berget.Dom@dummymail.com,Berget.Dom@dummymail.com,doctor
771,Yvonne,Middleton,Yvonne.Middleton@dummymail.com,Yvonne.Middleton@dummymail.com,worker
772,Lanae,Lunsford,Lanae.Lunsford@dummymail.com,Lanae.Lunsford@dummymail.com,developer
773,Ilse,Slifka,Ilse.Slifka@dummymail.com,Ilse.Slifka@dummymail.com,worker
774,Adore,Soneson,Adore.Soneson@dummymail.com,Adore.Soneson@dummymail.com,doctor
775,Konstance,Bohlin,Konstance.Bohlin@dummymail.com,Konstance.Bohlin@dummymail.com,developer
776,Dulcinea,Rosette,Dulcinea.Rosette@dummymail.com,Dulcinea.Rosette@dummymail.com,police officer
777,Hope,Old,Hope.Old@dummymail.com,Hope.Old@dummymail.com,police officer
778,Wileen,Herrera,Wileen.Herrera@dummymail.com,Wileen.Herrera@dummymail.com,police officer
779,Giustina,Ulphia,Giustina.Ulphia@dummymail.com,Giustina.Ulphia@dummymail.com,worker
780,Gloria,Leopold,Gloria.Leopold@dummymail.com,Gloria.Leopold@dummymail.com,firefighter
781,Nataline,Orpah,Nataline.Orpah@dummymail.com,Nataline.Orpah@dummymail.com,police officer
782,Mellicent,Pelagias,Mellicent.Pelagias@dummymail.com,Mellicent.Pelagias@dummymail.com,worker
783,Nickie,Sinegold,Nickie.Sinegold@dummymail.com,Nickie.Sinegold@dummymail.com,developer
784,Giustina,Schlosser,Giustina.Schlosser@dummymail.com,Giustina.Schlosser@dummymail.com,worker
785,Maud,Gualtiero,Maud.Gualtiero@dummymail.com,Maud.Gualtiero@dummymail.com,doctor
786,Maryellen,Gower,Maryellen.Gower@dummymail.com,Maryellen.Gower@dummymail.com,firefighter
787,Alie,Kaja,Alie.Kaja@dummymail.com,Alie.Kaja@dummymail.com,worker
788,Lusa,Shama,Lusa.Shama@dummymail.com,Lusa.Shama@dummymail.com,worker
789,Sibella,Hieronymus,Sibella.Hieronymus@dummymail.com,Sibella.Hieronymus@dummymail.com,worker
790,Larine,Percy,Larine.Percy@dummymail.com,Larine.Percy@dummymail.com,doctor
791,Minne,Pelagias,Minne.Pelagias@dummymail.com,Minne.Pelagias@dummymail.com,police officer
792,Mireielle,Ashok,Mireielle.Ashok@dummymail.com,Mireielle.Ashok@dummymail.com,developer
793,Dorothy,Bettine,Dorothy.Bettine@dummymail.com,Dorothy.Bettine@dummymail.com,worker
794,Ursulina,Pacorro,Ursulina.Pacorro@dummymail.com,Ursulina.Pacorro@dummymail.com,police officer
795,Eugine,Morehouse,Eugine.Morehouse@dummymail.com,Eugine.Morehouse@dummymail.com,doctor
796,Annecorinne,Macey,Annecorinne.Macey@dummymail.com,Annecorinne.Macey@dummymail.com,doctor
797,Fidelia,Seessel,Fidelia.Seessel@dummymail.com,Fidelia.Seessel@dummymail.com,developer
798,Clarice,Ethban,Clarice.Ethban@dummymail.com,Clarice.Ethban@dummymail.com,developer
799,Christy,Leary,Christy.Leary@dummymail.com,Christy.Leary@dummymail.com,worker
800,Ekaterina,Anis,Ekaterina.Anis@dummymail.com,Ekaterina.Anis@dummymail.com,police officer
801,Verla,Weitman,Verla.Weitman@dummymail.com,Verla.Weitman@dummymail.com,developer
802,Allis,Kazimir,Allis.Kazimir@dummymail.com,Allis.Kazimir@dummymail.com,developer
803,Blinni,Alice,Blinni.Alice@dummymail.com,Blinni.Alice@dummymail.com,police officer
804,Riannon,Prober,Riannon.Prober@dummymail.com,Riannon.Prober@dummymail.com,police officer
805,Kathy,Yuille,Kathy.Yuille@dummymail.com,Kathy.Yuille@dummymail.com,developer
806,Kaia,Hubert,Kaia.Hubert@dummymail.com,Kaia.Hubert@dummymail.com,developer
807,Carolina,Hedve,Carolina.Hedve@dummymail.com,Carolina.Hedve@dummymail.com,police officer
808,Aeriela,Rad,Aeriela.Rad@dummymail.com,Aeriela.Rad@dummymail.com,doctor
809,Fred,Gualtiero,Fred.Gualtiero@dummymail.com,Fred.Gualtiero@dummymail.com,developer
810,Elise,Greenwald,Elise.Greenwald@dummymail.com,Elise.Greenwald@dummymail.com,developer
811,Georgina,Calhoun,Georgina.Calhoun@dummymail.com,Georgina.Calhoun@dummymail.com,police officer
812,Michaelina,Jerald,Michaelina.Jerald@dummymail.com,Michaelina.Jerald@dummymail.com,doctor
813,Devina,Zamora,Devina.Zamora@dummymail.com,Devina.Zamora@dummymail.com,police officer
814,Quintina,Felizio,Quintina.Felizio@dummymail.com,Quintina.Felizio@dummymail.com,police officer
815,Genevra,Donell,Genevra.Donell@dummymail.com,Genevra.Donell@dummymail.com,worker
816,Kylynn,Adalbert,Kylynn.Adalbert@dummymail.com,Kylynn.Adalbert@dummymail.com,worker
817,Desirae,Bobbee,Desirae.Bobbee@dummymail.com,Desirae.Bobbee@dummymail.com,developer
818,Talya,Poppy,Talya.Poppy@dummymail.com,Talya.Poppy@dummymail.com,developer
819,Cathyleen,Brieta,Cathyleen.Brieta@dummymail.com,Cathyleen.Brieta@dummymail.com,developer
820,Gwenneth,Sparhawk,Gwenneth.Sparhawk@dummymail.com,Gwenneth.Sparhawk@dummymail.com,firefighter
821,Penelopa,Orlene,Penelopa.Orlene@dummymail.com,Penelopa.Orlene@dummymail.com,worker
822,Nikki,Rillings,Nikki.Rillings@dummymail.com,Nikki.Rillings@dummymail.com,police officer
823,Rosaline,Dom,Rosaline.Dom@dummymail.com,Rosaline.Dom@dummymail.com,firefighter
824,Julieta,Behre,Julieta.Behre@dummymail.com,Julieta.Behre@dummymail.com,worker
825,Eolanda,Stanwood,Eolanda.Stanwood@dummymail.com,Eolanda.Stanwood@dummymail.com,worker
826,Briney,Magdalen,Briney.Magdalen@dummymail.com,Briney.Magdalen@dummymail.com,worker
827,Malina,Anis,Malina.Anis@dummymail.com,Malina.Anis@dummymail.com,firefighter
828,Roz,Soneson,Roz.Soneson@dummymail.com,Roz.Soneson@dummymail.com,police officer
829,Louella,Carmena,Louella.Carmena@dummymail.com,Louella.Carmena@dummymail.com,worker
830,Alisha,Gladstone,Alisha.Gladstone@dummymail.com,Alisha.Gladstone@dummymail.com,developer
831,Brandise,Anton,Brandise.Anton@dummymail.com,Brandise.Anton@dummymail.com,worker
832,Morganica,Urania,Morganica.Urania@dummymail.com,Morganica.Urania@dummymail.com,doctor
833,Berget,Arvo,Berget.Arvo@dummymail.com,Berget.Arvo@dummymail.com,police officer
834,Tami,Tippets,Tami.Tippets@dummymail.com,Tami.Tippets@dummymail.com,doctor
835,Clo,Weitman,Clo.Weitman@dummymail.com,Clo.Weitman@dummymail.com,doctor
836,Karlee,Buffum,Karlee.Buffum@dummymail.com,Karlee.Buffum@dummymail.com,firefighter
837,Viki,Lane,Viki.Lane@dummymail.com,Viki.Lane@dummymail.com,police officer
838,Gusella,Darrell,Gusella.Darrell@dummymail.com,Gusella.Darrell@dummymail.com,developer
839,Elyssa,Ephrem,Elyssa.Ephrem@dummymail.com,Elyssa.Ephrem@dummymail.com,police officer
840,Betta,Erlandson,Betta.Erlandson@dummymail.com,Betta.Erlandson@dummymail.com,firefighter
841,Norine,Natalia,Norine.Natalia@dummymail.com,Norine.Natalia@dummymail.com,worker
842,Almeta,Jagir,Almeta.Jagir@dummymail.com,Almeta.Jagir@dummymail.com,worker
843,Dacia,Cherianne,Dacia.Cherianne@dummymail.com,Dacia.Cherianne@dummymail.com,police officer
844,Averyl,Donoghue,Averyl.Donoghue@dummymail.com,Averyl.Donoghue@dummymail.com,doctor
845,June,Roscoe,June.Roscoe@dummymail.com,June.Roscoe@dummymail.com,developer
846,Marcelline,Kermit,Marcelline.Kermit@dummymail.com,Marcelline.Kermit@dummymail.com,police officer
847,Claresta,Ietta,Claresta.Ietta@dummymail.com,Claresta.Ietta@dummymail.com,police officer
848,Blake,Quent,Blake.Quent@dummymail.com,Blake.Quent@dummymail.com,police officer
849,Sue,Ashely,Sue.Ashely@dummymail.com,Sue.Ashely@dummymail.com,worker
850,Sarette,Read,Sarette.Read@dummymail.com,Sarette.Read@dummymail.com,worker
851,Briney,Paine,Briney.Paine@dummymail.com,Briney.Paine@dummymail.com,developer
852,Jaime,Timon,Jaime.Timon@dummymail.com,Jaime.Timon@dummymail.com,police officer
853,Nerta,Alisia,Nerta.Alisia@dummymail.com,Nerta.Alisia@dummymail.com,police officer
854,Charlena,Meli,Charlena.Meli@dummymail.com,Charlena.Meli@dummymail.com,developer
855,Amelia,Carmena,Amelia.Carmena@dummymail.com,Amelia.Carmena@dummymail.com,firefighter
856,Karolina,Shuler,Karolina.Shuler@dummymail.com,Karolina.Shuler@dummymail.com,police officer
857,Patricia,Harday,Patricia.Harday@dummymail.com,Patricia.Harday@dummymail.com,doctor
858,Josephine,Ummersen,Josephine.Ummersen@dummymail.com,Josephine.Ummersen@dummymail.com,doctor
859,Nananne,Weinreb,Nananne.Weinreb@dummymail.com,Nananne.Weinreb@dummymail.com,worker
860,Celestyna,Kazimir,Celestyna.Kazimir@dummymail.com,Celestyna.Kazimir@dummymail.com,firefighter
861,Leia,Janene,Leia.Janene@dummymail.com,Leia.Janene@dummymail.com,police officer
862,Gianina,Percy,Gianina.Percy@dummymail.com,Gianina.Percy@dummymail.com,firefighter
863,Rubie,Suk,Rubie.Suk@dummymail.com,Rubie.Suk@dummymail.com,firefighter
864,Roseline,Katrine,Roseline.Katrine@dummymail.com,Roseline.Katrine@dummymail.com,developer
865,Joleen,Jagir,Joleen.Jagir@dummymail.com,Joleen.Jagir@dummymail.com,police officer
866,Renae,Kussell,Renae.Kussell@dummymail.com,Renae.Kussell@dummymail.com,worker
867,Mary,Niccolo,Mary.Niccolo@dummymail.com,Mary.Niccolo@dummymail.com,developer
868,Miquela,Bashemeth,Miquela.Bashemeth@dummymail.com,Miquela.Bashemeth@dummymail.com,worker
869,Christal,Margret,Christal.Margret@dummymail.com,Christal.Margret@dummymail.com,police officer
870,Sharlene,Ellord,Sharlene.Ellord@dummymail.com,Sharlene.Ellord@dummymail.com,doctor
871,Christal,Bivins,Christal.Bivins@dummymail.com,Christal.Bivins@dummymail.com,developer
872,Isa,Pearse,Isa.Pearse@dummymail.com,Isa.Pearse@dummymail.com,firefighter
873,Tracey,Roarke,Tracey.Roarke@dummymail.com,Tracey.Roarke@dummymail.com,police officer
874,Wynne,Tristram,Wynne.Tristram@dummymail.com,Wynne.Tristram@dummymail.com,developer
875,Marti,Madox,Marti.Madox@dummymail.com,Marti.Madox@dummymail.com,doctor
876,Lexine,Azeria,Lexine.Azeria@dummymail.com,Lexine.Azeria@dummymail.com,developer
877,Keelia,Ehrman,Keelia.Ehrman@dummymail.com,Keelia.Ehrman@dummymail.com,police officer
878,Emmey,Fink,Emmey.Fink@dummymail.com,Emmey.Fink@dummymail.com,police officer
879,Melina,Bohlin,Melina.Bohlin@dummymail.com,Melina.Bohlin@dummymail.com,doctor
880,Margarette,Durante,Margarette.Durante@dummymail.com,Margarette.Durante@dummymail.com,doctor
881,Shirlee,Madelene,Shirlee.Madelene@dummymail.com,Shirlee.Madelene@dummymail.com,police officer
882,Ottilie,Clie,Ottilie.Clie@dummymail.com,Ottilie.Clie@dummymail.com,developer
883,Lucy,Aaberg,Lucy.Aaberg@dummymail.com,Lucy.Aaberg@dummymail.com,worker
884,Fredericka,Natalia,Fredericka.Natalia@dummymail.com,Fredericka.Natalia@dummymail.com,firefighter
885,Helsa,Saunderson,Helsa.Saunderson@dummymail.com,Helsa.Saunderson@dummymail.com,police officer
886,Alie,Adore,Alie.Adore@dummymail.com,Alie.Adore@dummymail.com,police officer
887,Marika,Olnee,Marika.Olnee@dummymail.com,Marika.Olnee@dummymail.com,doctor
888,Jackie,Hertzfeld,Jackie.Hertzfeld@dummymail.com,Jackie.Hertzfeld@dummymail.com,doctor
889,Vanessa,Delacourt,Vanessa.Delacourt@dummymail.com,Vanessa.Delacourt@dummymail.com,worker
890,Wileen,Cutlerr,Wileen.Cutlerr@dummymail.com,Wileen.Cutlerr@dummymail.com,developer
891,Tierney,Lea,Tierney.Lea@dummymail.com,Tierney.Lea@dummymail.com,developer
892,Jinny,Fosque,Jinny.Fosque@dummymail.com,Jinny.Fosque@dummymail.com,firefighter
893,Evita,Federica,Evita.Federica@dummymail.com,Evita.Federica@dummymail.com,developer
894,Hannis,Lea,Hannis.Lea@dummymail.com,Hannis.Lea@dummymail.com,doctor
895,Jobi,Ax,Jobi.Ax@dummymail.com,Jobi.Ax@dummymail.com,doctor
896,Hollie,Carbo,Hollie.Carbo@dummymail.com,Hollie.Carbo@dummymail.com,doctor
897,Rochette,Bennie,Rochette.Bennie@dummymail.com,Rochette.Bennie@dummymail.com,worker
898,Eugine,Bertold,Eugine.Bertold@dummymail.com,Eugine.Bertold@dummymail.com,firefighter
899,Lexine,Leopold,Lexine.Leopold@dummymail.com,Lexine.Leopold@dummymail.com,police officer
900,Tatiania,Raul,Tatiania.Raul@dummymail.com,Tatiania.Raul@dummymail.com,police officer
901,Goldie,Pandolfi,Goldie.Pandolfi@dummymail.com,Goldie.Pandolfi@dummymail.com,worker
902,Susette,Kravits,Susette.Kravits@dummymail.com,Susette.Kravits@dummymail.com,worker
903,Amelia,Marden,Amelia.Marden@dummymail.com,Amelia.Marden@dummymail.com,firefighter
904,Lindie,Dawkins,Lindie.Dawkins@dummymail.com,Lindie.Dawkins@dummymail.com,firefighter
905,Fawne,Constancy,Fawne.Constancy@dummymail.com,Fawne.Constancy@dummymail.com,police officer
906,Lanae,Margret,Lanae.Margret@dummymail.com,Lanae.Margret@dummymail.com,developer
907,Nadine,Alcott,Nadine.Alcott@dummymail.com,Nadine.Alcott@dummymail.com,police officer
908,Sissy,Gahl,Sissy.Gahl@dummymail.com,Sissy.Gahl@dummymail.com,developer
909,Petronia,Justinn,Petronia.Justinn@dummymail.com,Petronia.Justinn@dummymail.com,police officer
910,Carilyn,Revkah,Carilyn.Revkah@dummymail.com,Carilyn.Revkah@dummymail.com,worker
911,Roxane,Lay,Roxane.Lay@dummymail.com,Roxane.Lay@dummymail.com,developer
912,Anica,Alisia,Anica.Alisia@dummymail.com,Anica.Alisia@dummymail.com,doctor
913,Patricia,Fiann,Patricia.Fiann@dummymail.com,Patricia.Fiann@dummymail.com,doctor
914,Ermengarde,Bebe,Ermengarde.Bebe@dummymail.com,Ermengarde.Bebe@dummymail.com,doctor
915,Belinda,Rona,Belinda.Rona@dummymail.com,Belinda.Rona@dummymail.com,worker
916,Florencia,Jagir,Florencia.Jagir@dummymail.com,Florencia.Jagir@dummymail.com,firefighter
917,Belinda,Sharl,Belinda.Sharl@dummymail.com,Belinda.Sharl@dummymail.com,doctor
918,Donetta,Lalitta,Donetta.Lalitta@dummymail.com,Donetta.Lalitta@dummymail.com,doctor
919,Vinita,Desai,Vinita.Desai@dummymail.com,Vinita.Desai@dummymail.com,doctor
920,Mamie,Salchunas,Mamie.Salchunas@dummymail.com,Mamie.Salchunas@dummymail.com,developer
921,Leia,Dorothy,Leia.Dorothy@dummymail.com,Leia.Dorothy@dummymail.com,doctor
922,Silvana,Sabella,Silvana.Sabella@dummymail.com,Silvana.Sabella@dummymail.com,worker
923,Laure,Alrich,Laure.Alrich@dummymail.com,Laure.Alrich@dummymail.com,worker
924,Regina,Kirstin,Regina.Kirstin@dummymail.com,Regina.Kirstin@dummymail.com,firefighter
925,Beatriz,Jagir,Beatriz.Jagir@dummymail.com,Beatriz.Jagir@dummymail.com,doctor
926,Elyssa,Couture,Elyssa.Couture@dummymail.com,Elyssa.Couture@dummymail.com,firefighter
927,Dione,Christine,Dione.Christine@dummymail.com,Dione.Christine@dummymail.com,police officer
928,Helsa,Jerold,Helsa.Jerold@dummymail.com,Helsa.Jerold@dummymail.com,worker
929,Valeda,Ellerey,Valeda.Ellerey@dummymail.com,Valeda.Ellerey@dummymail.com,developer
930,Mariele,Woodberry,Mariele.Woodberry@dummymail.com,Mariele.Woodberry@dummymail.com,developer
931,June,Ventre,June.Ventre@dummymail.com,June.Ventre@dummymail.com,police officer
932,Hayley,Gerge,Hayley.Gerge@dummymail.com,Hayley.Gerge@dummymail.com,firefighter
933,Adore,Infield,Adore.Infield@dummymail.com,Adore.Infield@dummymail.com,firefighter
934,Netty,Felizio,Netty.Felizio@dummymail.com,Netty.Felizio@dummymail.com,worker
935,Ethel,Ackerley,Ethel.Ackerley@dummymail.com,Ethel.Ackerley@dummymail.com,doctor
936,Karly,Blake,Karly.Blake@dummymail.com,Karly.Blake@dummymail.com,worker
937,Glenda,Deny,Glenda.Deny@dummymail.com,Glenda.Deny@dummymail.com,firefighter
938,Brooks,Sawtelle,Brooks.Sawtelle@dummymail.com,Brooks.Sawtelle@dummymail.com,doctor
939,Belinda,Joni,Belinda.Joni@dummymail.com,Belinda.Joni@dummymail.com,worker
940,Camile,Atcliffe,Camile.Atcliffe@dummymail.com,Camile.Atcliffe@dummymail.com,developer
941,Nonnah,Karna,Nonnah.Karna@dummymail.com,Nonnah.Karna@dummymail.com,firefighter
942,Britni,An,Britni.An@dummymail.com,Britni.An@dummymail.com,worker
943,Margalo,Couture,Margalo.Couture@dummymail.com,Margalo.Couture@dummymail.com,police officer
944,Kelly,Willie,Kelly.Willie@dummymail.com,Kelly.Willie@dummymail.com,firefighter
945,Heida,Cristi,Heida.Cristi@dummymail.com,Heida.Cristi@dummymail.com,worker
946,Jorry,Mandler,Jorry.Mandler@dummymail.com,Jorry.Mandler@dummymail.com,doctor
947,Shaine,Valerio,Shaine.Valerio@dummymail.com,Shaine.Valerio@dummymail.com,developer
948,Maurene,Tengdin,Maurene.Tengdin@dummymail.com,Maurene.Tengdin@dummymail.com,developer
949,Dari,Dielu,Dari.Dielu@dummymail.com,Dari.Dielu@dummymail.com,worker
950,Starla,Kathie,Starla.Kathie@dummymail.com,Starla.Kathie@dummymail.com,firefighter
951,Viviene,Gahl,Viviene.Gahl@dummymail.com,Viviene.Gahl@dummymail.com,worker
952,Raf,Ardeha,Raf.Ardeha@dummymail.com,Raf.Ardeha@dummymail.com,doctor
953,Kial,Goth,Kial.Goth@dummymail.com,Kial.Goth@dummymail.com,developer
954,Dacia,Zuzana,Dacia.Zuzana@dummymail.com,Dacia.Zuzana@dummymail.com,worker
955,Stephanie,Gualtiero,Stephanie.Gualtiero@dummymail.com,Stephanie.Gualtiero@dummymail.com,firefighter
956,Tori,Clywd,Tori.Clywd@dummymail.com,Tori.Clywd@dummymail.com,firefighter
957,Brana,Sekofski,Brana.Sekofski@dummymail.com,Brana.Sekofski@dummymail.com,worker
958,Sophia,Buckler,Sophia.Buckler@dummymail.com,Sophia.Buckler@dummymail.com,police officer
959,Ulrike,Holbrook,Ulrike.Holbrook@dummymail.com,Ulrike.Holbrook@dummymail.com,firefighter
960,Nerta,Laverne,Nerta.Laverne@dummymail.com,Nerta.Laverne@dummymail.com,firefighter
961,Alia,Azeria,Alia.Azeria@dummymail.com,Alia.Azeria@dummymail.com,developer
962,Yvonne,Wenoa,Yvonne.Wenoa@dummymail.com,Yvonne.Wenoa@dummymail.com,doctor
963,Brietta,Judye,Brietta.Judye@dummymail.com,Brietta.Judye@dummymail.com,police officer
964,Alie,Harned,Alie.Harned@dummymail.com,Alie.Harned@dummymail.com,worker
965,Shell,Linehan,Shell.Linehan@dummymail.com,Shell.Linehan@dummymail.com,doctor
966,Gavrielle,Nadia,Gavrielle.Nadia@dummymail.com,Gavrielle.Nadia@dummymail.com,firefighter
967,Myriam,Huggins,Myriam.Huggins@dummymail.com,Myriam.Huggins@dummymail.com,worker
968,Zsa Zsa,Eugenia,Zsa Zsa.Eugenia@dummymail.com,Zsa Zsa.Eugenia@dummymail.com,worker
969,Tomasina,Aurelio,Tomasina.Aurelio@dummymail.com,Tomasina.Aurelio@dummymail.com,doctor
970,Cherilyn,Ochs,Cherilyn.Ochs@dummymail.com,Cherilyn.Ochs@dummymail.com,police officer
971,Margarette,Hoenack,Margarette.Hoenack@dummymail.com,Margarette.Hoenack@dummymail.com,doctor
972,Vanessa,Susannah,Vanessa.Susannah@dummymail.com,Vanessa.Susannah@dummymail.com,firefighter
973,Joeann,McCutcheon,Joeann.McCutcheon@dummymail.com,Joeann.McCutcheon@dummymail.com,worker
974,Mignon,Dannye,Mignon.Dannye@dummymail.com,Mignon.Dannye@dummymail.com,worker
975,Heddie,My,Heddie.My@dummymail.com,Heddie.My@dummymail.com,developer
976,Flo,Kendrick,Flo.Kendrick@dummymail.com,Flo.Kendrick@dummymail.com,worker
977,Loree,Elisha,Loree.Elisha@dummymail.com,Loree.Elisha@dummymail.com,developer
978,Frieda,Tiffa,Frieda.Tiffa@dummymail.com,Frieda.Tiffa@dummymail.com,doctor
979,Taffy,Alfons,Taffy.Alfons@dummymail.com,Taffy.Alfons@dummymail.com,police officer
980,Arlena,Medrek,Arlena.Medrek@dummymail.com,Arlena.Medrek@dummymail.com,firefighter
981,Gerrie,Maryanne,Gerrie.Maryanne@dummymail.com,Gerrie.Maryanne@dummymail.com,worker
982,Fred,Aldric,Fred.Aldric@dummymail.com,Fred.Aldric@dummymail.com,worker
983,Angelique,Urania,Angelique.Urania@dummymail.com,Angelique.Urania@dummymail.com,worker
984,Agathe,Bury,Agathe.Bury@dummymail.com,Agathe.Bury@dummymail.com,developer
985,Jemie,Cressida,Jemie.Cressida@dummymail.com,Jemie.Cressida@dummymail.com,firefighter
986,Asia,Ingra,Asia.Ingra@dummymail.com,Asia.Ingra@dummymail.com,police officer
987,Selia,Libna,Selia.Libna@dummymail.com,Selia.Libna@dummymail.com,firefighter
988,Paola,McClimans,Paola.McClimans@dummymail.com,Paola.McClimans@dummymail.com,police officer
989,Isa,Janith,Isa.Janith@dummymail.com,Isa.Janith@dummymail.com,doctor
990,Asia,Taam,Asia.Taam@dummymail.com,Asia.Taam@dummymail.com,firefighter
991,Madalyn,Schlosser,Madalyn.Schlosser@dummymail.com,Madalyn.Schlosser@dummymail.com,police officer
992,Meriel,Thornburg,Meriel.Thornburg@dummymail.com,Meriel.Thornburg@dummymail.com,police officer
993,Aeriela,Hepsibah,Aeriela.Hepsibah@dummymail.com,Aeriela.Hepsibah@dummymail.com,police officer
994,Marti,Adalbert,Marti.Adalbert@dummymail.com,Marti.Adalbert@dummymail.com,worker
995,Raf,Connelly,Raf.Connelly@dummymail.com,Raf.Connelly@dummymail.com,doctor
996,Ellette,Stover,Ellette.Stover@dummymail.com,Ellette.Stover@dummymail.com,firefighter
997,Ayn,Natica,Ayn.Natica@dummymail.com,Ayn.Natica@dummymail.com,doctor
998,Sheree,Katrine,Sheree.Katrine@dummymail.com,Sheree.Katrine@dummymail.com,doctor
999,Rosaline,Hanshaw,Rosaline.Hanshaw@dummymail.com,Rosaline.Hanshaw@dummymail.com,doctor
1000,Ann-Marie,Tufts,Ann-Marie.Tufts@dummymail.com,Ann-Marie.Tufts@dummymail.com,police officer
1001,Aurelie,Desai,Aurelie.Desai@dummymail.com,Aurelie.Desai@dummymail.com,police officer
1002,Johna,Earlie,Johna.Earlie@dummymail.com,Johna.Earlie@dummymail.com,developer
1003,Ardenia,Cressida,Ardenia.Cressida@dummymail.com,Ardenia.Cressida@dummymail.com,doctor
1004,Paola,Junie,Paola.Junie@dummymail.com,Paola.Junie@dummymail.com,doctor
1005,Atlanta,Levey,Atlanta.Levey@dummymail.com,Atlanta.Levey@dummymail.com,doctor
1006,Roberta,Toffic,Roberta.Toffic@dummymail.com,Roberta.Toffic@dummymail.com,worker
1007,Marguerite,Talia,Marguerite.Talia@dummymail.com,Marguerite.Talia@dummymail.com,developer
1008,Corry,Wu,Corry.Wu@dummymail.com,Corry.Wu@dummymail.com,police officer
1009,Kathy,Berne,Kathy.Berne@dummymail.com,Kathy.Berne@dummymail.com,doctor
1010,Perry,Milde,Perry.Milde@dummymail.com,Perry.Milde@dummymail.com,worker
1011,Ashlee,Salvidor,Ashlee.Salvidor@dummymail.com,Ashlee.Salvidor@dummymail.com,firefighter
1012,Daphne,Linskey,Daphne.Linskey@dummymail.com,Daphne.Linskey@dummymail.com,police officer
1013,Gale,Colleen,Gale.Colleen@dummymail.com,Gale.Colleen@dummymail.com,firefighter
1014,Constance,Egbert,Constance.Egbert@dummymail.com,Constance.Egbert@dummymail.com,police officer
1015,Sallie,Gusella,Sallie.Gusella@dummymail.com,Sallie.Gusella@dummymail.com,police officer
1016,Heida,Olin,Heida.Olin@dummymail.com,Heida.Olin@dummymail.com,worker
1017,Barbara,Adalbert,Barbara.Adalbert@dummymail.com,Barbara.Adalbert@dummymail.com,developer
1018,Chloris,Kauppi,Chloris.Kauppi@dummymail.com,Chloris.Kauppi@dummymail.com,doctor
1019,Meg,Alfons,Meg.Alfons@dummymail.com,Meg.Alfons@dummymail.com,worker
1020,Roslyn,Celestine,Roslyn.Celestine@dummymail.com,Roslyn.Celestine@dummymail.com,firefighter
1021,June,Orlene,June.Orlene@dummymail.com,June.Orlene@dummymail.com,doctor
1022,Edith,Cristi,Edith.Cristi@dummymail.com,Edith.Cristi@dummymail.com,doctor
1023,Morganica,Moina,Morganica.Moina@dummymail.com,Morganica.Moina@dummymail.com,doctor
1024,Wynne,Viddah,Wynne.Viddah@dummymail.com,Wynne.Viddah@dummymail.com,police officer
1025,Florie,Odell,Florie.Odell@dummymail.com,Florie.Odell@dummymail.com,police officer
1026,Rosaline,Braun,Rosaline.Braun@dummymail.com,Rosaline.Braun@dummymail.com,worker
1027,Deane,Gillan,Deane.Gillan@dummymail.com,Deane.Gillan@dummymail.com,developer
1028,Bibby,Carri,Bibby.Carri@dummymail.com,Bibby.Carri@dummymail.com,police officer
1029,Laure,Wadell,Laure.Wadell@dummymail.com,Laure.Wadell@dummymail.com,police officer
1030,Wilma,Granoff,Wilma.Granoff@dummymail.com,Wilma.Granoff@dummymail.com,worker
1031,Alyssa,Leopold,Alyssa.Leopold@dummymail.com,Alyssa.Leopold@dummymail.com,developer
1032,Carilyn,Emmaline,Carilyn.Emmaline@dummymail.com,Carilyn.Emmaline@dummymail.com,police officer
1033,Basia,Pozzy,Basia.Pozzy@dummymail.com,Basia.Pozzy@dummymail.com,police officer
1034,Arabel,Mandler,Arabel.Mandler@dummymail.com,Arabel.Mandler@dummymail.com,worker
1035,Beatriz,Velick,Beatriz.Velick@dummymail.com,Beatriz.Velick@dummymail.com,police officer
1036,Annora,Lissi,Annora.Lissi@dummymail.com,Annora.Lissi@dummymail.com,doctor
1037,Briney,Carmena,Briney.Carmena@dummymail.com,Briney.Carmena@dummymail.com,worker
1038,Roseline,Irmine,Roseline.Irmine@dummymail.com,Roseline.Irmine@dummymail.com,firefighter
1039,Jan,Philoo,Jan.Philoo@dummymail.com,Jan.Philoo@dummymail.com,worker
1040,Emma,Idelia,Emma.Idelia@dummymail.com,Emma.Idelia@dummymail.com,police officer
1041,Petronia,Tice,Petronia.Tice@dummymail.com,Petronia.Tice@dummymail.com,developer
1042,Fred,Kylander,Fred.Kylander@dummymail.com,Fred.Kylander@dummymail.com,worker
1043,Modestia,Lumbard,Modestia.Lumbard@dummymail.com,Modestia.Lumbard@dummymail.com,doctor
1044,Jsandye,Kress,Jsandye.Kress@dummymail.com,Jsandye.Kress@dummymail.com,doctor
1045,Jessamyn,Iaverne,Jessamyn.Iaverne@dummymail.com,Jessamyn.Iaverne@dummymail.com,firefighter
1046,Aimil,Macey,Aimil.Macey@dummymail.com,Aimil.Macey@dummymail.com,doctor
1047,Latisha,Aida,Latisha.Aida@dummymail.com,Latisha.Aida@dummymail.com,worker
1048,Ezmeralda,Ciro,Ezmeralda.Ciro@dummymail.com,Ezmeralda.Ciro@dummymail.com,firefighter
1049,Briney,Gibbeon,Briney.Gibbeon@dummymail.com,Briney.Gibbeon@dummymail.com,firefighter
1050,Meg,Secrest,Meg.Secrest@dummymail.com,Meg.Secrest@dummymail.com,developer
1051,Linet,Francyne,Linet.Francyne@dummymail.com,Linet.Francyne@dummymail.com,doctor
1052,Edith,Alabaster,Edith.Alabaster@dummymail.com,Edith.Alabaster@dummymail.com,doctor
1053,Mariele,Thornburg,Mariele.Thornburg@dummymail.com,Mariele.Thornburg@dummymail.com,doctor
1054,Rozele,Read,Rozele.Read@dummymail.com,Rozele.Read@dummymail.com,worker
1055,Raina,Phyllis,Raina.Phyllis@dummymail.com,Raina.Phyllis@dummymail.com,worker
1056,Mariann,Giule,Mariann.Giule@dummymail.com,Mariann.Giule@dummymail.com,developer
1057,Annecorinne,Martguerita,Annecorinne.Martguerita@dummymail.com,Annecorinne.Martguerita@dummymail.com,police officer
1058,Marinna,Thunell,Marinna.Thunell@dummymail.com,Marinna.Thunell@dummymail.com,developer
1059,Hildegaard,Ferino,Hildegaard.Ferino@dummymail.com,Hildegaard.Ferino@dummymail.com,developer
1060,Tani,Trace,Tani.Trace@dummymail.com,Tani.Trace@dummymail.com,developer
1061,Fayre,Noman,Fayre.Noman@dummymail.com,Fayre.Noman@dummymail.com,developer
1062,Kerrin,Erskine,Kerrin.Erskine@dummymail.com,Kerrin.Erskine@dummymail.com,worker
1063,Diena,Slifka,Diena.Slifka@dummymail.com,Diena.Slifka@dummymail.com,police officer
1064,Calla,Lesley,Calla.Lesley@dummymail.com,Calla.Lesley@dummymail.com,police officer
1065,Rosene,Winnick,Rosene.Winnick@dummymail.com,Rosene.Winnick@dummymail.com,firefighter
1066,Mary,Giule,Mary.Giule@dummymail.com,Mary.Giule@dummymail.com,police officer
1067,Meriel,Means,Meriel.Means@dummymail.com,Meriel.Means@dummymail.com,doctor
1068,Joy,Brunell,Joy.Brunell@dummymail.com,Joy.Brunell@dummymail.com,doctor
1069,Tomasina,Terencio,Tomasina.Terencio@dummymail.com,Tomasina.Terencio@dummymail.com,developer
1070,Clarice,Louanna,Clarice.Louanna@dummymail.com,Clarice.Louanna@dummymail.com,police officer
1071,Elmira,Lemuela,Elmira.Lemuela@dummymail.com,Elmira.Lemuela@dummymail.com,firefighter
1072,Elvira,Emerson,Elvira.Emerson@dummymail.com,Elvira.Emerson@dummymail.com,developer
1073,Janis,Federica,Janis.Federica@dummymail.com,Janis.Federica@dummymail.com,firefighter
1074,Celene,Roscoe,Celene.Roscoe@dummymail.com,Celene.Roscoe@dummymail.com,doctor
1075,Emmey,Carolin,Emmey.Carolin@dummymail.com,Emmey.Carolin@dummymail.com,worker
1076,Allis,Pip,Allis.Pip@dummymail.com,Allis.Pip@dummymail.com,doctor
1077,Lyssa,Annice,Lyssa.Annice@dummymail.com,Lyssa.Annice@dummymail.com,developer
1078,Ethel,Thema,Ethel.Thema@dummymail.com,Ethel.Thema@dummymail.com,worker
1079,Dale,Mandler,Dale.Mandler@dummymail.com,Dale.Mandler@dummymail.com,developer
1080,Cassondra,Ader,Cassondra.Ader@dummymail.com,Cassondra.Ader@dummymail.com,firefighter
1081,Patricia,Rhu,Patricia.Rhu@dummymail.com,Patricia.Rhu@dummymail.com,worker
1082,Xylina,Cyrie,Xylina.Cyrie@dummymail.com,Xylina.Cyrie@dummymail.com,developer
1083,Harmonia,Anastatius,Harmonia.Anastatius@dummymail.com,Harmonia.Anastatius@dummymail.com,doctor
1084,Gavrielle,Loleta,Gavrielle.Loleta@dummymail.com,Gavrielle.Loleta@dummymail.com,developer
1085,Sallie,Lory,Sallie.Lory@dummymail.com,Sallie.Lory@dummymail.com,worker
1086,Madelle,Idelia,Madelle.Idelia@dummymail.com,Madelle.Idelia@dummymail.com,firefighter
1087,Tatiania,Vilma,Tatiania.Vilma@dummymail.com,Tatiania.Vilma@dummymail.com,doctor
1088,Tiffie,Ephrem,Tiffie.Ephrem@dummymail.com,Tiffie.Ephrem@dummymail.com,police officer
1089,Pearline,Telfer,Pearline.Telfer@dummymail.com,Pearline.Telfer@dummymail.com,developer
1090,Fred,Soneson,Fred.Soneson@dummymail.com,Fred.Soneson@dummymail.com,firefighter
1091,Charlena,August,Charlena.August@dummymail.com,Charlena.August@dummymail.com,police officer
1092,Eve,Kristi,Eve.Kristi@dummymail.com,Eve.Kristi@dummymail.com,worker
1093,Tybie,Merat,Tybie.Merat@dummymail.com,Tybie.Merat@dummymail.com,worker
1094,Addia,Juliet,Addia.Juliet@dummymail.com,Addia.Juliet@dummymail.com,doctor
1095,Allis,Nickola,Allis.Nickola@dummymail.com,Allis.Nickola@dummymail.com,doctor
1096,Esmeralda,Kathie,Esmeralda.Kathie@dummymail.com,Esmeralda.Kathie@dummymail.com,worker
1097,Elora,Cloris,Elora.Cloris@dummymail.com,Elora.Cloris@dummymail.com,developer
1098,Melodie,Lemuela,Melodie.Lemuela@dummymail.com,Melodie.Lemuela@dummymail.com,worker
1099,Belinda,Yoko,Belinda.Yoko@dummymail.com,Belinda.Yoko@dummymail.com,police officer