id,firstname,lastname,email,email2,profession
100,Brena,Billye,Brena.Billye@dummymail.com,Brena.Billye@dummymail.com,doctor
101,Cassandra,Hull,Cassandra.Hull@dummymail.com,Cassandra.Hull@dummymail.com,worker
102,Christal,Harday,Christal.Harday@dummymail.com,Christal.Harday@dummymail.com,firefighter
103,Lenna,Suanne,Lenna.Suanne@dummymail.com,Lenna.Suanne@dummymail.com,police officer
104,Karlee,Larochelle,Karlee.Larochelle@dummymail.com,Karlee.Larochelle@dummymail.com,police officer
105,Andeee,Anderea,Andeee.Anderea@dummymail.com,Andeee.Anderea@dummymail.com,doctor
106,Rhoda,Jess,Rhoda.Jess@dummymail.com,Rhoda.Jess@dummymail.com,police officer
107,Karina,Liva,Karina.Liva@dummymail.com,Karina.Liva@dummymail.com,developer
108,Carmencita,Dudley,Carmencita.Dudley@dummymail.com,Carmencita.Dudley@dummymail.com,police officer
109,Jinny,Minetta,Jinny.Minetta@dummymail.com,Jinny.Minetta@dummymail.com,doctor
110,Marjie,Ellerey,Marjie.Ellerey@dummymail.com,Marjie.Ellerey@dummymail.com,worker
111,Robbi,Mehalek,Robbi.Mehalek@dummymail.com,Robbi.Mehalek@dummymail.com,firefighter
112,Claudina,Franza,Claudina.Franza@dummymail.com,Claudina.Franza@dummymail.com,developer
113,Jobi,Merriott,Jobi.Merriott@dummymail.com,Jobi.Merriott@dummymail.com,firefighter
114,Rosabelle,Hanshaw,Rosabelle.Hanshaw@dummymail.com,Rosabelle.Hanshaw@dummymail.com,developer
115,Cristine,Whittaker,Cristine.Whittaker@dummymail.com,Cristine.Whittaker@dummymail.com,police officer
116,Shaylyn,Francene,Shaylyn.Francene@dummymail.com,Shaylyn.Francene@dummymail.com,worker
117,Winifred,Fitzsimmons,Winifred.Fitzsimmons@dummymail.com,Winifred.Fitzsimmons@dummymail.com,developer
118,Elise,Thema,Elise.Thema@dummymail.com,Elise.Thema@dummymail.com,doctor
119,Marita,Elisha,Marita.Elisha@dummymail.com,Marita.Elisha@dummymail.com,worker
120,Kial,Cloris,Kial.Cloris@dummymail.com,Kial.Cloris@dummymail.com,developer
121,Hannis,Terrence,Hannis.Terrence@dummymail.com,Hannis.Terrence@dummymail.com,firefighter
122,Perry,Callista,Perry.Callista@dummymail.com,Perry.Callista@dummymail.com,firefighter
123,Evaleen,Tound,Evaleen.Tound@dummymail.com,Evaleen.Tound@dummymail.com,police officer
124,Ardeen,Concha,Ardeen.Concha@dummymail.com,Ardeen.Concha@dummymail.com,police officer
125,Jean,Noam,Jean.Noam@dummymail.com,Jean.Noam@dummymail.com,doctor
126,Lyssa,Aida,Lyssa.Aida@dummymail.com,Lyssa.Aida@dummymail.com,developer
127,Philis,Bibi,Philis.Bibi@dummymail.com,Philis.Bibi@dummymail.com,developer
128,Shel,Jalbert,Shel.Jalbert@dummymail.com,Shel.Jalbert@dummymail.com,doctor
129,Caritta,Cherianne,Caritta.Cherianne@dummymail.com,Caritta.Cherianne@dummymail.com,doctor
130,Lulita,Milde,Lulita.Milde@dummymail.com,Lulita.Milde@dummymail.com,doctor
131,Nikki,Hartnett,Nikki.Hartnett@dummymail.com,Nikki.Hartnett@dummymail.com,police officer
132,Kerrin,Berl,Kerrin.Berl@dummymail.com,Kerrin.Berl@dummymail.com,developer
133,Emelina,Cleo,Emelina.Cleo@dummymail.com,Emelina.Cleo@dummymail.com,firefighter
134,Sara-Ann,Seumas,Sara-Ann.Seumas@dummymail.com,Sara-Ann.Seumas@dummymail.com,worker
135,Marguerite,Karylin,Marguerite.Karylin@dummymail.com,Marguerite.Karylin@dummymail.com,doctor
136,Maurene,Anderea,Maurene.Anderea@dummymail.com,Maurene.Anderea@dummymail.com,worker
137,Sibella,Tremayne,Sibella.Tremayne@dummymail.com,Sibella.Tremayne@dummymail.com,doctor
138,Zaria,Garbe,Zaria.Garbe@dummymail.com,Zaria.Garbe@dummymail.com,firefighter
139,Frances,Masao,Frances.Masao@dummymail.com,Frances.Masao@dummymail.com,worker
140,Latisha,Myrilla,Latisha.Myrilla@dummymail.com,Latisha.Myrilla@dummymail.com,doctor
141,Alex,Elo,Alex.Elo@dummymail.com,Alex.Elo@dummymail.com,police officer
142,Ida,Mintz,Ida.Mintz@dummymail.com,Ida.Mintz@dummymail.com,firefighter
143,Andeee,Teryn,Andeee.Teryn@dummymail.com,Andeee.Teryn@dummymail.com,firefighter
144,Michaelina,Lasley,Michaelina.Lasley@dummymail.com,Michaelina.Lasley@dummymail.com,doctor
145,Viki,Pillsbury,Viki.Pillsbury@dummymail.com,Viki.Pillsbury@dummymail.com,doctor
146,Jemie,Cottle,Jemie.Cottle@dummymail.com,Jemie.Cottle@dummymail.com,developer
147,Konstance,Masao,Konstance.Masao@dummymail.com,Konstance.Masao@dummymail.com,worker
148,Evaleen,Hieronymus,Evaleen.Hieronymus@dummymail.com,Evaleen.Hieronymus@dummymail.com,developer
149,Ekaterina,Rogerio,Ekaterina.Rogerio@dummymail.com,Ekaterina.Rogerio@dummymail.com,firefighter
150,Clementine,Drus,Clementine.Drus@dummymail.com,Clementine.Drus@dummymail.com,doctor
151,Fernande,Shaver,Fernande.Shaver@dummymail.com,Fernande.Shaver@dummymail.com,police officer
152,Carlie,Wittie,Carlie.Wittie@dummymail.com,Carlie.Wittie@dummymail.com,worker
153,Ernesta,Odysseus,Ernesta.Odysseus@dummymail.com,Ernesta.Odysseus@dummymail.com,doctor
154,Marcelline,Daniele,Marcelline.Daniele@dummymail.com,Marcelline.Daniele@dummymail.com,worker
155,Ana,Camden,Ana.Camden@dummymail.com,Ana.Camden@dummymail.com,doctor
156,Olivette,Artie,Olivette.Artie@dummymail.com,Olivette.Artie@dummymail.com,police officer
157,Fawne,Ethban,Fawne.Ethban@dummymail.com,Fawne.Ethban@dummymail.com,firefighter
158,Rani,Ries,Rani.Ries@dummymail.com,Rani.Ries@dummymail.com,developer
159,Lucy,Martsen,Lucy.Martsen@dummymail.com,Lucy.Martsen@dummymail.com,worker
160,Marleah,Ries,Marleah.Ries@dummymail.com,Marleah.Ries@dummymail.com,doctor
161,Berget,O'Carroll,Berget.O'Carroll@dummymail.com,Berget.O'Carroll@dummymail.com,police officer
162,Tarra,Bearnard,Tarra.Bearnard@dummymail.com,Tarra.Bearnard@dummymail.com,firefighter
163,Selia,Fennessy,Selia.Fennessy@dummymail.com,Selia.Fennessy@dummymail.com,developer
164,Eugine,Salvidor,Eugine.Salvidor@dummymail.com,Eugine.Salvidor@dummymail.com,police officer
165,Luci,Larochelle,Luci.Larochelle@dummymail.com,Luci.Larochelle@dummymail.com,developer
166,Maryellen,Dosia,Maryellen.Dosia@dummymail.com,Maryellen.Dosia@dummymail.com,developer
167,Augustine,Graig,Augustine.Graig@dummymail.com,Augustine.Graig@dummymail.com,worker
168,Marleah,Dowski,Marleah.Dowski@dummymail.com,Marleah.Dowski@dummymail.com,developer
169,Dotty,Himelman,Dotty.Himelman@dummymail.com,Dotty.Himelman@dummymail.com,doctor
170,Ofilia,Anis,Ofilia.Anis@dummymail.com,Ofilia.Anis@dummymail.com,firefighter
171,Lilith,Zaslow,Lilith.Zaslow@dummymail.com,Lilith.Zaslow@dummymail.com,developer
172,Hope,Middleton,Hope.Middleton@dummymail.com,Hope.Middleton@dummymail.com,police officer
173,Tami,Gusella,Tami.Gusella@dummymail.com,Tami.Gusella@dummymail.com,firefighter
174,Nataline,Kosey,Nataline.Kosey@dummymail.com,Nataline.Kosey@dummymail.com,doctor
175,Clo,Quinn,Clo.Quinn@dummymail.com,Clo.Quinn@dummymail.com,worker
176,Dede,Simmonds,Dede.Simmonds@dummymail.com,Dede.Simmonds@dummymail.com,police officer
177,Calla,Dituri,Calla.Dituri@dummymail.com,Calla.Dituri@dummymail.com,firefighter
178,Helsa,Katrine,Helsa.Katrine@dummymail.com,Helsa.Katrine@dummymail.com,worker
179,Devina,Colp,Devina.Colp@dummymail.com,Devina.Colp@dummymail.com,firefighter
180,Kerrin,Dorothy,Kerrin.Dorothy@dummymail.com,Kerrin.Dorothy@dummymail.com,worker
181,Violet,Selway,Violet.Selway@dummymail.com,Violet.Selway@dummymail.com,developer
182,Ann-Marie,Oscar,Ann-Marie.Oscar@dummymail.com,Ann-Marie.Oscar@dummymail.com,worker
183,Karly,Hertzfeld,Karly.Hertzfeld@dummymail.com,Karly.Hertzfeld@dummymail.com,firefighter
184,Annabela,Nadia,Annabela.Nadia@dummymail.com,Annabela.Nadia@dummymail.com,worker
185,Louella,Crudden,Louella.Crudden@dummymail.com,Louella.Crudden@dummymail.com,police officer
186,Rosaline,Bergman,Rosaline.Bergman@dummymail.com,Rosaline.Bergman@dummymail.com,doctor
187,Corina,Ventre,Corina.Ventre@dummymail.com,Corina.Ventre@dummymail.com,police officer
188,Aryn,Johanna,Aryn.Johanna@dummymail.com,Aryn.Johanna@dummymail.com,police officer
189,Paola,Whittaker,Paola.Whittaker@dummymail.com,Paola.Whittaker@dummymail.com,worker
190,Brietta,Bari,Brietta.Bari@dummymail.com,Brietta.Bari@dummymail.com,doctor
191,Alia,Baudin,Alia.Baudin@dummymail.com,Alia.Baudin@dummymail.com,police officer
192,Emelina,Quent,Emelina.Quent@dummymail.com,Emelina.Quent@dummymail.com,worker
193,Mignon,Zitvaa,Mignon.Zitvaa@dummymail.com,Mignon.Zitvaa@dummymail.com,police officer
194,Pierette,Kaete,Pierette.Kaete@dummymail.com,Pierette.Kaete@dummymail.com,worker
195,Sue,Papageno,Sue.Papageno@dummymail.com,Sue.Papageno@dummymail.com,worker
196,Merle,Fairweather,Merle.Fairweather@dummymail.com,Merle.Fairweather@dummymail.com,firefighter
197,Emmey,Lewes,Emmey.Lewes@dummymail.com,Emmey.Lewes@dummymail.com,doctor
198,Nonnah,Sigfrid,Nonnah.Sigfrid@dummymail.com,Nonnah.Sigfrid@dummymail.com,doctor
199,Miquela,Moina,Miquela.Moina@dummymail.com,Miquela.Moina@dummymail.com,developer
200,Merle,Lanita,Merle.Lanita@dummymail.com,Merle.Lanita@dummymail.com,firefighter
201,Yvonne,Azeria,Yvonne.Azeria@dummymail.com,Yvonne.Azeria@dummymail.com,firefighter
202,Ermengarde,Jorgan,Ermengarde.Jorgan@dummymail.com,Ermengarde.Jorgan@dummymail.com,doctor
203,Imojean,Flita,Imojean.Flita@dummymail.com,Imojean.Flita@dummymail.com,doctor
204,Estell,Juan,Estell.Juan@dummymail.com,Estell.Juan@dummymail.com,developer
205,Devina,Kermit,Devina.Kermit@dummymail.com,Devina.Kermit@dummymail.com,worker
206,Nita,Nore,Nita.Nore@dummymail.com,Nita.Nore@dummymail.com,police officer
207,Gratia,Monk,Gratia.Monk@dummymail.com,Gratia.Monk@dummymail.com,worker
208,Nananne,Shaddock,Nananne.Shaddock@dummymail.com,Nananne.Shaddock@dummymail.com,developer
209,Yolane,Lindemann,Yolane.Lindemann@dummymail.com,Yolane.Lindemann@dummymail.com,firefighter
210,Louella,Baptlsta,Louella.Baptlsta@dummymail.com,Louella.Baptlsta@dummymail.com,doctor
211,Talya,Viddah,Talya.Viddah@dummymail.com,Talya.Viddah@dummymail.com,doctor
212,Tersina,Annabella,Tersina.Annabella@dummymail.com,Tersina.Annabella@dummymail.com,police officer
213,Rosanne,Strephon,Rosanne.Strephon@dummymail.com,Rosanne.Strephon@dummymail.com,firefighter
214,Adriana,Michella,Adriana.Michella@dummymail.com,Adriana.Michella@dummymail.com,doctor
215,Eadie,Payson,Eadie.Payson@dummymail.com,Eadie.Payson@dummymail.com,developer
216,Bobbi,Juliet,Bobbi.Juliet@dummymail.com,Bobbi.Juliet@dummymail.com,doctor
217,Kenna,Willie,Kenna.Willie@dummymail.com,Kenna.Willie@dummymail.com,police officer
218,Karlee,Smitt,Karlee.Smitt@dummymail.com,Karlee.Smitt@dummymail.com,worker
219,Carilyn,Suanne,Carilyn.Suanne@dummymail.com,Carilyn.Suanne@dummymail.com,worker
220,Sissy,Zenas,Sissy.Zenas@dummymail.com,Sissy.Zenas@dummymail.com,police officer
221,Laure,Darian,Laure.Darian@dummymail.com,Laure.Darian@dummymail.com,developer
222,Lusa,Toor,Lusa.Toor@dummymail.com,Lusa.Toor@dummymail.com,police officer
223,Sophia,Melleta,Sophia.Melleta@dummymail.com,Sophia.Melleta@dummymail.com,worker
224,Pamella,Chesna,Pamella.Chesna@dummymail.com,Pamella.Chesna@dummymail.com,worker
225,Gilligan,Marisa,Gilligan.Marisa@dummymail.com,Gilligan.Marisa@dummymail.com,police officer
226,Elmira,Felecia,Elmira.Felecia@dummymail.com,Elmira.Felecia@dummymail.com,developer
227,Britte,Tannie,Britte.Tannie@dummymail.com,Britte.Tannie@dummymail.com,doctor
228,Laurene,Jorgan,Laurene.Jorgan@dummymail.com,Laurene.Jorgan@dummymail.com,developer
229,Perry,Cressida,Perry.Cressida@dummymail.com,Perry.Cressida@dummymail.com,police officer
230,Natka,Scammon,Natka.Scammon@dummymail.com,Natka.Scammon@dummymail.com,firefighter
231,Ariela,Lareena,Ariela.Lareena@dummymail.com,Ariela.Lareena@dummymail.com,worker
232,Augustine,Natica,Augustine.Natica@dummymail.com,Augustine.Natica@dummymail.com,firefighter
233,Dawn,Bari,Dawn.Bari@dummymail.com,Dawn.Bari@dummymail.com,firefighter
234,Dari,Peonir,Dari.Peonir@dummymail.com,Dari.Peonir@dummymail.com,developer
235,Asia,Flyn,Asia.Flyn@dummymail.com,Asia.Flyn@dummymail.com,firefighter
236,Johna,Odell,Johna.Odell@dummymail.com,Johna.Odell@dummymail.com,doctor
237,Cacilie,Ruvolo,Cacilie.Ruvolo@dummymail.com,Cacilie.Ruvolo@dummymail.com,worker
238,Catharine,Thornburg,Catharine.Thornburg@dummymail.com,Catharine.Thornburg@dummymail.com,firefighter
239,Angela,Vale,Angela.Vale@dummymail.com,Angela.Vale@dummymail.com,firefighter
240,Silvana,Schlosser,Silvana.Schlosser@dummymail.com,Silvana.Schlosser@dummymail.com,developer
241,Lusa,Eckblad,Lusa.Eckblad@dummymail.com,Lusa.Eckblad@dummymail.com,firefighter
242,Zsa Zsa,Dahlia,Zsa Zsa.Dahlia@dummymail.com,Zsa Zsa.Dahlia@dummymail.com,worker
243,Tracey,Johanna,Tracey.Johanna@dummymail.com,Tracey.Johanna@dummymail.com,police officer
244,Rhoda,Loring,Rhoda.Loring@dummymail.com,Rhoda.Loring@dummymail.com,firefighter
245,Genevra,Harday,Genevra.Harday@dummymail.com,Genevra.Harday@dummymail.com,developer
246,Jan,Chandler,Jan.Chandler@dummymail.com,Jan.Chandler@dummymail.com,doctor
247,Betta,Halsey,Betta.Halsey@dummymail.com,Betta.Halsey@dummymail.com,doctor
248,Ardys,Sabella,Ardys.Sabella@dummymail.com,Ardys.Sabella@dummymail.com,developer
249,Jolyn,Skell,Jolyn.Skell@dummymail.com,Jolyn.Skell@dummymail.com,developer
250,Kamilah,Bahr,Kamilah.Bahr@dummymail.com,Kamilah.Bahr@dummymail.com,police officer
251,Gloria,Kendrick,Gloria.Kendrick@dummymail.com,Gloria.Kendrick@dummymail.com,worker
252,Dacia,Frendel,Dacia.Frendel@dummymail.com,Dacia.Frendel@dummymail.com,doctor
253,Bettine,Goerke,Bettine.Goerke@dummymail.com,Bettine.Goerke@dummymail.com,doctor
254,Chandra,Couture,Chandra.Couture@dummymail.com,Chandra.Couture@dummymail.com,police officer
255,Binny,Ludewig,Binny.Ludewig@dummymail.com,Binny.Ludewig@dummymail.com,police officer
256,Shaylyn,Mata,Shaylyn.Mata@dummymail.com,Shaylyn.Mata@dummymail.com,developer
257,Perry,Marcellus,Perry.Marcellus@dummymail.com,Perry.Marcellus@dummymail.com,police officer
258,Stacey,Japeth,Stacey.Japeth@dummymail.com,Stacey.Japeth@dummymail.com,police officer
259,Delilah,Cassius,Delilah.Cassius@dummymail.com,Delilah.Cassius@dummymail.com,developer
260,Wilma,Israeli,Wilma.Israeli@dummymail.com,Wilma.Israeli@dummymail.com,developer
261,Marita,Sprage,Marita.Sprage@dummymail.com,Marita.Sprage@dummymail.com,police officer
262,Livvyy,Bach,Livvyy.Bach@dummymail.com,Livvyy.Bach@dummymail.com,police officer
263,Catharine,Boehike,Catharine.Boehike@dummymail.com,Catharine.Boehike@dummymail.com,doctor
264,Dale,Neva,Dale.Neva@dummymail.com,Dale.Neva@dummymail.com,worker
265,Vita,Berard,Vita.Berard@dummymail.com,Vita.Berard@dummymail.com,firefighter
266,Zondra,Merna,Zondra.Merna@dummymail.com,Zondra.Merna@dummymail.com,doctor
267,Sissy,Hartnett,Sissy.Hartnett@dummymail.com,Sissy.Hartnett@dummymail.com,firefighter
268,Jenda,Whittaker,Jenda.Whittaker@dummymail.com,Jenda.Whittaker@dummymail.com,firefighter
269,Arlena,Verger,Arlena.Verger@dummymail.com,Arlena.Verger@dummymail.com,doctor
270,Tilly,Newell,Tilly.Newell@dummymail.com,Tilly.Newell@dummymail.com,doctor
271,Jessamyn,Skell,Jessamyn.Skell@dummymail.com,Jessamyn.Skell@dummymail.com,worker
272,Feliza,Laurianne,Feliza.Laurianne@dummymail.com,Feliza.Laurianne@dummymail.com,worker
273,Julieta,Marcellus,Julieta.Marcellus@dummymail.com,Julieta.Marcellus@dummymail.com,doctor
274,Oralee,Eckblad,Oralee.Eckblad@dummymail.com,Oralee.Eckblad@dummymail.com,police officer
275,Pamella,Sinegold,Pamella.Sinegold@dummymail.com,Pamella.Sinegold@dummymail.com,firefighter
276,Corry,Casimir,Corry.Casimir@dummymail.com,Corry.Casimir@dummymail.com,doctor
277,Emmey,Swigart,Emmey.Swigart@dummymail.com,Emmey.Swigart@dummymail.com,doctor
278,Pollyanna,Soneson,Pollyanna.Soneson@dummymail.com,Pollyanna.Soneson@dummymail.com,worker
279,Augustine,Brenn,Augustine.Brenn@dummymail.com,Augustine.Brenn@dummymail.com,firefighter
280,Jean,Hunfredo,Jean.Hunfredo@dummymail.com,Jean.Hunfredo@dummymail.com,doctor
281,Florie,Zitvaa,Florie.Zitvaa@dummymail.com,Florie.Zitvaa@dummymail.com,doctor
282,Renae,Nore,Renae.Nore@dummymail.com,Renae.Nore@dummymail.com,doctor
283,Cordi,Greyson,Cordi.Greyson@dummymail.com,Cordi.Greyson@dummymail.com,firefighter
284,Malina,Rubie,Malina.Rubie@dummymail.com,Malina.Rubie@dummymail.com,developer
285,Perry,Ammann,Perry.Ammann@dummymail.com,Perry.Ammann@dummymail.com,developer
286,Ada,Fosque,Ada.Fosque@dummymail.com,Ada.Fosque@dummymail.com,doctor
287,Jemie,Wind,Jemie.Wind@dummymail.com,Jemie.Wind@dummymail.com,doctor
288,Loree,Tengdin,Loree.Tengdin@dummymail.com,Loree.Tengdin@dummymail.com,police officer
289,Brana,Martsen,Brana.Martsen@dummymail.com,Brana.Martsen@dummymail.com,firefighter
290,Juliane,Marlie,Juliane.Marlie@dummymail.com,Juliane.Marlie@dummymail.com,developer
291,Dari,Llovera,Dari.Llovera@dummymail.com,Dari.Llovera@dummymail.com,developer
292,Patricia,Torray,Patricia.Torray@dummymail.com,Patricia.Torray@dummymail.com,doctor
293,Cissiee,Orlene,Cissiee.Orlene@dummymail.com,Cissiee.Orlene@dummymail.com,police officer
294,Eugine,Barney,Eugine.Barney@dummymail.com,Eugine.Barney@dummymail.com,firefighter
295,Daune,Rugen,Daune.Rugen@dummymail.com,Daune.Rugen@dummymail.com,doctor
296,Lizzie,Marlie,Lizzie.Marlie@dummymail.com,Lizzie.Marlie@dummymail.com,doctor
297,Chandra,Eliathas,Chandra.Eliathas@dummymail.com,Chandra.Eliathas@dummymail.com,developer
298,Glenda,Egbert,Glenda.Egbert@dummymail.com,Glenda.Egbert@dummymail.com,firefighter
299,Angela,Vernier,Angela.Vernier@dummymail.com,Angela.Vernier@dummymail.com,firefighter
300,Barbara,Giule,Barbara.Giule@dummymail.com,Barbara.Giule@dummymail.com,worker
301,Melodie,Blake,Melodie.Blake@dummymail.com,Melodie.Blake@dummymail.com,developer
302,Judy,Vorster,Judy.Vorster@dummymail.com,Judy.Vorster@dummymail.com,developer
303,Bobinette,Stoller,Bobinette.Stoller@dummymail.com,Bobinette.Stoller@dummymail.com,developer
304,Dennie,Pacorro,Dennie.Pacorro@dummymail.com,Dennie.Pacorro@dummymail.com,firefighter
305,Bobbi,Sheng,Bobbi.Sheng@dummymail.com,Bobbi.Sheng@dummymail.com,developer
306,Alia,Clywd,Alia.Clywd@dummymail.com,Alia.Clywd@dummymail.com,doctor
307,Mariann,Tomasina,Mariann.Tomasina@dummymail.com,Mariann.Tomasina@dummymail.com,firefighter
308,Merry,Timon,Merry.Timon@dummymail.com,Merry.Timon@dummymail.com,doctor
309,Marnia,Yerkovich,Marnia.Yerkovich@dummymail.com,Marnia.Yerkovich@dummymail.com,police officer
310,Korrie,Madaih,Korrie.Madaih@dummymail.com,Korrie.Madaih@dummymail.com,firefighter
311,Calla,Jammal,Calla.Jammal@dummymail.com,Calla.Jammal@dummymail.com,police officer
312,Sheelagh,Rad,Sheelagh.Rad@dummymail.com,Sheelagh.Rad@dummymail.com,worker
313,Bettine,Allare,Bettine.Allare@dummymail.com,Bettine.Allare@dummymail.com,police officer
314,Christal,Magnolia,Christal.Magnolia@dummymail.com,Christal.Magnolia@dummymail.com,firefighter
315,Donetta,Fosque,Donetta.Fosque@dummymail.com,Donetta.Fosque@dummymail.com,worker
316,Gale,Neils,Gale.Neils@dummymail.com,Gale.Neils@dummymail.com,doctor
317,Darci,Fancie,Darci.Fancie@dummymail.com,Darci.Fancie@dummymail.com,worker
318,Marjie,Miru,Marjie.Miru@dummymail.com,Marjie.Miru@dummymail.com,developer
319,Viviene,Wattenberg,Viviene.Wattenberg@dummymail.com,Viviene.Wattenberg@dummymail.com,developer
320,Lanae,Fairweather,Lanae.Fairweather@dummymail.com,Lanae.Fairweather@dummymail.com,police officer
321,Dede,McNully,Dede.McNully@dummymail.com,Dede.McNully@dummymail.com,developer
322,Nikki,Donoghue,Nikki.Donoghue@dummymail.com,Nikki.Donoghue@dummymail.com,worker
323,Therine,Yuille,Therine.Yuille@dummymail.com,Therine.Yuille@dummymail.com,doctor
324,Viki,Milson,Viki.Milson@dummymail.com,Viki.Milson@dummymail.com,doctor
325,Renie,Meli,Renie.Meli@dummymail.com,Renie.Meli@dummymail.com,police officer
326,Tilly,Ophelia,Tilly.Ophelia@dummymail.com,Tilly.Ophelia@dummymail.com,developer
327,Ardeen,Ambrosia,Ardeen.Ambrosia@dummymail.com,Ardeen.Ambrosia@dummymail.com,firefighter
328,Margarette,Haerr,Margarette.Haerr@dummymail.com,Margarette.Haerr@dummymail.com,developer
329,Norine,Mendez,Norine.Mendez@dummymail.com,Norine.Mendez@dummymail.com,firefighter
330,Leanna,Pelagias,Leanna.Pelagias@dummymail.com,Leanna.Pelagias@dummymail.com,police officer
331,Reeba,Syd,Reeba.Syd@dummymail.com,Reeba.Syd@dummymail.com,developer
332,Valera,Donoghue,Valera.Donoghue@dummymail.com,Valera.Donoghue@dummymail.com,police officer
333,Mildrid,Brunell,Mildrid.Brunell@dummymail.com,Mildrid.Brunell@dummymail.com,worker
334,Eolanda,Dielu,Eolanda.Dielu@dummymail.com,Eolanda.Dielu@dummymail.com,worker
335,Thalia,Teddman,Thalia.Teddman@dummymail.com,Thalia.Teddman@dummymail.com,worker
336,Carly,Bach,Carly.Bach@dummymail.com,Carly.Bach@dummymail.com,developer
337,Misha,Tiffa,Misha.Tiffa@dummymail.com,Misha.Tiffa@dummymail.com,doctor
338,Fredericka,Solitta,Fredericka.Solitta@dummymail.com,Fredericka.Solitta@dummymail.com,police officer
339,Gilligan,Annice,Gilligan.Annice@dummymail.com,Gilligan.Annice@dummymail.com,police officer
340,Neila,Montgomery,Neila.Montgomery@dummymail.com,Neila.Montgomery@dummymail.com,worker
341,Clarice,Lipson,Clarice.Lipson@dummymail.com,Clarice.Lipson@dummymail.com,developer
342,Collen,Denis,Collen.Denis@dummymail.com,Collen.Denis@dummymail.com,doctor
343,Clo,Isidore,Clo.Isidore@dummymail.com,Clo.Isidore@dummymail.com,firefighter
344,Consuela,Kress,Consuela.Kress@dummymail.com,Consuela.Kress@dummymail.com,firefighter
345,Julieta,Linehan,Julieta.Linehan@dummymail.com,Julieta.Linehan@dummymail.com,firefighter
346,Adriana,Dannye,Adriana.Dannye@dummymail.com,Adriana.Dannye@dummymail.com,firefighter
347,Lolita,Ax,Lolita.Ax@dummymail.com,Lolita.Ax@dummymail.com,developer
348,Natka,Haldas,Natka.Haldas@dummymail.com,Natka.Haldas@dummymail.com,doctor
349,Dorene,Tillford,Dorene.Tillford@dummymail.com,Dorene.Tillford@dummymail.com,police officer
350,Brooks,Granoff,Brooks.Granoff@dummymail.com,Brooks.Granoff@dummymail.com,firefighter
351,Bobinette,Graig,Bobinette.Graig@dummymail.com,Bobinette.Graig@dummymail.com,firefighter
352,Noelle,Carvey,Noelle.Carvey@dummymail.com,Noelle.Carvey@dummymail.com,worker
353,Janenna,Elo,Janenna.Elo@dummymail.com,Janenna.Elo@dummymail.com,worker
354,Georgetta,Connelly,Georgetta.Connelly@dummymail.com,Georgetta.Connelly@dummymail.com,doctor
355,Nyssa,Milde,Nyssa.Milde@dummymail.com,Nyssa.Milde@dummymail.com,police officer
356,Glynnis,Santoro,Glynnis.Santoro@dummymail.com,Glynnis.Santoro@dummymail.com,firefighter
357,Kathi,Kinnard,Kathi.Kinnard@dummymail.com,Kathi.Kinnard@dummymail.com,firefighter
358,Robbi,Brenn,Robbi.Brenn@dummymail.com,Robbi.Brenn@dummymail.com,firefighter
359,Annora,Aaberg,Annora.Aaberg@dummymail.com,Annora.Aaberg@dummymail.com,police officer
360,Hyacinthe,Center,Hyacinthe.Center@dummymail.com,Hyacinthe.Center@dummymail.com,worker
361,Sean,Joeann,Sean.Joeann@dummymail.com,Sean.Joeann@dummymail.com,firefighter
362,Caryl,Amethist,Caryl.Amethist@dummymail.com,Caryl.Amethist@dummymail.com,doctor
363,Brandise,Zenas,Brandise.Zenas@dummymail.com,Brandise.Zenas@dummymail.com,firefighter
364,Caressa,Zaslow,Caressa.Zaslow@dummymail.com,Caressa.Zaslow@dummymail.com,worker
365,Jany,Jeanne,Jany.Jeanne@dummymail.com,Jany.Jeanne@dummymail.com,developer
366,Celisse,Olnee,Celisse.Olnee@dummymail.com,Celisse.Olnee@dummymail.com,worker
367,Cassandra,Nelsen,Cassandra.Nelsen@dummymail.com,Cassandra.Nelsen@dummymail.com,police officer
368,Elfreda,Lewes,Elfreda.Lewes@dummymail.com,Elfreda.Lewes@dummymail.com,police officer
369,Dede,Weitman,Dede.Weitman@dummymail.com,Dede.Weitman@dummymail.com,worker
370,Nariko,Goddard,Nariko.Goddard@dummymail.com,Nariko.Goddard@dummymail.com,worker
371,Daryl,Ailyn,Daryl.Ailyn@dummymail.com,Daryl.Ailyn@dummymail.com,doctor
372,Luci,Salvidor,Luci.Salvidor@dummymail.com,Luci.Salvidor@dummymail.com,firefighter
373,Jasmina,Vittoria,Jasmina.Vittoria@dummymail.com,Jasmina.Vittoria@dummymail.com,developer
374,Alie,Hertzfeld,Alie.Hertzfeld@dummymail.com,Alie.Hertzfeld@dummymail.com,worker
375,Edith,Delila,Edith.Delila@dummymail.com,Edith.Delila@dummymail.com,firefighter
376,Peri,Riva,Peri.Riva@dummymail.com,Peri.Riva@dummymail.com,worker
377,Gale,Earlie,Gale.Earlie@dummymail.com,Gale.Earlie@dummymail.com,developer
378,Fred,Wilona,Fred.Wilona@dummymail.com,Fred.Wilona@dummymail.com,worker
379,Fredericka,Willie,Fredericka.Willie@dummymail.com,Fredericka.Willie@dummymail.com,doctor
380,Janeczka,Shelba,Janeczka.Shelba@dummymail.com,Janeczka.Shelba@dummymail.com,firefighter
381,Anestassia,Pattin,Anestassia.Pattin@dummymail.com,Anestassia.Pattin@dummymail.com,firefighter
382,Pearline,Rosemary,Pearline.Rosemary@dummymail.com,Pearline.Rosemary@dummymail.com,developer
383,Kristina,Heisel,Kristina.Heisel@dummymail.com,Kristina.Heisel@dummymail.com,developer
384,Rubie,Pascia,Rubie.Pascia@dummymail.com,Rubie.Pascia@dummymail.com,developer
385,Neila,Ventre,Neila.Ventre@dummymail.com,Neila.Ventre@dummymail.com,developer
386,Kaja,Kathie,Kaja.Kathie@dummymail.com,Kaja.Kathie@dummymail.com,worker
387,Ericka,Swigart,Ericka.Swigart@dummymail.com,Ericka.Swigart@dummymail.com,firefighter
388,Phylis,Zuzana,Phylis.Zuzana@dummymail.com,Phylis.Zuzana@dummymail.com,police officer
389,Alyssa,Aida,Alyssa.Aida@dummymail.com,Alyssa.Aida@dummymail.com,worker
390,Joceline,Corrine,Joceline.Corrine@dummymail.com,Joceline.Corrine@dummymail.com,doctor
391,Suzette,Stevy,Suzette.Stevy@dummymail.com,Suzette.Stevy@dummymail.com,worker
392,Katuscha,Arquit,Katuscha.Arquit@dummymail.com,Katuscha.Arquit@dummymail.com,worker
393,Marika,Lumbard,Marika.Lumbard@dummymail.com,Marika.Lumbard@dummymail.com,developer
394,Nataline,Anselmi,Nataline.Anselmi@dummymail.com,Nataline.Anselmi@dummymail.com,firefighter
395,Minda,Cohdwell,Minda.Cohdwell@dummymail.com,Minda.Cohdwell@dummymail.com,firefighter
396,Rayna,Ranjiv,Rayna.Ranjiv@dummymail.com,Rayna.Ranjiv@dummymail.com,worker
397,Vevay,Faust,Vevay.Faust@dummymail.com,Vevay.Faust@dummymail.com,police officer
398,Arlena,Travax,Arlena.Travax@dummymail.com,Arlena.Travax@dummymail.com,worker
399,Damaris,Slifka,Damaris.Slifka@dummymail.com,Damaris.Slifka@dummymail.com,police officer
400,Wendi,Emanuel,Wendi.Emanuel@dummymail.com,Wendi.Emanuel@dummymail.com,police officer
401,Tabbatha,Buttaro,Tabbatha.Buttaro@dummymail.com,Tabbatha.Buttaro@dummymail.com,worker
402,Frank,Swigart,Frank.Swigart@dummymail.com,Frank.Swigart@dummymail.com,police officer
403,Cathyleen,Dyche,Cathyleen.Dyche@dummymail.com,Cathyleen.Dyche@dummymail.com,doctor
404,Lisette,Felecia,Lisette.Felecia@dummymail.com,Lisette.Felecia@dummymail.com,firefighter
405,Renae,Hertzfeld,Renae.Hertzfeld@dummymail.com,Renae.Hertzfeld@dummymail.com,firefighter
406,Di,Croix,Di.Croix@dummymail.com,Di.Croix@dummymail.com,firefighter
407,Berta,Wandie,Berta.Wandie@dummymail.com,Berta.Wandie@dummymail.com,developer
408,Chandra,Dawkins,Chandra.Dawkins@dummymail.com,Chandra.Dawkins@dummymail.com,doctor
409,Chere,Schenck,Chere.Schenck@dummymail.com,Chere.Schenck@dummymail.com,developer
410,Ulrike,Mott,Ulrike.Mott@dummymail.com,Ulrike.Mott@dummymail.com,doctor
411,Rhoda,Salchunas,Rhoda.Salchunas@dummymail.com,Rhoda.Salchunas@dummymail.com,firefighter
412,Cecile,Romelda,Cecile.Romelda@dummymail.com,Cecile.Romelda@dummymail.com,doctor
413,Trixi,Therine,Trixi.Therine@dummymail.com,Trixi.Therine@dummymail.com,firefighter
414,Teddie,Levey,Teddie.Levey@dummymail.com,Teddie.Levey@dummymail.com,developer
415,Siana,Darian,Siana.Darian@dummymail.com,Siana.Darian@dummymail.com,doctor
416,Patricia,Grayce,Patricia.Grayce@dummymail.com,Patricia.Grayce@dummymail.com,police officer
417,Maridel,Ezar,Maridel.Ezar@dummymail.com,Maridel.Ezar@dummymail.com,developer
418,Heida,Neva,Heida.Neva@dummymail.com,Heida.Neva@dummymail.com,worker
419,Doralynne,Saunderson,Doralynne.Saunderson@dummymail.com,Doralynne.Saunderson@dummymail.com,police officer
420,Letizia,Maroney,Letizia.Maroney@dummymail.com,Letizia.Maroney@dummymail.com,developer
421,Natka,Cottle,Natka.Cottle@dummymail.com,Natka.Cottle@dummymail.com,police officer
422,Deedee,Irmine,Deedee.Irmine@dummymail.com,Deedee.Irmine@dummymail.com,developer
423,Lizzie,Bronk,Lizzie.Bronk@dummymail.com,Lizzie.Bronk@dummymail.com,doctor
424,Gwenneth,Primalia,Gwenneth.Primalia@dummymail.com,Gwenneth.Primalia@dummymail.com,doctor
425,Kaia,Annice,Kaia.Annice@dummymail.com,Kaia.Annice@dummymail.com,doctor
426,Arlina,Sasnett,Arlina.Sasnett@dummymail.com,Arlina.Sasnett@dummymail.com,doctor
427,Aaren,Dom,Aaren.Dom@dummymail.com,Aaren.Dom@dummymail.com,doctor
428,Ilse,Hourigan,Ilse.Hourigan@dummymail.com,Ilse.Hourigan@dummymail.com,police officer
429,Melodie,Martsen,Melodie.Martsen@dummymail.com,Melodie.Martsen@dummymail.com,worker
430,Feliza,Eno,Feliza.Eno@dummymail.com,Feliza.Eno@dummymail.com,doctor
431,Brandise,Izaak,Brandise.Izaak@dummymail.com,Brandise.Izaak@dummymail.com,doctor
432,Elora,Peonir,Elora.Peonir@dummymail.com,Elora.Peonir@dummymail.com,worker
433,Dorothy,Genna,Dorothy.Genna@dummymail.com,Dorothy.Genna@dummymail.com,police officer
434,Viviene,Agle,Viviene.Agle@dummymail.com,Viviene.Agle@dummymail.com,police officer
435,Misha,Tristram,Misha.Tristram@dummymail.com,Misha.Tristram@dummymail.com,firefighter
436,Tracey,Garek,Tracey.Garek@dummymail.com,Tracey.Garek@dummymail.com,developer
437,Korrie,Hermes,Korrie.Hermes@dummymail.com,Korrie.Hermes@dummymail.com,firefighter
438,Diena,Macey,Diena.Macey@dummymail.com,Diena.Macey@dummymail.com,developer
439,Susan,Briney,Susan.Briney@dummymail.com,Susan.Briney@dummymail.com,developer
440,Sibella,Zachary,Sibella.Zachary@dummymail.com,Sibella.Zachary@dummymail.com,doctor
441,Joeann,Chinua,Joeann.Chinua@dummymail.com,Joeann.Chinua@dummymail.com,firefighter
442,Babita,Gaspard,Babita.Gaspard@dummymail.com,Babita.Gaspard@dummymail.com,doctor
443,Karena,Seligman,Karena.Seligman@dummymail.com,Karena.Seligman@dummymail.com,worker
444,Vita,Shirberg,Vita.Shirberg@dummymail.com,Vita.Shirberg@dummymail.com,developer
445,Feliza,Bigner,Feliza.Bigner@dummymail.com,Feliza.Bigner@dummymail.com,police officer
446,Damaris,Chaing,Damaris.Chaing@dummymail.com,Damaris.Chaing@dummymail.com,firefighter
447,Valera,Regan,Valera.Regan@dummymail.com,Valera.Regan@dummymail.com,worker
448,Donetta,Stacy,Donetta.Stacy@dummymail.com,Donetta.Stacy@dummymail.com,doctor
449,Tierney,Ralfston,Tierney.Ralfston@dummymail.com,Tierney.Ralfston@dummymail.com,police officer
450,Jenda,Eldrid,Jenda.Eldrid@dummymail.com,Jenda.Eldrid@dummymail.com,doctor
451,Dale,Masao,Dale.Masao@dummymail.com,Dale.Masao@dummymail.com,worker
452,Ermengarde,Himelman,Ermengarde.Himelman@dummymail.com,Ermengarde.Himelman@dummymail.com,developer
453,Alejandra,Loeb,Alejandra.Loeb@dummymail.com,Alejandra.Loeb@dummymail.com,firefighter
454,Wanda,Pond,Wanda.Pond@dummymail.com,Wanda.Pond@dummymail.com,worker
455,Ezmeralda,Rossner,Ezmeralda.Rossner@dummymail.com,Ezmeralda.Rossner@dummymail.com,worker
456,Letizia,Rozanna,Letizia.Rozanna@dummymail.com,Letizia.Rozanna@dummymail.com,firefighter
457,Giustina,Chem,Giustina.Chem@dummymail.com,Giustina.Chem@dummymail.com,firefighter
458,Latisha,Calhoun,Latisha.Calhoun@dummymail.com,Latisha.Calhoun@dummymail.com,firefighter
459,Korrie,Albertine,Korrie.Albertine@dummymail.com,Korrie.Albertine@dummymail.com,doctor
460,Ulrike,Eugenia,Ulrike.Eugenia@dummymail.com,Ulrike.Eugenia@dummymail.com,firefighter
461,Marguerite,Gino,Marguerite.Gino@dummymail.com,Marguerite.Gino@dummymail.com,doctor
462,Isa,Yerkovich,Isa.Yerkovich@dummymail.com,Isa.Yerkovich@dummymail.com,firefighter
463,Aili,Loeb,Aili.Loeb@dummymail.com,Aili.Loeb@dummymail.com,firefighter
464,Fidelia,Tryck,Fidelia.Tryck@dummymail.com,Fidelia.Tryck@dummymail.com,worker
465,Madalyn,Bahr,Madalyn.Bahr@dummymail.com,Madalyn.Bahr@dummymail.com,police officer
466,Petronia,Cristi,Petronia.Cristi@dummymail.com,Petronia.Cristi@dummymail.com,worker
467,Celene,Tannie,Celene.Tannie@dummymail.com,Celene.Tannie@dummymail.com,worker
468,Trudie,Blake,Trudie.Blake@dummymail.com,Trudie.Blake@dummymail.com,doctor
469,Danny,Gordon,Danny.Gordon@dummymail.com,Danny.Gordon@dummymail.com,developer
470,Willetta,Raseda,Willetta.Raseda@dummymail.com,Willetta.Raseda@dummymail.com,developer
471,Cam,Henrie,Cam.Henrie@dummymail.com,Cam.Henrie@dummymail.com,firefighter
472,Marline,Pierette,Marline.Pierette@dummymail.com,Marline.Pierette@dummymail.com,developer
473,Tobe,Uird,Tobe.Uird@dummymail.com,Tobe.Uird@dummymail.com,doctor
474,Alexine,Glenden,Alexine.Glenden@dummymail.com,Alexine.Glenden@dummymail.com,police officer
475,Kerrin,Elisha,Kerrin.Elisha@dummymail.com,Kerrin.Elisha@dummymail.com,developer
476,Roseline,Dex,Roseline.Dex@dummymail.com,Roseline.Dex@dummymail.com,firefighter
477,Sadie,Zola,Sadie.Zola@dummymail.com,Sadie.Zola@dummymail.com,worker
478,Bee,Darrell,Bee.Darrell@dummymail.com,Bee.Darrell@dummymail.com,police officer
479,Orelia,Fiann,Orelia.Fiann@dummymail.com,Orelia.Fiann@dummymail.com,police officer
480,Mallory,Ricki,Mallory.Ricki@dummymail.com,Mallory.Ricki@dummymail.com,developer
481,Marinna,Lacombe,Marinna.Lacombe@dummymail.com,Marinna.Lacombe@dummymail.com,developer
482,Pierette,Dermott,Pierette.Dermott@dummymail.com,Pierette.Dermott@dummymail.com,firefighter
483,Frieda,Myrilla,Frieda.Myrilla@dummymail.com,Frieda.Myrilla@dummymail.com,worker
484,Lanna,Belanger,Lanna.Belanger@dummymail.com,Lanna.Belanger@dummymail.com,worker
485,Quintina,Hessler,Quintina.Hessler@dummymail.com,Quintina.Hessler@dummymail.com,firefighter
486,Selma,Egbert,Selma.Egbert@dummymail.com,Selma.Egbert@dummymail.com,worker
487,Mahalia,Blake,Mahalia.Blake@dummymail.com,Mahalia.Blake@dummymail.com,police officer
488,Correy,Iiette,Correy.Iiette@dummymail.com,Correy.Iiette@dummymail.com,police officer
489,Aurore,Standing,Aurore.Standing@dummymail.com,Aurore.Standing@dummymail.com,police officer
490,Cecile,Palocz,Cecile.Palocz@dummymail.com,Cecile.Palocz@dummymail.com,police officer
491,Miquela,Mike,Miquela.Mike@dummymail.com,Miquela.Mike@dummymail.com,firefighter
492,Danika,Gale,Danika.Gale@dummymail.com,Danika.Gale@dummymail.com,worker
493,Roz,Gwenore,Roz.Gwenore@dummymail.com,Roz.Gwenore@dummymail.com,developer
494,Annora,Bonilla,Annora.Bonilla@dummymail.com,Annora.Bonilla@dummymail.com,worker
495,Jolyn,Marden,Jolyn.Marden@dummymail.com,Jolyn.Marden@dummymail.com,worker
496,Nicoli,Sherfield,Nicoli.Sherfield@dummymail.com,Nicoli.Sherfield@dummymail.com,worker
497,Carmela,Eliathas,Carmela.Eliathas@dummymail.com,Carmela.Eliathas@dummymail.com,firefighter
498,Amalie,Jess,Amalie.Jess@dummymail.com,Amalie.Jess@dummymail.com,doctor
499,Selma,Grayce,Selma.Grayce@dummymail.com,Selma.Grayce@dummymail.com,firefighter
500,Ernesta,Dielu,Ernesta.Dielu@dummymail.com,Ernesta.Dielu@dummymail.com,worker
501,Charlena,Trinetta,Charlena.Trinetta@dummymail.com,Charlena.Trinetta@dummymail.com,police officer
502,Tamqrah,Bearnard,Tamqrah.Bearnard@dummymail.com,Tamqrah.Bearnard@dummymail.com,doctor
503,Ketti,Markman,Ketti.Markman@dummymail.com,Ketti.Markman@dummymail.com,doctor
504,Sadie,Gaal,Sadie.Gaal@dummymail.com,Sadie.Gaal@dummymail.com,worker
505,Jacenta,O'Carroll,Jacenta.O'Carroll@dummymail.com,Jacenta.O'Carroll@dummymail.com,developer
506,Cassondra,Lea,Cassondra.Lea@dummymail.com,Cassondra.Lea@dummymail.com,police officer
507,Nanete,Aldric,Nanete.Aldric@dummymail.com,Nanete.Aldric@dummymail.com,doctor
508,Louella,Hedve,Louella.Hedve@dummymail.com,Louella.Hedve@dummymail.com,doctor
509,Feliza,Lutero,Feliza.Lutero@dummymail.com,Feliza.Lutero@dummymail.com,developer
510,Lauryn,Fitzsimmons,Lauryn.Fitzsimmons@dummymail.com,Lauryn.Fitzsimmons@dummymail.com,doctor
511,Carol-Jean,Peg,Carol-Jean.Peg@dummymail.com,Carol-Jean.Peg@dummymail.com,firefighter
512,Darlleen,Jehu,Darlleen.Jehu@dummymail.com,Darlleen.Jehu@dummymail.com,firefighter
513,Lacie,Baylor,Lacie.Baylor@dummymail.com,Lacie.Baylor@dummymail.com,police officer
514,Ursulina,Marsden,Ursulina.Marsden@dummymail.com,Ursulina.Marsden@dummymail.com,firefighter
515,Paola,Delacourt,Paola.Delacourt@dummymail.com,Paola.Delacourt@dummymail.com,developer
516,Xylina,Lubin,Xylina.Lubin@dummymail.com,Xylina.Lubin@dummymail.com,worker
517,Jenda,Rolf,Jenda.Rolf@dummymail.com,Jenda.Rolf@dummymail.com,worker
518,Tera,Holtz,Tera.Holtz@dummymail.com,Tera.Holtz@dummymail.com,police officer
519,Basia,Jehu,Basia.Jehu@dummymail.com,Basia.Jehu@dummymail.com,doctor
520,Verla,Ardeha,Verla.Ardeha@dummymail.com,Verla.Ardeha@dummymail.com,developer
521,Corene,Wesle,Corene.Wesle@dummymail.com,Corene.Wesle@dummymail.com,doctor
522,Nicoli,Pelagias,Nicoli.Pelagias@dummymail.com,Nicoli.Pelagias@dummymail.com,firefighter
523,Marti,Niccolo,Marti.Niccolo@dummymail.com,Marti.Niccolo@dummymail.com,developer
524,Trudie,Saint,Trudie.Saint@dummymail.com,Trudie.Saint@dummymail.com,developer
525,Gaylene,Lindemann,Gaylene.Lindemann@dummymail.com,Gaylene.Lindemann@dummymail.com,doctor
526,Noelle,Toor,Noelle.Toor@dummymail.com,Noelle.Toor@dummymail.com,developer
527,Correy,Tamar,Correy.Tamar@dummymail.com,Correy.Tamar@dummymail.com,developer
528,Alisha,Etom,Alisha.Etom@dummymail.com,Alisha.Etom@dummymail.com,police officer
529,Gaylene,Blase,Gaylene.Blase@dummymail.com,Gaylene.Blase@dummymail.com,doctor
530,Hallie,Skurnik,Hallie.Skurnik@dummymail.com,Hallie.Skurnik@dummymail.com,firefighter
531,Dorene,Barney,Dorene.Barney@dummymail.com,Dorene.Barney@dummymail.com,firefighter
532,Karina,Weide,Karina.Weide@dummymail.com,Karina.Weide@dummymail.com,firefighter
533,Cathie,Neva,Cathie.Neva@dummymail.com,Cathie.Neva@dummymail.com,police officer
534,Cherrita,Drus,Cherrita.Drus@dummymail.com,Cherrita.Drus@dummymail.com,doctor
535,Ermengarde,Haymes,Ermengarde.Haymes@dummymail.com,Ermengarde.Haymes@dummymail.com,worker
536,Phylis,Ruvolo,Phylis.Ruvolo@dummymail.com,Phylis.Ruvolo@dummymail.com,doctor
537,Susette,Fabiola,Susette.Fabiola@dummymail.com,Susette.Fabiola@dummymail.com,police officer
538,Lynde,Janene,Lynde.Janene@dummymail.com,Lynde.Janene@dummymail.com,firefighter
539,Roseline,Han,Roseline.Han@dummymail.com,Roseline.Han@dummymail.com,police officer
540,Laurene,Tillford,Laurene.Tillford@dummymail.com,Laurene.Tillford@dummymail.com,police officer
541,Liana,Kat,Liana.Kat@dummymail.com,Liana.Kat@dummymail.com,developer
542,Lory,Concha,Lory.Concha@dummymail.com,Lory.Concha@dummymail.com,firefighter
543,Beth,Wandie,Beth.Wandie@dummymail.com,Beth.Wandie@dummymail.com,worker
544,Annabela,Leffen,Annabela.Leffen@dummymail.com,Annabela.Leffen@dummymail.com,developer
545,Ariela,Caitlin,Ariela.Caitlin@dummymail.com,Ariela.Caitlin@dummymail.com,firefighter
546,Rori,Maroney,Rori.Maroney@dummymail.com,Rori.Maroney@dummymail.com,developer
547,Sybille,Adamsen,Sybille.Adamsen@dummymail.com,Sybille.Adamsen@dummymail.com,worker
548,Marleah,Olympium,Marleah.Olympium@dummymail.com,Marleah.Olympium@dummymail.com,police officer
549,Beatriz,Primalia,Beatriz.Primalia@dummymail.com,Beatriz.Primalia@dummymail.com,worker
550,Reeba,Zaslow,Reeba.Zaslow@dummymail.com,Reeba.Zaslow@dummymail.com,worker
551,Paola,Smitt,Paola.Smitt@dummymail.com,Paola.Smitt@dummymail.com,police officer
552,Lesly,Daveta,Lesly.Daveta@dummymail.com,Lesly.Daveta@dummymail.com,worker
553,Meg,Fiann,Meg.Fiann@dummymail.com,Meg.Fiann@dummymail.com,developer
554,Gale,Hazlett,Gale.Hazlett@dummymail.com,Gale.Hazlett@dummymail.com,doctor
555,Celestyna,Gilmour,Celestyna.Gilmour@dummymail.com,Celestyna.Gilmour@dummymail.com,worker
556,Kenna,Kenney,Kenna.Kenney@dummymail.com,Kenna.Kenney@dummymail.com,firefighter
557,Morganica,Palocz,Morganica.Palocz@dummymail.com,Morganica.Palocz@dummymail.com,developer
558,Brandise,Herrera,Brandise.Herrera@dummymail.com,Brandise.Herrera@dummymail.com,worker
559,Dawn,Bartlett,Dawn.Bartlett@dummymail.com,Dawn.Bartlett@dummymail.com,worker
560,Gerianna,Radu,Gerianna.Radu@dummymail.com,Gerianna.Radu@dummymail.com,worker
561,Eve,Helfand,Eve.Helfand@dummymail.com,Eve.Helfand@dummymail.com,developer
562,Gretal,Erskine,Gretal.Erskine@dummymail.com,Gretal.Erskine@dummymail.com,firefighter
563,Tomasina,Bendick,Tomasina.Bendick@dummymail.com,Tomasina.Bendick@dummymail.com,firefighter
564,Kore,Phi,Kore.Phi@dummymail.com,Kore.Phi@dummymail.com,firefighter
565,Siana,Cottle,Siana.Cottle@dummymail.com,Siana.Cottle@dummymail.com,police officer
566,Bobbi,Leifeste,Bobbi.Leifeste@dummymail.com,Bobbi.Leifeste@dummymail.com,developer
567,Oralee,Fillbert,Oralee.Fillbert@dummymail.com,Oralee.Fillbert@dummymail.com,firefighter
568,Gavrielle,Clie,Gavrielle.Clie@dummymail.com,Gavrielle.Clie@dummymail.com,worker
569,Alejandra,Leonard,Alejandra.Leonard@dummymail.com,Alejandra.Leonard@dummymail.com,police officer
570,Raf,Forrer,Raf.Forrer@dummymail.com,Raf.Forrer@dummymail.com,police officer
571,Edee,Thilda,Edee.Thilda@dummymail.com,Edee.Thilda@dummymail.com,firefighter
572,Gabi,Danby,Gabi.Danby@dummymail.com,Gabi.Danby@dummymail.com,police officer
573,Candi,Skurnik,Candi.Skurnik@dummymail.com,Candi.Skurnik@dummymail.com,doctor
574,Maud,Chabot,Maud.Chabot@dummymail.com,Maud.Chabot@dummymail.com,worker
575,Konstance,Concha,Konstance.Concha@dummymail.com,Konstance.Concha@dummymail.com,firefighter
576,Sidoney,Tamar,Sidoney.Tamar@dummymail.com,Sidoney.Tamar@dummymail.com,firefighter
577,Gaylene,Lutero,Gaylene.Lutero@dummymail.com,Gaylene.Lutero@dummymail.com,police officer
578,Darlleen,Kalinda,Darlleen.Kalinda@dummymail.com,Darlleen.Kalinda@dummymail.com,police officer
579,Lexine,Briney,Lexine.Briney@dummymail.com,Lexine.Briney@dummymail.com,firefighter
580,Dacia,Serilda,Dacia.Serilda@dummymail.com,Dacia.Serilda@dummymail.com,firefighter
581,Annabela,Jammal,Annabela.Jammal@dummymail.com,Annabela.Jammal@dummymail.com,worker
582,Valli,Glenden,Valli.Glenden@dummymail.com,Valli.Glenden@dummymail.com,police officer
583,Rhoda,Evangelia,Rhoda.Evangelia@dummymail.com,Rhoda.Evangelia@dummymail.com,developer
584,Glenda,Bergman,Glenda.Bergman@dummymail.com,Glenda.Bergman@dummymail.com,worker
585,Emylee,Plato,Emylee.Plato@dummymail.com,Emylee.Plato@dummymail.com,developer
586,Britte,Trinetta,Britte.Trinetta@dummymail.com,Britte.Trinetta@dummymail.com,doctor
587,Ursulina,Newell,Ursulina.Newell@dummymail.com,Ursulina.Newell@dummymail.com,firefighter
588,Harmonia,Berard,Harmonia.Berard@dummymail.com,Harmonia.Berard@dummymail.com,doctor
589,Jenda,Baudin,Jenda.Baudin@dummymail.com,Jenda.Baudin@dummymail.com,worker
590,Sam,Cristi,Sam.Cristi@dummymail.com,Sam.Cristi@dummymail.com,worker
591,Moyna,Suzetta,Moyna.Suzetta@dummymail.com,Moyna.Suzetta@dummymail.com,firefighter
592,Jessamyn,Lindemann,Jessamyn.Lindemann@dummymail.com,Jessamyn.Lindemann@dummymail.com,police officer
593,Cyb,Robertson,Cyb.Robertson@dummymail.com,Cyb.Robertson@dummymail.com,police officer
594,Quintina,Taima,Quintina.Taima@dummymail.com,Quintina.Taima@dummymail.com,firefighter
595,Claudina,Bartlett,Claudina.Bartlett@dummymail.com,Claudina.Bartlett@dummymail.com,firefighter
596,Ottilie,Blisse,Ottilie.Blisse@dummymail.com,Ottilie.Blisse@dummymail.com,police officer
597,Daryl,Bury,Daryl.Bury@dummymail.com,Daryl.Bury@dummymail.com,police officer
598,Kathy,Rillings,Kathy.Rillings@dummymail.com,Kathy.Rillings@dummymail.com,police officer
599,Donnie,Drisko,Donnie.Drisko@dummymail.com,Donnie.Drisko@dummymail.com,police officer
600,Cordi,Anestassia,Cordi.Anestassia@dummymail.com,Cordi.Anestassia@dummymail.com,developer
601,Daune,Garbe,Daune.Garbe@dummymail.com,Daune.Garbe@dummymail.com,police officer
602,Roberta,Shama,Roberta.Shama@dummymail.com,Roberta.Shama@dummymail.com,doctor
603,Alia,Paton,Alia.Paton@dummymail.com,Alia.Paton@dummymail.com,firefighter
604,Luci,Gibbeon,Luci.Gibbeon@dummymail.com,Luci.Gibbeon@dummymail.com,worker
605,Pamella,Emanuel,Pamella.Emanuel@dummymail.com,Pamella.Emanuel@dummymail.com,worker
606,Claudina,Leonard,Claudina.Leonard@dummymail.com,Claudina.Leonard@dummymail.com,developer
607,Kamilah,Rooney,Kamilah.Rooney@dummymail.com,Kamilah.Rooney@dummymail.com,developer
608,Christy,Bandeen,Christy.Bandeen@dummymail.com,Christy.Bandeen@dummymail.com,firefighter
609,Tori,Waldron,Tori.Waldron@dummymail.com,Tori.Waldron@dummymail.com,developer
610,Diena,Fulmer,Diena.Fulmer@dummymail.com,Diena.Fulmer@dummymail.com,firefighter
611,Yvonne,Mathilde,Yvonne.Mathilde@dummymail.com,Yvonne.Mathilde@dummymail.com,worker
612,Luci,Martsen,Luci.Martsen@dummymail.com,Luci.Martsen@dummymail.com,firefighter
613,Kara-Lynn,Gualtiero,Kara-Lynn.Gualtiero@dummymail.com,Kara-Lynn.Gualtiero@dummymail.com,doctor
614,Alia,Publia,Alia.Publia@dummymail.com,Alia.Publia@dummymail.com,police officer
615,Lizzie,Douglass,Lizzie.Douglass@dummymail.com,Lizzie.Douglass@dummymail.com,firefighter
616,Kristan,Neils,Kristan.Neils@dummymail.com,Kristan.Neils@dummymail.com,doctor
617,Maye,Secrest,Maye.Secrest@dummymail.com,Maye.Secrest@dummymail.com,firefighter
618,Betta,Hirsch,Betta.Hirsch@dummymail.com,Betta.Hirsch@dummymail.com,firefighter
619,Luci,Kathie,Luci.Kathie@dummymail.com,Luci.Kathie@dummymail.com,firefighter
620,Lita,Belanger,Lita.Belanger@dummymail.com,Lita.Belanger@dummymail.com,police officer
621,Brianna,Evangelia,Brianna.Evangelia@dummymail.com,Brianna.Evangelia@dummymail.com,police officer
622,Marika,Elo,Marika.Elo@dummymail.com,Marika.Elo@dummymail.com,police officer
623,Jany,Felecia,Jany.Felecia@dummymail.com,Jany.Felecia@dummymail.com,doctor
624,Imojean,Hurley,Imojean.Hurley@dummymail.com,Imojean.Hurley@dummymail.com,firefighter
625,Sarette,Ferino,Sarette.Ferino@dummymail.com,Sarette.Ferino@dummymail.com,worker
626,Odessa,Rillings,Odessa.Rillings@dummymail.com,Odessa.Rillings@dummymail.com,developer
627,Georgetta,Yusuk,Georgetta.Yusuk@dummymail.com,Georgetta.Yusuk@dummymail.com,police officer
628,Dulce,Pascia,Dulce.Pascia@dummymail.com,Dulce.Pascia@dummymail.com,firefighter
629,Lynea,Harday,Lynea.Harday@dummymail.com,Lynea.Harday@dummymail.com,firefighter
630,Melodie,Chem,Melodie.Chem@dummymail.com,Melodie.Chem@dummymail.com,worker
631,Fernande,Elbertina,Fernande.Elbertina@dummymail.com,Fernande.Elbertina@dummymail.com,developer
632,Heddie,Harned,Heddie.Harned@dummymail.com,Heddie.Harned@dummymail.com,firefighter
633,Hettie,Morehouse,Hettie.Morehouse@dummymail.com,Hettie.Morehouse@dummymail.com,doctor
634,Danny,Couture,Danny.Couture@dummymail.com,Danny.Couture@dummymail.com,worker
635,Sallie,Hanleigh,Sallie.Hanleigh@dummymail.com,Sallie.Hanleigh@dummymail.com,developer
636,Maisey,Tound,Maisey.Tound@dummymail.com,Maisey.Tound@dummymail.com,police officer
637,Aili,Han,Aili.Han@dummymail.com,Aili.Han@dummymail.com,worker
638,Kenna,Westphal,Kenna.Westphal@dummymail.com,Kenna.Westphal@dummymail.com,firefighter
639,Jasmina,Havens,Jasmina.Havens@dummymail.com,Jasmina.Havens@dummymail.com,police officer
640,Alexine,Ummersen,Alexine.Ummersen@dummymail.com,Alexine.Ummersen@dummymail.com,police officer
641,Roslyn,Duwalt,Roslyn.Duwalt@dummymail.com,Roslyn.Duwalt@dummymail.com,developer
642,Robbi,Tice,Robbi.Tice@dummymail.com,Robbi.Tice@dummymail.com,worker
643,Gwyneth,Erb,Gwyneth.Erb@dummymail.com,Gwyneth.Erb@dummymail.com,doctor
644,Concettina,Thunell,Concettina.Thunell@dummymail.com,Concettina.Thunell@dummymail.com,police officer
645,Kamilah,Soneson,Kamilah.Soneson@dummymail.com,Kamilah.Soneson@dummymail.com,police officer
646,Marleah,Dudley,Marleah.Dudley@dummymail.com,Marleah.Dudley@dummymail.com,doctor
647,Olwen,Garek,Olwen.Garek@dummymail.com,Olwen.Garek@dummymail.com,doctor
648,Britni,Edmund,Britni.Edmund@dummymail.com,Britni.Edmund@dummymail.com,developer
649,Gale,Morrill,Gale.Morrill@dummymail.com,Gale.Morrill@dummymail.com,firefighter
650,Fidelia,Sigfrid,Fidelia.Sigfrid@dummymail.com,Fidelia.Sigfrid@dummymail.com,worker
651,Camile,Yuille,Camile.Yuille@dummymail.com,Camile.Yuille@dummymail.com,police officer
652,Morganica,Seessel,Morganica.Seessel@dummymail.com,Morganica.Seessel@dummymail.com,developer
653,Celene,Regan,Celene.Regan@dummymail.com,Celene.Regan@dummymail.com,developer
654,Gwenneth,Kazimir,Gwenneth.Kazimir@dummymail.com,Gwenneth.Kazimir@dummymail.com,firefighter
655,Sybille,Hanshaw,Sybille.Hanshaw@dummymail.com,Sybille.Hanshaw@dummymail.com,doctor
656,Robbi,Fry,Robbi.Fry@dummymail.com,Robbi.Fry@dummymail.com,firefighter
657,Mallory,Pitt,Mallory.Pitt@dummymail.com,Mallory.Pitt@dummymail.com,doctor
658,Desirae,Sidonius,Desirae.Sidonius@dummymail.com,Desirae.Sidonius@dummymail.com,doctor
659,Juliane,Crudden,Juliane.Crudden@dummymail.com,Juliane.Crudden@dummymail.com,police officer
660,Elyssa,Sammons,Elyssa.Sammons@dummymail.com,Elyssa.Sammons@dummymail.com,firefighter
661,Rani,Lattie,Rani.Lattie@dummymail.com,Rani.Lattie@dummymail.com,firefighter
662,Giustina,Cimbura,Giustina.Cimbura@dummymail.com,Giustina.Cimbura@dummymail.com,doctor
663,Tilly,Weinreb,Tilly.Weinreb@dummymail.com,Tilly.Weinreb@dummymail.com,worker
664,Albertina,Nedrud,Albertina.Nedrud@dummymail.com,Albertina.Nedrud@dummymail.com,police officer
665,Emmey,Kelula,Emmey.Kelula@dummymail.com,Emmey.Kelula@dummymail.com,police officer
666,Maisey,Guthrie,Maisey.Guthrie@dummymail.com,Maisey.Guthrie@dummymail.com,firefighter
667,Christian,Pulsifer,Christian.Pulsifer@dummymail.com,Christian.Pulsifer@dummymail.com,doctor
668,Raf,Bollay,Raf.Bollay@dummymail.com,Raf.Bollay@dummymail.com,doctor
669,Vanessa,Infield,Vanessa.Infield@dummymail.com,Vanessa.Infield@dummymail.com,worker
670,Sybille,Wittie,Sybille.Wittie@dummymail.com,Sybille.Wittie@dummymail.com,firefighter
671,Riannon,Randene,Riannon.Randene@dummymail.com,Riannon.Randene@dummymail.com,worker
672,Allis,Stover,Allis.Stover@dummymail.com,Allis.Stover@dummymail.com,developer
673,Betta,Bennie,Betta.Bennie@dummymail.com,Betta.Bennie@dummymail.com,police officer
674,Olivette,Stoller,Olivette.Stoller@dummymail.com,Olivette.Stoller@dummymail.com,developer
675,Flory,Ulphia,Flory.Ulphia@dummymail.com,Flory.Ulphia@dummymail.com,police officer
676,Ruthe,Idelia,Ruthe.Idelia@dummymail.com,Ruthe.Idelia@dummymail.com,worker
677,Ileana,Tarrant,Ileana.Tarrant@dummymail.com,Ileana.Tarrant@dummymail.com,firefighter
678,Dede,Corilla,Dede.Corilla@dummymail.com,Dede.Corilla@dummymail.com,developer
679,Ardeen,Quent,Ardeen.Quent@dummymail.com,Ardeen.Quent@dummymail.com,doctor
680,Catharine,Palocz,Catharine.Palocz@dummymail.com,Catharine.Palocz@dummymail.com,worker
681,Brianna,Bibi,Brianna.Bibi@dummymail.com,Brianna.Bibi@dummymail.com,firefighter
682,Glynnis,Silvan,Glynnis.Silvan@dummymail.com,Glynnis.Silvan@dummymail.com,worker
683,Elena,Stover,Elena.Stover@dummymail.com,Elena.Stover@dummymail.com,developer
684,Claudina,Cleo,Claudina.Cleo@dummymail.com,Claudina.Cleo@dummymail.com,developer
685,Marline,Kenney,Marline.Kenney@dummymail.com,Marline.Kenney@dummymail.com,worker
686,Tilly,Keily,Tilly.Keily@dummymail.com,Tilly.Keily@dummymail.com,police officer
687,Lucy,Moina,Lucy.Moina@dummymail.com,Lucy.Moina@dummymail.com,doctor
688,Anthia,Hoban,Anthia.Hoban@dummymail.com,Anthia.Hoban@dummymail.com,doctor
689,Benita,Allina,Benita.Allina@dummymail.com,Benita.Allina@dummymail.com,worker
690,Phedra,Durware,Phedra.Durware@dummymail.com,Phedra.Durware@dummymail.com,developer
691,Loree,Parette,Loree.Parette@dummymail.com,Loree.Parette@dummymail.com,police officer
692,Georgetta,Moseley,Georgetta.Moseley@dummymail.com,Georgetta.Moseley@dummymail.com,worker
693,Carmencita,Salvidor,Carmencita.Salvidor@dummymail.com,Carmencita.Salvidor@dummymail.com,police officer
694,Alexine,Matthew,Alexine.Matthew@dummymail.com,Alexine.Matthew@dummymail.com,developer
695,Trixi,Roumell,Trixi.Roumell@dummymail.com,Trixi.Roumell@dummymail.com,police officer
696,Wilma,Juan,Wilma.Juan@dummymail.com,Wilma.Juan@dummymail.com,developer
697,Cathyleen,Radu,Cathyleen.Radu@dummymail.com,Cathyleen.Radu@dummymail.com,developer
698,Nataline,Monaco,Nataline.Monaco@dummymail.com,Nataline.Monaco@dummymail.com,firefighter
699,Tybie,Cohdwell,Tybie.Cohdwell@dummymail.com,Tybie.Cohdwell@dummymail.com,developer
700,Fawne,Si,Fawne.Si@dummymail.com,Fawne.Si@dummymail.com,police officer
701,Daryl,Sidonius,Daryl.Sidonius@dummymail.com,Daryl.Sidonius@dummymail.com,firefighter
702,Layla,Earlie,Layla.Earlie@dummymail.com,Layla.Earlie@dummymail.com,police officer
703,Pierette,Orlene,Pierette.Orlene@dummymail.com,Pierette.Orlene@dummymail.com,worker
704,Molli,Dreda,Molli.Dreda@dummymail.com,Molli.Dreda@dummymail.com,doctor
705,Stacey,Billye,Stacey.Billye@dummymail.com,Stacey.Billye@dummymail.com,firefighter
706,Tabbatha,Konyn,Tabbatha.Konyn@dummymail.com,Tabbatha.Konyn@dummymail.com,doctor
707,Tybie,Stover,Tybie.Stover@dummymail.com,Tybie.Stover@dummymail.com,worker
708,Meg,Olnee,Meg.Olnee@dummymail.com,Meg.Olnee@dummymail.com,doctor
709,Zondra,Gerge,Zondra.Gerge@dummymail.com,Zondra.Gerge@dummymail.com,firefighter
710,Allyce,Rubie,Allyce.Rubie@dummymail.com,Allyce.Rubie@dummymail.com,firefighter
711,Elise,Chobot,Elise.Chobot@dummymail.com,Elise.Chobot@dummymail.com,doctor
712,Concettina,Obed,Concettina.Obed@dummymail.com,Concettina.Obed@dummymail.com,police officer
713,Tomasina,Olin,Tomasina.Olin@dummymail.com,Tomasina.Olin@dummymail.com,developer
714,Joelly,Ruvolo,Joelly.Ruvolo@dummymail.com,Joelly.Ruvolo@dummymail.com,worker
715,Aaren,Telfer,Aaren.Telfer@dummymail.com,Aaren.Telfer@dummymail.com,worker
716,Cordi,Adamsen,Cordi.Adamsen@dummymail.com,Cordi.Adamsen@dummymail.com,police officer
717,Jobi,Lumbard,Jobi.Lumbard@dummymail.com,Jobi.Lumbard@dummymail.com,worker
718,Agnese,Keelia,Agnese.Keelia@dummymail.com,Agnese.Keelia@dummymail.com,worker
719,Kalina,Oneida,Kalina.Oneida@dummymail.com,Kalina.Oneida@dummymail.com,firefighter
720,Philis,Arvo,Philis.Arvo@dummymail.com,Philis.Arvo@dummymail.com,worker
721,Kathi,Jalbert,Kathi.Jalbert@dummymail.com,Kathi.Jalbert@dummymail.com,worker
722,Viki,Sikorski,Viki.Sikorski@dummymail.com,Viki.Sikorski@dummymail.com,developer
723,Ninnetta,Halla,Ninnetta.Halla@dummymail.com,Ninnetta.Halla@dummymail.com,worker
724,Shannah,Clywd,Shannah.Clywd@dummymail.com,Shannah.Clywd@dummymail.com,firefighter
725,Susan,Mallon,Susan.Mallon@dummymail.com,Susan.Mallon@dummymail.com,firefighter
726,Bernardine,Brandice,Bernardine.Brandice@dummymail.com,Bernardine.Brandice@dummymail.com,firefighter
727,Gertrud,Ummersen,Gertrud.Ummersen@dummymail.com,Gertrud.Ummersen@dummymail.com,firefighter
728,Elie,Rona,Elie.Rona@dummymail.com,Elie.Rona@dummymail.com,worker
729,Ileana,Pacorro,Ileana.Pacorro@dummymail.com,Ileana.Pacorro@dummymail.com,worker
730,Ursulina,Fancie,Ursulina.Fancie@dummymail.com,Ursulina.Fancie@dummymail.com,worker
731,Jorry,Dielu,Jorry.Dielu@dummymail.com,Jorry.Dielu@dummymail.com,worker
732,Nikki,Diogenes,Nikki.Diogenes@dummymail.com,Nikki.Diogenes@dummymail.com,firefighter
733,Mathilda,Blake,Mathilda.Blake@dummymail.com,Mathilda.Blake@dummymail.com,developer
734,Kelly,O'Rourke,Kelly.O'Rourke@dummymail.com,Kelly.O'Rourke@dummymail.com,firefighter
735,Ann-Marie,Salchunas,Ann-Marie.Salchunas@dummymail.com,Ann-Marie.Salchunas@dummymail.com,developer
736,Joy,Lilas,Joy.Lilas@dummymail.com,Joy.Lilas@dummymail.com,developer
737,Vanessa,Federica,Vanessa.Federica@dummymail.com,Vanessa.Federica@dummymail.com,worker
738,Ketti,Agle,Ketti.Agle@dummymail.com,Ketti.Agle@dummymail.com,doctor
739,Tamqrah,Francene,Tamqrah.Francene@dummymail.com,Tamqrah.Francene@dummymail.com,police officer
740,Tatiania,Dearborn,Tatiania.Dearborn@dummymail.com,Tatiania.Dearborn@dummymail.com,doctor
741,Cyndie,Phyllis,Cyndie.Phyllis@dummymail.com,Cyndie.Phyllis@dummymail.com,doctor
742,Katharina,Thad,Katharina.Thad@dummymail.com,Katharina.Thad@dummymail.com,firefighter
743,Asia,Keelia,Asia.Keelia@dummymail.com,Asia.Keelia@dummymail.com,police officer
744,Candy,Seessel,Candy.Seessel@dummymail.com,Candy.Seessel@dummymail.com,police officer
745,Tani,Dearborn,Tani.Dearborn@dummymail.com,Tani.Dearborn@dummymail.com,doctor
746,Zondra,Modie,Zondra.Modie@dummymail.com,Zondra.Modie@dummymail.com,firefighter
747,Penelopa,Prouty,Penelopa.Prouty@dummymail.com,Penelopa.Prouty@dummymail.com,doctor
748,Rubie,Kauppi,Rubie.Kauppi@dummymail.com,Rubie.Kauppi@dummymail.com,developer
749,Hettie,Grobe,Hettie.Grobe@dummymail.com,Hettie.Grobe@dummymail.com,doctor
750,Bernardine,Gaspard,Bernardine.Gaspard@dummymail.com,Bernardine.Gaspard@dummymail.com,firefighter
751,Carol-Jean,Carvey,Carol-Jean.Carvey@dummymail.com,Carol-Jean.Carvey@dummymail.com,worker
752,Kassey,Fillbert,Kassey.Fillbert@dummymail.com,Kassey.Fillbert@dummymail.com,doctor
753,Maryellen,Klotz,Maryellen.Klotz@dummymail.com,Maryellen.Klotz@dummymail.com,firefighter
754,Merrie,Lilybelle,Merrie.Lilybelle@dummymail.com,Merrie.Lilybelle@dummymail.com,developer
755,Lexine,Adrienne,Lexine.Adrienne@dummymail.com,Lexine.Adrienne@dummymail.com,developer
756,Jessy,Middleton,Jessy.Middleton@dummymail.com,Jessy.Middleton@dummymail.com,police officer
757,Chandra,Rebecka,Chandra.Rebecka@dummymail.com,Chandra.Rebecka@dummymail.com,doctor
758,Ronna,Halsey,Ronna.Halsey@dummymail.com,Ronna.Halsey@dummymail.com,doctor
759,Zondra,Center,Zondra.Center@dummymail.com,Zondra.Center@dummymail.com,worker
760,Linet,Syd,Linet.Syd@dummymail.com,Linet.Syd@dummymail.com,developer
761,Brietta,Leonard,Brietta.Leonard@dummymail.com,Brietta.Leonard@dummymail.com,firefighter
762,Devina,Abbot,Devina.Abbot@dummymail.com,Devina.Abbot@dummymail.com,firefighter
763,Eugine,Philoo,Eugine.Philoo@dummymail.com,Eugine.Philoo@dummymail.com,police officer
764,Dawn,Linskey,Dawn.Linskey@dummymail.com,Dawn.Linskey@dummymail.com,doctor
765,Augustine,Roarke,Augustine.Roarke@dummymail.com,Augustine.Roarke@dummymail.com,doctor
766,Georgina,Brotherson,Georgina.Brotherson@dummymail.com,Georgina.Brotherson@dummymail.com,developer
767,Vere,Lasley,Vere.Lasley@dummymail.com,Vere.Lasley@dummymail.com,worker
768,Gerrie,Randene,Gerrie.Randene@dummymail.com,Gerrie.Randene@dummymail.com,developer
769,Catharine,Beniamino,Catharine.Beniamino@dummymail.com,Catharine.Beniamino@dummymail.com,developer
770,Jasmina,Niles,Jasmina.Niles@dummymail.com,Jasmina.Niles@dummymail.com,developer
771,Justinn,Kronfeld,Justinn.Kronfeld@dummymail.com,Justinn.Kronfeld@dummymail.com,developer
772,Caritta,Tryck,Caritta.Tryck@dummymail.com,Caritta.Tryck@dummymail.com,police officer
773,Krystle,Mathilde,Krystle.Mathilde@dummymail.com,Krystle.Mathilde@dummymail.com,police officer
774,Shandie,Wyn,Shandie.Wyn@dummymail.com,Shandie.Wyn@dummymail.com,worker
775,Chere,Hermes,Chere.Hermes@dummymail.com,Chere.Hermes@dummymail.com,firefighter
776,Suzette,Maiah,Suzette.Maiah@dummymail.com,Suzette.Maiah@dummymail.com,worker
777,Ellette,Granoff,Ellette.Granoff@dummymail.com,Ellette.Granoff@dummymail.com,developer
778,Calla,Dowski,Calla.Dowski@dummymail.com,Calla.Dowski@dummymail.com,police officer
779,Angela,Screens,Angela.Screens@dummymail.com,Angela.Screens@dummymail.com,firefighter
780,Katuscha,Joli,Katuscha.Joli@dummymail.com,Katuscha.Joli@dummymail.com,developer
781,Sashenka,Philipp,Sashenka.Philipp@dummymail.com,Sashenka.Philipp@dummymail.com,doctor
782,Teriann,Olin,Teriann.Olin@dummymail.com,Teriann.Olin@dummymail.com,police officer
783,Petronia,Killigrew,Petronia.Killigrew@dummymail.com,Petronia.Killigrew@dummymail.com,firefighter
784,Annabela,Izaak,Annabela.Izaak@dummymail.com,Annabela.Izaak@dummymail.com,doctor
785,Selia,Norrie,Selia.Norrie@dummymail.com,Selia.Norrie@dummymail.com,firefighter
786,Concettina,Vins,Concettina.Vins@dummymail.com,Concettina.Vins@dummymail.com,police officer
787,Elise,Chauncey,Elise.Chauncey@dummymail.com,Elise.Chauncey@dummymail.com,worker
788,Ivett,Dawkins,Ivett.Dawkins@dummymail.com,Ivett.Dawkins@dummymail.com,doctor
789,Babita,Auberbach,Babita.Auberbach@dummymail.com,Babita.Auberbach@dummymail.com,doctor
790,Ellette,Taam,Ellette.Taam@dummymail.com,Ellette.Taam@dummymail.com,firefighter
791,Helena,Henrie,Helena.Henrie@dummymail.com,Helena.Henrie@dummymail.com,police officer
792,Augustine,Romelda,Augustine.Romelda@dummymail.com,Augustine.Romelda@dummymail.com,police officer
793,Sophia,Chobot,Sophia.Chobot@dummymail.com,Sophia.Chobot@dummymail.com,police officer
794,Sibella,Corrine,Sibella.Corrine@dummymail.com,Sibella.Corrine@dummymail.com,developer
795,Arlina,Bartlett,Arlina.Bartlett@dummymail.com,Arlina.Bartlett@dummymail.com,worker
796,Shaylyn,Gabrielli,Shaylyn.Gabrielli@dummymail.com,Shaylyn.Gabrielli@dummymail.com,developer
797,Dorice,Concha,Dorice.Concha@dummymail.com,Dorice.Concha@dummymail.com,firefighter
798,Chandra,Blisse,Chandra.Blisse@dummymail.com,Chandra.Blisse@dummymail.com,firefighter
799,Fred,Aloise,Fred.Aloise@dummymail.com,Fred.Aloise@dummymail.com,police officer
800,Melisent,Gordon,Melisent.Gordon@dummymail.com,Melisent.Gordon@dummymail.com,developer
801,Ilse,Mott,Ilse.Mott@dummymail.com,Ilse.Mott@dummymail.com,worker
802,Ninnetta,Grimbly,Ninnetta.Grimbly@dummymail.com,Ninnetta.Grimbly@dummymail.com,developer
803,Elie,Faust,Elie.Faust@dummymail.com,Elie.Faust@dummymail.com,police officer
804,Beverley,Etom,Beverley.Etom@dummymail.com,Beverley.Etom@dummymail.com,developer
805,Carly,Mauer,Carly.Mauer@dummymail.com,Carly.Mauer@dummymail.com,doctor
806,Tori,Kolnick,Tori.Kolnick@dummymail.com,Tori.Kolnick@dummymail.com,firefighter
807,Dede,Reinke,Dede.Reinke@dummymail.com,Dede.Reinke@dummymail.com,worker
808,Dawn,Colleen,Dawn.Colleen@dummymail.com,Dawn.Colleen@dummymail.com,firefighter
809,Elise,Olympium,Elise.Olympium@dummymail.com,Elise.Olympium@dummymail.com,police officer
810,Nerta,Junie,Nerta.Junie@dummymail.com,Nerta.Junie@dummymail.com,firefighter
811,Constance,Hepsibah,Constance.Hepsibah@dummymail.com,Constance.Hepsibah@dummymail.com,doctor
812,Fred,Rurik,Fred.Rurik@dummymail.com,Fred.Rurik@dummymail.com,doctor
813,Abbie,Hoban,Abbie.Hoban@dummymail.com,Abbie.Hoban@dummymail.com,doctor
814,Vere,Merat,Vere.Merat@dummymail.com,Vere.Merat@dummymail.com,firefighter
815,Clo,Henrie,Clo.Henrie@dummymail.com,Clo.Henrie@dummymail.com,developer
816,Belinda,Denis,Belinda.Denis@dummymail.com,Belinda.Denis@dummymail.com,doctor
817,Hettie,Rona,Hettie.Rona@dummymail.com,Hettie.Rona@dummymail.com,police officer
818,Christal,Milson,Christal.Milson@dummymail.com,Christal.Milson@dummymail.com,developer
819,Kristina,Bethany,Kristina.Bethany@dummymail.com,Kristina.Bethany@dummymail.com,doctor
820,Modestia,Radu,Modestia.Radu@dummymail.com,Modestia.Radu@dummymail.com,developer
821,Andree,Vernier,Andree.Vernier@dummymail.com,Andree.Vernier@dummymail.com,firefighter
822,Tersina,Kosey,Tersina.Kosey@dummymail.com,Tersina.Kosey@dummymail.com,worker
823,Jsandye,Jalbert,Jsandye.Jalbert@dummymail.com,Jsandye.Jalbert@dummymail.com,worker
824,Stevana,Erich,Stevana.Erich@dummymail.com,Stevana.Erich@dummymail.com,firefighter
825,Alex,Kronfeld,Alex.Kronfeld@dummymail.com,Alex.Kronfeld@dummymail.com,doctor
826,Chrystel,Andrel,Chrystel.Andrel@dummymail.com,Chrystel.Andrel@dummymail.com,worker
827,Damaris,Codding,Damaris.Codding@dummymail.com,Damaris.Codding@dummymail.com,firefighter
828,Tobe,Kirbee,Tobe.Kirbee@dummymail.com,Tobe.Kirbee@dummymail.com,worker
829,Quintina,Vorster,Quintina.Vorster@dummymail.com,Quintina.Vorster@dummymail.com,police officer
830,Nadine,Dorothy,Nadine.Dorothy@dummymail.com,Nadine.Dorothy@dummymail.com,worker
831,Cathyleen,Sadowski,Cathyleen.Sadowski@dummymail.com,Cathyleen.Sadowski@dummymail.com,doctor
832,Kristina,Honoria,Kristina.Honoria@dummymail.com,Kristina.Honoria@dummymail.com,firefighter
833,Marline,Marijo,Marline.Marijo@dummymail.com,Marline.Marijo@dummymail.com,police officer
834,Ilse,Greyson,Ilse.Greyson@dummymail.com,Ilse.Greyson@dummymail.com,doctor
835,Delilah,Hashim,Delilah.Hashim@dummymail.com,Delilah.Hashim@dummymail.com,doctor
836,Linet,Markman,Linet.Markman@dummymail.com,Linet.Markman@dummymail.com,firefighter
837,Rozele,An,Rozele.An@dummymail.com,Rozele.An@dummymail.com,police officer
838,Anallese,Sasnett,Anallese.Sasnett@dummymail.com,Anallese.Sasnett@dummymail.com,developer
839,Ezmeralda,Michella,Ezmeralda.Michella@dummymail.com,Ezmeralda.Michella@dummymail.com,doctor
840,Thalia,Dex,Thalia.Dex@dummymail.com,Thalia.Dex@dummymail.com,developer
841,Jere,Kelula,Jere.Kelula@dummymail.com,Jere.Kelula@dummymail.com,worker
842,Elsie,Toffic,Elsie.Toffic@dummymail.com,Elsie.Toffic@dummymail.com,police officer
843,Addia,Elephus,Addia.Elephus@dummymail.com,Addia.Elephus@dummymail.com,developer
844,Berta,Hedve,Berta.Hedve@dummymail.com,Berta.Hedve@dummymail.com,doctor
845,Rosaline,Kazimir,Rosaline.Kazimir@dummymail.com,Rosaline.Kazimir@dummymail.com,developer
846,Belinda,Wu,Belinda.Wu@dummymail.com,Belinda.Wu@dummymail.com,doctor
847,Shirlee,Cherianne,Shirlee.Cherianne@dummymail.com,Shirlee.Cherianne@dummymail.com,developer
848,Kimberley,Wattenberg,Kimberley.Wattenberg@dummymail.com,Kimberley.Wattenberg@dummymail.com,firefighter
849,Aeriela,Syd,Aeriela.Syd@dummymail.com,Aeriela.Syd@dummymail.com,developer
850,Annabela,Berne,Annabela.Berne@dummymail.com,Annabela.Berne@dummymail.com,doctor
851,Helena,Giule,Helena.Giule@dummymail.com,Helena.Giule@dummymail.com,doctor
852,Elbertina,LaRue,Elbertina.LaRue@dummymail.com,Elbertina.LaRue@dummymail.com,doctor
853,Stevana,Ciro,Stevana.Ciro@dummymail.com,Stevana.Ciro@dummymail.com,firefighter
854,Natka,Fontana,Natka.Fontana@dummymail.com,Natka.Fontana@dummymail.com,firefighter
855,Delilah,Rogerio,Delilah.Rogerio@dummymail.com,Delilah.Rogerio@dummymail.com,worker
856,Selia,Gordon,Selia.Gordon@dummymail.com,Selia.Gordon@dummymail.com,worker
857,Louella,Francyne,Louella.Francyne@dummymail.com,Louella.Francyne@dummymail.com,doctor
858,Tomasina,Ardeha,Tomasina.Ardeha@dummymail.com,Tomasina.Ardeha@dummymail.com,police officer
859,Beatriz,Primalia,Beatriz.Primalia@dummymail.com,Beatriz.Primalia@dummymail.com,doctor
860,Ottilie,Garlinda,Ottilie.Garlinda@dummymail.com,Ottilie.Garlinda@dummymail.com,developer
861,Anallese,Firmin,Anallese.Firmin@dummymail.com,Anallese.Firmin@dummymail.com,doctor
862,Trudie,Alrich,Trudie.Alrich@dummymail.com,Trudie.Alrich@dummymail.com,developer
863,Angela,Gusella,Angela.Gusella@dummymail.com,Angela.Gusella@dummymail.com,doctor
864,Linet,Melan,Linet.Melan@dummymail.com,Linet.Melan@dummymail.com,developer
865,Paulita,Fredi,Paulita.Fredi@dummymail.com,Paulita.Fredi@dummymail.com,doctor
866,Margette,Jerold,Margette.Jerold@dummymail.com,Margette.Jerold@dummymail.com,developer
867,Gwyneth,Medrek,Gwyneth.Medrek@dummymail.com,Gwyneth.Medrek@dummymail.com,firefighter
868,Charissa,Lamoree,Charissa.Lamoree@dummymail.com,Charissa.Lamoree@dummymail.com,worker
869,Rubie,Hieronymus,Rubie.Hieronymus@dummymail.com,Rubie.Hieronymus@dummymail.com,developer
870,Brandise,Roumell,Brandise.Roumell@dummymail.com,Brandise.Roumell@dummymail.com,firefighter
871,Kate,Aida,Kate.Aida@dummymail.com,Kate.Aida@dummymail.com,police officer
872,Elka,Lilas,Elka.Lilas@dummymail.com,Elka.Lilas@dummymail.com,police officer
873,Mady,Vittoria,Mady.Vittoria@dummymail.com,Mady.Vittoria@dummymail.com,worker
874,Melanie,Dyche,Melanie.Dyche@dummymail.com,Melanie.Dyche@dummymail.com,doctor
875,Darci,Kylander,Darci.Kylander@dummymail.com,Darci.Kylander@dummymail.com,doctor
876,Marsiella,Minetta,Marsiella.Minetta@dummymail.com,Marsiella.Minetta@dummymail.com,worker
877,Allis,Olin,Allis.Olin@dummymail.com,Allis.Olin@dummymail.com,doctor
878,Lexine,Gabrielli,Lexine.Gabrielli@dummymail.com,Lexine.Gabrielli@dummymail.com,doctor
879,Marcelline,Corabella,Marcelline.Corabella@dummymail.com,Marcelline.Corabella@dummymail.com,doctor
880,Amelia,Dahlia,Amelia.Dahlia@dummymail.com,Amelia.Dahlia@dummymail.com,developer
881,Sherrie,Sothena,Sherrie.Sothena@dummymail.com,Sherrie.Sothena@dummymail.com,developer
882,Marylou,Linskey,Marylou.Linskey@dummymail.com,Marylou.Linskey@dummymail.com,worker
883,Kate,Alva,Kate.Alva@dummymail.com,Kate.Alva@dummymail.com,doctor
884,Dulcinea,Sammons,Dulcinea.Sammons@dummymail.com,Dulcinea.Sammons@dummymail.com,developer
885,Marnia,Alcott,Marnia.Alcott@dummymail.com,Marnia.Alcott@dummymail.com,doctor
886,Lisette,Rosette,Lisette.Rosette@dummymail.com,Lisette.Rosette@dummymail.com,firefighter
887,Cathyleen,Ciro,Cathyleen.Ciro@dummymail.com,Cathyleen.Ciro@dummymail.com,developer
888,Konstance,Mullane,Konstance.Mullane@dummymail.com,Konstance.Mullane@dummymail.com,police officer
889,Margalo,Suk,Margalo.Suk@dummymail.com,Margalo.Suk@dummymail.com,firefighter
890,Gusella,Beniamino,Gusella.Beniamino@dummymail.com,Gusella.Beniamino@dummymail.com,developer
891,Valeda,Andrel,Valeda.Andrel@dummymail.com,Valeda.Andrel@dummymail.com,developer
892,Dulcinea,Israeli,Dulcinea.Israeli@dummymail.com,Dulcinea.Israeli@dummymail.com,worker
893,Roxane,Janene,Roxane.Janene@dummymail.com,Roxane.Janene@dummymail.com,police officer
894,Yolane,Ezar,Yolane.Ezar@dummymail.com,Yolane.Ezar@dummymail.com,firefighter
895,Britte,Markman,Britte.Markman@dummymail.com,Britte.Markman@dummymail.com,police officer
896,Roseline,Malvino,Roseline.Malvino@dummymail.com,Roseline.Malvino@dummymail.com,doctor
897,Carmela,Gombach,Carmela.Gombach@dummymail.com,Carmela.Gombach@dummymail.com,worker
898,Yolane,Kevon,Yolane.Kevon@dummymail.com,Yolane.Kevon@dummymail.com,police officer
899,Marnia,Dimitris,Marnia.Dimitris@dummymail.com,Marnia.Dimitris@dummymail.com,police officer
900,Roxane,Sammons,Roxane.Sammons@dummymail.com,Roxane.Sammons@dummymail.com,developer
901,Lynnea,Lamoree,Lynnea.Lamoree@dummymail.com,Lynnea.Lamoree@dummymail.com,worker
902,Robinia,Bettine,Robinia.Bettine@dummymail.com,Robinia.Bettine@dummymail.com,firefighter
903,Coral,Edison,Coral.Edison@dummymail.com,Coral.Edison@dummymail.com,worker
904,Nonnah,Carbo,Nonnah.Carbo@dummymail.com,Nonnah.Carbo@dummymail.com,developer
905,Perry,Kannry,Perry.Kannry@dummymail.com,Perry.Kannry@dummymail.com,worker
906,Roz,Orelee,Roz.Orelee@dummymail.com,Roz.Orelee@dummymail.com,police officer
907,Cyndie,Gamaliel,Cyndie.Gamaliel@dummymail.com,Cyndie.Gamaliel@dummymail.com,police officer
908,Antonietta,Hillel,Antonietta.Hillel@dummymail.com,Antonietta.Hillel@dummymail.com,doctor
909,Pamella,Randene,Pamella.Randene@dummymail.com,Pamella.Randene@dummymail.com,worker
910,Jillayne,An,Jillayne.An@dummymail.com,Jillayne.An@dummymail.com,developer
911,Angela,Koehler,Angela.Koehler@dummymail.com,Angela.Koehler@dummymail.com,firefighter
912,Felice,Oriana,Felice.Oriana@dummymail.com,Felice.Oriana@dummymail.com,developer
913,Harmonia,Weitman,Harmonia.Weitman@dummymail.com,Harmonia.Weitman@dummymail.com,doctor
914,Taffy,Shanley,Taffy.Shanley@dummymail.com,Taffy.Shanley@dummymail.com,firefighter
915,Korrie,Brodench,Korrie.Brodench@dummymail.com,Korrie.Brodench@dummymail.com,police officer
916,Randa,O'Carroll,Randa.O'Carroll@dummymail.com,Randa.O'Carroll@dummymail.com,police officer
917,Emmey,Libna,Emmey.Libna@dummymail.com,Emmey.Libna@dummymail.com,developer
918,Jany,Hanshaw,Jany.Hanshaw@dummymail.com,Jany.Hanshaw@dummymail.com,developer
919,Marcelline,Warthman,Marcelline.Warthman@dummymail.com,Marcelline.Warthman@dummymail.com,firefighter
920,Claudina,Simmonds,Claudina.Simmonds@dummymail.com,Claudina.Simmonds@dummymail.com,police officer
921,Sandie,Argus,Sandie.Argus@dummymail.com,Sandie.Argus@dummymail.com,developer
922,Janey,Auberbach,Janey.Auberbach@dummymail.com,Janey.Auberbach@dummymail.com,police officer
923,Charmaine,Wind,Charmaine.Wind@dummymail.com,Charmaine.Wind@dummymail.com,firefighter
924,Brana,Goldina,Brana.Goldina@dummymail.com,Brana.Goldina@dummymail.com,worker
925,Merle,Timon,Merle.Timon@dummymail.com,Merle.Timon@dummymail.com,developer
926,Modestia,Raimondo,Modestia.Raimondo@dummymail.com,Modestia.Raimondo@dummymail.com,police officer
927,Anica,Lesley,Anica.Lesley@dummymail.com,Anica.Lesley@dummymail.com,firefighter
928,Darlleen,Syd,Darlleen.Syd@dummymail.com,Darlleen.Syd@dummymail.com,developer
929,Vonny,Daveta,Vonny.Daveta@dummymail.com,Vonny.Daveta@dummymail.com,doctor
930,Ana,Goerke,Ana.Goerke@dummymail.com,Ana.Goerke@dummymail.com,firefighter
931,Vevay,Roxanna,Vevay.Roxanna@dummymail.com,Vevay.Roxanna@dummymail.com,doctor
932,Ofilia,Juan,Ofilia.Juan@dummymail.com,Ofilia.Juan@dummymail.com,doctor
933,Doro,Kermit,Doro.Kermit@dummymail.com,Doro.Kermit@dummymail.com,firefighter
934,Brianna,Han,Brianna.Han@dummymail.com,Brianna.Han@dummymail.com,worker
935,Iseabal,Redmond,Iseabal.Redmond@dummymail.com,Iseabal.Redmond@dummymail.com,police officer
936,Helena,Noman,Helena.Noman@dummymail.com,Helena.Noman@dummymail.com,doctor
937,Lesly,Gamaliel,Lesly.Gamaliel@dummymail.com,Lesly.Gamaliel@dummymail.com,firefighter
938,Hayley,Hazlett,Hayley.Hazlett@dummymail.com,Hayley.Hazlett@dummymail.com,doctor
939,Trixi,Montgomery,Trixi.Montgomery@dummymail.com,Trixi.Montgomery@dummymail.com,police officer
940,Noelle,Reidar,Noelle.Reidar@dummymail.com,Noelle.Reidar@dummymail.com,firefighter
941,Zsa Zsa,Lane,Zsa Zsa.Lane@dummymail.com,Zsa Zsa.Lane@dummymail.com,developer
942,Sherrie,Read,Sherrie.Read@dummymail.com,Sherrie.Read@dummymail.com,developer
943,Shel,Arquit,Shel.Arquit@dummymail.com,Shel.Arquit@dummymail.com,police officer
944,Stevana,Nikaniki,Stevana.Nikaniki@dummymail.com,Stevana.Nikaniki@dummymail.com,worker
945,Taffy,Penelopa,Taffy.Penelopa@dummymail.com,Taffy.Penelopa@dummymail.com,developer
946,Roberta,Merriott,Roberta.Merriott@dummymail.com,Roberta.Merriott@dummymail.com,worker
947,Ariela,Denis,Ariela.Denis@dummymail.com,Ariela.Denis@dummymail.com,firefighter
948,Rosabelle,Persse,Rosabelle.Persse@dummymail.com,Rosabelle.Persse@dummymail.com,developer
949,Sindee,Heidt,Sindee.Heidt@dummymail.com,Sindee.Heidt@dummymail.com,doctor
950,Daryl,Bibi,Daryl.Bibi@dummymail.com,Daryl.Bibi@dummymail.com,police officer
951,Janey,Duwalt,Janey.Duwalt@dummymail.com,Janey.Duwalt@dummymail.com,firefighter
952,Ernesta,Mintz,Ernesta.Mintz@dummymail.com,Ernesta.Mintz@dummymail.com,firefighter
953,Clary,Dearborn,Clary.Dearborn@dummymail.com,Clary.Dearborn@dummymail.com,doctor
954,Catrina,Borrell,Catrina.Borrell@dummymail.com,Catrina.Borrell@dummymail.com,worker
955,Tarra,Melleta,Tarra.Melleta@dummymail.com,Tarra.Melleta@dummymail.com,firefighter
956,Georgetta,Timon,Georgetta.Timon@dummymail.com,Georgetta.Timon@dummymail.com,worker
957,Heida,Lumbard,Heida.Lumbard@dummymail.com,Heida.Lumbard@dummymail.com,doctor
958,Sadie,Schwejda,Sadie.Schwejda@dummymail.com,Sadie.Schwejda@dummymail.com,firefighter
959,Ottilie,Faso,Ottilie.Faso@dummymail.com,Ottilie.Faso@dummymail.com,developer
960,Audrie,Manolo,Audrie.Manolo@dummymail.com,Audrie.Manolo@dummymail.com,developer
961,Kimmy,Carleen,Kimmy.Carleen@dummymail.com,Kimmy.Carleen@dummymail.com,developer
962,Katleen,Goddard,Katleen.Goddard@dummymail.com,Katleen.Goddard@dummymail.com,developer
963,Flory,Brittani,Flory.Brittani@dummymail.com,Flory.Brittani@dummymail.com,worker
964,Roxane,Zola,Roxane.Zola@dummymail.com,Roxane.Zola@dummymail.com,firefighter
965,Kristina,Loeb,Kristina.Loeb@dummymail.com,Kristina.Loeb@dummymail.com,firefighter
966,Lorie,Nelsen,Lorie.Nelsen@dummymail.com,Lorie.Nelsen@dummymail.com,firefighter
967,Eadie,Bord,Eadie.Bord@dummymail.com,Eadie.Bord@dummymail.com,police officer
968,Shirlee,Krystle,Shirlee.Krystle@dummymail.com,Shirlee.Krystle@dummymail.com,worker
969,Dale,Chrystel,Dale.Chrystel@dummymail.com,Dale.Chrystel@dummymail.com,worker
970,Mireielle,An,Mireielle.An@dummymail.com,Mireielle.An@dummymail.com,firefighter
971,Catharine,Meli,Catharine.Meli@dummymail.com,Catharine.Meli@dummymail.com,developer
972,Jere,Agle,Jere.Agle@dummymail.com,Jere.Agle@dummymail.com,police officer
973,Carmela,Lubin,Carmela.Lubin@dummymail.com,Carmela.Lubin@dummymail.com,developer
974,Noelle,Dowski,Noelle.Dowski@dummymail.com,Noelle.Dowski@dummymail.com,firefighter
975,Daphne,Paton,Daphne.Paton@dummymail.com,Daphne.Paton@dummymail.com,doctor
976,Riannon,Ahab,Riannon.Ahab@dummymail.com,Riannon.Ahab@dummymail.com,developer
977,Jessamyn,Philipp,Jessamyn.Philipp@dummymail.com,Jessamyn.Philipp@dummymail.com,firefighter
978,Antonietta,Modie,Antonietta.Modie@dummymail.com,Antonietta.Modie@dummymail.com,worker
979,Jackie,Land,Jackie.Land@dummymail.com,Jackie.Land@dummymail.com,doctor
980,Barbara,Campball,Barbara.Campball@dummymail.com,Barbara.Campball@dummymail.com,developer
981,Sindee,Ariella,Sindee.Ariella@dummymail.com,Sindee.Ariella@dummymail.com,firefighter
982,Starla,Couture,Starla.Couture@dummymail.com,Starla.Couture@dummymail.com,worker
983,Queenie,Kendrick,Queenie.Kendrick@dummymail.com,Queenie.Kendrick@dummymail.com,police officer
984,Heddie,Riordan,Heddie.Riordan@dummymail.com,Heddie.Riordan@dummymail.com,worker
985,Allis,Sibyls,Allis.Sibyls@dummymail.com,Allis.Sibyls@dummymail.com,firefighter
986,Larine,Zuzana,Larine.Zuzana@dummymail.com,Larine.Zuzana@dummymail.com,police officer
987,Giustina,Velick,Giustina.Velick@dummymail.com,Giustina.Velick@dummymail.com,firefighter
988,Sibella,Ax,Sibella.Ax@dummymail.com,Sibella.Ax@dummymail.com,police officer
989,Raina,Cecile,Raina.Cecile@dummymail.com,Raina.Cecile@dummymail.com,doctor
990,Merrie,Ahab,Merrie.Ahab@dummymail.com,Merrie.Ahab@dummymail.com,developer
991,Phylis,Jefferey,Phylis.Jefferey@dummymail.com,Phylis.Jefferey@dummymail.com,doctor
992,Mara,Chabot,Mara.Chabot@dummymail.com,Mara.Chabot@dummymail.com,police officer
993,Wileen,Lucienne,Wileen.Lucienne@dummymail.com,Wileen.Lucienne@dummymail.com,firefighter
994,Mallory,Arquit,Mallory.Arquit@dummymail.com,Mallory.Arquit@dummymail.com,police officer
995,Maurene,Erich,Maurene.Erich@dummymail.com,Maurene.Erich@dummymail.com,worker
996,Jennica,Dielu,Jennica.Dielu@dummymail.com,Jennica.Dielu@dummymail.com,doctor
997,Catharine,Zamora,Catharine.Zamora@dummymail.com,Catharine.Zamora@dummymail.com,police officer
998,Hope,Stoller,Hope.Stoller@dummymail.com,Hope.Stoller@dummymail.com,developer
999,Zia,Tippets,Zia.Tippets@dummymail.com,Zia.Tippets@dummymail.com,worker
1000,Adriana,Hieronymus,Adriana.Hieronymus@dummymail.com,Adriana.Hieronymus@dummymail.com,doctor
1001,Marcelline,Knowling,Marcelline.Knowling@dummymail.com,Marcelline.Knowling@dummymail.com,doctor
1002,Jsandye,Stefa,Jsandye.Stefa@dummymail.com,Jsandye.Stefa@dummymail.com,developer
1003,Sara-Ann,Presber,Sara-Ann.Presber@dummymail.com,Sara-Ann.Presber@dummymail.com,developer
1004,Dione,Havens,Dione.Havens@dummymail.com,Dione.Havens@dummymail.com,developer
1005,Fidelia,Alice,Fidelia.Alice@dummymail.com,Fidelia.Alice@dummymail.com,police officer
1006,Myrtice,Dash,Myrtice.Dash@dummymail.com,Myrtice.Dash@dummymail.com,police officer
1007,Marjie,Oscar,Marjie.Oscar@dummymail.com,Marjie.Oscar@dummymail.com,worker
1008,Deloria,Georas,Deloria.Georas@dummymail.com,Deloria.Georas@dummymail.com,worker
1009,Coral,Waldron,Coral.Waldron@dummymail.com,Coral.Waldron@dummymail.com,developer
1010,Renie,Hedve,Renie.Hedve@dummymail.com,Renie.Hedve@dummymail.com,police officer
1011,Mireielle,Vilma,Mireielle.Vilma@dummymail.com,Mireielle.Vilma@dummymail.com,firefighter
1012,Constance,Hebner,Constance.Hebner@dummymail.com,Constance.Hebner@dummymail.com,developer
1013,Karena,Etom,Karena.Etom@dummymail.com,Karena.Etom@dummymail.com,doctor
1014,Suzette,Sholley,Suzette.Sholley@dummymail.com,Suzette.Sholley@dummymail.com,firefighter
1015,Ebonee,Beniamino,Ebonee.Beniamino@dummymail.com,Ebonee.Beniamino@dummymail.com,police officer
1016,Katharina,Jacobah,Katharina.Jacobah@dummymail.com,Katharina.Jacobah@dummymail.com,worker
1017,Jere,Isidore,Jere.Isidore@dummymail.com,Jere.Isidore@dummymail.com,police officer
1018,Eugine,Olympium,Eugine.Olympium@dummymail.com,Eugine.Olympium@dummymail.com,worker
1019,Tani,Vernier,Tani.Vernier@dummymail.com,Tani.Vernier@dummymail.com,worker
1020,Alameda,Sheng,Alameda.Sheng@dummymail.com,Alameda.Sheng@dummymail.com,doctor
1021,Ariela,Sallyann,Ariela.Sallyann@dummymail.com,Ariela.Sallyann@dummymail.com,developer
1022,Cristine,Parette,Cristine.Parette@dummymail.com,Cristine.Parette@dummymail.com,developer
1023,Dotty,Amand,Dotty.Amand@dummymail.com,Dotty.Amand@dummymail.com,police officer
1024,Margette,Toffic,Margette.Toffic@dummymail.com,Margette.Toffic@dummymail.com,developer
1025,Tersina,Muriel,Tersina.Muriel@dummymail.com,Tersina.Muriel@dummymail.com,worker
1026,Courtnay,August,Courtnay.August@dummymail.com,Courtnay.August@dummymail.com,firefighter
1027,Monika,Ietta,Monika.Ietta@dummymail.com,Monika.Ietta@dummymail.com,firefighter
1028,Tera,Timon,Tera.Timon@dummymail.com,Tera.Timon@dummymail.com,firefighter
1029,Fawne,Ogren,Fawne.Ogren@dummymail.com,Fawne.Ogren@dummymail.com,doctor
1030,Althea,Ranjiv,Althea.Ranjiv@dummymail.com,Althea.Ranjiv@dummymail.com,worker
1031,Dorice,Bluh,Dorice.Bluh@dummymail.com,Dorice.Bluh@dummymail.com,developer
1032,Darlleen,Thunell,Darlleen.Thunell@dummymail.com,Darlleen.Thunell@dummymail.com,firefighter
1033,Brietta,Whittaker,Brietta.Whittaker@dummymail.com,Brietta.Whittaker@dummymail.com,police officer
1034,Philis,Ashok,Philis.Ashok@dummymail.com,Philis.Ashok@dummymail.com,doctor
1035,Desirae,Genna,Desirae.Genna@dummymail.com,Desirae.Genna@dummymail.com,doctor
1036,Vevay,Gaulin,Vevay.Gaulin@dummymail.com,Vevay.Gaulin@dummymail.com,worker
1037,Bettine,Bobbee,Bettine.Bobbee@dummymail.com,Bettine.Bobbee@dummymail.com,police officer
1038,Dorice,Trey,Dorice.Trey@dummymail.com,Dorice.Trey@dummymail.com,firefighter
1039,Elvira,Cutlerr,Elvira.Cutlerr@dummymail.com,Elvira.Cutlerr@dummymail.com,worker
1040,Florencia,Pettiford,Florencia.Pettiford@dummymail.com,Florencia.Pettiford@dummymail.com,developer
1041,Catrina,Laverne,Catrina.Laverne@dummymail.com,Catrina.Laverne@dummymail.com,developer
1042,Yvonne,Ball,Yvonne.Ball@dummymail.com,Yvonne.Ball@dummymail.com,developer
1043,Cherrita,Annabella,Cherrita.Annabella@dummymail.com,Cherrita.Annabella@dummymail.com,developer
1044,Vere,Anis,Vere.Anis@dummymail.com,Vere.Anis@dummymail.com,worker
1045,Karolina,Genna,Karolina.Genna@dummymail.com,Karolina.Genna@dummymail.com,police officer
1046,Pierette,Lucienne,Pierette.Lucienne@dummymail.com,Pierette.Lucienne@dummymail.com,worker
1047,Drucie,Bendick,Drucie.Bendick@dummymail.com,Drucie.Bendick@dummymail.com,doctor
1048,Celestyna,Stuart,Celestyna.Stuart@dummymail.com,Celestyna.Stuart@dummymail.com,firefighter
1049,Hannis,Anderea,Hannis.Anderea@dummymail.com,Hannis.Anderea@dummymail.com,worker
1050,Fredericka,Brodench,Fredericka.Brodench@dummymail.com,Fredericka.Brodench@dummymail.com,doctor
1051,Ericka,Chinua,Ericka.Chinua@dummymail.com,Ericka.Chinua@dummymail.com,developer
1052,Marcelline,Dowski,Marcelline.Dowski@dummymail.com,Marcelline.Dowski@dummymail.com,worker
1053,Lynea,Bandeen,Lynea.Bandeen@dummymail.com,Lynea.Bandeen@dummymail.com,worker
1054,Madelle,Kirstin,Madelle.Kirstin@dummymail.com,Madelle.Kirstin@dummymail.com,worker
1055,Gwyneth,Adalbert,Gwyneth.Adalbert@dummymail.com,Gwyneth.Adalbert@dummymail.com,developer
1056,Judy,Riva,Judy.Riva@dummymail.com,Judy.Riva@dummymail.com,firefighter
1057,Katuscha,Lory,Katuscha.Lory@dummymail.com,Katuscha.Lory@dummymail.com,firefighter
1058,Lacie,Tatianas,Lacie.Tatianas@dummymail.com,Lacie.Tatianas@dummymail.com,developer
1059,Teddie,Natalia,Teddie.Natalia@dummymail.com,Teddie.Natalia@dummymail.com,police officer
1060,Kirstin,Hachmin,Kirstin.Hachmin@dummymail.com,Kirstin.Hachmin@dummymail.com,developer
1061,Ermengarde,Plato,Ermengarde.Plato@dummymail.com,Ermengarde.Plato@dummymail.com,firefighter
1062,Evita,Ralfston,Evita.Ralfston@dummymail.com,Evita.Ralfston@dummymail.com,doctor
1063,Janey,Valoniah,Janey.Valoniah@dummymail.com,Janey.Valoniah@dummymail.com,firefighter
1064,Keelia,Etom,Keelia.Etom@dummymail.com,Keelia.Etom@dummymail.com,worker
1065,Kara-Lynn,Ambrosia,Kara-Lynn.Ambrosia@dummymail.com,Kara-Lynn.Ambrosia@dummymail.com,firefighter
1066,Lauryn,Whittaker,Lauryn.Whittaker@dummymail.com,Lauryn.Whittaker@dummymail.com,worker
1067,Gaylene,Kosey,Gaylene.Kosey@dummymail.com,Gaylene.Kosey@dummymail.com,firefighter
1068,Carlie,Lea,Carlie.Lea@dummymail.com,Carlie.Lea@dummymail.com,firefighter
1069,Carol-Jean,Jagir,Carol-Jean.Jagir@dummymail.com,Carol-Jean.Jagir@dummymail.com,doctor
1070,Bertine,Henebry,Bertine.Henebry@dummymail.com,Bertine.Henebry@dummymail.com,firefighter
1071,Averyl,Morrill,Averyl.Morrill@dummymail.com,Averyl.Morrill@dummymail.com,firefighter
1072,Robinia,Elsinore,Robinia.Elsinore@dummymail.com,Robinia.Elsinore@dummymail.com,worker
1073,Chastity,Seumas,Chastity.Seumas@dummymail.com,Chastity.Seumas@dummymail.com,police officer
1074,Jemie,Goth,Jemie.Goth@dummymail.com,Jemie.Goth@dummymail.com,worker
1075,Kirbee,Urias,Kirbee.Urias@dummymail.com,Kirbee.Urias@dummymail.com,developer
1076,Kamilah,Urania,Kamilah.Urania@dummymail.com,Kamilah.Urania@dummymail.com,developer
1077,Taffy,Heisel,Taffy.Heisel@dummymail.com,Taffy.Heisel@dummymail.com,police officer
1078,Cam,Hewitt,Cam.Hewitt@dummymail.com,Cam.Hewitt@dummymail.com,firefighter
1079,Pearline,Jillane,Pearline.Jillane@dummymail.com,Pearline.Jillane@dummymail.com,doctor
1080,Allis,Randene,Allis.Randene@dummymail.com,Allis.Randene@dummymail.com,firefighter
1081,Ethel,Presber,Ethel.Presber@dummymail.com,Ethel.Presber@dummymail.com,developer
1082,Shannah,Vilma,Shannah.Vilma@dummymail.com,Shannah.Vilma@dummymail.com,developer
1083,Nannie,Rubie,Nannie.Rubie@dummymail.com,Nannie.Rubie@dummymail.com,doctor
1084,Ottilie,Hieronymus,Ottilie.Hieronymus@dummymail.com,Ottilie.Hieronymus@dummymail.com,police officer
1085,Melisent,Rogerio,Melisent.Rogerio@dummymail.com,Melisent.Rogerio@dummymail.com,firefighter
1086,Allis,Lilas,Allis.Lilas@dummymail.com,Allis.Lilas@dummymail.com,developer
1087,Annora,Kannry,Annora.Kannry@dummymail.com,Annora.Kannry@dummymail.com,firefighter
1088,Allyce,Tyson,Allyce.Tyson@dummymail.com,Allyce.Tyson@dummymail.com,police officer
1089,Doro,Malvino,Doro.Malvino@dummymail.com,Doro.Malvino@dummymail.com,police officer
1090,Tomasina,Nea,Tomasina.Nea@dummymail.com,Tomasina.Nea@dummymail.com,developer
1091,Beth,My,Beth.My@dummymail.com,Beth.My@dummymail.com,doctor
1092,Emmey,Graig,Emmey.Graig@dummymail.com,Emmey.Graig@dummymail.com,police officer
1093,Hallie,Means,Hallie.Means@dummymail.com,Hallie.Means@dummymail.com,firefighter
1094,Angela,Zina,Angela.Zina@dummymail.com,Angela.Zina@dummymail.com,police officer
1095,Cristabel,Taam,Cristabel.Taam@dummymail.com,Cristabel.Taam@dummymail.com,developer
1096,Libbie,Belanger,Libbie.Belanger@dummymail.com,Libbie.Belanger@dummymail.com,worker
1097,Olivette,Laverne,Olivette.Laverne@dummymail.com,Olivette.Laverne@dummymail.com,firefighter
1098,Roseline,Briney,Roseline.Briney@dummymail.com,Roseline.Briney@dummymail.com,worker
1099,Margalo,Percy,Margalo.Percy@dummymail.com,Margalo.Percy@dummymail.com,police officer