id,firstname,lastname,email,email2,profession
100,Chastity,Lenny,Chastity.Lenny@dummymail.com,Chastity.Lenny@dummymail.com,developer
101,Aeriela,Faso,Aeriela.Faso@dummymail.com,Aeriela.Faso@dummymail.com,doctor
102,Tierney,Tybald,Tierney.Tybald@dummymail.com,Tierney.Tybald@dummymail.com,developer
103,Dorene,Malanie,Dorene.Malanie@dummymail.com,Dorene.Malanie@dummymail.com,doctor
104,Ofilia,Gaspard,Ofilia.Gaspard@dummymail.com,Ofilia.Gaspard@dummymail.com,firefighter
105,Bobinette,Carri,Bobinette.Carri@dummymail.com,Bobinette.Carri@dummymail.com,police officer
106,Jordan,Wilona,Jordan.Wilona@dummymail.com,Jordan.Wilona@dummymail.com,firefighter
107,Mahalia,Nance,Mahalia.Nance@dummymail.com,Mahalia.Nance@dummymail.com,doctor
108,Maisey,Dex,Maisey.Dex@dummymail.com,Maisey.Dex@dummymail.com,worker
109,Adelle,Edee,Adelle.Edee@dummymail.com,Adelle.Edee@dummymail.com,worker
110,Meghann,Erskine,Meghann.Erskine@dummymail.com,Meghann.Erskine@dummymail.com,worker
111,Xylina,Alejoa,Xylina.Alejoa@dummymail.com,Xylina.Alejoa@dummymail.com,doctor
112,Shirlee,Marsden,Shirlee.Marsden@dummymail.com,Shirlee.Marsden@dummymail.com,worker
113,Lulita,Barbey,Lulita.Barbey@dummymail.com,Lulita.Barbey@dummymail.com,developer
114,Brooks,Donell,Brooks.Donell@dummymail.com,Brooks.Donell@dummymail.com,doctor
115,Harrietta,Uird,Harrietta.Uird@dummymail.com,Harrietta.Uird@dummymail.com,worker
116,Ira,Madaih,Ira.Madaih@dummymail.com,Ira.Madaih@dummymail.com,developer
117,Jerry,Soneson,Jerry.Soneson@dummymail.com,Jerry.Soneson@dummymail.com,worker
118,Maud,Jammal,Maud.Jammal@dummymail.com,Maud.Jammal@dummymail.com,worker
119,Audrie,Thilda,Audrie.Thilda@dummymail.com,Audrie.Thilda@dummymail.com,worker
120,Ellette,Ax,Ellette.Ax@dummymail.com,Ellette.Ax@dummymail.com,police officer
121,Magdalena,Iphlgenia,Magdalena.Iphlgenia@dummymail.com,Magdalena.Iphlgenia@dummymail.com,worker
122,Fina,Wyn,Fina.Wyn@dummymail.com,Fina.Wyn@dummymail.com,worker
123,Gaylene,Grayce,Gaylene.Grayce@dummymail.com,Gaylene.Grayce@dummymail.com,developer
124,Libbie,Zuzana,Libbie.Zuzana@dummymail.com,Libbie.Zuzana@dummymail.com,developer
125,Mariele,Odysseus,Mariele.Odysseus@dummymail.com,Mariele.Odysseus@dummymail.com,worker
126,Tori,Hutchison,Tori.Hutchison@dummymail.com,Tori.Hutchison@dummymail.com,worker
127,Monika,Nunci,Monika.Nunci@dummymail.com,Monika.Nunci@dummymail.com,firefighter
128,Cordi,Rosemary,Cordi.Rosemary@dummymail.com,Cordi.Rosemary@dummymail.com,developer
129,Alexine,Edvard,Alexine.Edvard@dummymail.com,Alexine.Edvard@dummymail.com,firefighter
130,Mallory,Agle,Mallory.Agle@dummymail.com,Mallory.Agle@dummymail.com,firefighter
131,Gloria,Vary,Gloria.Vary@dummymail.com,Gloria.Vary@dummymail.com,worker
132,Nerta,Pauly,Nerta.Pauly@dummymail.com,Nerta.Pauly@dummymail.com,developer
133,Katleen,Wenoa,Katleen.Wenoa@dummymail.com,Katleen.Wenoa@dummymail.com,police officer
134,Agathe,Bollay,Agathe.Bollay@dummymail.com,Agathe.Bollay@dummymail.com,firefighter
135,Susette,Moseley,Susette.Moseley@dummymail.com,Susette.Moseley@dummymail.com,doctor
136,Belva,Louanna,Belva.Louanna@dummymail.com,Belva.Louanna@dummymail.com,firefighter
137,Marguerite,Naashom,Marguerite.Naashom@dummymail.com,Marguerite.Naashom@dummymail.com,doctor
138,Allyce,Casimir,Allyce.Casimir@dummymail.com,Allyce.Casimir@dummymail.com,worker
139,Stevana,Afton,Stevana.Afton@dummymail.com,Stevana.Afton@dummymail.com,firefighter
140,Marinna,Sallyann,Marinna.Sallyann@dummymail.com,Marinna.Sallyann@dummymail.com,developer
141,Louella,Charity,Louella.Charity@dummymail.com,Louella.Charity@dummymail.com,developer
142,Netty,Decato,Netty.Decato@dummymail.com,Netty.Decato@dummymail.com,police officer
143,Bernardine,Orlene,Bernardine.Orlene@dummymail.com,Bernardine.Orlene@dummymail.com,developer
144,Jean,Carey,Jean.Carey@dummymail.com,Jean.Carey@dummymail.com,firefighter
145,Elsie,Selway,Elsie.Selway@dummymail.com,Elsie.Selway@dummymail.com,worker
146,Feliza,Brieta,Feliza.Brieta@dummymail.com,Feliza.Brieta@dummymail.com,developer
147,Evita,Duwalt,Evita.Duwalt@dummymail.com,Evita.Duwalt@dummymail.com,worker
148,Cacilie,Pip,Cacilie.Pip@dummymail.com,Cacilie.Pip@dummymail.com,worker
149,Gwyneth,Leonard,Gwyneth.Leonard@dummymail.com,Gwyneth.Leonard@dummymail.com,developer
150,Dagmar,Schalles,Dagmar.Schalles@dummymail.com,Dagmar.Schalles@dummymail.com,doctor
151,Barbara,Gillan,Barbara.Gillan@dummymail.com,Barbara.Gillan@dummymail.com,worker
152,Florencia,Tarrant,Florencia.Tarrant@dummymail.com,Florencia.Tarrant@dummymail.com,doctor
153,Dennie,Amand,Dennie.Amand@dummymail.com,Dennie.Amand@dummymail.com,firefighter
154,Valli,Jess,Valli.Jess@dummymail.com,Valli.Jess@dummymail.com,developer
155,Eve,Laverne,Eve.Laverne@dummymail.com,Eve.Laverne@dummymail.com,police officer
156,Calla,Weaks,Calla.Weaks@dummymail.com,Calla.Weaks@dummymail.com,doctor
157,Kial,Redmond,Kial.Redmond@dummymail.com,Kial.Redmond@dummymail.com,firefighter
158,Ginnie,Noman,Ginnie.Noman@dummymail.com,Ginnie.Noman@dummymail.com,firefighter
159,Hyacinthe,Toffic,Hyacinthe.Toffic@dummymail.com,Hyacinthe.Toffic@dummymail.com,police officer
160,Nicoli,Campball,Nicoli.Campball@dummymail.com,Nicoli.Campball@dummymail.com,firefighter
161,Cissiee,Ilka,Cissiee.Ilka@dummymail.com,Cissiee.Ilka@dummymail.com,police officer
162,Loree,Leonard,Loree.Leonard@dummymail.com,Loree.Leonard@dummymail.com,police officer
163,Tierney,Merna,Tierney.Merna@dummymail.com,Tierney.Merna@dummymail.com,police officer
164,Vevay,Ax,Vevay.Ax@dummymail.com,Vevay.Ax@dummymail.com,doctor
165,Sissy,Naashom,Sissy.Naashom@dummymail.com,Sissy.Naashom@dummymail.com,police officer
166,Dolli,Bord,Dolli.Bord@dummymail.com,Dolli.Bord@dummymail.com,worker
167,Sabina,Janene,Sabina.Janene@dummymail.com,Sabina.Janene@dummymail.com,police officer
168,Arabel,Montgomery,Arabel.Montgomery@dummymail.com,Arabel.Montgomery@dummymail.com,doctor
169,Steffane,Othilia,Steffane.Othilia@dummymail.com,Steffane.Othilia@dummymail.com,developer
170,Perry,Dulciana,Perry.Dulciana@dummymail.com,Perry.Dulciana@dummymail.com,police officer
171,Brietta,Olnee,Brietta.Olnee@dummymail.com,Brietta.Olnee@dummymail.com,developer
172,Patricia,Rosemary,Patricia.Rosemary@dummymail.com,Patricia.Rosemary@dummymail.com,firefighter
173,Aeriela,Byrne,Aeriela.Byrne@dummymail.com,Aeriela.Byrne@dummymail.com,firefighter
174,Adele,Durante,Adele.Durante@dummymail.com,Adele.Durante@dummymail.com,developer
175,Layla,Standing,Layla.Standing@dummymail.com,Layla.Standing@dummymail.com,police officer
176,Isa,Infield,Isa.Infield@dummymail.com,Isa.Infield@dummymail.com,police officer
177,Kathy,Dorothy,Kathy.Dorothy@dummymail.com,Kathy.Dorothy@dummymail.com,doctor
178,Sue,Anis,Sue.Anis@dummymail.com,Sue.Anis@dummymail.com,police officer
179,Dacia,Justinn,Dacia.Justinn@dummymail.com,Dacia.Justinn@dummymail.com,police officer
180,Agathe,Vanni,Agathe.Vanni@dummymail.com,Agathe.Vanni@dummymail.com,worker
181,Wilma,Tamsky,Wilma.Tamsky@dummymail.com,Wilma.Tamsky@dummymail.com,developer
182,Orsola,Jammal,Orsola.Jammal@dummymail.com,Orsola.Jammal@dummymail.com,worker
183,Kimberley,Margarete,Kimberley.Margarete@dummymail.com,Kimberley.Margarete@dummymail.com,doctor
184,Hermione,Natica,Hermione.Natica@dummymail.com,Hermione.Natica@dummymail.com,firefighter
185,Quintina,Angelis,Quintina.Angelis@dummymail.com,Quintina.Angelis@dummymail.com,developer
186,Corly,Ellerey,Corly.Ellerey@dummymail.com,Corly.Ellerey@dummymail.com,firefighter
187,Sybille,Turne,Sybille.Turne@dummymail.com,Sybille.Turne@dummymail.com,developer
188,Eolanda,Wenda,Eolanda.Wenda@dummymail.com,Eolanda.Wenda@dummymail.com,doctor
189,Daphne,Monaco,Daphne.Monaco@dummymail.com,Daphne.Monaco@dummymail.com,firefighter
190,Debee,Halsey,Debee.Halsey@dummymail.com,Debee.Halsey@dummymail.com,worker
191,Minne,Raffo,Minne.Raffo@dummymail.com,Minne.Raffo@dummymail.com,firefighter
192,Monika,Pozzy,Monika.Pozzy@dummymail.com,Monika.Pozzy@dummymail.com,police officer
193,Kirbee,Daegal,Kirbee.Daegal@dummymail.com,Kirbee.Daegal@dummymail.com,developer
194,Ivett,Candy,Ivett.Candy@dummymail.com,Ivett.Candy@dummymail.com,worker
195,Leona,Kravits,Leona.Kravits@dummymail.com,Leona.Kravits@dummymail.com,developer
196,Pearline,Sammons,Pearline.Sammons@dummymail.com,Pearline.Sammons@dummymail.com,developer
197,Lizzie,Modie,Lizzie.Modie@dummymail.com,Lizzie.Modie@dummymail.com,firefighter
198,Annaliese,Jacinda,Annaliese.Jacinda@dummymail.com,Annaliese.Jacinda@dummymail.com,worker
199,Sue,Helfand,Sue.Helfand@dummymail.com,Sue.Helfand@dummymail.com,firefighter
200,Willetta,Karl,Willetta.Karl@dummymail.com,Willetta.Karl@dummymail.com,firefighter
201,Verla,Chauncey,Verla.Chauncey@dummymail.com,Verla.Chauncey@dummymail.com,developer
202,Gale,Chinua,Gale.Chinua@dummymail.com,Gale.Chinua@dummymail.com,police officer
203,Vita,Sammons,Vita.Sammons@dummymail.com,Vita.Sammons@dummymail.com,worker
204,Kerrin,Lytton,Kerrin.Lytton@dummymail.com,Kerrin.Lytton@dummymail.com,firefighter
205,Danny,Birdella,Danny.Birdella@dummymail.com,Danny.Birdella@dummymail.com,police officer
206,Hallie,Deegan,Hallie.Deegan@dummymail.com,Hallie.Deegan@dummymail.com,doctor
207,Priscilla,Felizio,Priscilla.Felizio@dummymail.com,Priscilla.Felizio@dummymail.com,firefighter
208,Leontine,Wenoa,Leontine.Wenoa@dummymail.com,Leontine.Wenoa@dummymail.com,doctor
209,Ursulina,Rogerio,Ursulina.Rogerio@dummymail.com,Ursulina.Rogerio@dummymail.com,worker
210,Cordi,Eno,Cordi.Eno@dummymail.com,Cordi.Eno@dummymail.com,worker
211,Althea,Hourigan,Althea.Hourigan@dummymail.com,Althea.Hourigan@dummymail.com,doctor
212,Marcy,Heisel,Marcy.Heisel@dummymail.com,Marcy.Heisel@dummymail.com,firefighter
213,Alleen,Killigrew,Alleen.Killigrew@dummymail.com,Alleen.Killigrew@dummymail.com,worker
214,Carree,Bigner,Carree.Bigner@dummymail.com,Carree.Bigner@dummymail.com,developer
215,Ana,Hailee,Ana.Hailee@dummymail.com,Ana.Hailee@dummymail.com,firefighter
216,Amara,Friede,Amara.Friede@dummymail.com,Amara.Friede@dummymail.com,developer
217,Lisette,Calhoun,Lisette.Calhoun@dummymail.com,Lisette.Calhoun@dummymail.com,doctor
218,Ileana,Seligman,Ileana.Seligman@dummymail.com,Ileana.Seligman@dummymail.com,doctor
219,Dyann,Wandie,Dyann.Wandie@dummymail.com,Dyann.Wandie@dummymail.com,firefighter
220,Lilith,Sholley,Lilith.Sholley@dummymail.com,Lilith.Sholley@dummymail.com,police officer
221,Emma,Stilwell,Emma.Stilwell@dummymail.com,Emma.Stilwell@dummymail.com,worker
222,Rosene,Chauncey,Rosene.Chauncey@dummymail.com,Rosene.Chauncey@dummymail.com,worker
223,Gaylene,Glovsky,Gaylene.Glovsky@dummymail.com,Gaylene.Glovsky@dummymail.com,firefighter
224,Emilia,Rona,Emilia.Rona@dummymail.com,Emilia.Rona@dummymail.com,police officer
225,Carilyn,Flita,Carilyn.Flita@dummymail.com,Carilyn.Flita@dummymail.com,firefighter
226,Sibella,Ferrell,Sibella.Ferrell@dummymail.com,Sibella.Ferrell@dummymail.com,police officer
227,Kirstin,Seagraves,Kirstin.Seagraves@dummymail.com,Kirstin.Seagraves@dummymail.com,doctor
228,Chloris,Hessler,Chloris.Hessler@dummymail.com,Chloris.Hessler@dummymail.com,police officer
229,Dominga,Docilla,Dominga.Docilla@dummymail.com,Dominga.Docilla@dummymail.com,police officer
230,Edee,Hubert,Edee.Hubert@dummymail.com,Edee.Hubert@dummymail.com,police officer
231,Olivette,Killigrew,Olivette.Killigrew@dummymail.com,Olivette.Killigrew@dummymail.com,police officer
232,Calla,Hewitt,Calla.Hewitt@dummymail.com,Calla.Hewitt@dummymail.com,developer
233,Fernande,Kunin,Fernande.Kunin@dummymail.com,Fernande.Kunin@dummymail.com,firefighter
234,Ursulina,Candy,Ursulina.Candy@dummymail.com,Ursulina.Candy@dummymail.com,firefighter
235,Diena,Prouty,Diena.Prouty@dummymail.com,Diena.Prouty@dummymail.com,doctor
236,Quintina,Carleen,Quintina.Carleen@dummymail.com,Quintina.Carleen@dummymail.com,worker
237,Bobbi,Ardra,Bobbi.Ardra@dummymail.com,Bobbi.Ardra@dummymail.com,doctor
238,Elfreda,Jeanne,Elfreda.Jeanne@dummymail.com,Elfreda.Jeanne@dummymail.com,police officer
239,Wileen,Doig,Wileen.Doig@dummymail.com,Wileen.Doig@dummymail.com,developer
240,Brana,Bennie,Brana.Bennie@dummymail.com,Brana.Bennie@dummymail.com,doctor
241,Vanessa,Tristram,Vanessa.Tristram@dummymail.com,Vanessa.Tristram@dummymail.com,doctor
242,Lyssa,Zeeba,Lyssa.Zeeba@dummymail.com,Lyssa.Zeeba@dummymail.com,worker
243,Adele,Buffum,Adele.Buffum@dummymail.com,Adele.Buffum@dummymail.com,police officer
244,Nita,Bigner,Nita.Bigner@dummymail.com,Nita.Bigner@dummymail.com,developer
245,Andeee,Schwejda,Andeee.Schwejda@dummymail.com,Andeee.Schwejda@dummymail.com,firefighter
246,Merle,Dichy,Merle.Dichy@dummymail.com,Merle.Dichy@dummymail.com,developer
247,Quintina,Belldas,Quintina.Belldas@dummymail.com,Quintina.Belldas@dummymail.com,doctor
248,Teddie,Hilbert,Teddie.Hilbert@dummymail.com,Teddie.Hilbert@dummymail.com,doctor
249,Bibby,Linehan,Bibby.Linehan@dummymail.com,Bibby.Linehan@dummymail.com,worker
250,Cyndie,Behre,Cyndie.Behre@dummymail.com,Cyndie.Behre@dummymail.com,firefighter
251,Rosabelle,Melony,Rosabelle.Melony@dummymail.com,Rosabelle.Melony@dummymail.com,firefighter
252,Anallese,Sancho,Anallese.Sancho@dummymail.com,Anallese.Sancho@dummymail.com,firefighter
253,Stephanie,Tippets,Stephanie.Tippets@dummymail.com,Stephanie.Tippets@dummymail.com,doctor
254,Valeda,Felizio,Valeda.Felizio@dummymail.com,Valeda.Felizio@dummymail.com,developer
255,Ginnie,Dyche,Ginnie.Dyche@dummymail.com,Ginnie.Dyche@dummymail.com,doctor
256,Emilia,Koziara,Emilia.Koziara@dummymail.com,Emilia.Koziara@dummymail.com,worker
257,Averyl,Sothena,Averyl.Sothena@dummymail.com,Averyl.Sothena@dummymail.com,police officer
258,Hannis,Shanley,Hannis.Shanley@dummymail.com,Hannis.Shanley@dummymail.com,police officer
259,Kary,Craggie,Kary.Craggie@dummymail.com,Kary.Craggie@dummymail.com,worker
260,Jenilee,Kronfeld,Jenilee.Kronfeld@dummymail.com,Jenilee.Kronfeld@dummymail.com,firefighter
261,Marylou,Ciapas,Marylou.Ciapas@dummymail.com,Marylou.Ciapas@dummymail.com,developer
262,Courtnay,Tacye,Courtnay.Tacye@dummymail.com,Courtnay.Tacye@dummymail.com,developer
263,Britni,Ambrosia,Britni.Ambrosia@dummymail.com,Britni.Ambrosia@dummymail.com,doctor
264,Ezmeralda,Ferino,Ezmeralda.Ferino@dummymail.com,Ezmeralda.Ferino@dummymail.com,developer
265,Donetta,Hourigan,Donetta.Hourigan@dummymail.com,Donetta.Hourigan@dummymail.com,doctor
266,Gilda,Gabrielli,Gilda.Gabrielli@dummymail.com,Gilda.Gabrielli@dummymail.com,doctor
267,Genevra,Concha,Genevra.Concha@dummymail.com,Genevra.Concha@dummymail.com,police officer
268,Nita,Mata,Nita.Mata@dummymail.com,Nita.Mata@dummymail.com,worker
269,Gerianna,Harl,Gerianna.Harl@dummymail.com,Gerianna.Harl@dummymail.com,police officer
270,Charissa,Wesle,Charissa.Wesle@dummymail.com,Charissa.Wesle@dummymail.com,police officer
271,Luci,Gower,Luci.Gower@dummymail.com,Luci.Gower@dummymail.com,firefighter
272,Cathie,Elo,Cathie.Elo@dummymail.com,Cathie.Elo@dummymail.com,police officer
273,Margette,Wind,Margette.Wind@dummymail.com,Margette.Wind@dummymail.com,doctor
274,Pollyanna,Pascia,Pollyanna.Pascia@dummymail.com,Pollyanna.Pascia@dummymail.com,police officer
275,Dania,Elisha,Dania.Elisha@dummymail.com,Dania.Elisha@dummymail.com,worker
276,Valeda,Kronfeld,Valeda.Kronfeld@dummymail.com,Valeda.Kronfeld@dummymail.com,worker
277,Merrie,Hollingsworth,Merrie.Hollingsworth@dummymail.com,Merrie.Hollingsworth@dummymail.com,firefighter
278,Tani,Sisile,Tani.Sisile@dummymail.com,Tani.Sisile@dummymail.com,developer
279,Jorry,Dorine,Jorry.Dorine@dummymail.com,Jorry.Dorine@dummymail.com,firefighter
280,Trixi,Jotham,Trixi.Jotham@dummymail.com,Trixi.Jotham@dummymail.com,doctor
281,Paulita,Krystle,Paulita.Krystle@dummymail.com,Paulita.Krystle@dummymail.com,doctor
282,Aurore,Leler,Aurore.Leler@dummymail.com,Aurore.Leler@dummymail.com,developer
283,Zsa Zsa,Ellerey,Zsa Zsa.Ellerey@dummymail.com,Zsa Zsa.Ellerey@dummymail.com,firefighter
284,Xylina,Evvie,Xylina.Evvie@dummymail.com,Xylina.Evvie@dummymail.com,worker
285,Marti,Briney,Marti.Briney@dummymail.com,Marti.Briney@dummymail.com,developer
286,Gui,Gusella,Gui.Gusella@dummymail.com,Gui.Gusella@dummymail.com,worker
287,Joceline,Egbert,Joceline.Egbert@dummymail.com,Joceline.Egbert@dummymail.com,police officer
288,Hyacinthe,Chobot,Hyacinthe.Chobot@dummymail.com,Hyacinthe.Chobot@dummymail.com,firefighter
289,Trixi,Ardra,Trixi.Ardra@dummymail.com,Trixi.Ardra@dummymail.com,firefighter
290,Netty,Oster,Netty.Oster@dummymail.com,Netty.Oster@dummymail.com,police officer
291,Catrina,Kirbee,Catrina.Kirbee@dummymail.com,Catrina.Kirbee@dummymail.com,doctor
292,Mureil,Fredi,Mureil.Fredi@dummymail.com,Mureil.Fredi@dummymail.com,doctor
293,Mallory,Ilka,Mallory.Ilka@dummymail.com,Mallory.Ilka@dummymail.com,worker
294,Meghann,Hollingsworth,Meghann.Hollingsworth@dummymail.com,Meghann.Hollingsworth@dummymail.com,worker
295,Drucie,Rebecka,Drucie.Rebecka@dummymail.com,Drucie.Rebecka@dummymail.com,worker
296,Agnese,Burnside,Agnese.Burnside@dummymail.com,Agnese.Burnside@dummymail.com,worker
297,Bee,Bronk,Bee.Bronk@dummymail.com,Bee.Bronk@dummymail.com,worker
298,Louella,Kirstin,Louella.Kirstin@dummymail.com,Louella.Kirstin@dummymail.com,doctor
299,Brandise,Ricarda,Brandise.Ricarda@dummymail.com,Brandise.Ricarda@dummymail.com,police officer
300,Daune,Regan,Daune.Regan@dummymail.com,Daune.Regan@dummymail.com,police officer
301,Karly,Mallon,Karly.Mallon@dummymail.com,Karly.Mallon@dummymail.com,worker
302,Fina,Norrie,Fina.Norrie@dummymail.com,Fina.Norrie@dummymail.com,firefighter
303,Ellette,Iiette,Ellette.Iiette@dummymail.com,Ellette.Iiette@dummymail.com,doctor
304,Adele,Lindemann,Adele.Lindemann@dummymail.com,Adele.Lindemann@dummymail.com,doctor
305,Larine,Blase,Larine.Blase@dummymail.com,Larine.Blase@dummymail.com,firefighter
306,Dolli,Abernon,Dolli.Abernon@dummymail.com,Dolli.Abernon@dummymail.com,worker
307,Hildegaard,Vittoria,Hildegaard.Vittoria@dummymail.com,Hildegaard.Vittoria@dummymail.com,developer
308,Candy,Katrine,Candy.Katrine@dummymail.com,Candy.Katrine@dummymail.com,developer
309,Glynnis,Vilma,Glynnis.Vilma@dummymail.com,Glynnis.Vilma@dummymail.com,worker
310,Darci,Nunci,Darci.Nunci@dummymail.com,Darci.Nunci@dummymail.com,police officer
311,Glenda,Bartlett,Glenda.Bartlett@dummymail.com,Glenda.Bartlett@dummymail.com,doctor
312,Cam,Destinee,Cam.Destinee@dummymail.com,Cam.Destinee@dummymail.com,firefighter
313,Maye,McClimans,Maye.McClimans@dummymail.com,Maye.McClimans@dummymail.com,doctor
314,Gwyneth,Kronfeld,Gwyneth.Kronfeld@dummymail.com,Gwyneth.Kronfeld@dummymail.com,firefighter
315,Donnie,Paton,Donnie.Paton@dummymail.com,Donnie.Paton@dummymail.com,developer
316,Kamilah,Gombach,Kamilah.Gombach@dummymail.com,Kamilah.Gombach@dummymail.com,firefighter
317,Etta,Poll,Etta.Poll@dummymail.com,Etta.Poll@dummymail.com,doctor
318,Mureil,Eldrid,Mureil.Eldrid@dummymail.com,Mureil.Eldrid@dummymail.com,developer
319,Britni,McClimans,Britni.McClimans@dummymail.com,Britni.McClimans@dummymail.com,developer
320,Lynde,Sherrie,Lynde.Sherrie@dummymail.com,Lynde.Sherrie@dummymail.com,developer
321,Aeriela,Remmer,Aeriela.Remmer@dummymail.com,Aeriela.Remmer@dummymail.com,firefighter
322,Pearline,Secrest,Pearline.Secrest@dummymail.com,Pearline.Secrest@dummymail.com,firefighter
323,Gisela,Kress,Gisela.Kress@dummymail.com,Gisela.Kress@dummymail.com,developer
324,Nita,Drisko,Nita.Drisko@dummymail.com,Nita.Drisko@dummymail.com,worker
325,Kayla,Trey,Kayla.Trey@dummymail.com,Kayla.Trey@dummymail.com,doctor
326,Katuscha,Elo,Katuscha.Elo@dummymail.com,Katuscha.Elo@dummymail.com,worker
327,Kelly,Natalia,Kelly.Natalia@dummymail.com,Kelly.Natalia@dummymail.com,developer
328,Nelle,Grobe,Nelle.Grobe@dummymail.com,Nelle.Grobe@dummymail.com,firefighter
329,Wileen,Selway,Wileen.Selway@dummymail.com,Wileen.Selway@dummymail.com,police officer
330,Alex,Isacco,Alex.Isacco@dummymail.com,Alex.Isacco@dummymail.com,developer
331,Elsie,Riordan,Elsie.Riordan@dummymail.com,Elsie.Riordan@dummymail.com,doctor
332,Ernesta,Ries,Ernesta.Ries@dummymail.com,Ernesta.Ries@dummymail.com,firefighter
333,Riannon,Halsey,Riannon.Halsey@dummymail.com,Riannon.Halsey@dummymail.com,police officer
334,Cherilyn,Camden,Cherilyn.Camden@dummymail.com,Cherilyn.Camden@dummymail.com,doctor
335,Sheree,Edison,Sheree.Edison@dummymail.com,Sheree.Edison@dummymail.com,developer
336,Ernesta,Dudley,Ernesta.Dudley@dummymail.com,Ernesta.Dudley@dummymail.com,firefighter
337,Sabina,Zachary,Sabina.Zachary@dummymail.com,Sabina.Zachary@dummymail.com,firefighter
338,Veda,Lacombe,Veda.Lacombe@dummymail.com,Veda.Lacombe@dummymail.com,doctor
339,Susette,Durware,Susette.Durware@dummymail.com,Susette.Durware@dummymail.com,developer
340,Neila,Kevon,Neila.Kevon@dummymail.com,Neila.Kevon@dummymail.com,police officer
341,Lily,Guildroy,Lily.Guildroy@dummymail.com,Lily.Guildroy@dummymail.com,developer
342,Zaria,Deegan,Zaria.Deegan@dummymail.com,Zaria.Deegan@dummymail.com,developer
343,Renie,Lytton,Renie.Lytton@dummymail.com,Renie.Lytton@dummymail.com,firefighter
344,Caressa,Moina,Caressa.Moina@dummymail.com,Caressa.Moina@dummymail.com,firefighter
345,Lynea,Loring,Lynea.Loring@dummymail.com,Lynea.Loring@dummymail.com,firefighter
346,Fredericka,Holbrook,Fredericka.Holbrook@dummymail.com,Fredericka.Holbrook@dummymail.com,worker
347,Winny,Cristi,Winny.Cristi@dummymail.com,Winny.Cristi@dummymail.com,police officer
348,Dione,Kaja,Dione.Kaja@dummymail.com,Dione.Kaja@dummymail.com,doctor
349,Maud,Norvol,Maud.Norvol@dummymail.com,Maud.Norvol@dummymail.com,police officer
350,Shandie,Berl,Shandie.Berl@dummymail.com,Shandie.Berl@dummymail.com,doctor
351,Drucie,Stephie,Drucie.Stephie@dummymail.com,Drucie.Stephie@dummymail.com,developer
352,Charissa,Heisel,Charissa.Heisel@dummymail.com,Charissa.Heisel@dummymail.com,firefighter
353,Myrtice,Oster,Myrtice.Oster@dummymail.com,Myrtice.Oster@dummymail.com,firefighter
354,Aigneis,Jacinda,Aigneis.Jacinda@dummymail.com,Aigneis.Jacinda@dummymail.com,police officer
355,Jessy,Ramona,Jessy.Ramona@dummymail.com,Jessy.Ramona@dummymail.com,police officer
356,Jolyn,Charmine,Jolyn.Charmine@dummymail.com,Jolyn.Charmine@dummymail.com,police officer
357,Sybille,Boycey,Sybille.Boycey@dummymail.com,Sybille.Boycey@dummymail.com,developer
358,Valera,Nahum,Valera.Nahum@dummymail.com,Valera.Nahum@dummymail.com,developer
359,Malina,Bronk,Malina.Bronk@dummymail.com,Malina.Bronk@dummymail.com,developer
360,Regina,Rhu,Regina.Rhu@dummymail.com,Regina.Rhu@dummymail.com,doctor
361,Melisent,Fredi,Melisent.Fredi@dummymail.com,Melisent.Fredi@dummymail.com,doctor
362,Marti,Baptlsta,Marti.Baptlsta@dummymail.com,Marti.Baptlsta@dummymail.com,doctor
363,Karena,Blase,Karena.Blase@dummymail.com,Karena.Blase@dummymail.com,police officer
364,Karlee,Latini,Karlee.Latini@dummymail.com,Karlee.Latini@dummymail.com,worker
365,Marjie,Gamaliel,Marjie.Gamaliel@dummymail.com,Marjie.Gamaliel@dummymail.com,police officer
366,Berget,Melony,Berget.Melony@dummymail.com,Berget.Melony@dummymail.com,developer
367,Kary,Magnolia,Kary.Magnolia@dummymail.com,Kary.Magnolia@dummymail.com,firefighter
368,Mary,Letsou,Mary.Letsou@dummymail.com,Mary.Letsou@dummymail.com,worker
369,Emmey,Berriman,Emmey.Berriman@dummymail.com,Emmey.Berriman@dummymail.com,doctor
370,Emilia,Billye,Emilia.Billye@dummymail.com,Emilia.Billye@dummymail.com,doctor
371,Kore,Adrienne,Kore.Adrienne@dummymail.com,Kore.Adrienne@dummymail.com,developer
372,Merry,Kimmie,Merry.Kimmie@dummymail.com,Merry.Kimmie@dummymail.com,worker
373,Ruthe,Martsen,Ruthe.Martsen@dummymail.com,Ruthe.Martsen@dummymail.com,worker
374,Cam,Zaslow,Cam.Zaslow@dummymail.com,Cam.Zaslow@dummymail.com,developer
375,Briney,Byrne,Briney.Byrne@dummymail.com,Briney.Byrne@dummymail.com,worker
376,June,Carvey,June.Carvey@dummymail.com,June.Carvey@dummymail.com,police officer
377,Millie,Marijo,Millie.Marijo@dummymail.com,Millie.Marijo@dummymail.com,worker
378,Ileana,Jobi,Ileana.Jobi@dummymail.com,Ileana.Jobi@dummymail.com,developer
379,Mady,Sophronia,Mady.Sophronia@dummymail.com,Mady.Sophronia@dummymail.com,firefighter
380,Emma,Lasley,Emma.Lasley@dummymail.com,Emma.Lasley@dummymail.com,developer
381,Regina,Pip,Regina.Pip@dummymail.com,Regina.Pip@dummymail.com,worker
382,Lily,Yorick,Lily.Yorick@dummymail.com,Lily.Yorick@dummymail.com,developer
383,Lila,Brotherson,Lila.Brotherson@dummymail.com,Lila.Brotherson@dummymail.com,firefighter
384,Vita,Joni,Vita.Joni@dummymail.com,Vita.Joni@dummymail.com,worker
385,Kore,Paine,Kore.Paine@dummymail.com,Kore.Paine@dummymail.com,firefighter
386,Amii,Schalles,Amii.Schalles@dummymail.com,Amii.Schalles@dummymail.com,developer
387,Eugine,Rheingold,Eugine.Rheingold@dummymail.com,Eugine.Rheingold@dummymail.com,firefighter
388,Bobinette,Kellby,Bobinette.Kellby@dummymail.com,Bobinette.Kellby@dummymail.com,doctor
389,Dale,Daegal,Dale.Daegal@dummymail.com,Dale.Daegal@dummymail.com,firefighter
390,Sam,Lipson,Sam.Lipson@dummymail.com,Sam.Lipson@dummymail.com,police officer
391,Corry,Graig,Corry.Graig@dummymail.com,Corry.Graig@dummymail.com,police officer
392,Sidoney,Remmer,Sidoney.Remmer@dummymail.com,Sidoney.Remmer@dummymail.com,doctor
393,Jillayne,Modie,Jillayne.Modie@dummymail.com,Jillayne.Modie@dummymail.com,police officer
394,Monika,Codding,Monika.Codding@dummymail.com,Monika.Codding@dummymail.com,developer
395,Cam,Imelida,Cam.Imelida@dummymail.com,Cam.Imelida@dummymail.com,worker
396,Elmira,Glenden,Elmira.Glenden@dummymail.com,Elmira.Glenden@dummymail.com,firefighter
397,Rivalee,Toor,Rivalee.Toor@dummymail.com,Rivalee.Toor@dummymail.com,police officer
398,Margarette,Sigfrid,Margarette.Sigfrid@dummymail.com,Margarette.Sigfrid@dummymail.com,police officer
399,Annaliese,Burkle,Annaliese.Burkle@dummymail.com,Annaliese.Burkle@dummymail.com,doctor
400,Dione,Kamaria,Dione.Kamaria@dummymail.com,Dione.Kamaria@dummymail.com,firefighter
401,Annabela,Heisel,Annabela.Heisel@dummymail.com,Annabela.Heisel@dummymail.com,worker
402,Alleen,Rosemary,Alleen.Rosemary@dummymail.com,Alleen.Rosemary@dummymail.com,police officer
403,Merci,Trinetta,Merci.Trinetta@dummymail.com,Merci.Trinetta@dummymail.com,police officer
404,Dorene,Blisse,Dorene.Blisse@dummymail.com,Dorene.Blisse@dummymail.com,doctor
405,Agathe,Pattin,Agathe.Pattin@dummymail.com,Agathe.Pattin@dummymail.com,developer
406,Kayla,Maxi,Kayla.Maxi@dummymail.com,Kayla.Maxi@dummymail.com,developer
407,Dede,Old,Dede.Old@dummymail.com,Dede.Old@dummymail.com,worker
408,Dawn,Read,Dawn.Read@dummymail.com,Dawn.Read@dummymail.com,developer
409,Linzy,Minetta,Linzy.Minetta@dummymail.com,Linzy.Minetta@dummymail.com,police officer
410,Dania,Leonard,Dania.Leonard@dummymail.com,Dania.Leonard@dummymail.com,police officer
411,Linzy,Swanhildas,Linzy.Swanhildas@dummymail.com,Linzy.Swanhildas@dummymail.com,police officer
412,Siana,Urania,Siana.Urania@dummymail.com,Siana.Urania@dummymail.com,firefighter
413,Glenda,Abram,Glenda.Abram@dummymail.com,Glenda.Abram@dummymail.com,developer
414,Silvana,Tremayne,Silvana.Tremayne@dummymail.com,Silvana.Tremayne@dummymail.com,worker
415,Ninnetta,Haymes,Ninnetta.Haymes@dummymail.com,Ninnetta.Haymes@dummymail.com,firefighter
416,Sallie,Johnsson,Sallie.Johnsson@dummymail.com,Sallie.Johnsson@dummymail.com,doctor
417,Asia,Fennessy,Asia.Fennessy@dummymail.com,Asia.Fennessy@dummymail.com,developer
418,Mallory,Guildroy,Mallory.Guildroy@dummymail.com,Mallory.Guildroy@dummymail.com,firefighter
419,Nadine,Garrison,Nadine.Garrison@dummymail.com,Nadine.Garrison@dummymail.com,developer
420,Carol-Jean,Caitlin,Carol-Jean.Caitlin@dummymail.com,Carol-Jean.Caitlin@dummymail.com,police officer
421,Modestia,Blisse,Modestia.Blisse@dummymail.com,Modestia.Blisse@dummymail.com,worker
422,Rhea,Winthorpe,Rhea.Winthorpe@dummymail.com,Rhea.Winthorpe@dummymail.com,developer
423,Elsie,Niccolo,Elsie.Niccolo@dummymail.com,Elsie.Niccolo@dummymail.com,developer
424,Kathi,Minetta,Kathi.Minetta@dummymail.com,Kathi.Minetta@dummymail.com,firefighter
425,Berget,Lewes,Berget.Lewes@dummymail.com,Berget.Lewes@dummymail.com,doctor
426,Darci,Kesley,Darci.Kesley@dummymail.com,Darci.Kesley@dummymail.com,worker
427,Aili,Shama,Aili.Shama@dummymail.com,Aili.Shama@dummymail.com,firefighter
428,Valeda,Maisey,Valeda.Maisey@dummymail.com,Valeda.Maisey@dummymail.com,police officer
429,Ann-Marie,Joseph,Ann-Marie.Joseph@dummymail.com,Ann-Marie.Joseph@dummymail.com,police officer
430,Angela,Juan,Angela.Juan@dummymail.com,Angela.Juan@dummymail.com,police officer
431,Roxane,Cadmar,Roxane.Cadmar@dummymail.com,Roxane.Cadmar@dummymail.com,doctor
432,Tracey,Wareing,Tracey.Wareing@dummymail.com,Tracey.Wareing@dummymail.com,police officer
433,Brana,Gamaliel,Brana.Gamaliel@dummymail.com,Brana.Gamaliel@dummymail.com,doctor
434,Jemie,Kravits,Jemie.Kravits@dummymail.com,Jemie.Kravits@dummymail.com,doctor
435,Kary,Norrie,Kary.Norrie@dummymail.com,Kary.Norrie@dummymail.com,doctor
436,Letizia,Cherianne,Letizia.Cherianne@dummymail.com,Letizia.Cherianne@dummymail.com,worker
437,Maisey,Sawtelle,Maisey.Sawtelle@dummymail.com,Maisey.Sawtelle@dummymail.com,doctor
438,Jasmina,Craggie,Jasmina.Craggie@dummymail.com,Jasmina.Craggie@dummymail.com,police officer
439,Brooks,Jess,Brooks.Jess@dummymail.com,Brooks.Jess@dummymail.com,worker
440,Elbertina,Donoghue,Elbertina.Donoghue@dummymail.com,Elbertina.Donoghue@dummymail.com,developer
441,Monika,Zachary,Monika.Zachary@dummymail.com,Monika.Zachary@dummymail.com,worker
442,Alejandra,Kendrick,Alejandra.Kendrick@dummymail.com,Alejandra.Kendrick@dummymail.com,worker
443,Wendi,Concha,Wendi.Concha@dummymail.com,Wendi.Concha@dummymail.com,police officer
444,Stacey,Shuler,Stacey.Shuler@dummymail.com,Stacey.Shuler@dummymail.com,police officer
445,Christian,Zola,Christian.Zola@dummymail.com,Christian.Zola@dummymail.com,doctor
446,Vivia,Laurianne,Vivia.Laurianne@dummymail.com,Vivia.Laurianne@dummymail.com,worker
447,Joane,Vary,Joane.Vary@dummymail.com,Joane.Vary@dummymail.com,doctor
448,Madelle,Dash,Madelle.Dash@dummymail.com,Madelle.Dash@dummymail.com,firefighter
449,Kimmy,Norvol,Kimmy.Norvol@dummymail.com,Kimmy.Norvol@dummymail.com,worker
450,Lynde,Lubin,Lynde.Lubin@dummymail.com,Lynde.Lubin@dummymail.com,doctor
451,Carmela,Bettine,Carmela.Bettine@dummymail.com,Carmela.Bettine@dummymail.com,worker
452,Britte,Nance,Britte.Nance@dummymail.com,Britte.Nance@dummymail.com,developer
453,Zondra,Ogren,Zondra.Ogren@dummymail.com,Zondra.Ogren@dummymail.com,firefighter
454,Krystle,Kiyoshi,Krystle.Kiyoshi@dummymail.com,Krystle.Kiyoshi@dummymail.com,police officer
455,Olwen,Magnolia,Olwen.Magnolia@dummymail.com,Olwen.Magnolia@dummymail.com,police officer
456,Ulrike,Killigrew,Ulrike.Killigrew@dummymail.com,Ulrike.Killigrew@dummymail.com,worker
457,Heddie,Sadowski,Heddie.Sadowski@dummymail.com,Heddie.Sadowski@dummymail.com,firefighter
458,Marika,Monaco,Marika.Monaco@dummymail.com,Marika.Monaco@dummymail.com,developer
459,Stephanie,Billye,Stephanie.Billye@dummymail.com,Stephanie.Billye@dummymail.com,police officer
460,Doro,Ummersen,Doro.Ummersen@dummymail.com,Doro.Ummersen@dummymail.com,worker
461,Correy,Holbrook,Correy.Holbrook@dummymail.com,Correy.Holbrook@dummymail.com,doctor
462,Dede,Kinnard,Dede.Kinnard@dummymail.com,Dede.Kinnard@dummymail.com,worker
463,Desirae,Evangelia,Desirae.Evangelia@dummymail.com,Desirae.Evangelia@dummymail.com,worker
464,Dorothy,Goddard,Dorothy.Goddard@dummymail.com,Dorothy.Goddard@dummymail.com,firefighter
465,Roslyn,Baylor,Roslyn.Baylor@dummymail.com,Roslyn.Baylor@dummymail.com,police officer
466,Starla,Imelida,Starla.Imelida@dummymail.com,Starla.Imelida@dummymail.com,doctor
467,Karolina,Toor,Karolina.Toor@dummymail.com,Karolina.Toor@dummymail.com,police officer
468,Reeba,Oriana,Reeba.Oriana@dummymail.com,Reeba.Oriana@dummymail.com,firefighter
469,Sean,O'Carroll,Sean.O'Carroll@dummymail.com,Sean.O'Carroll@dummymail.com,worker
470,Georgetta,Gillan,Georgetta.Gillan@dummymail.com,Georgetta.Gillan@dummymail.com,police officer
471,Drucie,Bluh,Drucie.Bluh@dummymail.com,Drucie.Bluh@dummymail.com,developer
472,Marylou,Cutlerr,Marylou.Cutlerr@dummymail.com,Marylou.Cutlerr@dummymail.com,developer
473,Mamie,Zina,Mamie.Zina@dummymail.com,Mamie.Zina@dummymail.com,worker
474,Sophia,Emanuel,Sophia.Emanuel@dummymail.com,Sophia.Emanuel@dummymail.com,worker
475,Violet,Rillings,Violet.Rillings@dummymail.com,Violet.Rillings@dummymail.com,worker
476,Karina,Boehike,Karina.Boehike@dummymail.com,Karina.Boehike@dummymail.com,doctor
477,Helsa,Telfer,Helsa.Telfer@dummymail.com,Helsa.Telfer@dummymail.com,developer
478,Vita,Kermit,Vita.Kermit@dummymail.com,Vita.Kermit@dummymail.com,developer
479,Norine,Gualtiero,Norine.Gualtiero@dummymail.com,Norine.Gualtiero@dummymail.com,police officer
480,Raf,Thilda,Raf.Thilda@dummymail.com,Raf.Thilda@dummymail.com,worker
481,Lelah,Killigrew,Lelah.Killigrew@dummymail.com,Lelah.Killigrew@dummymail.com,firefighter
482,Danny,Heisel,Danny.Heisel@dummymail.com,Danny.Heisel@dummymail.com,doctor
483,Binny,Lewes,Binny.Lewes@dummymail.com,Binny.Lewes@dummymail.com,doctor
484,Liana,Anestassia,Liana.Anestassia@dummymail.com,Liana.Anestassia@dummymail.com,doctor
485,Steffane,Roscoe,Steffane.Roscoe@dummymail.com,Steffane.Roscoe@dummymail.com,developer
486,Ermengarde,Rolf,Ermengarde.Rolf@dummymail.com,Ermengarde.Rolf@dummymail.com,worker
487,Dorice,Hunfredo,Dorice.Hunfredo@dummymail.com,Dorice.Hunfredo@dummymail.com,firefighter
488,Drucie,Kathie,Drucie.Kathie@dummymail.com,Drucie.Kathie@dummymail.com,police officer
489,Christal,Gombach,Christal.Gombach@dummymail.com,Christal.Gombach@dummymail.com,firefighter
490,Georgina,Leopold,Georgina.Leopold@dummymail.com,Georgina.Leopold@dummymail.com,developer
491,Clo,Lasley,Clo.Lasley@dummymail.com,Clo.Lasley@dummymail.com,developer
492,Madelle,Hathaway,Madelle.Hathaway@dummymail.com,Madelle.Hathaway@dummymail.com,doctor
493,Amii,Dosia,Amii.Dosia@dummymail.com,Amii.Dosia@dummymail.com,developer
494,Darci,Gamaliel,Darci.Gamaliel@dummymail.com,Darci.Gamaliel@dummymail.com,firefighter
495,Cordi,Clie,Cordi.Clie@dummymail.com,Cordi.Clie@dummymail.com,firefighter
496,Hayley,Rad,Hayley.Rad@dummymail.com,Hayley.Rad@dummymail.com,worker
497,Mellicent,Tjon,Mellicent.Tjon@dummymail.com,Mellicent.Tjon@dummymail.com,police officer
498,Georgetta,Glenden,Georgetta.Glenden@dummymail.com,Georgetta.Glenden@dummymail.com,police officer
499,Barbara,Jagir,Barbara.Jagir@dummymail.com,Barbara.Jagir@dummymail.com,police officer
500,Georgina,Burnside,Georgina.Burnside@dummymail.com,Georgina.Burnside@dummymail.com,police officer
501,Maud,Lutero,Maud.Lutero@dummymail.com,Maud.Lutero@dummymail.com,worker
502,Hyacinthe,Greenwald,Hyacinthe.Greenwald@dummymail.com,Hyacinthe.Greenwald@dummymail.com,doctor
503,Darci,Killigrew,Darci.Killigrew@dummymail.com,Darci.Killigrew@dummymail.com,worker
504,Britte,Chauncey,Britte.Chauncey@dummymail.com,Britte.Chauncey@dummymail.com,firefighter
505,June,Vale,June.Vale@dummymail.com,June.Vale@dummymail.com,police officer
506,Ana,Ummersen,Ana.Ummersen@dummymail.com,Ana.Ummersen@dummymail.com,police officer
507,Diena,Carey,Diena.Carey@dummymail.com,Diena.Carey@dummymail.com,firefighter
508,Edyth,Malanie,Edyth.Malanie@dummymail.com,Edyth.Malanie@dummymail.com,developer
509,Gale,Howlyn,Gale.Howlyn@dummymail.com,Gale.Howlyn@dummymail.com,developer
510,Bernardine,Taima,Bernardine.Taima@dummymail.com,Bernardine.Taima@dummymail.com,police officer
511,Sabina,Monaco,Sabina.Monaco@dummymail.com,Sabina.Monaco@dummymail.com,police officer
512,Marita,Natica,Marita.Natica@dummymail.com,Marita.Natica@dummymail.com,firefighter
513,Carol-Jean,Laverne,Carol-Jean.Laverne@dummymail.com,Carol-Jean.Laverne@dummymail.com,firefighter
514,Melodie,Hashim,Melodie.Hashim@dummymail.com,Melodie.Hashim@dummymail.com,firefighter
515,Tiffie,Alwin,Tiffie.Alwin@dummymail.com,Tiffie.Alwin@dummymail.com,developer
516,Doralynne,Cassius,Doralynne.Cassius@dummymail.com,Doralynne.Cassius@dummymail.com,doctor
517,Olwen,Pierette,Olwen.Pierette@dummymail.com,Olwen.Pierette@dummymail.com,worker
518,Merle,Sophronia,Merle.Sophronia@dummymail.com,Merle.Sophronia@dummymail.com,worker
519,Jere,Baudin,Jere.Baudin@dummymail.com,Jere.Baudin@dummymail.com,developer
520,Rebeca,Rogerio,Rebeca.Rogerio@dummymail.com,Rebeca.Rogerio@dummymail.com,firefighter
521,Tabbatha,Fax,Tabbatha.Fax@dummymail.com,Tabbatha.Fax@dummymail.com,developer
522,Sheelagh,Wooster,Sheelagh.Wooster@dummymail.com,Sheelagh.Wooster@dummymail.com,firefighter
523,Olwen,Sparhawk,Olwen.Sparhawk@dummymail.com,Olwen.Sparhawk@dummymail.com,worker
524,Candi,Kelula,Candi.Kelula@dummymail.com,Candi.Kelula@dummymail.com,doctor
525,Sallie,Teddman,Sallie.Teddman@dummymail.com,Sallie.Teddman@dummymail.com,worker
526,Kara-Lynn,Leffen,Kara-Lynn.Leffen@dummymail.com,Kara-Lynn.Leffen@dummymail.com,worker
527,Cherilyn,Herrera,Cherilyn.Herrera@dummymail.com,Cherilyn.Herrera@dummymail.com,police officer
528,Kenna,Mehalek,Kenna.Mehalek@dummymail.com,Kenna.Mehalek@dummymail.com,doctor
529,Pierette,Jena,Pierette.Jena@dummymail.com,Pierette.Jena@dummymail.com,worker
530,Merle,Arne,Merle.Arne@dummymail.com,Merle.Arne@dummymail.com,police officer
531,Gerianna,Kazimir,Gerianna.Kazimir@dummymail.com,Gerianna.Kazimir@dummymail.com,developer
532,Sharai,Reneta,Sharai.Reneta@dummymail.com,Sharai.Reneta@dummymail.com,firefighter
533,Charlena,Sasnett,Charlena.Sasnett@dummymail.com,Charlena.Sasnett@dummymail.com,developer
534,Janey,Ezar,Janey.Ezar@dummymail.com,Janey.Ezar@dummymail.com,worker
535,Chrystel,Geffner,Chrystel.Geffner@dummymail.com,Chrystel.Geffner@dummymail.com,doctor
536,Gwenneth,Morehouse,Gwenneth.Morehouse@dummymail.com,Gwenneth.Morehouse@dummymail.com,developer
537,Linet,Pacorro,Linet.Pacorro@dummymail.com,Linet.Pacorro@dummymail.com,worker
538,Tami,Waite,Tami.Waite@dummymail.com,Tami.Waite@dummymail.com,developer
539,Leia,Klotz,Leia.Klotz@dummymail.com,Leia.Klotz@dummymail.com,police officer
540,Nelle,Merat,Nelle.Merat@dummymail.com,Nelle.Merat@dummymail.com,firefighter
541,Laurene,Gibbeon,Laurene.Gibbeon@dummymail.com,Laurene.Gibbeon@dummymail.com,worker
542,Diena,Kronfeld,Diena.Kronfeld@dummymail.com,Diena.Kronfeld@dummymail.com,doctor
543,Olwen,Rugen,Olwen.Rugen@dummymail.com,Olwen.Rugen@dummymail.com,firefighter
544,Clary,Edmund,Clary.Edmund@dummymail.com,Clary.Edmund@dummymail.com,firefighter
545,Justinn,Yate,Justinn.Yate@dummymail.com,Justinn.Yate@dummymail.com,police officer
546,Tonia,Lymann,Tonia.Lymann@dummymail.com,Tonia.Lymann@dummymail.com,worker
547,Jenilee,Nedrud,Jenilee.Nedrud@dummymail.com,Jenilee.Nedrud@dummymail.com,developer
548,Ariela,Haldas,Ariela.Haldas@dummymail.com,Ariela.Haldas@dummymail.com,police officer
549,Marguerite,Buttaro,Marguerite.Buttaro@dummymail.com,Marguerite.Buttaro@dummymail.com,firefighter
550,Miquela,Garbe,Miquela.Garbe@dummymail.com,Miquela.Garbe@dummymail.com,firefighter
551,Ann-Marie,Barrus,Ann-Marie.Barrus@dummymail.com,Ann-Marie.Barrus@dummymail.com,firefighter
552,Neila,Gibbeon,Neila.Gibbeon@dummymail.com,Neila.Gibbeon@dummymail.com,police officer
553,Margalo,Goode,Margalo.Goode@dummymail.com,Margalo.Goode@dummymail.com,police officer
554,Ericka,Arley,Ericka.Arley@dummymail.com,Ericka.Arley@dummymail.com,firefighter
555,Inga,Daveta,Inga.Daveta@dummymail.com,Inga.Daveta@dummymail.com,worker
556,Joy,Pacorro,Joy.Pacorro@dummymail.com,Joy.Pacorro@dummymail.com,developer
557,Karly,Kazimir,Karly.Kazimir@dummymail.com,Karly.Kazimir@dummymail.com,firefighter
558,Alyda,Desai,Alyda.Desai@dummymail.com,Alyda.Desai@dummymail.com,police officer
559,Janey,Iiette,Janey.Iiette@dummymail.com,Janey.Iiette@dummymail.com,firefighter
560,Tilly,Revkah,Tilly.Revkah@dummymail.com,Tilly.Revkah@dummymail.com,firefighter
561,Loree,Alva,Loree.Alva@dummymail.com,Loree.Alva@dummymail.com,police officer
562,Gilligan,Alice,Gilligan.Alice@dummymail.com,Gilligan.Alice@dummymail.com,doctor
563,Brynna,Sikorski,Brynna.Sikorski@dummymail.com,Brynna.Sikorski@dummymail.com,worker
564,Gabriellia,Diann,Gabriellia.Diann@dummymail.com,Gabriellia.Diann@dummymail.com,worker
565,Livvyy,Kesley,Livvyy.Kesley@dummymail.com,Livvyy.Kesley@dummymail.com,developer
566,Libbie,Tengdin,Libbie.Tengdin@dummymail.com,Libbie.Tengdin@dummymail.com,developer
567,Brianna,Trace,Brianna.Trace@dummymail.com,Brianna.Trace@dummymail.com,police officer
568,Marika,Adore,Marika.Adore@dummymail.com,Marika.Adore@dummymail.com,firefighter
569,Carlie,Donell,Carlie.Donell@dummymail.com,Carlie.Donell@dummymail.com,developer
570,Joy,Pauly,Joy.Pauly@dummymail.com,Joy.Pauly@dummymail.com,worker
571,Barbara,Podvin,Barbara.Podvin@dummymail.com,Barbara.Podvin@dummymail.com,doctor
572,Annabela,Byrne,Annabela.Byrne@dummymail.com,Annabela.Byrne@dummymail.com,doctor
573,Annecorinne,Erskine,Annecorinne.Erskine@dummymail.com,Annecorinne.Erskine@dummymail.com,doctor
574,Kathi,Seessel,Kathi.Seessel@dummymail.com,Kathi.Seessel@dummymail.com,developer
575,Emmey,Hourigan,Emmey.Hourigan@dummymail.com,Emmey.Hourigan@dummymail.com,worker
576,Leia,Oneida,Leia.Oneida@dummymail.com,Leia.Oneida@dummymail.com,worker
577,Gisela,Erb,Gisela.Erb@dummymail.com,Gisela.Erb@dummymail.com,worker
578,Tilly,Ophelia,Tilly.Ophelia@dummymail.com,Tilly.Ophelia@dummymail.com,worker
579,Zaria,Korey,Zaria.Korey@dummymail.com,Zaria.Korey@dummymail.com,police officer
580,Cam,Aaberg,Cam.Aaberg@dummymail.com,Cam.Aaberg@dummymail.com,firefighter
581,Chloris,Maples,Chloris.Maples@dummymail.com,Chloris.Maples@dummymail.com,worker
582,Cam,Loleta,Cam.Loleta@dummymail.com,Cam.Loleta@dummymail.com,developer
583,Joy,Hamil,Joy.Hamil@dummymail.com,Joy.Hamil@dummymail.com,developer
584,Lauryn,Lanita,Lauryn.Lanita@dummymail.com,Lauryn.Lanita@dummymail.com,doctor
585,Caryl,Auberbach,Caryl.Auberbach@dummymail.com,Caryl.Auberbach@dummymail.com,developer
586,Albertina,Ader,Albertina.Ader@dummymail.com,Albertina.Ader@dummymail.com,firefighter
587,Rhea,Primalia,Rhea.Primalia@dummymail.com,Rhea.Primalia@dummymail.com,firefighter
588,Ginnie,Rossner,Ginnie.Rossner@dummymail.com,Ginnie.Rossner@dummymail.com,worker
589,Alexine,Anselmi,Alexine.Anselmi@dummymail.com,Alexine.Anselmi@dummymail.com,firefighter
590,Nickie,Lorain,Nickie.Lorain@dummymail.com,Nickie.Lorain@dummymail.com,firefighter
591,Jean,Harned,Jean.Harned@dummymail.com,Jean.Harned@dummymail.com,developer
592,Alex,Rubie,Alex.Rubie@dummymail.com,Alex.Rubie@dummymail.com,firefighter
593,Merle,Kathie,Merle.Kathie@dummymail.com,Merle.Kathie@dummymail.com,firefighter
594,Jaclyn,Paine,Jaclyn.Paine@dummymail.com,Jaclyn.Paine@dummymail.com,doctor
595,Jackie,Joni,Jackie.Joni@dummymail.com,Jackie.Joni@dummymail.com,doctor
596,Gale,Wildermuth,Gale.Wildermuth@dummymail.com,Gale.Wildermuth@dummymail.com,worker
597,Janeczka,Wattenberg,Janeczka.Wattenberg@dummymail.com,Janeczka.Wattenberg@dummymail.com,doctor
598,Nessie,Fennessy,Nessie.Fennessy@dummymail.com,Nessie.Fennessy@dummymail.com,developer
599,Marline,Jorgan,Marline.Jorgan@dummymail.com,Marline.Jorgan@dummymail.com,developer
600,Shell,Melleta,Shell.Melleta@dummymail.com,Shell.Melleta@dummymail.com,police officer
601,Teddie,Aprile,Teddie.Aprile@dummymail.com,Teddie.Aprile@dummymail.com,firefighter
602,Aimil,Evangelia,Aimil.Evangelia@dummymail.com,Aimil.Evangelia@dummymail.com,firefighter
603,Petronia,Trinetta,Petronia.Trinetta@dummymail.com,Petronia.Trinetta@dummymail.com,developer
604,Marylou,Cecile,Marylou.Cecile@dummymail.com,Marylou.Cecile@dummymail.com,developer
605,Dari,Wilkinson,Dari.Wilkinson@dummymail.com,Dari.Wilkinson@dummymail.com,firefighter
606,Mahalia,Pauly,Mahalia.Pauly@dummymail.com,Mahalia.Pauly@dummymail.com,firefighter
607,Susan,Bryna,Susan.Bryna@dummymail.com,Susan.Bryna@dummymail.com,developer
608,Millie,Rudolph,Millie.Rudolph@dummymail.com,Millie.Rudolph@dummymail.com,firefighter
609,Tina,Saint,Tina.Saint@dummymail.com,Tina.Saint@dummymail.com,worker
610,Minda,Dorine,Minda.Dorine@dummymail.com,Minda.Dorine@dummymail.com,developer
611,Loree,Federica,Loree.Federica@dummymail.com,Loree.Federica@dummymail.com,police officer
612,Margalo,Kelula,Margalo.Kelula@dummymail.com,Margalo.Kelula@dummymail.com,worker
613,Phylis,Fax,Phylis.Fax@dummymail.com,Phylis.Fax@dummymail.com,worker
614,Natka,Sisile,Natka.Sisile@dummymail.com,Natka.Sisile@dummymail.com,doctor
615,Florie,Wolfgram,Florie.Wolfgram@dummymail.com,Florie.Wolfgram@dummymail.com,worker
616,Pierette,Hollingsworth,Pierette.Hollingsworth@dummymail.com,Pierette.Hollingsworth@dummymail.com,police officer
617,Damaris,Old,Damaris.Old@dummymail.com,Damaris.Old@dummymail.com,firefighter
618,Dione,Zeeba,Dione.Zeeba@dummymail.com,Dione.Zeeba@dummymail.com,developer
619,Cam,Catie,Cam.Catie@dummymail.com,Cam.Catie@dummymail.com,firefighter
620,Tilly,Eugenia,Tilly.Eugenia@dummymail.com,Tilly.Eugenia@dummymail.com,developer
621,Jenda,Gaulin,Jenda.Gaulin@dummymail.com,Jenda.Gaulin@dummymail.com,developer
622,Vivia,Korey,Vivia.Korey@dummymail.com,Vivia.Korey@dummymail.com,police officer
623,Bernardine,Regan,Bernardine.Regan@dummymail.com,Bernardine.Regan@dummymail.com,developer
624,Rivalee,Dalli,Rivalee.Dalli@dummymail.com,Rivalee.Dalli@dummymail.com,worker
625,Mildrid,Connelly,Mildrid.Connelly@dummymail.com,Mildrid.Connelly@dummymail.com,worker
626,Gwyneth,Dichy,Gwyneth.Dichy@dummymail.com,Gwyneth.Dichy@dummymail.com,firefighter
627,Taffy,Stanwood,Taffy.Stanwood@dummymail.com,Taffy.Stanwood@dummymail.com,worker
628,Fernande,Othilia,Fernande.Othilia@dummymail.com,Fernande.Othilia@dummymail.com,developer
629,Lyssa,Stacy,Lyssa.Stacy@dummymail.com,Lyssa.Stacy@dummymail.com,developer
630,Belinda,Huggins,Belinda.Huggins@dummymail.com,Belinda.Huggins@dummymail.com,police officer
631,Amelia,Willie,Amelia.Willie@dummymail.com,Amelia.Willie@dummymail.com,police officer
632,Nataline,Schlosser,Nataline.Schlosser@dummymail.com,Nataline.Schlosser@dummymail.com,firefighter
633,Gilligan,Eben,Gilligan.Eben@dummymail.com,Gilligan.Eben@dummymail.com,firefighter
634,Cindelyn,Malina,Cindelyn.Malina@dummymail.com,Cindelyn.Malina@dummymail.com,firefighter
635,Blake,Toni,Blake.Toni@dummymail.com,Blake.Toni@dummymail.com,doctor
636,Deirdre,Socha,Deirdre.Socha@dummymail.com,Deirdre.Socha@dummymail.com,police officer
637,Jolyn,Viddah,Jolyn.Viddah@dummymail.com,Jolyn.Viddah@dummymail.com,developer
638,Constance,Eldrid,Constance.Eldrid@dummymail.com,Constance.Eldrid@dummymail.com,firefighter
639,Doro,Mathilde,Doro.Mathilde@dummymail.com,Doro.Mathilde@dummymail.com,firefighter
640,Raina,Nickola,Raina.Nickola@dummymail.com,Raina.Nickola@dummymail.com,doctor
641,Kaja,Berl,Kaja.Berl@dummymail.com,Kaja.Berl@dummymail.com,developer
642,Jean,Bergman,Jean.Bergman@dummymail.com,Jean.Bergman@dummymail.com,doctor
643,Lorne,Germann,Lorne.Germann@dummymail.com,Lorne.Germann@dummymail.com,firefighter
644,Ruthe,Miru,Ruthe.Miru@dummymail.com,Ruthe.Miru@dummymail.com,firefighter
645,Cristine,Schalles,Cristine.Schalles@dummymail.com,Cristine.Schalles@dummymail.com,firefighter
646,Roseline,Mathilde,Roseline.Mathilde@dummymail.com,Roseline.Mathilde@dummymail.com,firefighter
647,Jany,Meter,Jany.Meter@dummymail.com,Jany.Meter@dummymail.com,firefighter
648,Dotty,Hessler,Dotty.Hessler@dummymail.com,Dotty.Hessler@dummymail.com,doctor
649,Vevay,Kimmie,Vevay.Kimmie@dummymail.com,Vevay.Kimmie@dummymail.com,worker
650,Sybille,Trinetta,Sybille.Trinetta@dummymail.com,Sybille.Trinetta@dummymail.com,firefighter
651,Pearline,Thunell,Pearline.Thunell@dummymail.com,Pearline.Thunell@dummymail.com,worker
652,Steffane,Chapland,Steffane.Chapland@dummymail.com,Steffane.Chapland@dummymail.com,firefighter
653,Beth,Tyson,Beth.Tyson@dummymail.com,Beth.Tyson@dummymail.com,developer
654,Elora,Fleeta,Elora.Fleeta@dummymail.com,Elora.Fleeta@dummymail.com,developer
655,Maud,Juan,Maud.Juan@dummymail.com,Maud.Juan@dummymail.com,firefighter
656,Kelly,Barbey,Kelly.Barbey@dummymail.com,Kelly.Barbey@dummymail.com,police officer
657,Tori,Isidore,Tori.Isidore@dummymail.com,Tori.Isidore@dummymail.com,doctor
658,Elyssa,Koehler,Elyssa.Koehler@dummymail.com,Elyssa.Koehler@dummymail.com,doctor
659,Lilith,Sisile,Lilith.Sisile@dummymail.com,Lilith.Sisile@dummymail.com,firefighter
660,Desirae,Tybald,Desirae.Tybald@dummymail.com,Desirae.Tybald@dummymail.com,police officer
661,Esmeralda,Mott,Esmeralda.Mott@dummymail.com,Esmeralda.Mott@dummymail.com,worker
662,Sidoney,Deny,Sidoney.Deny@dummymail.com,Sidoney.Deny@dummymail.com,doctor
663,Maud,Jillane,Maud.Jillane@dummymail.com,Maud.Jillane@dummymail.com,worker
664,Edee,Gamaliel,Edee.Gamaliel@dummymail.com,Edee.Gamaliel@dummymail.com,developer
665,Renie,Bouchard,Renie.Bouchard@dummymail.com,Renie.Bouchard@dummymail.com,firefighter
666,Rosene,Goode,Rosene.Goode@dummymail.com,Rosene.Goode@dummymail.com,firefighter
667,Kassey,Willie,Kassey.Willie@dummymail.com,Kassey.Willie@dummymail.com,developer
668,Marika,Dorine,Marika.Dorine@dummymail.com,Marika.Dorine@dummymail.com,police officer
669,Raina,Belanger,Raina.Belanger@dummymail.com,Raina.Belanger@dummymail.com,firefighter
670,Pollyanna,Hartnett,Pollyanna.Hartnett@dummymail.com,Pollyanna.Hartnett@dummymail.com,worker
671,Alyssa,Waite,Alyssa.Waite@dummymail.com,Alyssa.Waite@dummymail.com,police officer
672,Bee,Jorgan,Bee.Jorgan@dummymail.com,Bee.Jorgan@dummymail.com,developer
673,Zsa Zsa,Medrek,Zsa Zsa.Medrek@dummymail.com,Zsa Zsa.Medrek@dummymail.com,developer
674,Hettie,Dawkins,Hettie.Dawkins@dummymail.com,Hettie.Dawkins@dummymail.com,doctor
675,Hermione,Thar,Hermione.Thar@dummymail.com,Hermione.Thar@dummymail.com,firefighter
676,Jackie,Rese,Jackie.Rese@dummymail.com,Jackie.Rese@dummymail.com,developer
677,Gusella,Kare,Gusella.Kare@dummymail.com,Gusella.Kare@dummymail.com,worker
678,Anallese,O'Rourke,Anallese.O'Rourke@dummymail.com,Anallese.O'Rourke@dummymail.com,doctor
679,Hermione,Virgin,Hermione.Virgin@dummymail.com,Hermione.Virgin@dummymail.com,firefighter
680,Gaylene,Rosemary,Gaylene.Rosemary@dummymail.com,Gaylene.Rosemary@dummymail.com,firefighter
681,Tobe,Lenny,Tobe.Lenny@dummymail.com,Tobe.Lenny@dummymail.com,doctor
682,Dulcinea,An,Dulcinea.An@dummymail.com,Dulcinea.An@dummymail.com,firefighter
683,Sabina,Tengdin,Sabina.Tengdin@dummymail.com,Sabina.Tengdin@dummymail.com,developer
684,Aubrie,Bigner,Aubrie.Bigner@dummymail.com,Aubrie.Bigner@dummymail.com,police officer
685,Margarette,Millda,Margarette.Millda@dummymail.com,Margarette.Millda@dummymail.com,firefighter
686,Cordi,Wilona,Cordi.Wilona@dummymail.com,Cordi.Wilona@dummymail.com,developer
687,Viviene,Markman,Viviene.Markman@dummymail.com,Viviene.Markman@dummymail.com,firefighter
688,Suzette,Bow,Suzette.Bow@dummymail.com,Suzette.Bow@dummymail.com,firefighter
689,Carly,Gaspard,Carly.Gaspard@dummymail.com,Carly.Gaspard@dummymail.com,firefighter
690,Vinita,Danby,Vinita.Danby@dummymail.com,Vinita.Danby@dummymail.com,firefighter
691,Rivalee,Trace,Rivalee.Trace@dummymail.com,Rivalee.Trace@dummymail.com,firefighter
692,Hyacinthe,Celestine,Hyacinthe.Celestine@dummymail.com,Hyacinthe.Celestine@dummymail.com,doctor
693,Ana,Emmaline,Ana.Emmaline@dummymail.com,Ana.Emmaline@dummymail.com,developer
694,Kayla,Ehrman,Kayla.Ehrman@dummymail.com,Kayla.Ehrman@dummymail.com,developer
695,Hettie,Thomasina,Hettie.Thomasina@dummymail.com,Hettie.Thomasina@dummymail.com,developer
696,Alex,Brandice,Alex.Brandice@dummymail.com,Alex.Brandice@dummymail.com,police officer
697,Shel,Nisbet,Shel.Nisbet@dummymail.com,Shel.Nisbet@dummymail.com,police officer
698,Kary,Sikorski,Kary.Sikorski@dummymail.com,Kary.Sikorski@dummymail.com,firefighter
699,Gusty,Kolnick,Gusty.Kolnick@dummymail.com,Gusty.Kolnick@dummymail.com,police officer
700,Diena,Deny,Diena.Deny@dummymail.com,Diena.Deny@dummymail.com,worker
701,Jinny,O'Neill,Jinny.O'Neill@dummymail.com,Jinny.O'Neill@dummymail.com,firefighter
702,Layla,Lipson,Layla.Lipson@dummymail.com,Layla.Lipson@dummymail.com,firefighter
703,Leia,Ardeha,Leia.Ardeha@dummymail.com,Leia.Ardeha@dummymail.com,firefighter
704,Brietta,Cassius,Brietta.Cassius@dummymail.com,Brietta.Cassius@dummymail.com,police officer
705,Rosaline,Lasley,Rosaline.Lasley@dummymail.com,Rosaline.Lasley@dummymail.com,doctor
706,Mellicent,Swigart,Mellicent.Swigart@dummymail.com,Mellicent.Swigart@dummymail.com,doctor
707,Ermengarde,Weinreb,Ermengarde.Weinreb@dummymail.com,Ermengarde.Weinreb@dummymail.com,firefighter
708,Hope,Brackely,Hope.Brackely@dummymail.com,Hope.Brackely@dummymail.com,developer
709,Sallie,Rheingold,Sallie.Rheingold@dummymail.com,Sallie.Rheingold@dummymail.com,police officer
710,Lita,Decato,Lita.Decato@dummymail.com,Lita.Decato@dummymail.com,developer
711,Joeann,Magnolia,Joeann.Magnolia@dummymail.com,Joeann.Magnolia@dummymail.com,firefighter
712,Charlena,Wenda,Charlena.Wenda@dummymail.com,Charlena.Wenda@dummymail.com,firefighter
713,Adelle,Bearnard,Adelle.Bearnard@dummymail.com,Adelle.Bearnard@dummymail.com,developer
714,Edee,Ophelia,Edee.Ophelia@dummymail.com,Edee.Ophelia@dummymail.com,developer
715,Mathilda,Alva,Mathilda.Alva@dummymail.com,Mathilda.Alva@dummymail.com,firefighter
716,Kenna,Cressida,Kenna.Cressida@dummymail.com,Kenna.Cressida@dummymail.com,police officer
717,Paola,Greenwald,Paola.Greenwald@dummymail.com,Paola.Greenwald@dummymail.com,doctor
718,Cassandra,Carleen,Cassandra.Carleen@dummymail.com,Cassandra.Carleen@dummymail.com,developer
719,Taffy,Grayce,Taffy.Grayce@dummymail.com,Taffy.Grayce@dummymail.com,doctor
720,Starla,Hutchison,Starla.Hutchison@dummymail.com,Starla.Hutchison@dummymail.com,developer
721,Libbie,Han,Libbie.Han@dummymail.com,Libbie.Han@dummymail.com,developer
722,Giustina,Maurine,Giustina.Maurine@dummymail.com,Giustina.Maurine@dummymail.com,developer
723,Philis,Reidar,Philis.Reidar@dummymail.com,Philis.Reidar@dummymail.com,firefighter
724,Fawne,Matthew,Fawne.Matthew@dummymail.com,Fawne.Matthew@dummymail.com,worker
725,Peri,Alice,Peri.Alice@dummymail.com,Peri.Alice@dummymail.com,worker
726,Tani,Chesna,Tani.Chesna@dummymail.com,Tani.Chesna@dummymail.com,doctor
727,Gilligan,Vanni,Gilligan.Vanni@dummymail.com,Gilligan.Vanni@dummymail.com,police officer
728,Phedra,Stav,Phedra.Stav@dummymail.com,Phedra.Stav@dummymail.com,police officer
729,Marline,Arne,Marline.Arne@dummymail.com,Marline.Arne@dummymail.com,firefighter
730,Tamqrah,Presber,Tamqrah.Presber@dummymail.com,Tamqrah.Presber@dummymail.com,developer
731,Daphne,Bashemeth,Daphne.Bashemeth@dummymail.com,Daphne.Bashemeth@dummymail.com,worker
732,Eugine,Han,Eugine.Han@dummymail.com,Eugine.Han@dummymail.com,doctor
733,Hannis,Wu,Hannis.Wu@dummymail.com,Hannis.Wu@dummymail.com,developer
734,Tonia,Fillbert,Tonia.Fillbert@dummymail.com,Tonia.Fillbert@dummymail.com,firefighter
735,Frances,Valoniah,Frances.Valoniah@dummymail.com,Frances.Valoniah@dummymail.com,doctor
736,Minda,Schonfeld,Minda.Schonfeld@dummymail.com,Minda.Schonfeld@dummymail.com,worker
737,Flory,Bennie,Flory.Bennie@dummymail.com,Flory.Bennie@dummymail.com,developer
738,Gertrud,Emmy,Gertrud.Emmy@dummymail.com,Gertrud.Emmy@dummymail.com,firefighter
739,Hayley,Zola,Hayley.Zola@dummymail.com,Hayley.Zola@dummymail.com,firefighter
740,Britni,Wyn,Britni.Wyn@dummymail.com,Britni.Wyn@dummymail.com,developer
741,Jsandye,Anis,Jsandye.Anis@dummymail.com,Jsandye.Anis@dummymail.com,worker
742,Vanessa,Soneson,Vanessa.Soneson@dummymail.com,Vanessa.Soneson@dummymail.com,developer
743,Valera,Dowski,Valera.Dowski@dummymail.com,Valera.Dowski@dummymail.com,developer
744,Doralynne,Elbertina,Doralynne.Elbertina@dummymail.com,Doralynne.Elbertina@dummymail.com,worker
745,Marsiella,Gombach,Marsiella.Gombach@dummymail.com,Marsiella.Gombach@dummymail.com,police officer
746,Livvyy,Doig,Livvyy.Doig@dummymail.com,Livvyy.Doig@dummymail.com,firefighter
747,Frank,Lenny,Frank.Lenny@dummymail.com,Frank.Lenny@dummymail.com,developer
748,Charmaine,Lacombe,Charmaine.Lacombe@dummymail.com,Charmaine.Lacombe@dummymail.com,developer
749,Alisha,Valerio,Alisha.Valerio@dummymail.com,Alisha.Valerio@dummymail.com,police officer
750,Wendi,Frodi,Wendi.Frodi@dummymail.com,Wendi.Frodi@dummymail.com,doctor
751,Melisent,Boycey,Melisent.Boycey@dummymail.com,Melisent.Boycey@dummymail.com,developer
752,Claudina,Janith,Claudina.Janith@dummymail.com,Claudina.Janith@dummymail.com,worker
753,Paulita,Kirstin,Paulita.Kirstin@dummymail.com,Paulita.Kirstin@dummymail.com,worker
754,Renae,Sperling,Renae.Sperling@dummymail.com,Renae.Sperling@dummymail.com,developer
755,Tiffie,Liva,Tiffie.Liva@dummymail.com,Tiffie.Liva@dummymail.com,firefighter
756,Marsiella,Whiffen,Marsiella.Whiffen@dummymail.com,Marsiella.Whiffen@dummymail.com,doctor
757,Lolita,Buckler,Lolita.Buckler@dummymail.com,Lolita.Buckler@dummymail.com,firefighter
758,Demetris,Gemini,Demetris.Gemini@dummymail.com,Demetris.Gemini@dummymail.com,worker
759,Vere,Brandice,Vere.Brandice@dummymail.com,Vere.Brandice@dummymail.com,police officer
760,Molli,Vary,Molli.Vary@dummymail.com,Molli.Vary@dummymail.com,police officer
761,Maryellen,Sigfrid,Maryellen.Sigfrid@dummymail.com,Maryellen.Sigfrid@dummymail.com,police officer
762,Frank,Bethany,Frank.Bethany@dummymail.com,Frank.Bethany@dummymail.com,worker
763,Siana,Kare,Siana.Kare@dummymail.com,Siana.Kare@dummymail.com,doctor
764,Florie,Erich,Florie.Erich@dummymail.com,Florie.Erich@dummymail.com,firefighter
765,Bobbi,Love,Bobbi.Love@dummymail.com,Bobbi.Love@dummymail.com,worker
766,Riannon,Darian,Riannon.Darian@dummymail.com,Riannon.Darian@dummymail.com,police officer
767,Rosabelle,Schonfeld,Rosabelle.Schonfeld@dummymail.com,Rosabelle.Schonfeld@dummymail.com,developer
768,Collen,Bates,Collen.Bates@dummymail.com,Collen.Bates@dummymail.com,developer
769,Zondra,Harday,Zondra.Harday@dummymail.com,Zondra.Harday@dummymail.com,worker
770,Mellicent,Cloris,Mellicent.Cloris@dummymail.com,Mellicent.Cloris@dummymail.com,doctor
771,Dawn,Terencio,Dawn.Terencio@dummymail.com,Dawn.Terencio@dummymail.com,worker
772,Livvyy,Pierette,Livvyy.Pierette@dummymail.com,Livvyy.Pierette@dummymail.com,worker
773,Leontine,Smitt,Leontine.Smitt@dummymail.com,Leontine.Smitt@dummymail.com,doctor
774,Nollie,Garek,Nollie.Garek@dummymail.com,Nollie.Garek@dummymail.com,worker
775,Raf,Liva,Raf.Liva@dummymail.com,Raf.Liva@dummymail.com,developer
776,Hettie,Linehan,Hettie.Linehan@dummymail.com,Hettie.Linehan@dummymail.com,firefighter
777,Jaclyn,Stevy,Jaclyn.Stevy@dummymail.com,Jaclyn.Stevy@dummymail.com,firefighter
778,Berget,Konyn,Berget.Konyn@dummymail.com,Berget.Konyn@dummymail.com,worker
779,Averyl,Holbrook,Averyl.Holbrook@dummymail.com,Averyl.Holbrook@dummymail.com,police officer
780,Silvana,Forrer,Silvana.Forrer@dummymail.com,Silvana.Forrer@dummymail.com,firefighter
781,Tomasina,Kinnard,Tomasina.Kinnard@dummymail.com,Tomasina.Kinnard@dummymail.com,worker
782,Esmeralda,Hillel,Esmeralda.Hillel@dummymail.com,Esmeralda.Hillel@dummymail.com,doctor
783,Desirae,Noelyn,Desirae.Noelyn@dummymail.com,Desirae.Noelyn@dummymail.com,developer
784,Brandise,Virgin,Brandise.Virgin@dummymail.com,Brandise.Virgin@dummymail.com,firefighter
785,Abbie,Kenney,Abbie.Kenney@dummymail.com,Abbie.Kenney@dummymail.com,developer
786,Donetta,Callista,Donetta.Callista@dummymail.com,Donetta.Callista@dummymail.com,developer
787,Blake,Atcliffe,Blake.Atcliffe@dummymail.com,Blake.Atcliffe@dummymail.com,firefighter
788,Philis,Claudine,Philis.Claudine@dummymail.com,Philis.Claudine@dummymail.com,doctor
789,Gerrie,Fontana,Gerrie.Fontana@dummymail.com,Gerrie.Fontana@dummymail.com,doctor
790,Glenda,Screens,Glenda.Screens@dummymail.com,Glenda.Screens@dummymail.com,police officer
791,Alex,Socha,Alex.Socha@dummymail.com,Alex.Socha@dummymail.com,police officer
792,Cecile,Seumas,Cecile.Seumas@dummymail.com,Cecile.Seumas@dummymail.com,doctor
793,Sherrie,Hedve,Sherrie.Hedve@dummymail.com,Sherrie.Hedve@dummymail.com,doctor
794,Ekaterina,Lowry,Ekaterina.Lowry@dummymail.com,Ekaterina.Lowry@dummymail.com,doctor
795,Marinna,Azeria,Marinna.Azeria@dummymail.com,Marinna.Azeria@dummymail.com,worker
796,Andree,Nadia,Andree.Nadia@dummymail.com,Andree.Nadia@dummymail.com,police officer
797,Dianemarie,Olnee,Dianemarie.Olnee@dummymail.com,Dianemarie.Olnee@dummymail.com,developer
798,Hyacinthe,Burch,Hyacinthe.Burch@dummymail.com,Hyacinthe.Burch@dummymail.com,doctor
799,Danny,Nunci,Danny.Nunci@dummymail.com,Danny.Nunci@dummymail.com,firefighter
800,Jolyn,Papageno,Jolyn.Papageno@dummymail.com,Jolyn.Papageno@dummymail.com,doctor
801,Tybie,Sikorski,Tybie.Sikorski@dummymail.com,Tybie.Sikorski@dummymail.com,doctor
802,Maisey,Tice,Maisey.Tice@dummymail.com,Maisey.Tice@dummymail.com,doctor
803,Correy,Bury,Correy.Bury@dummymail.com,Correy.Bury@dummymail.com,police officer
804,Justinn,Thilda,Justinn.Thilda@dummymail.com,Justinn.Thilda@dummymail.com,firefighter
805,Kristan,McCutcheon,Kristan.McCutcheon@dummymail.com,Kristan.McCutcheon@dummymail.com,doctor
806,Tera,Melleta,Tera.Melleta@dummymail.com,Tera.Melleta@dummymail.com,developer
807,Gretal,Ellerey,Gretal.Ellerey@dummymail.com,Gretal.Ellerey@dummymail.com,worker
808,Alisha,Penelopa,Alisha.Penelopa@dummymail.com,Alisha.Penelopa@dummymail.com,developer
809,Ardeen,Sothena,Ardeen.Sothena@dummymail.com,Ardeen.Sothena@dummymail.com,police officer
810,Dorthy,Ellord,Dorthy.Ellord@dummymail.com,Dorthy.Ellord@dummymail.com,doctor
811,June,Ursulette,June.Ursulette@dummymail.com,June.Ursulette@dummymail.com,police officer
812,Odessa,Justinn,Odessa.Justinn@dummymail.com,Odessa.Justinn@dummymail.com,doctor
813,Correy,McLaughlin,Correy.McLaughlin@dummymail.com,Correy.McLaughlin@dummymail.com,doctor
814,Pearline,Erich,Pearline.Erich@dummymail.com,Pearline.Erich@dummymail.com,doctor
815,Bill,Albertine,Bill.Albertine@dummymail.com,Bill.Albertine@dummymail.com,doctor
816,Regina,Madox,Regina.Madox@dummymail.com,Regina.Madox@dummymail.com,police officer
817,Tori,Ambrosia,Tori.Ambrosia@dummymail.com,Tori.Ambrosia@dummymail.com,firefighter
818,Alleen,Trace,Alleen.Trace@dummymail.com,Alleen.Trace@dummymail.com,worker
819,Fidelia,Belanger,Fidelia.Belanger@dummymail.com,Fidelia.Belanger@dummymail.com,police officer
820,Dominga,Pond,Dominga.Pond@dummymail.com,Dominga.Pond@dummymail.com,worker
821,Ketti,Lanita,Ketti.Lanita@dummymail.com,Ketti.Lanita@dummymail.com,worker
822,Ada,Alva,Ada.Alva@dummymail.com,Ada.Alva@dummymail.com,developer
823,Feliza,Koehler,Feliza.Koehler@dummymail.com,Feliza.Koehler@dummymail.com,worker
824,Lynnea,Raama,Lynnea.Raama@dummymail.com,Lynnea.Raama@dummymail.com,worker
825,Yvonne,Munn,Yvonne.Munn@dummymail.com,Yvonne.Munn@dummymail.com,developer
826,Nanete,Delacourt,Nanete.Delacourt@dummymail.com,Nanete.Delacourt@dummymail.com,doctor
827,Wileen,Behre,Wileen.Behre@dummymail.com,Wileen.Behre@dummymail.com,firefighter
828,Ileana,Primalia,Ileana.Primalia@dummymail.com,Ileana.Primalia@dummymail.com,firefighter
829,Katharina,Eckblad,Katharina.Eckblad@dummymail.com,Katharina.Eckblad@dummymail.com,firefighter
830,Lucy,Vastah,Lucy.Vastah@dummymail.com,Lucy.Vastah@dummymail.com,worker
831,Elie,Hortensia,Elie.Hortensia@dummymail.com,Elie.Hortensia@dummymail.com,worker
832,Livvyy,Kauppi,Livvyy.Kauppi@dummymail.com,Livvyy.Kauppi@dummymail.com,worker
833,Lesly,Ardra,Lesly.Ardra@dummymail.com,Lesly.Ardra@dummymail.com,developer
834,Ira,Cynar,Ira.Cynar@dummymail.com,Ira.Cynar@dummymail.com,developer
835,Tobe,Viddah,Tobe.Viddah@dummymail.com,Tobe.Viddah@dummymail.com,police officer
836,Helena,Docilla,Helena.Docilla@dummymail.com,Helena.Docilla@dummymail.com,doctor
837,Loree,Sinegold,Loree.Sinegold@dummymail.com,Loree.Sinegold@dummymail.com,doctor
838,Tatiania,Dahlia,Tatiania.Dahlia@dummymail.com,Tatiania.Dahlia@dummymail.com,developer
839,Gwenneth,Haymes,Gwenneth.Haymes@dummymail.com,Gwenneth.Haymes@dummymail.com,doctor
840,Deedee,Tatianas,Deedee.Tatianas@dummymail.com,Deedee.Tatianas@dummymail.com,worker
841,Ashlee,Sikorski,Ashlee.Sikorski@dummymail.com,Ashlee.Sikorski@dummymail.com,doctor
842,Aigneis,Skurnik,Aigneis.Skurnik@dummymail.com,Aigneis.Skurnik@dummymail.com,police officer
843,Trixi,Gordon,Trixi.Gordon@dummymail.com,Trixi.Gordon@dummymail.com,firefighter
844,Winifred,Center,Winifred.Center@dummymail.com,Winifred.Center@dummymail.com,police officer
845,Gabriellia,Harl,Gabriellia.Harl@dummymail.com,Gabriellia.Harl@dummymail.com,police officer
846,Lorne,Sperling,Lorne.Sperling@dummymail.com,Lorne.Sperling@dummymail.com,firefighter
847,Claresta,Wilona,Claresta.Wilona@dummymail.com,Claresta.Wilona@dummymail.com,doctor
848,Hallie,Niles,Hallie.Niles@dummymail.com,Hallie.Niles@dummymail.com,firefighter
849,Tami,Kylander,Tami.Kylander@dummymail.com,Tami.Kylander@dummymail.com,worker
850,Gabriellia,Sibyls,Gabriellia.Sibyls@dummymail.com,Gabriellia.Sibyls@dummymail.com,doctor
851,Lita,Kenney,Lita.Kenney@dummymail.com,Lita.Kenney@dummymail.com,firefighter
852,Drucie,Center,Drucie.Center@dummymail.com,Drucie.Center@dummymail.com,firefighter
853,Lorenza,Maisey,Lorenza.Maisey@dummymail.com,Lorenza.Maisey@dummymail.com,police officer
854,Edith,Marlie,Edith.Marlie@dummymail.com,Edith.Marlie@dummymail.com,worker
855,Aeriela,Cressida,Aeriela.Cressida@dummymail.com,Aeriela.Cressida@dummymail.com,developer
856,Cindelyn,Beebe,Cindelyn.Beebe@dummymail.com,Cindelyn.Beebe@dummymail.com,doctor
857,Sue,Laverne,Sue.Laverne@dummymail.com,Sue.Laverne@dummymail.com,doctor
858,Roberta,Rooney,Roberta.Rooney@dummymail.com,Roberta.Rooney@dummymail.com,doctor
859,Amara,McLaughlin,Amara.McLaughlin@dummymail.com,Amara.McLaughlin@dummymail.com,firefighter
860,Hermione,Sheedy,Hermione.Sheedy@dummymail.com,Hermione.Sheedy@dummymail.com,worker
861,Corly,Chem,Corly.Chem@dummymail.com,Corly.Chem@dummymail.com,firefighter
862,Charissa,Judye,Charissa.Judye@dummymail.com,Charissa.Judye@dummymail.com,doctor
863,Chickie,Fancie,Chickie.Fancie@dummymail.com,Chickie.Fancie@dummymail.com,developer
864,Marylou,Tippets,Marylou.Tippets@dummymail.com,Marylou.Tippets@dummymail.com,doctor
865,Evita,Eben,Evita.Eben@dummymail.com,Evita.Eben@dummymail.com,developer
866,Hayley,Hermes,Hayley.Hermes@dummymail.com,Hayley.Hermes@dummymail.com,doctor
867,Ingrid,Junie,Ingrid.Junie@dummymail.com,Ingrid.Junie@dummymail.com,police officer
868,Vere,Lowry,Vere.Lowry@dummymail.com,Vere.Lowry@dummymail.com,police officer
869,Cordi,Terrence,Cordi.Terrence@dummymail.com,Cordi.Terrence@dummymail.com,worker
870,Rhea,Firmin,Rhea.Firmin@dummymail.com,Rhea.Firmin@dummymail.com,doctor
871,Antonietta,Clywd,Antonietta.Clywd@dummymail.com,Antonietta.Clywd@dummymail.com,worker
872,Emilia,Caitlin,Emilia.Caitlin@dummymail.com,Emilia.Caitlin@dummymail.com,developer
873,Leona,Marsden,Leona.Marsden@dummymail.com,Leona.Marsden@dummymail.com,developer
874,Maurene,Federica,Maurene.Federica@dummymail.com,Maurene.Federica@dummymail.com,firefighter
875,Grier,Edison,Grier.Edison@dummymail.com,Grier.Edison@dummymail.com,worker
876,Merry,Dorcy,Merry.Dorcy@dummymail.com,Merry.Dorcy@dummymail.com,doctor
877,Kassey,Gordon,Kassey.Gordon@dummymail.com,Kassey.Gordon@dummymail.com,developer
878,Fina,Hessler,Fina.Hessler@dummymail.com,Fina.Hessler@dummymail.com,doctor
879,Kate,Brotherson,Kate.Brotherson@dummymail.com,Kate.Brotherson@dummymail.com,developer
880,Ana,Ajay,Ana.Ajay@dummymail.com,Ana.Ajay@dummymail.com,doctor
881,Jordan,Love,Jordan.Love@dummymail.com,Jordan.Love@dummymail.com,police officer
882,Kathi,Alwin,Kathi.Alwin@dummymail.com,Kathi.Alwin@dummymail.com,police officer
883,Deane,Colleen,Deane.Colleen@dummymail.com,Deane.Colleen@dummymail.com,firefighter
884,Devina,Taima,Devina.Taima@dummymail.com,Devina.Taima@dummymail.com,police officer
885,Iseabal,Argus,Iseabal.Argus@dummymail.com,Iseabal.Argus@dummymail.com,worker
886,Amii,Kermit,Amii.Kermit@dummymail.com,Amii.Kermit@dummymail.com,worker
887,Lorenza,Rugen,Lorenza.Rugen@dummymail.com,Lorenza.Rugen@dummymail.com,doctor
888,Shauna,LaRue,Shauna.LaRue@dummymail.com,Shauna.LaRue@dummymail.com,firefighter
889,Maye,Faso,Maye.Faso@dummymail.com,Maye.Faso@dummymail.com,developer
890,Ellette,Tillford,Ellette.Tillford@dummymail.com,Ellette.Tillford@dummymail.com,worker
891,Barbi,Soneson,Barbi.Soneson@dummymail.com,Barbi.Soneson@dummymail.com,firefighter
892,Leanna,Robertson,Leanna.Robertson@dummymail.com,Leanna.Robertson@dummymail.com,worker
893,Jenda,Tacye,Jenda.Tacye@dummymail.com,Jenda.Tacye@dummymail.com,worker
894,Claudina,Wolfgram,Claudina.Wolfgram@dummymail.com,Claudina.Wolfgram@dummymail.com,worker
895,Keelia,Charity,Keelia.Charity@dummymail.com,Keelia.Charity@dummymail.com,police officer
896,Emylee,Chapland,Emylee.Chapland@dummymail.com,Emylee.Chapland@dummymail.com,developer
897,Gilda,Dulciana,Gilda.Dulciana@dummymail.com,Gilda.Dulciana@dummymail.com,police officer
898,Brietta,Franza,Brietta.Franza@dummymail.com,Brietta.Franza@dummymail.com,firefighter
899,Adelle,Raimondo,Adelle.Raimondo@dummymail.com,Adelle.Raimondo@dummymail.com,developer
900,Evaleen,Sabella,Evaleen.Sabella@dummymail.com,Evaleen.Sabella@dummymail.com,developer
901,Ericka,Mintz,Ericka.Mintz@dummymail.com,Ericka.Mintz@dummymail.com,developer
902,Dorene,Pitt,Dorene.Pitt@dummymail.com,Dorene.Pitt@dummymail.com,police officer
903,Cherrita,Robertson,Cherrita.Robertson@dummymail.com,Cherrita.Robertson@dummymail.com,developer
904,Kimmy,Ummersen,Kimmy.Ummersen@dummymail.com,Kimmy.Ummersen@dummymail.com,developer
905,Daune,Hachmin,Daune.Hachmin@dummymail.com,Daune.Hachmin@dummymail.com,police officer
906,Paulita,Pandolfi,Paulita.Pandolfi@dummymail.com,Paulita.Pandolfi@dummymail.com,developer
907,Fina,Janene,Fina.Janene@dummymail.com,Fina.Janene@dummymail.com,firefighter
908,Helsa,Stover,Helsa.Stover@dummymail.com,Helsa.Stover@dummymail.com,developer
909,Felice,Hollingsworth,Felice.Hollingsworth@dummymail.com,Felice.Hollingsworth@dummymail.com,police officer
910,Jenda,Wenoa,Jenda.Wenoa@dummymail.com,Jenda.Wenoa@dummymail.com,firefighter
911,Emelina,Stilwell,Emelina.Stilwell@dummymail.com,Emelina.Stilwell@dummymail.com,developer
912,Betta,Bertold,Betta.Bertold@dummymail.com,Betta.Bertold@dummymail.com,developer
913,Marcy,Regan,Marcy.Regan@dummymail.com,Marcy.Regan@dummymail.com,firefighter
914,Tarra,Hebner,Tarra.Hebner@dummymail.com,Tarra.Hebner@dummymail.com,doctor
915,Minda,Randene,Minda.Randene@dummymail.com,Minda.Randene@dummymail.com,police officer
916,Vinita,Loeb,Vinita.Loeb@dummymail.com,Vinita.Loeb@dummymail.com,doctor
917,Dorene,Ietta,Dorene.Ietta@dummymail.com,Dorene.Ietta@dummymail.com,doctor
918,Belva,Duwalt,Belva.Duwalt@dummymail.com,Belva.Duwalt@dummymail.com,firefighter
919,Annecorinne,Emanuel,Annecorinne.Emanuel@dummymail.com,Annecorinne.Emanuel@dummymail.com,worker
920,Lila,Bevin,Lila.Bevin@dummymail.com,Lila.Bevin@dummymail.com,doctor
921,Addia,Berriman,Addia.Berriman@dummymail.com,Addia.Berriman@dummymail.com,worker
922,Kirbee,Brotherson,Kirbee.Brotherson@dummymail.com,Kirbee.Brotherson@dummymail.com,worker
923,Meriel,Kellby,Meriel.Kellby@dummymail.com,Meriel.Kellby@dummymail.com,doctor
924,Dania,Isidore,Dania.Isidore@dummymail.com,Dania.Isidore@dummymail.com,police officer
925,Melanie,Corilla,Melanie.Corilla@dummymail.com,Melanie.Corilla@dummymail.com,firefighter
926,Ketti,Grosz,Ketti.Grosz@dummymail.com,Ketti.Grosz@dummymail.com,developer
927,Sissy,Slifka,Sissy.Slifka@dummymail.com,Sissy.Slifka@dummymail.com,firefighter
928,Lorne,Sherfield,Lorne.Sherfield@dummymail.com,Lorne.Sherfield@dummymail.com,worker
929,Kenna,Edison,Kenna.Edison@dummymail.com,Kenna.Edison@dummymail.com,doctor
930,Atlanta,Pyle,Atlanta.Pyle@dummymail.com,Atlanta.Pyle@dummymail.com,worker
931,Keelia,Clarissa,Keelia.Clarissa@dummymail.com,Keelia.Clarissa@dummymail.com,developer
932,Belva,Edmund,Belva.Edmund@dummymail.com,Belva.Edmund@dummymail.com,doctor
933,Margalo,Michella,Margalo.Michella@dummymail.com,Margalo.Michella@dummymail.com,police officer
934,Perry,Adlare,Perry.Adlare@dummymail.com,Perry.Adlare@dummymail.com,firefighter
935,Carmela,Lipson,Carmela.Lipson@dummymail.com,Carmela.Lipson@dummymail.com,firefighter
936,Celisse,Macey,Celisse.Macey@dummymail.com,Celisse.Macey@dummymail.com,police officer
937,Rhea,Poll,Rhea.Poll@dummymail.com,Rhea.Poll@dummymail.com,developer
938,Edyth,Orelee,Edyth.Orelee@dummymail.com,Edyth.Orelee@dummymail.com,developer
939,Abbie,Baylor,Abbie.Baylor@dummymail.com,Abbie.Baylor@dummymail.com,developer
940,Dorene,Vale,Dorene.Vale@dummymail.com,Dorene.Vale@dummymail.com,developer
941,Joceline,Septima,Joceline.Septima@dummymail.com,Joceline.Septima@dummymail.com,worker
942,Nita,Concha,Nita.Concha@dummymail.com,Nita.Concha@dummymail.com,firefighter
943,Sharlene,Prouty,Sharlene.Prouty@dummymail.com,Sharlene.Prouty@dummymail.com,firefighter
944,Joeann,Serilda,Joeann.Serilda@dummymail.com,Joeann.Serilda@dummymail.com,developer
945,Berget,Duwalt,Berget.Duwalt@dummymail.com,Berget.Duwalt@dummymail.com,firefighter
946,Kirbee,Zenas,Kirbee.Zenas@dummymail.com,Kirbee.Zenas@dummymail.com,doctor
947,Maridel,Roarke,Maridel.Roarke@dummymail.com,Maridel.Roarke@dummymail.com,police officer
948,Jackie,Parsaye,Jackie.Parsaye@dummymail.com,Jackie.Parsaye@dummymail.com,developer
949,Robinia,Tamsky,Robinia.Tamsky@dummymail.com,Robinia.Tamsky@dummymail.com,worker
950,Vanessa,Emerson,Vanessa.Emerson@dummymail.com,Vanessa.Emerson@dummymail.com,developer
951,Ingrid,Ackerley,Ingrid.Ackerley@dummymail.com,Ingrid.Ackerley@dummymail.com,doctor
952,Frank,Elisha,Frank.Elisha@dummymail.com,Frank.Elisha@dummymail.com,worker
953,Patricia,Ajay,Patricia.Ajay@dummymail.com,Patricia.Ajay@dummymail.com,firefighter
954,Emilia,Mullane,Emilia.Mullane@dummymail.com,Emilia.Mullane@dummymail.com,police officer
955,Celene,Alice,Celene.Alice@dummymail.com,Celene.Alice@dummymail.com,police officer
956,Winny,Merna,Winny.Merna@dummymail.com,Winny.Merna@dummymail.com,worker
957,Winifred,Si,Winifred.Si@dummymail.com,Winifred.Si@dummymail.com,police officer
958,Ethel,Jammal,Ethel.Jammal@dummymail.com,Ethel.Jammal@dummymail.com,police officer
959,Gabi,LaRue,Gabi.LaRue@dummymail.com,Gabi.LaRue@dummymail.com,police officer
960,Valeda,Kravits,Valeda.Kravits@dummymail.com,Valeda.Kravits@dummymail.com,worker
961,Margette,Bivins,Margette.Bivins@dummymail.com,Margette.Bivins@dummymail.com,firefighter
962,Rhoda,Stanwood,Rhoda.Stanwood@dummymail.com,Rhoda.Stanwood@dummymail.com,developer
963,Gerrie,Dielu,Gerrie.Dielu@dummymail.com,Gerrie.Dielu@dummymail.com,firefighter
964,Ronna,Trace,Ronna.Trace@dummymail.com,Ronna.Trace@dummymail.com,doctor
965,Pearline,Turne,Pearline.Turne@dummymail.com,Pearline.Turne@dummymail.com,doctor
966,Jessamyn,Behre,Jessamyn.Behre@dummymail.com,Jessamyn.Behre@dummymail.com,developer
967,Marnia,Angelis,Marnia.Angelis@dummymail.com,Marnia.Angelis@dummymail.com,doctor
968,Gusella,Stefa,Gusella.Stefa@dummymail.com,Gusella.Stefa@dummymail.com,doctor
969,Elbertina,Kauppi,Elbertina.Kauppi@dummymail.com,Elbertina.Kauppi@dummymail.com,worker
970,Lory,Philipp,Lory.Philipp@dummymail.com,Lory.Philipp@dummymail.com,worker
971,Leanna,Poll,Leanna.Poll@dummymail.com,Leanna.Poll@dummymail.com,worker
972,Consuela,Sigfrid,Consuela.Sigfrid@dummymail.com,Consuela.Sigfrid@dummymail.com,doctor
973,Viviene,Maisey,Viviene.Maisey@dummymail.com,Viviene.Maisey@dummymail.com,developer
974,Annecorinne,Mallon,Annecorinne.Mallon@dummymail.com,Annecorinne.Mallon@dummymail.com,worker
975,Emylee,Idelia,Emylee.Idelia@dummymail.com,Emylee.Idelia@dummymail.com,worker
976,Cathie,Pettiford,Cathie.Pettiford@dummymail.com,Cathie.Pettiford@dummymail.com,worker
977,Myrtice,Klotz,Myrtice.Klotz@dummymail.com,Myrtice.Klotz@dummymail.com,doctor
978,Dolli,Kare,Dolli.Kare@dummymail.com,Dolli.Kare@dummymail.com,developer
979,Alejandra,Faria,Alejandra.Faria@dummymail.com,Alejandra.Faria@dummymail.com,worker
980,Cacilie,Ariella,Cacilie.Ariella@dummymail.com,Cacilie.Ariella@dummymail.com,doctor
981,Beatriz,Gabrielli,Beatriz.Gabrielli@dummymail.com,Beatriz.Gabrielli@dummymail.com,developer
982,Wileen,Milson,Wileen.Milson@dummymail.com,Wileen.Milson@dummymail.com,developer
983,Zaria,Cherianne,Zaria.Cherianne@dummymail.com,Zaria.Cherianne@dummymail.com,doctor
984,Babita,Peonir,Babita.Peonir@dummymail.com,Babita.Peonir@dummymail.com,developer
985,Candy,Magdalen,Candy.Magdalen@dummymail.com,Candy.Magdalen@dummymail.com,doctor
986,Nannie,Kenney,Nannie.Kenney@dummymail.com,Nannie.Kenney@dummymail.com,firefighter
987,Sidoney,My,Sidoney.My@dummymail.com,Sidoney.My@dummymail.com,firefighter
988,Gwenneth,Alexandr,Gwenneth.Alexandr@dummymail.com,Gwenneth.Alexandr@dummymail.com,doctor
989,Deane,Salvidor,Deane.Salvidor@dummymail.com,Deane.Salvidor@dummymail.com,firefighter
990,Dianemarie,Lytton,Dianemarie.Lytton@dummymail.com,Dianemarie.Lytton@dummymail.com,police officer
991,Rhoda,Rillings,Rhoda.Rillings@dummymail.com,Rhoda.Rillings@dummymail.com,doctor
992,Sallie,Raama,Sallie.Raama@dummymail.com,Sallie.Raama@dummymail.com,developer
993,Binny,Lynn,Binny.Lynn@dummymail.com,Binny.Lynn@dummymail.com,firefighter
994,Theodora,Harl,Theodora.Harl@dummymail.com,Theodora.Harl@dummymail.com,worker
995,Farrah,Dalli,Farrah.Dalli@dummymail.com,Farrah.Dalli@dummymail.com,worker
996,Consuela,Chapland,Consuela.Chapland@dummymail.com,Consuela.Chapland@dummymail.com,developer
997,Beth,Juan,Beth.Juan@dummymail.com,Beth.Juan@dummymail.com,firefighter
998,Laurene,Malanie,Laurene.Malanie@dummymail.com,Laurene.Malanie@dummymail.com,doctor
999,Yolane,Brenn,Yolane.Brenn@dummymail.com,Yolane.Brenn@dummymail.com,developer
1000,Jacenta,Japeth,Jacenta.Japeth@dummymail.com,Jacenta.Japeth@dummymail.com,doctor
1001,Melanie,Kaete,Melanie.Kaete@dummymail.com,Melanie.Kaete@dummymail.com,police officer
1002,Aaren,Goddard,Aaren.Goddard@dummymail.com,Aaren.Goddard@dummymail.com,doctor
1003,Ninnetta,Hillel,Ninnetta.Hillel@dummymail.com,Ninnetta.Hillel@dummymail.com,police officer
1004,Harmonia,Peg,Harmonia.Peg@dummymail.com,Harmonia.Peg@dummymail.com,doctor
1005,Chandra,Mintz,Chandra.Mintz@dummymail.com,Chandra.Mintz@dummymail.com,doctor
1006,Antonietta,Billye,Antonietta.Billye@dummymail.com,Antonietta.Billye@dummymail.com,doctor
1007,Elyssa,Adrienne,Elyssa.Adrienne@dummymail.com,Elyssa.Adrienne@dummymail.com,doctor
1008,Merle,Agle,Merle.Agle@dummymail.com,Merle.Agle@dummymail.com,police officer
1009,Jean,Mathilde,Jean.Mathilde@dummymail.com,Jean.Mathilde@dummymail.com,doctor
1010,Mady,Brackely,Mady.Brackely@dummymail.com,Mady.Brackely@dummymail.com,police officer
1011,Carol-Jean,Pip,Carol-Jean.Pip@dummymail.com,Carol-Jean.Pip@dummymail.com,doctor
1012,Luci,Billye,Luci.Billye@dummymail.com,Luci.Billye@dummymail.com,police officer
1013,Charmaine,Kinnard,Charmaine.Kinnard@dummymail.com,Charmaine.Kinnard@dummymail.com,firefighter
1014,Pamella,Merell,Pamella.Merell@dummymail.com,Pamella.Merell@dummymail.com,police officer
1015,Raina,Hanleigh,Raina.Hanleigh@dummymail.com,Raina.Hanleigh@dummymail.com,police officer
1016,Marika,Ricarda,Marika.Ricarda@dummymail.com,Marika.Ricarda@dummymail.com,worker
1017,Beatriz,Alabaster,Beatriz.Alabaster@dummymail.com,Beatriz.Alabaster@dummymail.com,developer
1018,Hannis,Blase,Hannis.Blase@dummymail.com,Hannis.Blase@dummymail.com,worker
1019,Sonni,Shelba,Sonni.Shelba@dummymail.com,Sonni.Shelba@dummymail.com,worker
1020,Carree,O'Neill,Carree.O'Neill@dummymail.com,Carree.O'Neill@dummymail.com,police officer
1021,Clary,Hunfredo,Clary.Hunfredo@dummymail.com,Clary.Hunfredo@dummymail.com,worker
1022,Joane,Egbert,Joane.Egbert@dummymail.com,Joane.Egbert@dummymail.com,developer
1023,Malina,Gunn,Malina.Gunn@dummymail.com,Malina.Gunn@dummymail.com,worker
1024,Sashenka,Cleavland,Sashenka.Cleavland@dummymail.com,Sashenka.Cleavland@dummymail.com,doctor
1025,Phedra,Sammons,Phedra.Sammons@dummymail.com,Phedra.Sammons@dummymail.com,police officer
1026,Arlena,Berard,Arlena.Berard@dummymail.com,Arlena.Berard@dummymail.com,developer
1027,Mignon,Docilla,Mignon.Docilla@dummymail.com,Mignon.Docilla@dummymail.com,police officer
1028,Sidoney,Gaspard,Sidoney.Gaspard@dummymail.com,Sidoney.Gaspard@dummymail.com,worker
1029,Gerrie,Shuler,Gerrie.Shuler@dummymail.com,Gerrie.Shuler@dummymail.com,police officer
1030,Ida,Madaih,Ida.Madaih@dummymail.com,Ida.Madaih@dummymail.com,doctor
1031,Genevra,Macey,Genevra.Macey@dummymail.com,Genevra.Macey@dummymail.com,worker
1032,Adele,Septima,Adele.Septima@dummymail.com,Adele.Septima@dummymail.com,firefighter
1033,Sadie,Bohlin,Sadie.Bohlin@dummymail.com,Sadie.Bohlin@dummymail.com,worker
1034,Nannie,Ventre,Nannie.Ventre@dummymail.com,Nannie.Ventre@dummymail.com,firefighter
1035,Claudina,Parsaye,Claudina.Parsaye@dummymail.com,Claudina.Parsaye@dummymail.com,developer
1036,Maisey,Jary,Maisey.Jary@dummymail.com,Maisey.Jary@dummymail.com,developer
1037,Elvira,Kelula,Elvira.Kelula@dummymail.com,Elvira.Kelula@dummymail.com,worker
1038,Patricia,Ambrosia,Patricia.Ambrosia@dummymail.com,Patricia.Ambrosia@dummymail.com,developer
1039,Brandise,Presber,Brandise.Presber@dummymail.com,Brandise.Presber@dummymail.com,developer
1040,Loree,Ricarda,Loree.Ricarda@dummymail.com,Loree.Ricarda@dummymail.com,worker
1041,Marti,Gombach,Marti.Gombach@dummymail.com,Marti.Gombach@dummymail.com,worker
1042,Isa,Iiette,Isa.Iiette@dummymail.com,Isa.Iiette@dummymail.com,police officer
1043,Roberta,Danby,Roberta.Danby@dummymail.com,Roberta.Danby@dummymail.com,firefighter
1044,Feliza,Barbey,Feliza.Barbey@dummymail.com,Feliza.Barbey@dummymail.com,police officer
1045,Melina,Dearborn,Melina.Dearborn@dummymail.com,Melina.Dearborn@dummymail.com,police officer
1046,Nonnah,Natica,Nonnah.Natica@dummymail.com,Nonnah.Natica@dummymail.com,worker
1047,Jan,Lamoree,Jan.Lamoree@dummymail.com,Jan.Lamoree@dummymail.com,firefighter
1048,Georgina,Greenwald,Georgina.Greenwald@dummymail.com,Georgina.Greenwald@dummymail.com,firefighter
1049,Babita,Erlandson,Babita.Erlandson@dummymail.com,Babita.Erlandson@dummymail.com,developer
1050,Gretal,Ferrell,Gretal.Ferrell@dummymail.com,Gretal.Ferrell@dummymail.com,firefighter
1051,Ivett,Salchunas,Ivett.Salchunas@dummymail.com,Ivett.Salchunas@dummymail.com,developer
1052,Mathilda,Cherianne,Mathilda.Cherianne@dummymail.com,Mathilda.Cherianne@dummymail.com,worker
1053,Ruthe,Calhoun,Ruthe.Calhoun@dummymail.com,Ruthe.Calhoun@dummymail.com,police officer
1054,Angelique,Madox,Angelique.Madox@dummymail.com,Angelique.Madox@dummymail.com,police officer
1055,Britni,Hoenack,Britni.Hoenack@dummymail.com,Britni.Hoenack@dummymail.com,police officer
1056,Vanessa,Dannye,Vanessa.Dannye@dummymail.com,Vanessa.Dannye@dummymail.com,worker
1057,Marsiella,Gemini,Marsiella.Gemini@dummymail.com,Marsiella.Gemini@dummymail.com,worker
1058,Valera,Casimir,Valera.Casimir@dummymail.com,Valera.Casimir@dummymail.com,doctor
1059,Collen,Jammal,Collen.Jammal@dummymail.com,Collen.Jammal@dummymail.com,developer
1060,Kassey,Bari,Kassey.Bari@dummymail.com,Kassey.Bari@dummymail.com,doctor
1061,Rhoda,Tannie,Rhoda.Tannie@dummymail.com,Rhoda.Tannie@dummymail.com,police officer
1062,Melanie,Septima,Melanie.Septima@dummymail.com,Melanie.Septima@dummymail.com,worker
1063,Jan,Bobbee,Jan.Bobbee@dummymail.com,Jan.Bobbee@dummymail.com,worker
1064,Emma,Fredi,Emma.Fredi@dummymail.com,Emma.Fredi@dummymail.com,doctor
1065,Paola,Masao,Paola.Masao@dummymail.com,Paola.Masao@dummymail.com,developer
1066,Clarice,Vorster,Clarice.Vorster@dummymail.com,Clarice.Vorster@dummymail.com,developer
1067,Dianemarie,Jobi,Dianemarie.Jobi@dummymail.com,Dianemarie.Jobi@dummymail.com,developer
1068,Vevay,Infield,Vevay.Infield@dummymail.com,Vevay.Infield@dummymail.com,doctor
1069,Celisse,Means,Celisse.Means@dummymail.com,Celisse.Means@dummymail.com,firefighter
1070,Therine,Leopold,Therine.Leopold@dummymail.com,Therine.Leopold@dummymail.com,doctor
1071,Adelle,Cristi,Adelle.Cristi@dummymail.com,Adelle.Cristi@dummymail.com,worker
1072,Lorenza,Borrell,Lorenza.Borrell@dummymail.com,Lorenza.Borrell@dummymail.com,firefighter
1073,Bertine,Yusuk,Bertine.Yusuk@dummymail.com,Bertine.Yusuk@dummymail.com,doctor
1074,Sara-Ann,Randene,Sara-Ann.Randene@dummymail.com,Sara-Ann.Randene@dummymail.com,doctor
1075,Orsola,Berriman,Orsola.Berriman@dummymail.com,Orsola.Berriman@dummymail.com,firefighter
1076,Lisette,Torray,Lisette.Torray@dummymail.com,Lisette.Torray@dummymail.com,firefighter
1077,Joceline,Laurianne,Joceline.Laurianne@dummymail.com,Joceline.Laurianne@dummymail.com,police officer
1078,Celisse,Drus,Celisse.Drus@dummymail.com,Celisse.Drus@dummymail.com,developer
1079,Jackie,Amasa,Jackie.Amasa@dummymail.com,Jackie.Amasa@dummymail.com,worker
1080,Helsa,Lipson,Helsa.Lipson@dummymail.com,Helsa.Lipson@dummymail.com,developer
1081,Bertine,Ioab,Bertine.Ioab@dummymail.com,Bertine.Ioab@dummymail.com,worker
1082,Ingrid,Allina,Ingrid.Allina@dummymail.com,Ingrid.Allina@dummymail.com,firefighter
1083,Talya,Jethro,Talya.Jethro@dummymail.com,Talya.Jethro@dummymail.com,police officer
1084,Maryellen,Atonsah,Maryellen.Atonsah@dummymail.com,Maryellen.Atonsah@dummymail.com,police officer
1085,Marylou,Boehike,Marylou.Boehike@dummymail.com,Marylou.Boehike@dummymail.com,doctor
1086,Clo,Yerkovich,Clo.Yerkovich@dummymail.com,Clo.Yerkovich@dummymail.com,firefighter
1087,Jerry,Dom,Jerry.Dom@dummymail.com,Jerry.Dom@dummymail.com,worker
1088,Ardeen,Evangelia,Ardeen.Evangelia@dummymail.com,Ardeen.Evangelia@dummymail.com,worker
1089,Giustina,Corabella,Giustina.Corabella@dummymail.com,Giustina.Corabella@dummymail.com,police officer
1090,Benita,Mendez,Benita.Mendez@dummymail.com,Benita.Mendez@dummymail.com,worker
1091,Sadie,Adlare,Sadie.Adlare@dummymail.com,Sadie.Adlare@dummymail.com,police officer
1092,Gisela,Brodench,Gisela.Brodench@dummymail.com,Gisela.Brodench@dummymail.com,worker
1093,Korrie,Holbrook,Korrie.Holbrook@dummymail.com,Korrie.Holbrook@dummymail.com,developer
1094,Kerrin,Aaberg,Kerrin.Aaberg@dummymail.com,Kerrin.Aaberg@dummymail.com,worker
1095,Alejandra,Henrie,Alejandra.Henrie@dummymail.com,Alejandra.Henrie@dummymail.com,firefighter
1096,Karlee,Zrike,Karlee.Zrike@dummymail.com,Karlee.Zrike@dummymail.com,worker
1097,Alexine,Eiser,Alexine.Eiser@dummymail.com,Alexine.Eiser@dummymail.com,worker
1098,Aubrie,Brittani,Aubrie.Brittani@dummymail.com,Aubrie.Brittani@dummymail.com,worker
1099,Kirstin,Himelman,Kirstin.Himelman@dummymail.com,Kirstin.Himelman@dummymail.com,developer