id,firstname,lastname,email,email2,profession
100,Tabbatha,Tyson,Tabbatha.Tyson@dummymail.com,Tabbatha.Tyson@dummymail.com,police officer
101,Tonia,Holbrook,Tonia.Holbrook@dummymail.com,Tonia.Holbrook@dummymail.com,developer
102,Jemie,Donell,Jemie.Donell@dummymail.com,Jemie.Donell@dummymail.com,police officer
103,Sean,Dulciana,Sean.Dulciana@dummymail.com,Sean.Dulciana@dummymail.com,developer
104,Kimberley,Ackerley,Kimberley.Ackerley@dummymail.com,Kimberley.Ackerley@dummymail.com,developer
105,Neila,Vacuva,Neila.Vacuva@dummymail.com,Neila.Vacuva@dummymail.com,firefighter
106,Ira,Ade,Ira.Ade@dummymail.com,Ira.Ade@dummymail.com,developer
107,Gianina,Trey,Gianina.Trey@dummymail.com,Gianina.Trey@dummymail.com,firefighter
108,Ilse,Gillan,Ilse.Gillan@dummymail.com,Ilse.Gillan@dummymail.com,developer
109,Elbertina,Hermes,Elbertina.Hermes@dummymail.com,Elbertina.Hermes@dummymail.com,firefighter
110,Silvana,Ashok,Silvana.Ashok@dummymail.com,Silvana.Ashok@dummymail.com,firefighter
111,Reeba,Wooster,Reeba.Wooster@dummymail.com,Reeba.Wooster@dummymail.com,firefighter
112,Cordi,Nance,Cordi.Nance@dummymail.com,Cordi.Nance@dummymail.com,developer
113,Ruthe,Gaspard,Ruthe.Gaspard@dummymail.com,Ruthe.Gaspard@dummymail.com,developer
114,Leia,Kelula,Leia.Kelula@dummymail.com,Leia.Kelula@dummymail.com,developer
115,Fred,Donell,Fred.Donell@dummymail.com,Fred.Donell@dummymail.com,police officer
116,Vere,Malanie,Vere.Malanie@dummymail.com,Vere.Malanie@dummymail.com,police officer
117,Ellette,Toni,Ellette.Toni@dummymail.com,Ellette.Toni@dummymail.com,doctor
118,Tiffie,Robertson,Tiffie.Robertson@dummymail.com,Tiffie.Robertson@dummymail.com,worker
119,Karlee,Lauraine,Karlee.Lauraine@dummymail.com,Karlee.Lauraine@dummymail.com,worker
120,Jaclyn,Hartnett,Jaclyn.Hartnett@dummymail.com,Jaclyn.Hartnett@dummymail.com,doctor
121,Beth,Chapland,Beth.Chapland@dummymail.com,Beth.Chapland@dummymail.com,firefighter
122,Pamella,Mott,Pamella.Mott@dummymail.com,Pamella.Mott@dummymail.com,firefighter
123,Alyssa,Cath,Alyssa.Cath@dummymail.com,Alyssa.Cath@dummymail.com,developer
124,Nyssa,Voletta,Nyssa.Voletta@dummymail.com,Nyssa.Voletta@dummymail.com,developer
125,Joleen,Shanley,Joleen.Shanley@dummymail.com,Joleen.Shanley@dummymail.com,doctor
126,Lisette,Bates,Lisette.Bates@dummymail.com,Lisette.Bates@dummymail.com,police officer
127,Estell,Tarrant,Estell.Tarrant@dummymail.com,Estell.Tarrant@dummymail.com,firefighter
128,Elvira,Torray,Elvira.Torray@dummymail.com,Elvira.Torray@dummymail.com,worker
129,Nelle,Quent,Nelle.Quent@dummymail.com,Nelle.Quent@dummymail.com,firefighter
130,Ayn,Stevy,Ayn.Stevy@dummymail.com,Ayn.Stevy@dummymail.com,worker
131,Gusella,Fink,Gusella.Fink@dummymail.com,Gusella.Fink@dummymail.com,doctor
132,Gretal,Garbe,Gretal.Garbe@dummymail.com,Gretal.Garbe@dummymail.com,worker
133,Cyndie,Raseda,Cyndie.Raseda@dummymail.com,Cyndie.Raseda@dummymail.com,firefighter
134,Janeczka,Allina,Janeczka.Allina@dummymail.com,Janeczka.Allina@dummymail.com,doctor
135,Willetta,Bohlin,Willetta.Bohlin@dummymail.com,Willetta.Bohlin@dummymail.com,doctor
136,Elfreda,Vernier,Elfreda.Vernier@dummymail.com,Elfreda.Vernier@dummymail.com,police officer
137,Harmonia,Casimir,Harmonia.Casimir@dummymail.com,Harmonia.Casimir@dummymail.com,police officer
138,Alia,Aida,Alia.Aida@dummymail.com,Alia.Aida@dummymail.com,worker
139,Heddie,Norrie,Heddie.Norrie@dummymail.com,Heddie.Norrie@dummymail.com,developer
140,Mildrid,Sinegold,Mildrid.Sinegold@dummymail.com,Mildrid.Sinegold@dummymail.com,developer
141,Meriel,Libna,Meriel.Libna@dummymail.com,Meriel.Libna@dummymail.com,police officer
142,Clary,Garbe,Clary.Garbe@dummymail.com,Clary.Garbe@dummymail.com,developer
143,Atlanta,Roxanna,Atlanta.Roxanna@dummymail.com,Atlanta.Roxanna@dummymail.com,doctor
144,Margarette,Waldron,Margarette.Waldron@dummymail.com,Margarette.Waldron@dummymail.com,developer
145,Kara-Lynn,Weitman,Kara-Lynn.Weitman@dummymail.com,Kara-Lynn.Weitman@dummymail.com,worker
146,Ninnetta,Regan,Ninnetta.Regan@dummymail.com,Ninnetta.Regan@dummymail.com,developer
147,Margarette,Klemperer,Margarette.Klemperer@dummymail.com,Margarette.Klemperer@dummymail.com,firefighter
148,Georgina,Parsaye,Georgina.Parsaye@dummymail.com,Georgina.Parsaye@dummymail.com,firefighter
149,Olwen,Bollay,Olwen.Bollay@dummymail.com,Olwen.Bollay@dummymail.com,doctor
150,Binny,Zina,Binny.Zina@dummymail.com,Binny.Zina@dummymail.com,doctor
151,Sophia,Muriel,Sophia.Muriel@dummymail.com,Sophia.Muriel@dummymail.com,developer
152,Raquela,Madaih,Raquela.Madaih@dummymail.com,Raquela.Madaih@dummymail.com,doctor
153,Christian,Suk,Christian.Suk@dummymail.com,Christian.Suk@dummymail.com,police officer
154,Dione,Dichy,Dione.Dichy@dummymail.com,Dione.Dichy@dummymail.com,developer
155,Valeda,Jethro,Valeda.Jethro@dummymail.com,Valeda.Jethro@dummymail.com,developer
156,Silvana,Saint,Silvana.Saint@dummymail.com,Silvana.Saint@dummymail.com,firefighter
157,Aurore,Lemuela,Aurore.Lemuela@dummymail.com,Aurore.Lemuela@dummymail.com,firefighter
158,Ida,Isidore,Ida.Isidore@dummymail.com,Ida.Isidore@dummymail.com,firefighter
159,Sharai,Leopold,Sharai.Leopold@dummymail.com,Sharai.Leopold@dummymail.com,developer
160,Leontine,Manolo,Leontine.Manolo@dummymail.com,Leontine.Manolo@dummymail.com,worker
161,Wendi,Stilwell,Wendi.Stilwell@dummymail.com,Wendi.Stilwell@dummymail.com,worker
162,Ingrid,Ade,Ingrid.Ade@dummymail.com,Ingrid.Ade@dummymail.com,developer
163,Fanchon,Bibi,Fanchon.Bibi@dummymail.com,Fanchon.Bibi@dummymail.com,doctor
164,Phylis,Joli,Phylis.Joli@dummymail.com,Phylis.Joli@dummymail.com,doctor
165,Audrie,Chesna,Audrie.Chesna@dummymail.com,Audrie.Chesna@dummymail.com,developer
166,Maridel,Johnsson,Maridel.Johnsson@dummymail.com,Maridel.Johnsson@dummymail.com,developer
167,Cyb,Zachary,Cyb.Zachary@dummymail.com,Cyb.Zachary@dummymail.com,developer
168,Rubie,Hubert,Rubie.Hubert@dummymail.com,Rubie.Hubert@dummymail.com,developer
169,Cathie,Alva,Cathie.Alva@dummymail.com,Cathie.Alva@dummymail.com,police officer
170,Daphne,Sherrie,Daphne.Sherrie@dummymail.com,Daphne.Sherrie@dummymail.com,doctor
171,Maurene,Claudine,Maurene.Claudine@dummymail.com,Maurene.Claudine@dummymail.com,developer
172,Ada,Tacye,Ada.Tacye@dummymail.com,Ada.Tacye@dummymail.com,police officer
173,Raina,Neils,Raina.Neils@dummymail.com,Raina.Neils@dummymail.com,developer
174,Carmencita,Pyle,Carmencita.Pyle@dummymail.com,Carmencita.Pyle@dummymail.com,developer
175,Gilda,Jagir,Gilda.Jagir@dummymail.com,Gilda.Jagir@dummymail.com,doctor
176,Mureil,Sheedy,Mureil.Sheedy@dummymail.com,Mureil.Sheedy@dummymail.com,doctor
177,Fawne,Aaberg,Fawne.Aaberg@dummymail.com,Fawne.Aaberg@dummymail.com,police officer
178,Veda,Heisel,Veda.Heisel@dummymail.com,Veda.Heisel@dummymail.com,worker
179,Candy,Auberbach,Candy.Auberbach@dummymail.com,Candy.Auberbach@dummymail.com,doctor
180,Rhea,Liva,Rhea.Liva@dummymail.com,Rhea.Liva@dummymail.com,developer
181,Valeda,Lesley,Valeda.Lesley@dummymail.com,Valeda.Lesley@dummymail.com,worker
182,Ronna,Thomasina,Ronna.Thomasina@dummymail.com,Ronna.Thomasina@dummymail.com,police officer
183,Kellen,Dash,Kellen.Dash@dummymail.com,Kellen.Dash@dummymail.com,firefighter
184,Lynea,Fiann,Lynea.Fiann@dummymail.com,Lynea.Fiann@dummymail.com,police officer
185,Carol-Jean,Noam,Carol-Jean.Noam@dummymail.com,Carol-Jean.Noam@dummymail.com,worker
186,Jsandye,Quinn,Jsandye.Quinn@dummymail.com,Jsandye.Quinn@dummymail.com,doctor
187,Mahalia,Norrie,Mahalia.Norrie@dummymail.com,Mahalia.Norrie@dummymail.com,worker
188,Patricia,Chobot,Patricia.Chobot@dummymail.com,Patricia.Chobot@dummymail.com,developer
189,Thalia,Wittie,Thalia.Wittie@dummymail.com,Thalia.Wittie@dummymail.com,police officer
190,Dorene,Romelda,Dorene.Romelda@dummymail.com,Dorene.Romelda@dummymail.com,developer
191,Annice,Raama,Annice.Raama@dummymail.com,Annice.Raama@dummymail.com,doctor
192,Marti,Emerson,Marti.Emerson@dummymail.com,Marti.Emerson@dummymail.com,firefighter
193,Elsie,Camden,Elsie.Camden@dummymail.com,Elsie.Camden@dummymail.com,police officer
194,Vinita,Martsen,Vinita.Martsen@dummymail.com,Vinita.Martsen@dummymail.com,worker
195,Gui,Yuille,Gui.Yuille@dummymail.com,Gui.Yuille@dummymail.com,worker
196,Viki,Daniele,Viki.Daniele@dummymail.com,Viki.Daniele@dummymail.com,police officer
197,Kara-Lynn,Eliathas,Kara-Lynn.Eliathas@dummymail.com,Kara-Lynn.Eliathas@dummymail.com,police officer
198,Tina,Tice,Tina.Tice@dummymail.com,Tina.Tice@dummymail.com,police officer
199,Nannie,Wenoa,Nannie.Wenoa@dummymail.com,Nannie.Wenoa@dummymail.com,worker
200,Anthia,Eugenia,Anthia.Eugenia@dummymail.com,Anthia.Eugenia@dummymail.com,worker
201,Donnie,Bates,Donnie.Bates@dummymail.com,Donnie.Bates@dummymail.com,developer
202,Lory,Yoko,Lory.Yoko@dummymail.com,Lory.Yoko@dummymail.com,doctor
203,Ingrid,Clywd,Ingrid.Clywd@dummymail.com,Ingrid.Clywd@dummymail.com,developer
204,Sashenka,Ball,Sashenka.Ball@dummymail.com,Sashenka.Ball@dummymail.com,worker
205,Fayre,Mendez,Fayre.Mendez@dummymail.com,Fayre.Mendez@dummymail.com,worker
206,Maye,Harday,Maye.Harday@dummymail.com,Maye.Harday@dummymail.com,doctor
207,Jacenta,Anderea,Jacenta.Anderea@dummymail.com,Jacenta.Anderea@dummymail.com,developer
208,Lita,Dahlia,Lita.Dahlia@dummymail.com,Lita.Dahlia@dummymail.com,developer
209,Tobe,Hirsch,Tobe.Hirsch@dummymail.com,Tobe.Hirsch@dummymail.com,worker
210,Pamella,Gunn,Pamella.Gunn@dummymail.com,Pamella.Gunn@dummymail.com,doctor
211,Barbara,Louanna,Barbara.Louanna@dummymail.com,Barbara.Louanna@dummymail.com,doctor
212,Ida,Paton,Ida.Paton@dummymail.com,Ida.Paton@dummymail.com,police officer
213,Belva,Sikorski,Belva.Sikorski@dummymail.com,Belva.Sikorski@dummymail.com,firefighter
214,Coral,Syd,Coral.Syd@dummymail.com,Coral.Syd@dummymail.com,doctor
215,Magdalena,Rooney,Magdalena.Rooney@dummymail.com,Magdalena.Rooney@dummymail.com,developer
216,Nannie,Anderea,Nannie.Anderea@dummymail.com,Nannie.Anderea@dummymail.com,firefighter
217,Camile,Kazimir,Camile.Kazimir@dummymail.com,Camile.Kazimir@dummymail.com,firefighter
218,Rozele,Girardo,Rozele.Girardo@dummymail.com,Rozele.Girardo@dummymail.com,doctor
219,Dorthy,Durware,Dorthy.Durware@dummymail.com,Dorthy.Durware@dummymail.com,firefighter
220,Brietta,McAdams,Brietta.McAdams@dummymail.com,Brietta.McAdams@dummymail.com,worker
221,Eadie,Federica,Eadie.Federica@dummymail.com,Eadie.Federica@dummymail.com,developer
222,Jinny,Kelula,Jinny.Kelula@dummymail.com,Jinny.Kelula@dummymail.com,worker
223,Wendi,Japeth,Wendi.Japeth@dummymail.com,Wendi.Japeth@dummymail.com,firefighter
224,Vivia,Felizio,Vivia.Felizio@dummymail.com,Vivia.Felizio@dummymail.com,doctor
225,Tiffie,Lory,Tiffie.Lory@dummymail.com,Tiffie.Lory@dummymail.com,worker
226,Lindie,Hoban,Lindie.Hoban@dummymail.com,Lindie.Hoban@dummymail.com,developer
227,Charmaine,Nore,Charmaine.Nore@dummymail.com,Charmaine.Nore@dummymail.com,worker
228,Oralee,Rosemary,Oralee.Rosemary@dummymail.com,Oralee.Rosemary@dummymail.com,developer
229,Shel,Alejoa,Shel.Alejoa@dummymail.com,Shel.Alejoa@dummymail.com,developer
230,Goldie,Goerke,Goldie.Goerke@dummymail.com,Goldie.Goerke@dummymail.com,developer
231,Tilly,Leifeste,Tilly.Leifeste@dummymail.com,Tilly.Leifeste@dummymail.com,police officer
232,Zia,Wiener,Zia.Wiener@dummymail.com,Zia.Wiener@dummymail.com,firefighter
233,Shaine,Dex,Shaine.Dex@dummymail.com,Shaine.Dex@dummymail.com,worker
234,Kimberley,Arley,Kimberley.Arley@dummymail.com,Kimberley.Arley@dummymail.com,firefighter
235,Harrietta,Philipp,Harrietta.Philipp@dummymail.com,Harrietta.Philipp@dummymail.com,developer
236,Berget,Faro,Berget.Faro@dummymail.com,Berget.Faro@dummymail.com,doctor
237,Donetta,Keelia,Donetta.Keelia@dummymail.com,Donetta.Keelia@dummymail.com,doctor
238,Brooks,Rogerio,Brooks.Rogerio@dummymail.com,Brooks.Rogerio@dummymail.com,worker
239,Ursulina,Jacinda,Ursulina.Jacinda@dummymail.com,Ursulina.Jacinda@dummymail.com,developer
240,Queenie,Bronk,Queenie.Bronk@dummymail.com,Queenie.Bronk@dummymail.com,firefighter
241,Krystle,Laurianne,Krystle.Laurianne@dummymail.com,Krystle.Laurianne@dummymail.com,developer
242,Robinia,Penelopa,Robinia.Penelopa@dummymail.com,Robinia.Penelopa@dummymail.com,firefighter
243,Fredericka,Cherianne,Fredericka.Cherianne@dummymail.com,Fredericka.Cherianne@dummymail.com,doctor
244,Lorie,Dimitris,Lorie.Dimitris@dummymail.com,Lorie.Dimitris@dummymail.com,firefighter
245,Sue,Meli,Sue.Meli@dummymail.com,Sue.Meli@dummymail.com,doctor
246,Dominga,Philipp,Dominga.Philipp@dummymail.com,Dominga.Philipp@dummymail.com,police officer
247,Shaine,Ball,Shaine.Ball@dummymail.com,Shaine.Ball@dummymail.com,worker
248,Jessamyn,Amethist,Jessamyn.Amethist@dummymail.com,Jessamyn.Amethist@dummymail.com,worker
249,Wileen,Sheedy,Wileen.Sheedy@dummymail.com,Wileen.Sheedy@dummymail.com,worker
250,Lelah,Stefa,Lelah.Stefa@dummymail.com,Lelah.Stefa@dummymail.com,police officer
251,Atlanta,Silvan,Atlanta.Silvan@dummymail.com,Atlanta.Silvan@dummymail.com,firefighter
252,Adriana,Emerson,Adriana.Emerson@dummymail.com,Adriana.Emerson@dummymail.com,developer
253,Cecile,Maiah,Cecile.Maiah@dummymail.com,Cecile.Maiah@dummymail.com,worker
254,Nanete,Giff,Nanete.Giff@dummymail.com,Nanete.Giff@dummymail.com,police officer
255,Juliane,Zetta,Juliane.Zetta@dummymail.com,Juliane.Zetta@dummymail.com,doctor
256,Gretal,Stuart,Gretal.Stuart@dummymail.com,Gretal.Stuart@dummymail.com,worker
257,Odessa,Tjon,Odessa.Tjon@dummymail.com,Odessa.Tjon@dummymail.com,doctor
258,Leona,Fink,Leona.Fink@dummymail.com,Leona.Fink@dummymail.com,worker
259,Nyssa,Chrystel,Nyssa.Chrystel@dummymail.com,Nyssa.Chrystel@dummymail.com,police officer
260,Chrystel,Tybald,Chrystel.Tybald@dummymail.com,Chrystel.Tybald@dummymail.com,firefighter
261,Leontine,Pozzy,Leontine.Pozzy@dummymail.com,Leontine.Pozzy@dummymail.com,firefighter
262,Kittie,Destinee,Kittie.Destinee@dummymail.com,Kittie.Destinee@dummymail.com,developer
263,Concettina,Cutlerr,Concettina.Cutlerr@dummymail.com,Concettina.Cutlerr@dummymail.com,police officer
264,Ninnetta,Masao,Ninnetta.Masao@dummymail.com,Ninnetta.Masao@dummymail.com,police officer
265,Gwenneth,Bendick,Gwenneth.Bendick@dummymail.com,Gwenneth.Bendick@dummymail.com,worker
266,June,Karl,June.Karl@dummymail.com,June.Karl@dummymail.com,police officer
267,Flory,Vorster,Flory.Vorster@dummymail.com,Flory.Vorster@dummymail.com,firefighter
268,Hope,Durante,Hope.Durante@dummymail.com,Hope.Durante@dummymail.com,worker
269,Wanda,Fleeta,Wanda.Fleeta@dummymail.com,Wanda.Fleeta@dummymail.com,worker
270,Sharai,Hurley,Sharai.Hurley@dummymail.com,Sharai.Hurley@dummymail.com,worker
271,Paule,Woodberry,Paule.Woodberry@dummymail.com,Paule.Woodberry@dummymail.com,developer
272,Annora,Ingra,Annora.Ingra@dummymail.com,Annora.Ingra@dummymail.com,police officer
273,Valli,Nadia,Valli.Nadia@dummymail.com,Valli.Nadia@dummymail.com,worker
274,Gertrud,Eben,Gertrud.Eben@dummymail.com,Gertrud.Eben@dummymail.com,firefighter
275,Ursulina,Love,Ursulina.Love@dummymail.com,Ursulina.Love@dummymail.com,firefighter
276,Cristine,Bendick,Cristine.Bendick@dummymail.com,Cristine.Bendick@dummymail.com,doctor
277,Farrah,Gahl,Farrah.Gahl@dummymail.com,Farrah.Gahl@dummymail.com,worker
278,Deedee,Henrie,Deedee.Henrie@dummymail.com,Deedee.Henrie@dummymail.com,developer
279,Rori,Morgun,Rori.Morgun@dummymail.com,Rori.Morgun@dummymail.com,developer
280,Nadine,Anton,Nadine.Anton@dummymail.com,Nadine.Anton@dummymail.com,developer
281,Carly,Pattin,Carly.Pattin@dummymail.com,Carly.Pattin@dummymail.com,worker
282,Korrie,Gino,Korrie.Gino@dummymail.com,Korrie.Gino@dummymail.com,doctor
283,Rosene,Nance,Rosene.Nance@dummymail.com,Rosene.Nance@dummymail.com,worker
284,Wanda,Nikaniki,Wanda.Nikaniki@dummymail.com,Wanda.Nikaniki@dummymail.com,police officer
285,June,Jerald,June.Jerald@dummymail.com,June.Jerald@dummymail.com,police officer
286,Rosene,Dermott,Rosene.Dermott@dummymail.com,Rosene.Dermott@dummymail.com,worker
287,Dode,Narton,Dode.Narton@dummymail.com,Dode.Narton@dummymail.com,worker
288,Karly,Nicoline,Karly.Nicoline@dummymail.com,Karly.Nicoline@dummymail.com,firefighter
289,Wilma,Wyn,Wilma.Wyn@dummymail.com,Wilma.Wyn@dummymail.com,police officer
290,Brietta,Miru,Brietta.Miru@dummymail.com,Brietta.Miru@dummymail.com,doctor
291,Siana,Rillings,Siana.Rillings@dummymail.com,Siana.Rillings@dummymail.com,worker
292,Estell,Pattin,Estell.Pattin@dummymail.com,Estell.Pattin@dummymail.com,doctor
293,Dede,Toni,Dede.Toni@dummymail.com,Dede.Toni@dummymail.com,doctor
294,Cathie,Eno,Cathie.Eno@dummymail.com,Cathie.Eno@dummymail.com,developer
295,Cecile,Goth,Cecile.Goth@dummymail.com,Cecile.Goth@dummymail.com,doctor
296,Georgetta,Buffum,Georgetta.Buffum@dummymail.com,Georgetta.Buffum@dummymail.com,police officer
297,Paola,Kazimir,Paola.Kazimir@dummymail.com,Paola.Kazimir@dummymail.com,doctor
298,Ashlee,Swigart,Ashlee.Swigart@dummymail.com,Ashlee.Swigart@dummymail.com,worker
299,Josephine,Harriman,Josephine.Harriman@dummymail.com,Josephine.Harriman@dummymail.com,worker
300,Lynea,Tound,Lynea.Tound@dummymail.com,Lynea.Tound@dummymail.com,developer
301,Briney,Pierette,Briney.Pierette@dummymail.com,Briney.Pierette@dummymail.com,firefighter
302,Nickie,Janene,Nickie.Janene@dummymail.com,Nickie.Janene@dummymail.com,worker
303,Anallese,Bahr,Anallese.Bahr@dummymail.com,Anallese.Bahr@dummymail.com,firefighter
304,Elsie,Adrienne,Elsie.Adrienne@dummymail.com,Elsie.Adrienne@dummymail.com,developer
305,Amara,Buckler,Amara.Buckler@dummymail.com,Amara.Buckler@dummymail.com,doctor
306,Isa,Willie,Isa.Willie@dummymail.com,Isa.Willie@dummymail.com,police officer
307,Gloria,Gale,Gloria.Gale@dummymail.com,Gloria.Gale@dummymail.com,developer
308,Jessy,Brieta,Jessy.Brieta@dummymail.com,Jessy.Brieta@dummymail.com,developer
309,Sibella,McCutcheon,Sibella.McCutcheon@dummymail.com,Sibella.McCutcheon@dummymail.com,doctor
310,Sybille,Berard,Sybille.Berard@dummymail.com,Sybille.Berard@dummymail.com,developer
311,Mahalia,Leopold,Mahalia.Leopold@dummymail.com,Mahalia.Leopold@dummymail.com,police officer
312,Janis,Frendel,Janis.Frendel@dummymail.com,Janis.Frendel@dummymail.com,worker
313,Doralynne,Argus,Doralynne.Argus@dummymail.com,Doralynne.Argus@dummymail.com,firefighter
314,Chickie,Middleton,Chickie.Middleton@dummymail.com,Chickie.Middleton@dummymail.com,police officer
315,Annora,Ulphia,Annora.Ulphia@dummymail.com,Annora.Ulphia@dummymail.com,worker
316,Marylou,Wattenberg,Marylou.Wattenberg@dummymail.com,Marylou.Wattenberg@dummymail.com,developer
317,Sara-Ann,Tufts,Sara-Ann.Tufts@dummymail.com,Sara-Ann.Tufts@dummymail.com,doctor
318,Annice,Annice,Annice.Annice@dummymail.com,Annice.Annice@dummymail.com,police officer
319,Babita,Constancy,Babita.Constancy@dummymail.com,Babita.Constancy@dummymail.com,firefighter
320,Cristabel,Haerr,Cristabel.Haerr@dummymail.com,Cristabel.Haerr@dummymail.com,police officer
321,Violet,Vale,Violet.Vale@dummymail.com,Violet.Vale@dummymail.com,doctor
322,Kathi,Weide,Kathi.Weide@dummymail.com,Kathi.Weide@dummymail.com,firefighter
323,Gisela,Terencio,Gisela.Terencio@dummymail.com,Gisela.Terencio@dummymail.com,worker
324,Edee,Paine,Edee.Paine@dummymail.com,Edee.Paine@dummymail.com,firefighter
325,Farrah,Bethany,Farrah.Bethany@dummymail.com,Farrah.Bethany@dummymail.com,developer
326,Cordi,Garek,Cordi.Garek@dummymail.com,Cordi.Garek@dummymail.com,worker
327,Emylee,Jehu,Emylee.Jehu@dummymail.com,Emylee.Jehu@dummymail.com,worker
328,Stacey,Tatianas,Stacey.Tatianas@dummymail.com,Stacey.Tatianas@dummymail.com,firefighter
329,Dari,Tayib,Dari.Tayib@dummymail.com,Dari.Tayib@dummymail.com,worker
330,Betta,Hubert,Betta.Hubert@dummymail.com,Betta.Hubert@dummymail.com,firefighter
331,Sandie,Jacinda,Sandie.Jacinda@dummymail.com,Sandie.Jacinda@dummymail.com,developer
332,Gilligan,Xerxes,Gilligan.Xerxes@dummymail.com,Gilligan.Xerxes@dummymail.com,developer
333,Elora,Olin,Elora.Olin@dummymail.com,Elora.Olin@dummymail.com,developer
334,Janis,O'Rourke,Janis.O'Rourke@dummymail.com,Janis.O'Rourke@dummymail.com,police officer
335,Sharai,Thema,Sharai.Thema@dummymail.com,Sharai.Thema@dummymail.com,doctor
336,Theodora,Dearborn,Theodora.Dearborn@dummymail.com,Theodora.Dearborn@dummymail.com,firefighter
337,Collen,Yam,Collen.Yam@dummymail.com,Collen.Yam@dummymail.com,police officer
338,Addia,Anestassia,Addia.Anestassia@dummymail.com,Addia.Anestassia@dummymail.com,developer
339,Ernesta,Peg,Ernesta.Peg@dummymail.com,Ernesta.Peg@dummymail.com,developer
340,Raf,Margret,Raf.Margret@dummymail.com,Raf.Margret@dummymail.com,doctor
341,Belva,Oster,Belva.Oster@dummymail.com,Belva.Oster@dummymail.com,firefighter
342,Celisse,Sisile,Celisse.Sisile@dummymail.com,Celisse.Sisile@dummymail.com,worker
343,Renae,Aloise,Renae.Aloise@dummymail.com,Renae.Aloise@dummymail.com,developer
344,Codie,Gordon,Codie.Gordon@dummymail.com,Codie.Gordon@dummymail.com,developer
345,Alleen,Malvino,Alleen.Malvino@dummymail.com,Alleen.Malvino@dummymail.com,doctor
346,Fawne,McGrody,Fawne.McGrody@dummymail.com,Fawne.McGrody@dummymail.com,worker
347,Mary,Bari,Mary.Bari@dummymail.com,Mary.Bari@dummymail.com,worker
348,Tobe,Imelida,Tobe.Imelida@dummymail.com,Tobe.Imelida@dummymail.com,developer
349,Rosabelle,Sammons,Rosabelle.Sammons@dummymail.com,Rosabelle.Sammons@dummymail.com,developer
350,Siana,Philipp,Siana.Philipp@dummymail.com,Siana.Philipp@dummymail.com,developer
351,Brandise,Lucienne,Brandise.Lucienne@dummymail.com,Brandise.Lucienne@dummymail.com,firefighter
352,Estell,Bergman,Estell.Bergman@dummymail.com,Estell.Bergman@dummymail.com,firefighter
353,Viviene,Barrus,Viviene.Barrus@dummymail.com,Viviene.Barrus@dummymail.com,police officer
354,Rosene,Allys,Rosene.Allys@dummymail.com,Rosene.Allys@dummymail.com,developer
355,Marsiella,Bettine,Marsiella.Bettine@dummymail.com,Marsiella.Bettine@dummymail.com,worker
356,Calla,Buttaro,Calla.Buttaro@dummymail.com,Calla.Buttaro@dummymail.com,doctor
357,Ofilia,Sekofski,Ofilia.Sekofski@dummymail.com,Ofilia.Sekofski@dummymail.com,worker
358,Kaia,Seagraves,Kaia.Seagraves@dummymail.com,Kaia.Seagraves@dummymail.com,police officer
359,Shauna,Allare,Shauna.Allare@dummymail.com,Shauna.Allare@dummymail.com,worker
360,Neila,Constancy,Neila.Constancy@dummymail.com,Neila.Constancy@dummymail.com,developer
361,Kylynn,Oneida,Kylynn.Oneida@dummymail.com,Kylynn.Oneida@dummymail.com,developer
362,Jinny,Rebecka,Jinny.Rebecka@dummymail.com,Jinny.Rebecka@dummymail.com,firefighter
363,Arabel,Carolin,Arabel.Carolin@dummymail.com,Arabel.Carolin@dummymail.com,doctor
364,Lenna,Westphal,Lenna.Westphal@dummymail.com,Lenna.Westphal@dummymail.com,police officer
365,Jaclyn,Borrell,Jaclyn.Borrell@dummymail.com,Jaclyn.Borrell@dummymail.com,developer
366,Celestyna,Vorster,Celestyna.Vorster@dummymail.com,Celestyna.Vorster@dummymail.com,doctor
367,Halette,Faro,Halette.Faro@dummymail.com,Halette.Faro@dummymail.com,developer
368,Loree,Cornelia,Loree.Cornelia@dummymail.com,Loree.Cornelia@dummymail.com,doctor
369,Randa,Cornelia,Randa.Cornelia@dummymail.com,Randa.Cornelia@dummymail.com,developer
370,Nataline,Paton,Nataline.Paton@dummymail.com,Nataline.Paton@dummymail.com,worker
371,Shandie,Corabella,Shandie.Corabella@dummymail.com,Shandie.Corabella@dummymail.com,worker
372,Esmeralda,Douglass,Esmeralda.Douglass@dummymail.com,Esmeralda.Douglass@dummymail.com,worker
373,Elena,Euridice,Elena.Euridice@dummymail.com,Elena.Euridice@dummymail.com,developer
374,Sarette,Myrilla,Sarette.Myrilla@dummymail.com,Sarette.Myrilla@dummymail.com,doctor
375,Charmaine,Haymes,Charmaine.Haymes@dummymail.com,Charmaine.Haymes@dummymail.com,worker
376,Jenilee,Alfons,Jenilee.Alfons@dummymail.com,Jenilee.Alfons@dummymail.com,doctor
377,Rayna,Kaja,Rayna.Kaja@dummymail.com,Rayna.Kaja@dummymail.com,doctor
378,Fanny,Paton,Fanny.Paton@dummymail.com,Fanny.Paton@dummymail.com,doctor
379,Demetris,Emanuel,Demetris.Emanuel@dummymail.com,Demetris.Emanuel@dummymail.com,worker
380,Beverley,Nore,Beverley.Nore@dummymail.com,Beverley.Nore@dummymail.com,doctor
381,Reeba,Vivle,Reeba.Vivle@dummymail.com,Reeba.Vivle@dummymail.com,firefighter
382,Mureil,Roxanna,Mureil.Roxanna@dummymail.com,Mureil.Roxanna@dummymail.com,firefighter
383,Belinda,Lytton,Belinda.Lytton@dummymail.com,Belinda.Lytton@dummymail.com,doctor
384,Corry,Chauncey,Corry.Chauncey@dummymail.com,Corry.Chauncey@dummymail.com,police officer
385,Calla,Dermott,Calla.Dermott@dummymail.com,Calla.Dermott@dummymail.com,firefighter
386,Gusty,Munn,Gusty.Munn@dummymail.com,Gusty.Munn@dummymail.com,firefighter
387,Carmencita,Bonucci,Carmencita.Bonucci@dummymail.com,Carmencita.Bonucci@dummymail.com,doctor
388,Olivette,Constancy,Olivette.Constancy@dummymail.com,Olivette.Constancy@dummymail.com,police officer
389,Correy,Tayib,Correy.Tayib@dummymail.com,Correy.Tayib@dummymail.com,developer
390,Fernande,Masao,Fernande.Masao@dummymail.com,Fernande.Masao@dummymail.com,firefighter
391,Jere,Garrison,Jere.Garrison@dummymail.com,Jere.Garrison@dummymail.com,developer
392,Adriana,Oscar,Adriana.Oscar@dummymail.com,Adriana.Oscar@dummymail.com,police officer
393,Carly,Oriana,Carly.Oriana@dummymail.com,Carly.Oriana@dummymail.com,firefighter
394,Mildrid,Stevy,Mildrid.Stevy@dummymail.com,Mildrid.Stevy@dummymail.com,worker
395,Roslyn,Mintz,Roslyn.Mintz@dummymail.com,Roslyn.Mintz@dummymail.com,worker
396,Melisent,Roumell,Melisent.Roumell@dummymail.com,Melisent.Roumell@dummymail.com,developer
397,Latisha,Milde,Latisha.Milde@dummymail.com,Latisha.Milde@dummymail.com,police officer
398,Meriel,Fancie,Meriel.Fancie@dummymail.com,Meriel.Fancie@dummymail.com,doctor
399,Shirlee,Hirsch,Shirlee.Hirsch@dummymail.com,Shirlee.Hirsch@dummymail.com,firefighter
400,Jeanna,Gusella,Jeanna.Gusella@dummymail.com,Jeanna.Gusella@dummymail.com,doctor
401,Tobe,Virgin,Tobe.Virgin@dummymail.com,Tobe.Virgin@dummymail.com,police officer
402,Natka,Hurley,Natka.Hurley@dummymail.com,Natka.Hurley@dummymail.com,worker
403,Mara,Marlie,Mara.Marlie@dummymail.com,Mara.Marlie@dummymail.com,developer
404,Lilith,Llovera,Lilith.Llovera@dummymail.com,Lilith.Llovera@dummymail.com,police officer
405,Felice,Goth,Felice.Goth@dummymail.com,Felice.Goth@dummymail.com,developer
406,Aryn,Stephie,Aryn.Stephie@dummymail.com,Aryn.Stephie@dummymail.com,worker
407,Sharlene,Ashok,Sharlene.Ashok@dummymail.com,Sharlene.Ashok@dummymail.com,developer
408,Olwen,Shirberg,Olwen.Shirberg@dummymail.com,Olwen.Shirberg@dummymail.com,developer
409,Christian,Bultman,Christian.Bultman@dummymail.com,Christian.Bultman@dummymail.com,doctor
410,Melina,Berard,Melina.Berard@dummymail.com,Melina.Berard@dummymail.com,firefighter
411,Bernardine,Posner,Bernardine.Posner@dummymail.com,Bernardine.Posner@dummymail.com,police officer
412,Kittie,Charmine,Kittie.Charmine@dummymail.com,Kittie.Charmine@dummymail.com,police officer
413,Jaclyn,Silvan,Jaclyn.Silvan@dummymail.com,Jaclyn.Silvan@dummymail.com,police officer
414,Doro,Yerkovich,Doro.Yerkovich@dummymail.com,Doro.Yerkovich@dummymail.com,police officer
415,Jan,Gahl,Jan.Gahl@dummymail.com,Jan.Gahl@dummymail.com,firefighter
416,Viviene,Goldina,Viviene.Goldina@dummymail.com,Viviene.Goldina@dummymail.com,worker
417,Ashlee,Ralfston,Ashlee.Ralfston@dummymail.com,Ashlee.Ralfston@dummymail.com,firefighter
418,Glenda,Hubert,Glenda.Hubert@dummymail.com,Glenda.Hubert@dummymail.com,developer
419,Reeba,Autrey,Reeba.Autrey@dummymail.com,Reeba.Autrey@dummymail.com,developer
420,Cyndie,Armanda,Cyndie.Armanda@dummymail.com,Cyndie.Armanda@dummymail.com,doctor
421,Meriel,Podvin,Meriel.Podvin@dummymail.com,Meriel.Podvin@dummymail.com,developer
422,Cissiee,Bergman,Cissiee.Bergman@dummymail.com,Cissiee.Bergman@dummymail.com,doctor
423,Gwyneth,Yerkovich,Gwyneth.Yerkovich@dummymail.com,Gwyneth.Yerkovich@dummymail.com,developer
424,Pollyanna,Wittie,Pollyanna.Wittie@dummymail.com,Pollyanna.Wittie@dummymail.com,developer
425,Malina,Saint,Malina.Saint@dummymail.com,Malina.Saint@dummymail.com,police officer
426,Cyb,Durante,Cyb.Durante@dummymail.com,Cyb.Durante@dummymail.com,firefighter
427,Nerta,Amasa,Nerta.Amasa@dummymail.com,Nerta.Amasa@dummymail.com,worker
428,Cherrita,Bibi,Cherrita.Bibi@dummymail.com,Cherrita.Bibi@dummymail.com,developer
429,Nananne,Felizio,Nananne.Felizio@dummymail.com,Nananne.Felizio@dummymail.com,developer
430,Leanna,Serilda,Leanna.Serilda@dummymail.com,Leanna.Serilda@dummymail.com,worker
431,Misha,Thunell,Misha.Thunell@dummymail.com,Misha.Thunell@dummymail.com,developer
432,Gabriellia,Donell,Gabriellia.Donell@dummymail.com,Gabriellia.Donell@dummymail.com,worker
433,Jessamyn,Selway,Jessamyn.Selway@dummymail.com,Jessamyn.Selway@dummymail.com,firefighter
434,Alleen,Brian,Alleen.Brian@dummymail.com,Alleen.Brian@dummymail.com,worker
435,Ardenia,Johnsson,Ardenia.Johnsson@dummymail.com,Ardenia.Johnsson@dummymail.com,doctor
436,Ida,Sprage,Ida.Sprage@dummymail.com,Ida.Sprage@dummymail.com,doctor
437,Cindelyn,McClimans,Cindelyn.McClimans@dummymail.com,Cindelyn.McClimans@dummymail.com,firefighter
438,Tatiania,Rosemary,Tatiania.Rosemary@dummymail.com,Tatiania.Rosemary@dummymail.com,police officer
439,Dyann,Carri,Dyann.Carri@dummymail.com,Dyann.Carri@dummymail.com,developer
440,Hannis,O'Neill,Hannis.O'Neill@dummymail.com,Hannis.O'Neill@dummymail.com,developer
441,Shirlee,Byrne,Shirlee.Byrne@dummymail.com,Shirlee.Byrne@dummymail.com,police officer
442,Miquela,Chesna,Miquela.Chesna@dummymail.com,Miquela.Chesna@dummymail.com,firefighter
443,Lyssa,Screens,Lyssa.Screens@dummymail.com,Lyssa.Screens@dummymail.com,firefighter
444,Claresta,Sidonius,Claresta.Sidonius@dummymail.com,Claresta.Sidonius@dummymail.com,doctor
445,Charissa,Auberbach,Charissa.Auberbach@dummymail.com,Charissa.Auberbach@dummymail.com,firefighter
446,Dorice,Parette,Dorice.Parette@dummymail.com,Dorice.Parette@dummymail.com,developer
447,Aubrie,Reinke,Aubrie.Reinke@dummymail.com,Aubrie.Reinke@dummymail.com,developer
448,Di,Lowry,Di.Lowry@dummymail.com,Di.Lowry@dummymail.com,doctor
449,Kial,Waite,Kial.Waite@dummymail.com,Kial.Waite@dummymail.com,worker
450,Dione,Kermit,Dione.Kermit@dummymail.com,Dione.Kermit@dummymail.com,police officer
451,Cindelyn,Larochelle,Cindelyn.Larochelle@dummymail.com,Cindelyn.Larochelle@dummymail.com,firefighter
452,Sidoney,Cottle,Sidoney.Cottle@dummymail.com,Sidoney.Cottle@dummymail.com,worker
453,Patricia,Regan,Patricia.Regan@dummymail.com,Patricia.Regan@dummymail.com,developer
454,Melina,Rossner,Melina.Rossner@dummymail.com,Melina.Rossner@dummymail.com,firefighter
455,Angela,Grosz,Angela.Grosz@dummymail.com,Angela.Grosz@dummymail.com,developer
456,Clementine,Maples,Clementine.Maples@dummymail.com,Clementine.Maples@dummymail.com,doctor
457,Wynne,Cherianne,Wynne.Cherianne@dummymail.com,Wynne.Cherianne@dummymail.com,police officer
458,Luci,Stuart,Luci.Stuart@dummymail.com,Luci.Stuart@dummymail.com,doctor
459,Myrtice,Uund,Myrtice.Uund@dummymail.com,Myrtice.Uund@dummymail.com,worker
460,Nelle,Thema,Nelle.Thema@dummymail.com,Nelle.Thema@dummymail.com,worker
461,Aubrie,Naashom,Aubrie.Naashom@dummymail.com,Aubrie.Naashom@dummymail.com,firefighter
462,Mathilda,Agle,Mathilda.Agle@dummymail.com,Mathilda.Agle@dummymail.com,police officer
463,Elena,Gaal,Elena.Gaal@dummymail.com,Elena.Gaal@dummymail.com,doctor
464,Melina,Gibbeon,Melina.Gibbeon@dummymail.com,Melina.Gibbeon@dummymail.com,police officer
465,Letizia,Clywd,Letizia.Clywd@dummymail.com,Letizia.Clywd@dummymail.com,worker
466,Ursulina,Dominy,Ursulina.Dominy@dummymail.com,Ursulina.Dominy@dummymail.com,worker
467,Carilyn,Lemuela,Carilyn.Lemuela@dummymail.com,Carilyn.Lemuela@dummymail.com,developer
468,Wilma,Janene,Wilma.Janene@dummymail.com,Wilma.Janene@dummymail.com,developer
469,Olivette,Zamora,Olivette.Zamora@dummymail.com,Olivette.Zamora@dummymail.com,developer
470,Myriam,Dielu,Myriam.Dielu@dummymail.com,Myriam.Dielu@dummymail.com,developer
471,Dennie,Celestine,Dennie.Celestine@dummymail.com,Dennie.Celestine@dummymail.com,developer
472,Alex,Klotz,Alex.Klotz@dummymail.com,Alex.Klotz@dummymail.com,doctor
473,Donetta,Dulciana,Donetta.Dulciana@dummymail.com,Donetta.Dulciana@dummymail.com,firefighter
474,Amii,Stoller,Amii.Stoller@dummymail.com,Amii.Stoller@dummymail.com,worker
475,Marnia,Boehike,Marnia.Boehike@dummymail.com,Marnia.Boehike@dummymail.com,worker
476,Amalie,Trey,Amalie.Trey@dummymail.com,Amalie.Trey@dummymail.com,developer
477,Dede,Lucienne,Dede.Lucienne@dummymail.com,Dede.Lucienne@dummymail.com,doctor
478,Rosene,Stover,Rosene.Stover@dummymail.com,Rosene.Stover@dummymail.com,worker
479,Nerta,Harned,Nerta.Harned@dummymail.com,Nerta.Harned@dummymail.com,worker
480,Diena,Magdalen,Diena.Magdalen@dummymail.com,Diena.Magdalen@dummymail.com,firefighter
481,Celestyna,Pitt,Celestyna.Pitt@dummymail.com,Celestyna.Pitt@dummymail.com,firefighter
482,Henriette,Joni,Henriette.Joni@dummymail.com,Henriette.Joni@dummymail.com,doctor
483,Marcy,Giff,Marcy.Giff@dummymail.com,Marcy.Giff@dummymail.com,developer
484,Sibella,Dahlia,Sibella.Dahlia@dummymail.com,Sibella.Dahlia@dummymail.com,developer
485,Jaime,Schenck,Jaime.Schenck@dummymail.com,Jaime.Schenck@dummymail.com,firefighter
486,Johna,Arley,Johna.Arley@dummymail.com,Johna.Arley@dummymail.com,firefighter
487,Georgetta,Kolnick,Georgetta.Kolnick@dummymail.com,Georgetta.Kolnick@dummymail.com,firefighter
488,Celisse,Santoro,Celisse.Santoro@dummymail.com,Celisse.Santoro@dummymail.com,firefighter
489,Blondelle,Adalbert,Blondelle.Adalbert@dummymail.com,Blondelle.Adalbert@dummymail.com,firefighter
490,Gale,Corabella,Gale.Corabella@dummymail.com,Gale.Corabella@dummymail.com,firefighter
491,Vivia,Chapland,Vivia.Chapland@dummymail.com,Vivia.Chapland@dummymail.com,worker
492,Myriam,Brieta,Myriam.Brieta@dummymail.com,Myriam.Brieta@dummymail.com,doctor
493,Carly,Kermit,Carly.Kermit@dummymail.com,Carly.Kermit@dummymail.com,police officer
494,Kylynn,Florina,Kylynn.Florina@dummymail.com,Kylynn.Florina@dummymail.com,developer
495,Kamilah,Bury,Kamilah.Bury@dummymail.com,Kamilah.Bury@dummymail.com,developer
496,Lorne,Melleta,Lorne.Melleta@dummymail.com,Lorne.Melleta@dummymail.com,doctor
497,Lexine,Dom,Lexine.Dom@dummymail.com,Lexine.Dom@dummymail.com,developer
498,Lita,Emerson,Lita.Emerson@dummymail.com,Lita.Emerson@dummymail.com,firefighter
499,Natka,Abbot,Natka.Abbot@dummymail.com,Natka.Abbot@dummymail.com,doctor
500,Carol-Jean,Wittie,Carol-Jean.Wittie@dummymail.com,Carol-Jean.Wittie@dummymail.com,police officer
501,Nonnah,Ambrosia,Nonnah.Ambrosia@dummymail.com,Nonnah.Ambrosia@dummymail.com,firefighter
502,Allis,Nance,Allis.Nance@dummymail.com,Allis.Nance@dummymail.com,firefighter
503,Ana,Prober,Ana.Prober@dummymail.com,Ana.Prober@dummymail.com,police officer
504,Dennie,August,Dennie.August@dummymail.com,Dennie.August@dummymail.com,firefighter
505,Fanchon,Kronfeld,Fanchon.Kronfeld@dummymail.com,Fanchon.Kronfeld@dummymail.com,developer
506,Jacenta,Selway,Jacenta.Selway@dummymail.com,Jacenta.Selway@dummymail.com,firefighter
507,Hollie,Keelia,Hollie.Keelia@dummymail.com,Hollie.Keelia@dummymail.com,developer
508,Meriel,Fancie,Meriel.Fancie@dummymail.com,Meriel.Fancie@dummymail.com,firefighter
509,Joleen,Kaete,Joleen.Kaete@dummymail.com,Joleen.Kaete@dummymail.com,worker
510,Justinn,Thomasina,Justinn.Thomasina@dummymail.com,Justinn.Thomasina@dummymail.com,developer
511,Rosabelle,Liva,Rosabelle.Liva@dummymail.com,Rosabelle.Liva@dummymail.com,doctor
512,Ileana,Stuart,Ileana.Stuart@dummymail.com,Ileana.Stuart@dummymail.com,doctor
513,Justinn,Trace,Justinn.Trace@dummymail.com,Justinn.Trace@dummymail.com,firefighter
514,Raina,Ramona,Raina.Ramona@dummymail.com,Raina.Ramona@dummymail.com,worker
515,Karena,Haldas,Karena.Haldas@dummymail.com,Karena.Haldas@dummymail.com,doctor
516,Kirstin,Christine,Kirstin.Christine@dummymail.com,Kirstin.Christine@dummymail.com,worker
517,Fredericka,Kussell,Fredericka.Kussell@dummymail.com,Fredericka.Kussell@dummymail.com,worker
518,Jacquetta,Simmonds,Jacquetta.Simmonds@dummymail.com,Jacquetta.Simmonds@dummymail.com,doctor
519,Rosene,Suzetta,Rosene.Suzetta@dummymail.com,Rosene.Suzetta@dummymail.com,developer
520,Arlina,Stelle,Arlina.Stelle@dummymail.com,Arlina.Stelle@dummymail.com,firefighter
521,Roberta,Yerkovich,Roberta.Yerkovich@dummymail.com,Roberta.Yerkovich@dummymail.com,doctor
522,Tonia,Hachmin,Tonia.Hachmin@dummymail.com,Tonia.Hachmin@dummymail.com,doctor
523,Hannis,Leary,Hannis.Leary@dummymail.com,Hannis.Leary@dummymail.com,firefighter
524,Cathyleen,Seligman,Cathyleen.Seligman@dummymail.com,Cathyleen.Seligman@dummymail.com,firefighter
525,Caritta,Brackely,Caritta.Brackely@dummymail.com,Caritta.Brackely@dummymail.com,developer
526,Harmonia,Dorcy,Harmonia.Dorcy@dummymail.com,Harmonia.Dorcy@dummymail.com,police officer
527,Meghann,Peti,Meghann.Peti@dummymail.com,Meghann.Peti@dummymail.com,firefighter
528,Imojean,Moseley,Imojean.Moseley@dummymail.com,Imojean.Moseley@dummymail.com,worker
529,Basia,Gaulin,Basia.Gaulin@dummymail.com,Basia.Gaulin@dummymail.com,police officer
530,Dode,Thar,Dode.Thar@dummymail.com,Dode.Thar@dummymail.com,police officer
531,Eolanda,Euridice,Eolanda.Euridice@dummymail.com,Eolanda.Euridice@dummymail.com,worker
532,Rosabelle,Romelda,Rosabelle.Romelda@dummymail.com,Rosabelle.Romelda@dummymail.com,police officer
533,Alex,Pierette,Alex.Pierette@dummymail.com,Alex.Pierette@dummymail.com,police officer
534,Monika,Suzetta,Monika.Suzetta@dummymail.com,Monika.Suzetta@dummymail.com,doctor
535,Chickie,Paton,Chickie.Paton@dummymail.com,Chickie.Paton@dummymail.com,police officer
536,Linet,Lytton,Linet.Lytton@dummymail.com,Linet.Lytton@dummymail.com,worker
537,Jerry,Dyche,Jerry.Dyche@dummymail.com,Jerry.Dyche@dummymail.com,firefighter
538,Lauryn,Eldrid,Lauryn.Eldrid@dummymail.com,Lauryn.Eldrid@dummymail.com,police officer
539,Deloria,Bashemeth,Deloria.Bashemeth@dummymail.com,Deloria.Bashemeth@dummymail.com,firefighter
540,Winifred,Trey,Winifred.Trey@dummymail.com,Winifred.Trey@dummymail.com,police officer
541,Helena,Dunkin,Helena.Dunkin@dummymail.com,Helena.Dunkin@dummymail.com,worker
542,Feliza,Himelman,Feliza.Himelman@dummymail.com,Feliza.Himelman@dummymail.com,doctor
543,Vivia,Gaspard,Vivia.Gaspard@dummymail.com,Vivia.Gaspard@dummymail.com,doctor
544,Sue,Slifka,Sue.Slifka@dummymail.com,Sue.Slifka@dummymail.com,worker
545,Claresta,Ietta,Claresta.Ietta@dummymail.com,Claresta.Ietta@dummymail.com,developer
546,Verla,Rozanna,Verla.Rozanna@dummymail.com,Verla.Rozanna@dummymail.com,worker
547,Quintina,Janith,Quintina.Janith@dummymail.com,Quintina.Janith@dummymail.com,police officer
548,Hayley,Colbert,Hayley.Colbert@dummymail.com,Hayley.Colbert@dummymail.com,firefighter
549,Tarra,Connelly,Tarra.Connelly@dummymail.com,Tarra.Connelly@dummymail.com,developer
550,Mariann,Cressida,Mariann.Cressida@dummymail.com,Mariann.Cressida@dummymail.com,firefighter
551,Janey,Romelda,Janey.Romelda@dummymail.com,Janey.Romelda@dummymail.com,doctor
552,Verla,Weide,Verla.Weide@dummymail.com,Verla.Weide@dummymail.com,police officer
553,Donetta,Lesley,Donetta.Lesley@dummymail.com,Donetta.Lesley@dummymail.com,worker
554,Meriel,Dominy,Meriel.Dominy@dummymail.com,Meriel.Dominy@dummymail.com,developer
555,Sophia,Wenda,Sophia.Wenda@dummymail.com,Sophia.Wenda@dummymail.com,firefighter
556,Kara-Lynn,Maroney,Kara-Lynn.Maroney@dummymail.com,Kara-Lynn.Maroney@dummymail.com,firefighter
557,Bobinette,Gabrielli,Bobinette.Gabrielli@dummymail.com,Bobinette.Gabrielli@dummymail.com,firefighter
558,Max,Brotherson,Max.Brotherson@dummymail.com,Max.Brotherson@dummymail.com,doctor
559,Katharina,Torray,Katharina.Torray@dummymail.com,Katharina.Torray@dummymail.com,worker
560,Leanna,Dex,Leanna.Dex@dummymail.com,Leanna.Dex@dummymail.com,doctor
561,Edee,Fillbert,Edee.Fillbert@dummymail.com,Edee.Fillbert@dummymail.com,doctor
562,Pollyanna,Catie,Pollyanna.Catie@dummymail.com,Pollyanna.Catie@dummymail.com,developer
563,Yetty,Mitzi,Yetty.Mitzi@dummymail.com,Yetty.Mitzi@dummymail.com,developer
564,Carly,Katrine,Carly.Katrine@dummymail.com,Carly.Katrine@dummymail.com,firefighter
565,Roslyn,Donell,Roslyn.Donell@dummymail.com,Roslyn.Donell@dummymail.com,worker
566,Marti,Fulmer,Marti.Fulmer@dummymail.com,Marti.Fulmer@dummymail.com,police officer
567,Elise,Hutchison,Elise.Hutchison@dummymail.com,Elise.Hutchison@dummymail.com,doctor
568,Oralee,Peonir,Oralee.Peonir@dummymail.com,Oralee.Peonir@dummymail.com,police officer
569,Elvira,Hortensia,Elvira.Hortensia@dummymail.com,Elvira.Hortensia@dummymail.com,developer
570,Olwen,Chinua,Olwen.Chinua@dummymail.com,Olwen.Chinua@dummymail.com,doctor
571,Margette,O'Rourke,Margette.O'Rourke@dummymail.com,Margette.O'Rourke@dummymail.com,worker
572,Jacquetta,Diogenes,Jacquetta.Diogenes@dummymail.com,Jacquetta.Diogenes@dummymail.com,developer
573,Carree,Baylor,Carree.Baylor@dummymail.com,Carree.Baylor@dummymail.com,doctor
574,Tiffie,Kenwood,Tiffie.Kenwood@dummymail.com,Tiffie.Kenwood@dummymail.com,doctor
575,Tabbatha,Adrienne,Tabbatha.Adrienne@dummymail.com,Tabbatha.Adrienne@dummymail.com,developer
576,Emylee,Slifka,Emylee.Slifka@dummymail.com,Emylee.Slifka@dummymail.com,police officer
577,Darlleen,Burnside,Darlleen.Burnside@dummymail.com,Darlleen.Burnside@dummymail.com,developer
578,Inga,McNully,Inga.McNully@dummymail.com,Inga.McNully@dummymail.com,developer
579,Rosabelle,Graig,Rosabelle.Graig@dummymail.com,Rosabelle.Graig@dummymail.com,worker
580,Fina,Hieronymus,Fina.Hieronymus@dummymail.com,Fina.Hieronymus@dummymail.com,developer
581,Lynea,Abbot,Lynea.Abbot@dummymail.com,Lynea.Abbot@dummymail.com,police officer
582,Lizzie,Dunkin,Lizzie.Dunkin@dummymail.com,Lizzie.Dunkin@dummymail.com,worker
583,Coral,Macey,Coral.Macey@dummymail.com,Coral.Macey@dummymail.com,developer
584,Halette,Posner,Halette.Posner@dummymail.com,Halette.Posner@dummymail.com,developer
585,Heida,Millda,Heida.Millda@dummymail.com,Heida.Millda@dummymail.com,firefighter
586,Donnie,Hermes,Donnie.Hermes@dummymail.com,Donnie.Hermes@dummymail.com,developer
587,Valli,Standing,Valli.Standing@dummymail.com,Valli.Standing@dummymail.com,worker
588,Correy,Baylor,Correy.Baylor@dummymail.com,Correy.Baylor@dummymail.com,worker
589,Bernardine,Nahum,Bernardine.Nahum@dummymail.com,Bernardine.Nahum@dummymail.com,police officer
590,Noelle,Kussell,Noelle.Kussell@dummymail.com,Noelle.Kussell@dummymail.com,worker
591,Abbie,Pyle,Abbie.Pyle@dummymail.com,Abbie.Pyle@dummymail.com,police officer
592,Valeda,Wandie,Valeda.Wandie@dummymail.com,Valeda.Wandie@dummymail.com,worker
593,Ardeen,Faria,Ardeen.Faria@dummymail.com,Ardeen.Faria@dummymail.com,developer
594,Felice,Madaih,Felice.Madaih@dummymail.com,Felice.Madaih@dummymail.com,worker
595,Melina,Glenden,Melina.Glenden@dummymail.com,Melina.Glenden@dummymail.com,developer
596,Felice,Lamoree,Felice.Lamoree@dummymail.com,Felice.Lamoree@dummymail.com,worker
597,Alejandra,Paton,Alejandra.Paton@dummymail.com,Alejandra.Paton@dummymail.com,firefighter
598,Frieda,Codding,Frieda.Codding@dummymail.com,Frieda.Codding@dummymail.com,developer
599,Shannah,Aprile,Shannah.Aprile@dummymail.com,Shannah.Aprile@dummymail.com,police officer
600,Sindee,Anastatius,Sindee.Anastatius@dummymail.com,Sindee.Anastatius@dummymail.com,doctor
601,Alejandra,Pip,Alejandra.Pip@dummymail.com,Alejandra.Pip@dummymail.com,developer
602,Sonni,Pearse,Sonni.Pearse@dummymail.com,Sonni.Pearse@dummymail.com,firefighter
603,Hannis,Pillsbury,Hannis.Pillsbury@dummymail.com,Hannis.Pillsbury@dummymail.com,doctor
604,Melisent,Viddah,Melisent.Viddah@dummymail.com,Melisent.Viddah@dummymail.com,worker
605,Shel,Macey,Shel.Macey@dummymail.com,Shel.Macey@dummymail.com,firefighter
606,Nataline,Clara,Nataline.Clara@dummymail.com,Nataline.Clara@dummymail.com,developer
607,Carlie,Philipp,Carlie.Philipp@dummymail.com,Carlie.Philipp@dummymail.com,police officer
608,Aurelie,Krystle,Aurelie.Krystle@dummymail.com,Aurelie.Krystle@dummymail.com,developer
609,Hollie,Campball,Hollie.Campball@dummymail.com,Hollie.Campball@dummymail.com,police officer
610,Paola,Stover,Paola.Stover@dummymail.com,Paola.Stover@dummymail.com,firefighter
611,Dione,Ardra,Dione.Ardra@dummymail.com,Dione.Ardra@dummymail.com,developer
612,Collen,Hurley,Collen.Hurley@dummymail.com,Collen.Hurley@dummymail.com,firefighter
613,Gratia,Gwenore,Gratia.Gwenore@dummymail.com,Gratia.Gwenore@dummymail.com,police officer
614,Lisette,Kermit,Lisette.Kermit@dummymail.com,Lisette.Kermit@dummymail.com,worker
615,Leontine,Docilla,Leontine.Docilla@dummymail.com,Leontine.Docilla@dummymail.com,police officer
616,Collen,Koziara,Collen.Koziara@dummymail.com,Collen.Koziara@dummymail.com,doctor
617,Jenda,Henrie,Jenda.Henrie@dummymail.com,Jenda.Henrie@dummymail.com,developer
618,Michaelina,Jacinda,Michaelina.Jacinda@dummymail.com,Michaelina.Jacinda@dummymail.com,doctor
619,Lacie,Ramona,Lacie.Ramona@dummymail.com,Lacie.Ramona@dummymail.com,police officer
620,Annabela,Harriman,Annabela.Harriman@dummymail.com,Annabela.Harriman@dummymail.com,police officer
621,Belinda,Evangelia,Belinda.Evangelia@dummymail.com,Belinda.Evangelia@dummymail.com,developer
622,Lisette,Ariella,Lisette.Ariella@dummymail.com,Lisette.Ariella@dummymail.com,firefighter
623,Arlena,Milde,Arlena.Milde@dummymail.com,Arlena.Milde@dummymail.com,firefighter
624,Jere,Billye,Jere.Billye@dummymail.com,Jere.Billye@dummymail.com,doctor
625,Quintina,Delp,Quintina.Delp@dummymail.com,Quintina.Delp@dummymail.com,doctor
626,Alie,Tippets,Alie.Tippets@dummymail.com,Alie.Tippets@dummymail.com,developer
627,Estell,Tamsky,Estell.Tamsky@dummymail.com,Estell.Tamsky@dummymail.com,doctor
628,Selma,Tound,Selma.Tound@dummymail.com,Selma.Tound@dummymail.com,worker
629,Korrie,Woodberry,Korrie.Woodberry@dummymail.com,Korrie.Woodberry@dummymail.com,doctor
630,Sandie,Si,Sandie.Si@dummymail.com,Sandie.Si@dummymail.com,firefighter
631,Hannis,Greyson,Hannis.Greyson@dummymail.com,Hannis.Greyson@dummymail.com,police officer
632,Andree,Tippets,Andree.Tippets@dummymail.com,Andree.Tippets@dummymail.com,worker
633,Arabel,Chabot,Arabel.Chabot@dummymail.com,Arabel.Chabot@dummymail.com,firefighter
634,Josephine,Blisse,Josephine.Blisse@dummymail.com,Josephine.Blisse@dummymail.com,worker
635,Bettine,Tamar,Bettine.Tamar@dummymail.com,Bettine.Tamar@dummymail.com,firefighter
636,Sindee,Johanna,Sindee.Johanna@dummymail.com,Sindee.Johanna@dummymail.com,doctor
637,Carly,Yuille,Carly.Yuille@dummymail.com,Carly.Yuille@dummymail.com,worker
638,Vonny,Borrell,Vonny.Borrell@dummymail.com,Vonny.Borrell@dummymail.com,worker
639,Eugine,Ursulette,Eugine.Ursulette@dummymail.com,Eugine.Ursulette@dummymail.com,police officer
640,Melina,Prouty,Melina.Prouty@dummymail.com,Melina.Prouty@dummymail.com,firefighter
641,Lita,Tjon,Lita.Tjon@dummymail.com,Lita.Tjon@dummymail.com,developer
642,Bill,Lattie,Bill.Lattie@dummymail.com,Bill.Lattie@dummymail.com,worker
643,Sheree,Edvard,Sheree.Edvard@dummymail.com,Sheree.Edvard@dummymail.com,firefighter
644,Arlina,Thema,Arlina.Thema@dummymail.com,Arlina.Thema@dummymail.com,doctor
645,Deirdre,Dimitris,Deirdre.Dimitris@dummymail.com,Deirdre.Dimitris@dummymail.com,firefighter
646,Gratia,Hirsch,Gratia.Hirsch@dummymail.com,Gratia.Hirsch@dummymail.com,police officer
647,Cherilyn,Gilbertson,Cherilyn.Gilbertson@dummymail.com,Cherilyn.Gilbertson@dummymail.com,firefighter
648,Grier,Bord,Grier.Bord@dummymail.com,Grier.Bord@dummymail.com,firefighter
649,Beth,Bahr,Beth.Bahr@dummymail.com,Beth.Bahr@dummymail.com,worker
650,Fina,Narton,Fina.Narton@dummymail.com,Fina.Narton@dummymail.com,doctor
651,Meg,Percy,Meg.Percy@dummymail.com,Meg.Percy@dummymail.com,developer
652,Ezmeralda,Chem,Ezmeralda.Chem@dummymail.com,Ezmeralda.Chem@dummymail.com,worker
653,Marcelline,Rad,Marcelline.Rad@dummymail.com,Marcelline.Rad@dummymail.com,police officer
654,Jobi,Hepsibah,Jobi.Hepsibah@dummymail.com,Jobi.Hepsibah@dummymail.com,doctor
655,Nyssa,Atonsah,Nyssa.Atonsah@dummymail.com,Nyssa.Atonsah@dummymail.com,police officer
656,Malina,Tristram,Malina.Tristram@dummymail.com,Malina.Tristram@dummymail.com,worker
657,Tabbatha,Bari,Tabbatha.Bari@dummymail.com,Tabbatha.Bari@dummymail.com,worker
658,Dyann,Yuille,Dyann.Yuille@dummymail.com,Dyann.Yuille@dummymail.com,worker
659,Rivalee,Gower,Rivalee.Gower@dummymail.com,Rivalee.Gower@dummymail.com,doctor
660,Jaime,Hourigan,Jaime.Hourigan@dummymail.com,Jaime.Hourigan@dummymail.com,firefighter
661,Rosene,Gusella,Rosene.Gusella@dummymail.com,Rosene.Gusella@dummymail.com,doctor
662,Averyl,Bibi,Averyl.Bibi@dummymail.com,Averyl.Bibi@dummymail.com,doctor
663,Marylou,Moina,Marylou.Moina@dummymail.com,Marylou.Moina@dummymail.com,developer
664,Arlina,Catie,Arlina.Catie@dummymail.com,Arlina.Catie@dummymail.com,police officer
665,Zsa Zsa,Claudine,Zsa Zsa.Claudine@dummymail.com,Zsa Zsa.Claudine@dummymail.com,developer
666,Wileen,Salchunas,Wileen.Salchunas@dummymail.com,Wileen.Salchunas@dummymail.com,doctor
667,Merry,Garlinda,Merry.Garlinda@dummymail.com,Merry.Garlinda@dummymail.com,developer
668,Kirstin,Gilmour,Kirstin.Gilmour@dummymail.com,Kirstin.Gilmour@dummymail.com,developer
669,Zondra,Thar,Zondra.Thar@dummymail.com,Zondra.Thar@dummymail.com,firefighter
670,Jenda,Beebe,Jenda.Beebe@dummymail.com,Jenda.Beebe@dummymail.com,firefighter
671,Ana,Jena,Ana.Jena@dummymail.com,Ana.Jena@dummymail.com,police officer
672,Collen,Beebe,Collen.Beebe@dummymail.com,Collen.Beebe@dummymail.com,police officer
673,Dotty,Hanshaw,Dotty.Hanshaw@dummymail.com,Dotty.Hanshaw@dummymail.com,firefighter
674,Aigneis,Telfer,Aigneis.Telfer@dummymail.com,Aigneis.Telfer@dummymail.com,firefighter
675,Oralee,Sikorski,Oralee.Sikorski@dummymail.com,Oralee.Sikorski@dummymail.com,police officer
676,Melina,Joachim,Melina.Joachim@dummymail.com,Melina.Joachim@dummymail.com,developer
677,Arabel,Lamoree,Arabel.Lamoree@dummymail.com,Arabel.Lamoree@dummymail.com,worker
678,Alejandra,Maiah,Alejandra.Maiah@dummymail.com,Alejandra.Maiah@dummymail.com,developer
679,Genevra,Alwin,Genevra.Alwin@dummymail.com,Genevra.Alwin@dummymail.com,firefighter
680,Roxane,Granoff,Roxane.Granoff@dummymail.com,Roxane.Granoff@dummymail.com,firefighter
681,Lynea,Aida,Lynea.Aida@dummymail.com,Lynea.Aida@dummymail.com,police officer
682,Bernardine,Trace,Bernardine.Trace@dummymail.com,Bernardine.Trace@dummymail.com,doctor
683,Tiffie,Carey,Tiffie.Carey@dummymail.com,Tiffie.Carey@dummymail.com,firefighter
684,Karena,Frendel,Karena.Frendel@dummymail.com,Karena.Frendel@dummymail.com,police officer
685,Patricia,Muriel,Patricia.Muriel@dummymail.com,Patricia.Muriel@dummymail.com,police officer
686,Nerta,Taam,Nerta.Taam@dummymail.com,Nerta.Taam@dummymail.com,developer
687,Wileen,Sherfield,Wileen.Sherfield@dummymail.com,Wileen.Sherfield@dummymail.com,doctor
688,Gerianna,Lail,Gerianna.Lail@dummymail.com,Gerianna.Lail@dummymail.com,doctor
689,Jany,Anyah,Jany.Anyah@dummymail.com,Jany.Anyah@dummymail.com,police officer
690,Anestassia,Maroney,Anestassia.Maroney@dummymail.com,Anestassia.Maroney@dummymail.com,police officer
691,Joceline,Johnsson,Joceline.Johnsson@dummymail.com,Joceline.Johnsson@dummymail.com,worker
692,Ezmeralda,Ezar,Ezmeralda.Ezar@dummymail.com,Ezmeralda.Ezar@dummymail.com,developer
693,Lesly,Nance,Lesly.Nance@dummymail.com,Lesly.Nance@dummymail.com,worker
694,Petronia,Atcliffe,Petronia.Atcliffe@dummymail.com,Petronia.Atcliffe@dummymail.com,developer
695,Jackie,Imelida,Jackie.Imelida@dummymail.com,Jackie.Imelida@dummymail.com,doctor
696,Alyda,Jenness,Alyda.Jenness@dummymail.com,Alyda.Jenness@dummymail.com,doctor
697,Adele,Colp,Adele.Colp@dummymail.com,Adele.Colp@dummymail.com,police officer
698,Cindelyn,Alexandr,Cindelyn.Alexandr@dummymail.com,Cindelyn.Alexandr@dummymail.com,worker
699,Myriam,Terrence,Myriam.Terrence@dummymail.com,Myriam.Terrence@dummymail.com,firefighter
700,Orsola,Couture,Orsola.Couture@dummymail.com,Orsola.Couture@dummymail.com,police officer
701,Phedra,Brieta,Phedra.Brieta@dummymail.com,Phedra.Brieta@dummymail.com,firefighter
702,Amelia,Holbrook,Amelia.Holbrook@dummymail.com,Amelia.Holbrook@dummymail.com,police officer
703,Ofilia,Kravits,Ofilia.Kravits@dummymail.com,Ofilia.Kravits@dummymail.com,firefighter
704,Demetris,Anselmi,Demetris.Anselmi@dummymail.com,Demetris.Anselmi@dummymail.com,worker
705,Claresta,Kamaria,Claresta.Kamaria@dummymail.com,Claresta.Kamaria@dummymail.com,developer
706,Merrie,Rubie,Merrie.Rubie@dummymail.com,Merrie.Rubie@dummymail.com,firefighter
707,Kore,Evangelia,Kore.Evangelia@dummymail.com,Kore.Evangelia@dummymail.com,developer
708,Rebeca,Grimbly,Rebeca.Grimbly@dummymail.com,Rebeca.Grimbly@dummymail.com,doctor
709,Asia,Swigart,Asia.Swigart@dummymail.com,Asia.Swigart@dummymail.com,police officer
710,Tobe,Infield,Tobe.Infield@dummymail.com,Tobe.Infield@dummymail.com,doctor
711,Evita,Nea,Evita.Nea@dummymail.com,Evita.Nea@dummymail.com,doctor
712,Anthia,Alwin,Anthia.Alwin@dummymail.com,Anthia.Alwin@dummymail.com,firefighter
713,Margette,Pillsbury,Margette.Pillsbury@dummymail.com,Margette.Pillsbury@dummymail.com,worker
714,Gwenneth,Firmin,Gwenneth.Firmin@dummymail.com,Gwenneth.Firmin@dummymail.com,police officer
715,Katharina,Horan,Katharina.Horan@dummymail.com,Katharina.Horan@dummymail.com,doctor
716,Lusa,Kathie,Lusa.Kathie@dummymail.com,Lusa.Kathie@dummymail.com,firefighter
717,Donnie,Zetta,Donnie.Zetta@dummymail.com,Donnie.Zetta@dummymail.com,developer
718,Donnie,Medrek,Donnie.Medrek@dummymail.com,Donnie.Medrek@dummymail.com,firefighter
719,Cindelyn,Knowling,Cindelyn.Knowling@dummymail.com,Cindelyn.Knowling@dummymail.com,firefighter
720,Dacia,Zeeba,Dacia.Zeeba@dummymail.com,Dacia.Zeeba@dummymail.com,doctor
721,Melanie,Sinegold,Melanie.Sinegold@dummymail.com,Melanie.Sinegold@dummymail.com,police officer
722,Leontine,Goddard,Leontine.Goddard@dummymail.com,Leontine.Goddard@dummymail.com,firefighter
723,Wynne,Fiann,Wynne.Fiann@dummymail.com,Wynne.Fiann@dummymail.com,firefighter
724,Kirbee,Amethist,Kirbee.Amethist@dummymail.com,Kirbee.Amethist@dummymail.com,doctor
725,Carilyn,Demitria,Carilyn.Demitria@dummymail.com,Carilyn.Demitria@dummymail.com,worker
726,Morganica,Howlyn,Morganica.Howlyn@dummymail.com,Morganica.Howlyn@dummymail.com,police officer
727,Emma,Hanshaw,Emma.Hanshaw@dummymail.com,Emma.Hanshaw@dummymail.com,worker
728,Olivette,Fairweather,Olivette.Fairweather@dummymail.com,Olivette.Fairweather@dummymail.com,firefighter
729,Joy,Ferino,Joy.Ferino@dummymail.com,Joy.Ferino@dummymail.com,developer
730,Shirlee,Secrest,Shirlee.Secrest@dummymail.com,Shirlee.Secrest@dummymail.com,developer
731,Arlina,Bennie,Arlina.Bennie@dummymail.com,Arlina.Bennie@dummymail.com,police officer
732,Genovera,Charity,Genovera.Charity@dummymail.com,Genovera.Charity@dummymail.com,developer
733,Dorene,Koehler,Dorene.Koehler@dummymail.com,Dorene.Koehler@dummymail.com,developer
734,Clo,Ummersen,Clo.Ummersen@dummymail.com,Clo.Ummersen@dummymail.com,worker
735,Audrie,Vorster,Audrie.Vorster@dummymail.com,Audrie.Vorster@dummymail.com,firefighter
736,Dale,Abbot,Dale.Abbot@dummymail.com,Dale.Abbot@dummymail.com,doctor
737,Jorry,Nerita,Jorry.Nerita@dummymail.com,Jorry.Nerita@dummymail.com,developer
738,Eve,Elephus,Eve.Elephus@dummymail.com,Eve.Elephus@dummymail.com,doctor
739,Kassey,Hollingsworth,Kassey.Hollingsworth@dummymail.com,Kassey.Hollingsworth@dummymail.com,police officer
740,Laure,Alexandr,Laure.Alexandr@dummymail.com,Laure.Alexandr@dummymail.com,developer
741,Gratia,Haymes,Gratia.Haymes@dummymail.com,Gratia.Haymes@dummymail.com,doctor
742,Cyndie,Hanshaw,Cyndie.Hanshaw@dummymail.com,Cyndie.Hanshaw@dummymail.com,police officer
743,Annora,Ulphia,Annora.Ulphia@dummymail.com,Annora.Ulphia@dummymail.com,developer
744,Ulrike,Parette,Ulrike.Parette@dummymail.com,Ulrike.Parette@dummymail.com,developer
745,Evita,Kiyoshi,Evita.Kiyoshi@dummymail.com,Evita.Kiyoshi@dummymail.com,worker
746,Mellicent,Odell,Mellicent.Odell@dummymail.com,Mellicent.Odell@dummymail.com,doctor
747,Maye,Dermott,Maye.Dermott@dummymail.com,Maye.Dermott@dummymail.com,worker
748,Ashlee,Doig,Ashlee.Doig@dummymail.com,Ashlee.Doig@dummymail.com,doctor
749,Dede,Kazimir,Dede.Kazimir@dummymail.com,Dede.Kazimir@dummymail.com,worker
750,Christy,Wyn,Christy.Wyn@dummymail.com,Christy.Wyn@dummymail.com,firefighter
751,Kenna,Dorine,Kenna.Dorine@dummymail.com,Kenna.Dorine@dummymail.com,doctor
752,Karina,Kaete,Karina.Kaete@dummymail.com,Karina.Kaete@dummymail.com,police officer
753,Tina,Erskine,Tina.Erskine@dummymail.com,Tina.Erskine@dummymail.com,worker
754,Sandie,Stav,Sandie.Stav@dummymail.com,Sandie.Stav@dummymail.com,doctor
755,Sarette,Garbe,Sarette.Garbe@dummymail.com,Sarette.Garbe@dummymail.com,firefighter
756,Dale,Minetta,Dale.Minetta@dummymail.com,Dale.Minetta@dummymail.com,police officer
757,Regina,Riva,Regina.Riva@dummymail.com,Regina.Riva@dummymail.com,doctor
758,Georgina,Burnside,Georgina.Burnside@dummymail.com,Georgina.Burnside@dummymail.com,firefighter
759,Sindee,Louanna,Sindee.Louanna@dummymail.com,Sindee.Louanna@dummymail.com,developer
760,Blinni,Sasnett,Blinni.Sasnett@dummymail.com,Blinni.Sasnett@dummymail.com,worker
761,Elbertina,Aurelio,Elbertina.Aurelio@dummymail.com,Elbertina.Aurelio@dummymail.com,developer
762,Yolane,Anyah,Yolane.Anyah@dummymail.com,Yolane.Anyah@dummymail.com,worker
763,Ada,Borrell,Ada.Borrell@dummymail.com,Ada.Borrell@dummymail.com,police officer
764,Delilah,Oscar,Delilah.Oscar@dummymail.com,Delilah.Oscar@dummymail.com,worker
765,Pamella,Margarete,Pamella.Margarete@dummymail.com,Pamella.Margarete@dummymail.com,police officer
766,Shannah,Buckler,Shannah.Buckler@dummymail.com,Shannah.Buckler@dummymail.com,firefighter
767,Maud,Lanita,Maud.Lanita@dummymail.com,Maud.Lanita@dummymail.com,developer
768,Harmonia,Garbe,Harmonia.Garbe@dummymail.com,Harmonia.Garbe@dummymail.com,worker
769,Lesly,Cornelia,Lesly.Cornelia@dummymail.com,Lesly.Cornelia@dummymail.com,police officer
770,Winifred,Margret,Winifred.Margret@dummymail.com,Winifred.Margret@dummymail.com,developer
771,Merry,Frendel,Merry.Frendel@dummymail.com,Merry.Frendel@dummymail.com,police officer
772,Concettina,Taam,Concettina.Taam@dummymail.com,Concettina.Taam@dummymail.com,worker
773,Rosene,Woodberry,Rosene.Woodberry@dummymail.com,Rosene.Woodberry@dummymail.com,developer
774,Dulcinea,Milde,Dulcinea.Milde@dummymail.com,Dulcinea.Milde@dummymail.com,worker
775,Estell,Engdahl,Estell.Engdahl@dummymail.com,Estell.Engdahl@dummymail.com,developer
776,Lynnea,Ambrosia,Lynnea.Ambrosia@dummymail.com,Lynnea.Ambrosia@dummymail.com,worker
777,Pearline,Hartnett,Pearline.Hartnett@dummymail.com,Pearline.Hartnett@dummymail.com,firefighter
778,Beth,Phi,Beth.Phi@dummymail.com,Beth.Phi@dummymail.com,firefighter
779,Kathy,Raama,Kathy.Raama@dummymail.com,Kathy.Raama@dummymail.com,developer
780,Ricky,Earlie,Ricky.Earlie@dummymail.com,Ricky.Earlie@dummymail.com,developer
781,Alameda,Ball,Alameda.Ball@dummymail.com,Alameda.Ball@dummymail.com,developer
782,Courtnay,Mandler,Courtnay.Mandler@dummymail.com,Courtnay.Mandler@dummymail.com,developer
783,Viki,Germann,Viki.Germann@dummymail.com,Viki.Germann@dummymail.com,developer
784,Meriel,Ramona,Meriel.Ramona@dummymail.com,Meriel.Ramona@dummymail.com,worker
785,Katleen,Toffic,Katleen.Toffic@dummymail.com,Katleen.Toffic@dummymail.com,doctor
786,Kalina,Goddard,Kalina.Goddard@dummymail.com,Kalina.Goddard@dummymail.com,worker
787,Veda,Lia,Veda.Lia@dummymail.com,Veda.Lia@dummymail.com,firefighter
788,Hermione,Whiffen,Hermione.Whiffen@dummymail.com,Hermione.Whiffen@dummymail.com,developer
789,Sissy,Moina,Sissy.Moina@dummymail.com,Sissy.Moina@dummymail.com,doctor
790,Lauryn,Carvey,Lauryn.Carvey@dummymail.com,Lauryn.Carvey@dummymail.com,doctor
791,Anica,Hurley,Anica.Hurley@dummymail.com,Anica.Hurley@dummymail.com,police officer
792,Ellette,Shaver,Ellette.Shaver@dummymail.com,Ellette.Shaver@dummymail.com,police officer
793,Kristan,Vilma,Kristan.Vilma@dummymail.com,Kristan.Vilma@dummymail.com,worker
794,Elyssa,Ulphia,Elyssa.Ulphia@dummymail.com,Elyssa.Ulphia@dummymail.com,firefighter
795,Goldie,Capello,Goldie.Capello@dummymail.com,Goldie.Capello@dummymail.com,developer
796,Gwyneth,Celestine,Gwyneth.Celestine@dummymail.com,Gwyneth.Celestine@dummymail.com,developer
797,Joane,Alexandr,Joane.Alexandr@dummymail.com,Joane.Alexandr@dummymail.com,police officer
798,Loree,Hylan,Loree.Hylan@dummymail.com,Loree.Hylan@dummymail.com,doctor
799,Quintina,Carbo,Quintina.Carbo@dummymail.com,Quintina.Carbo@dummymail.com,developer
800,Ashlee,Wildermuth,Ashlee.Wildermuth@dummymail.com,Ashlee.Wildermuth@dummymail.com,police officer
801,Christal,Bennie,Christal.Bennie@dummymail.com,Christal.Bennie@dummymail.com,developer
802,Tamqrah,Syd,Tamqrah.Syd@dummymail.com,Tamqrah.Syd@dummymail.com,firefighter
803,Glynnis,Rona,Glynnis.Rona@dummymail.com,Glynnis.Rona@dummymail.com,developer
804,Ileana,Jethro,Ileana.Jethro@dummymail.com,Ileana.Jethro@dummymail.com,firefighter
805,Gabriellia,Dorothy,Gabriellia.Dorothy@dummymail.com,Gabriellia.Dorothy@dummymail.com,police officer
806,Bobbi,Rillings,Bobbi.Rillings@dummymail.com,Bobbi.Rillings@dummymail.com,police officer
807,Clary,Yam,Clary.Yam@dummymail.com,Clary.Yam@dummymail.com,police officer
808,Dulce,Lunsford,Dulce.Lunsford@dummymail.com,Dulce.Lunsford@dummymail.com,developer
809,Danika,Schonfeld,Danika.Schonfeld@dummymail.com,Danika.Schonfeld@dummymail.com,worker
810,Jaime,Hashim,Jaime.Hashim@dummymail.com,Jaime.Hashim@dummymail.com,doctor
811,Margarette,Percy,Margarette.Percy@dummymail.com,Margarette.Percy@dummymail.com,worker
812,Tori,Gilmour,Tori.Gilmour@dummymail.com,Tori.Gilmour@dummymail.com,police officer
813,Devina,Medrek,Devina.Medrek@dummymail.com,Devina.Medrek@dummymail.com,worker
814,Layla,Constancy,Layla.Constancy@dummymail.com,Layla.Constancy@dummymail.com,firefighter
815,Claresta,Mehalek,Claresta.Mehalek@dummymail.com,Claresta.Mehalek@dummymail.com,developer
816,Sissy,Eiser,Sissy.Eiser@dummymail.com,Sissy.Eiser@dummymail.com,developer
817,Lacie,Buffum,Lacie.Buffum@dummymail.com,Lacie.Buffum@dummymail.com,doctor
818,Mamie,Dom,Mamie.Dom@dummymail.com,Mamie.Dom@dummymail.com,developer
819,Joleen,Celestine,Joleen.Celestine@dummymail.com,Joleen.Celestine@dummymail.com,developer
820,Sue,Dalli,Sue.Dalli@dummymail.com,Sue.Dalli@dummymail.com,doctor
821,Carly,Diann,Carly.Diann@dummymail.com,Carly.Diann@dummymail.com,developer
822,Reeba,Flita,Reeba.Flita@dummymail.com,Reeba.Flita@dummymail.com,doctor
823,Corene,Talia,Corene.Talia@dummymail.com,Corene.Talia@dummymail.com,worker
824,Agnese,Bultman,Agnese.Bultman@dummymail.com,Agnese.Bultman@dummymail.com,worker
825,Sharlene,Schroth,Sharlene.Schroth@dummymail.com,Sharlene.Schroth@dummymail.com,police officer
826,Melanie,Nikaniki,Melanie.Nikaniki@dummymail.com,Melanie.Nikaniki@dummymail.com,doctor
827,Felice,Milde,Felice.Milde@dummymail.com,Felice.Milde@dummymail.com,developer
828,Fernande,Belanger,Fernande.Belanger@dummymail.com,Fernande.Belanger@dummymail.com,police officer
829,Sashenka,Michella,Sashenka.Michella@dummymail.com,Sashenka.Michella@dummymail.com,doctor
830,Molli,Markman,Molli.Markman@dummymail.com,Molli.Markman@dummymail.com,worker
831,Coral,Heidt,Coral.Heidt@dummymail.com,Coral.Heidt@dummymail.com,developer
832,Nonnah,Adrienne,Nonnah.Adrienne@dummymail.com,Nonnah.Adrienne@dummymail.com,police officer
833,Cecile,Paine,Cecile.Paine@dummymail.com,Cecile.Paine@dummymail.com,police officer
834,Alex,Silvan,Alex.Silvan@dummymail.com,Alex.Silvan@dummymail.com,worker
835,Reeba,August,Reeba.August@dummymail.com,Reeba.August@dummymail.com,police officer
836,Fayre,Rese,Fayre.Rese@dummymail.com,Fayre.Rese@dummymail.com,developer
837,Danika,Bryna,Danika.Bryna@dummymail.com,Danika.Bryna@dummymail.com,developer
838,Deloria,Gower,Deloria.Gower@dummymail.com,Deloria.Gower@dummymail.com,developer
839,Jean,Nahum,Jean.Nahum@dummymail.com,Jean.Nahum@dummymail.com,firefighter
840,Gretal,Valoniah,Gretal.Valoniah@dummymail.com,Gretal.Valoniah@dummymail.com,worker
841,Merle,Kevon,Merle.Kevon@dummymail.com,Merle.Kevon@dummymail.com,developer
842,Gwenneth,Vastah,Gwenneth.Vastah@dummymail.com,Gwenneth.Vastah@dummymail.com,worker
843,Sean,Anyah,Sean.Anyah@dummymail.com,Sean.Anyah@dummymail.com,developer
844,Monika,Burch,Monika.Burch@dummymail.com,Monika.Burch@dummymail.com,police officer
845,Annice,Belldas,Annice.Belldas@dummymail.com,Annice.Belldas@dummymail.com,firefighter
846,Asia,Faria,Asia.Faria@dummymail.com,Asia.Faria@dummymail.com,worker
847,Feliza,Denis,Feliza.Denis@dummymail.com,Feliza.Denis@dummymail.com,developer
848,Nanete,Dielu,Nanete.Dielu@dummymail.com,Nanete.Dielu@dummymail.com,doctor
849,Dawn,Henebry,Dawn.Henebry@dummymail.com,Dawn.Henebry@dummymail.com,police officer
850,Elise,Maribeth,Elise.Maribeth@dummymail.com,Elise.Maribeth@dummymail.com,police officer
851,Tori,Poppy,Tori.Poppy@dummymail.com,Tori.Poppy@dummymail.com,developer
852,Adelle,Billye,Adelle.Billye@dummymail.com,Adelle.Billye@dummymail.com,firefighter
853,Sophia,Bahr,Sophia.Bahr@dummymail.com,Sophia.Bahr@dummymail.com,firefighter
854,Elora,Richers,Elora.Richers@dummymail.com,Elora.Richers@dummymail.com,firefighter
855,Gisela,Toor,Gisela.Toor@dummymail.com,Gisela.Toor@dummymail.com,worker
856,Aurelie,Scammon,Aurelie.Scammon@dummymail.com,Aurelie.Scammon@dummymail.com,firefighter
857,Larine,Laverne,Larine.Laverne@dummymail.com,Larine.Laverne@dummymail.com,worker
858,Binny,Emmy,Binny.Emmy@dummymail.com,Binny.Emmy@dummymail.com,police officer
859,Rani,Candy,Rani.Candy@dummymail.com,Rani.Candy@dummymail.com,worker
860,Anthia,Durante,Anthia.Durante@dummymail.com,Anthia.Durante@dummymail.com,firefighter
861,Glynnis,Elsinore,Glynnis.Elsinore@dummymail.com,Glynnis.Elsinore@dummymail.com,developer
862,Augustine,Quent,Augustine.Quent@dummymail.com,Augustine.Quent@dummymail.com,developer
863,Tomasina,Zenas,Tomasina.Zenas@dummymail.com,Tomasina.Zenas@dummymail.com,police officer
864,Dorthy,Lewes,Dorthy.Lewes@dummymail.com,Dorthy.Lewes@dummymail.com,firefighter
865,Lolita,Keily,Lolita.Keily@dummymail.com,Lolita.Keily@dummymail.com,doctor
866,Lenna,Vins,Lenna.Vins@dummymail.com,Lenna.Vins@dummymail.com,firefighter
867,Florie,Anton,Florie.Anton@dummymail.com,Florie.Anton@dummymail.com,firefighter
868,Paola,Deny,Paola.Deny@dummymail.com,Paola.Deny@dummymail.com,doctor
869,Ulrike,Wittie,Ulrike.Wittie@dummymail.com,Ulrike.Wittie@dummymail.com,developer
870,Veda,Lattie,Veda.Lattie@dummymail.com,Veda.Lattie@dummymail.com,developer
871,Elora,Seessel,Elora.Seessel@dummymail.com,Elora.Seessel@dummymail.com,worker
872,Monika,Artie,Monika.Artie@dummymail.com,Monika.Artie@dummymail.com,firefighter
873,Mureil,Smitt,Mureil.Smitt@dummymail.com,Mureil.Smitt@dummymail.com,police officer
874,Michaelina,Kannry,Michaelina.Kannry@dummymail.com,Michaelina.Kannry@dummymail.com,doctor
875,Cyb,Rocray,Cyb.Rocray@dummymail.com,Cyb.Rocray@dummymail.com,police officer
876,Xylina,MacIntosh,Xylina.MacIntosh@dummymail.com,Xylina.MacIntosh@dummymail.com,doctor
877,Nikki,Danby,Nikki.Danby@dummymail.com,Nikki.Danby@dummymail.com,police officer
878,Livvyy,Auberbach,Livvyy.Auberbach@dummymail.com,Livvyy.Auberbach@dummymail.com,police officer
879,Bertine,Ilka,Bertine.Ilka@dummymail.com,Bertine.Ilka@dummymail.com,developer
880,Bee,Bashemeth,Bee.Bashemeth@dummymail.com,Bee.Bashemeth@dummymail.com,developer
881,Verla,Jotham,Verla.Jotham@dummymail.com,Verla.Jotham@dummymail.com,worker
882,Mahalia,MacIntosh,Mahalia.MacIntosh@dummymail.com,Mahalia.MacIntosh@dummymail.com,worker
883,Lelah,Gamaliel,Lelah.Gamaliel@dummymail.com,Lelah.Gamaliel@dummymail.com,developer
884,Emmey,Goddard,Emmey.Goddard@dummymail.com,Emmey.Goddard@dummymail.com,doctor
885,Adriana,Capello,Adriana.Capello@dummymail.com,Adriana.Capello@dummymail.com,doctor
886,Georgina,Diogenes,Georgina.Diogenes@dummymail.com,Georgina.Diogenes@dummymail.com,doctor
887,Rozele,Yorick,Rozele.Yorick@dummymail.com,Rozele.Yorick@dummymail.com,doctor
888,Berget,Bow,Berget.Bow@dummymail.com,Berget.Bow@dummymail.com,worker
889,Verla,Creamer,Verla.Creamer@dummymail.com,Verla.Creamer@dummymail.com,firefighter
890,Deloria,Linskey,Deloria.Linskey@dummymail.com,Deloria.Linskey@dummymail.com,doctor
891,Dagmar,Gower,Dagmar.Gower@dummymail.com,Dagmar.Gower@dummymail.com,firefighter
892,Coral,Wyn,Coral.Wyn@dummymail.com,Coral.Wyn@dummymail.com,firefighter
893,Katuscha,Greyson,Katuscha.Greyson@dummymail.com,Katuscha.Greyson@dummymail.com,developer
894,Gretal,Juliet,Gretal.Juliet@dummymail.com,Gretal.Juliet@dummymail.com,firefighter
895,Orelia,Bettine,Orelia.Bettine@dummymail.com,Orelia.Bettine@dummymail.com,doctor
896,Christy,Hepsibah,Christy.Hepsibah@dummymail.com,Christy.Hepsibah@dummymail.com,developer
897,Magdalena,Dowski,Magdalena.Dowski@dummymail.com,Magdalena.Dowski@dummymail.com,developer
898,Gwyneth,Khorma,Gwyneth.Khorma@dummymail.com,Gwyneth.Khorma@dummymail.com,firefighter
899,Caryl,Bevin,Caryl.Bevin@dummymail.com,Caryl.Bevin@dummymail.com,developer
900,Althea,Buttaro,Althea.Buttaro@dummymail.com,Althea.Buttaro@dummymail.com,doctor
901,Catharine,Sheng,Catharine.Sheng@dummymail.com,Catharine.Sheng@dummymail.com,worker
902,Elena,Vastah,Elena.Vastah@dummymail.com,Elena.Vastah@dummymail.com,firefighter
903,Emelina,Klotz,Emelina.Klotz@dummymail.com,Emelina.Klotz@dummymail.com,doctor
904,Allis,Stephie,Allis.Stephie@dummymail.com,Allis.Stephie@dummymail.com,police officer
905,Verla,Cassius,Verla.Cassius@dummymail.com,Verla.Cassius@dummymail.com,firefighter
906,Estell,Cullin,Estell.Cullin@dummymail.com,Estell.Cullin@dummymail.com,firefighter
907,Corly,Lilas,Corly.Lilas@dummymail.com,Corly.Lilas@dummymail.com,developer
908,Janey,Chandler,Janey.Chandler@dummymail.com,Janey.Chandler@dummymail.com,doctor
909,Demetris,Beniamino,Demetris.Beniamino@dummymail.com,Demetris.Beniamino@dummymail.com,firefighter
910,Selma,Sperling,Selma.Sperling@dummymail.com,Selma.Sperling@dummymail.com,firefighter
911,Andree,Oster,Andree.Oster@dummymail.com,Andree.Oster@dummymail.com,developer
912,Trudie,Infield,Trudie.Infield@dummymail.com,Trudie.Infield@dummymail.com,doctor
913,Wileen,Ferino,Wileen.Ferino@dummymail.com,Wileen.Ferino@dummymail.com,doctor
914,Brietta,Ardra,Brietta.Ardra@dummymail.com,Brietta.Ardra@dummymail.com,firefighter
915,Marsiella,Mata,Marsiella.Mata@dummymail.com,Marsiella.Mata@dummymail.com,police officer
916,Di,Raama,Di.Raama@dummymail.com,Di.Raama@dummymail.com,worker
917,Kirbee,Hylan,Kirbee.Hylan@dummymail.com,Kirbee.Hylan@dummymail.com,firefighter
918,Yetty,Wu,Yetty.Wu@dummymail.com,Yetty.Wu@dummymail.com,firefighter
919,Brietta,Alfons,Brietta.Alfons@dummymail.com,Brietta.Alfons@dummymail.com,doctor
920,Monika,Mich,Monika.Mich@dummymail.com,Monika.Mich@dummymail.com,police officer
921,Lenna,Gaulin,Lenna.Gaulin@dummymail.com,Lenna.Gaulin@dummymail.com,firefighter
922,Gratia,Ralfston,Gratia.Ralfston@dummymail.com,Gratia.Ralfston@dummymail.com,developer
923,Larine,Gilbertson,Larine.Gilbertson@dummymail.com,Larine.Gilbertson@dummymail.com,doctor
924,Hyacinthe,Berl,Hyacinthe.Berl@dummymail.com,Hyacinthe.Berl@dummymail.com,doctor
925,Lusa,Federica,Lusa.Federica@dummymail.com,Lusa.Federica@dummymail.com,police officer
926,Amelia,Crudden,Amelia.Crudden@dummymail.com,Amelia.Crudden@dummymail.com,police officer
927,Raquela,McLaughlin,Raquela.McLaughlin@dummymail.com,Raquela.McLaughlin@dummymail.com,doctor
928,Laure,Palocz,Laure.Palocz@dummymail.com,Laure.Palocz@dummymail.com,worker
929,Heddie,Chaing,Heddie.Chaing@dummymail.com,Heddie.Chaing@dummymail.com,worker
930,Marline,Sophronia,Marline.Sophronia@dummymail.com,Marline.Sophronia@dummymail.com,firefighter
931,Genovera,Nahum,Genovera.Nahum@dummymail.com,Genovera.Nahum@dummymail.com,firefighter
932,Hannis,Gusella,Hannis.Gusella@dummymail.com,Hannis.Gusella@dummymail.com,developer
933,Dotty,Jena,Dotty.Jena@dummymail.com,Dotty.Jena@dummymail.com,firefighter
934,Wendi,Anastatius,Wendi.Anastatius@dummymail.com,Wendi.Anastatius@dummymail.com,worker
935,Chere,Olnee,Chere.Olnee@dummymail.com,Chere.Olnee@dummymail.com,doctor
936,Violet,Marijo,Violet.Marijo@dummymail.com,Violet.Marijo@dummymail.com,doctor
937,Jan,Dash,Jan.Dash@dummymail.com,Jan.Dash@dummymail.com,worker
938,Brana,Bethany,Brana.Bethany@dummymail.com,Brana.Bethany@dummymail.com,firefighter
939,Orelia,Elbertina,Orelia.Elbertina@dummymail.com,Orelia.Elbertina@dummymail.com,firefighter
940,Maisey,Ajay,Maisey.Ajay@dummymail.com,Maisey.Ajay@dummymail.com,police officer
941,Mady,Paine,Mady.Paine@dummymail.com,Mady.Paine@dummymail.com,doctor
942,Jolyn,Wiener,Jolyn.Wiener@dummymail.com,Jolyn.Wiener@dummymail.com,developer
943,Nyssa,Vivle,Nyssa.Vivle@dummymail.com,Nyssa.Vivle@dummymail.com,doctor
944,Bobinette,Bollay,Bobinette.Bollay@dummymail.com,Bobinette.Bollay@dummymail.com,doctor
945,Alleen,Chandler,Alleen.Chandler@dummymail.com,Alleen.Chandler@dummymail.com,firefighter
946,Misha,Haerr,Misha.Haerr@dummymail.com,Misha.Haerr@dummymail.com,doctor
947,Caressa,Dorothy,Caressa.Dorothy@dummymail.com,Caressa.Dorothy@dummymail.com,worker
948,Jennica,Blase,Jennica.Blase@dummymail.com,Jennica.Blase@dummymail.com,worker
949,Dania,Joeann,Dania.Joeann@dummymail.com,Dania.Joeann@dummymail.com,worker
950,Ayn,Yate,Ayn.Yate@dummymail.com,Ayn.Yate@dummymail.com,worker
951,Vanessa,Concha,Vanessa.Concha@dummymail.com,Vanessa.Concha@dummymail.com,police officer
952,Florie,Stephie,Florie.Stephie@dummymail.com,Florie.Stephie@dummymail.com,police officer
953,Sara-Ann,Herrera,Sara-Ann.Herrera@dummymail.com,Sara-Ann.Herrera@dummymail.com,worker
954,Kimberley,Yoko,Kimberley.Yoko@dummymail.com,Kimberley.Yoko@dummymail.com,doctor
955,Merle,Grosz,Merle.Grosz@dummymail.com,Merle.Grosz@dummymail.com,doctor
956,Lita,Eldrid,Lita.Eldrid@dummymail.com,Lita.Eldrid@dummymail.com,doctor
957,Eadie,Anis,Eadie.Anis@dummymail.com,Eadie.Anis@dummymail.com,doctor
958,Evita,Azeria,Evita.Azeria@dummymail.com,Evita.Azeria@dummymail.com,police officer
959,Aubrie,Zrike,Aubrie.Zrike@dummymail.com,Aubrie.Zrike@dummymail.com,developer
960,Ira,Aaberg,Ira.Aaberg@dummymail.com,Ira.Aaberg@dummymail.com,doctor
961,Pamella,Arathorn,Pamella.Arathorn@dummymail.com,Pamella.Arathorn@dummymail.com,worker
962,Orelia,Delacourt,Orelia.Delacourt@dummymail.com,Orelia.Delacourt@dummymail.com,worker
963,Valeda,Tamar,Valeda.Tamar@dummymail.com,Valeda.Tamar@dummymail.com,doctor
964,Dari,Emmy,Dari.Emmy@dummymail.com,Dari.Emmy@dummymail.com,firefighter
965,Micheline,Lymann,Micheline.Lymann@dummymail.com,Micheline.Lymann@dummymail.com,developer
966,Tobe,Ailyn,Tobe.Ailyn@dummymail.com,Tobe.Ailyn@dummymail.com,firefighter
967,Maud,Adalbert,Maud.Adalbert@dummymail.com,Maud.Adalbert@dummymail.com,developer
968,Giustina,Malina,Giustina.Malina@dummymail.com,Giustina.Malina@dummymail.com,firefighter
969,Valera,Erich,Valera.Erich@dummymail.com,Valera.Erich@dummymail.com,police officer
970,Magdalena,Hull,Magdalena.Hull@dummymail.com,Magdalena.Hull@dummymail.com,doctor
971,Cristabel,Kannry,Cristabel.Kannry@dummymail.com,Cristabel.Kannry@dummymail.com,police officer
972,Merle,Gino,Merle.Gino@dummymail.com,Merle.Gino@dummymail.com,firefighter
973,Jobi,Oriana,Jobi.Oriana@dummymail.com,Jobi.Oriana@dummymail.com,firefighter
974,Shandie,Ovid,Shandie.Ovid@dummymail.com,Shandie.Ovid@dummymail.com,police officer
975,Tatiania,Hachmin,Tatiania.Hachmin@dummymail.com,Tatiania.Hachmin@dummymail.com,developer
976,Sallie,Margret,Sallie.Margret@dummymail.com,Sallie.Margret@dummymail.com,doctor
977,Shandie,Hilbert,Shandie.Hilbert@dummymail.com,Shandie.Hilbert@dummymail.com,police officer
978,Britni,Modie,Britni.Modie@dummymail.com,Britni.Modie@dummymail.com,police officer
979,Oralee,Viddah,Oralee.Viddah@dummymail.com,Oralee.Viddah@dummymail.com,doctor
980,Livvyy,Mayeda,Livvyy.Mayeda@dummymail.com,Livvyy.Mayeda@dummymail.com,doctor
981,Sean,Niccolo,Sean.Niccolo@dummymail.com,Sean.Niccolo@dummymail.com,doctor
982,Dominga,Schalles,Dominga.Schalles@dummymail.com,Dominga.Schalles@dummymail.com,doctor
983,Florencia,Oneida,Florencia.Oneida@dummymail.com,Florencia.Oneida@dummymail.com,firefighter
984,Alexine,Morgun,Alexine.Morgun@dummymail.com,Alexine.Morgun@dummymail.com,worker
985,Therine,Zuzana,Therine.Zuzana@dummymail.com,Therine.Zuzana@dummymail.com,doctor
986,Merle,Travax,Merle.Travax@dummymail.com,Merle.Travax@dummymail.com,doctor
987,Debee,Kosey,Debee.Kosey@dummymail.com,Debee.Kosey@dummymail.com,police officer
988,Konstance,Melleta,Konstance.Melleta@dummymail.com,Konstance.Melleta@dummymail.com,firefighter
989,Pearline,Kauppi,Pearline.Kauppi@dummymail.com,Pearline.Kauppi@dummymail.com,police officer
990,Teriann,Nea,Teriann.Nea@dummymail.com,Teriann.Nea@dummymail.com,police officer
991,Taffy,Noelyn,Taffy.Noelyn@dummymail.com,Taffy.Noelyn@dummymail.com,firefighter
992,Annice,Weide,Annice.Weide@dummymail.com,Annice.Weide@dummymail.com,police officer
993,Orsola,Celestine,Orsola.Celestine@dummymail.com,Orsola.Celestine@dummymail.com,doctor
994,Charlena,Pernick,Charlena.Pernick@dummymail.com,Charlena.Pernick@dummymail.com,doctor
995,Trudie,Constancy,Trudie.Constancy@dummymail.com,Trudie.Constancy@dummymail.com,developer
996,Cassondra,Allina,Cassondra.Allina@dummymail.com,Cassondra.Allina@dummymail.com,developer
997,Aigneis,Poppy,Aigneis.Poppy@dummymail.com,Aigneis.Poppy@dummymail.com,developer
998,Giustina,Saint,Giustina.Saint@dummymail.com,Giustina.Saint@dummymail.com,worker
999,Ricky,Minetta,Ricky.Minetta@dummymail.com,Ricky.Minetta@dummymail.com,doctor
1000,Tabbatha,Tannie,Tabbatha.Tannie@dummymail.com,Tabbatha.Tannie@dummymail.com,doctor
1001,Teriann,Glovsky,Teriann.Glovsky@dummymail.com,Teriann.Glovsky@dummymail.com,firefighter
1002,Heida,Bobbee,Heida.Bobbee@dummymail.com,Heida.Bobbee@dummymail.com,worker
1003,Farrah,Milson,Farrah.Milson@dummymail.com,Farrah.Milson@dummymail.com,doctor
1004,Danny,Sigfrid,Danny.Sigfrid@dummymail.com,Danny.Sigfrid@dummymail.com,worker
1005,Kalina,Chem,Kalina.Chem@dummymail.com,Kalina.Chem@dummymail.com,police officer
1006,Sean,Jacqui,Sean.Jacqui@dummymail.com,Sean.Jacqui@dummymail.com,developer
1007,Kaia,Goddard,Kaia.Goddard@dummymail.com,Kaia.Goddard@dummymail.com,firefighter
1008,Theodora,Eldrid,Theodora.Eldrid@dummymail.com,Theodora.Eldrid@dummymail.com,developer
1009,Lauryn,Nore,Lauryn.Nore@dummymail.com,Lauryn.Nore@dummymail.com,developer
1010,Edith,Wooster,Edith.Wooster@dummymail.com,Edith.Wooster@dummymail.com,firefighter
1011,Tina,Ietta,Tina.Ietta@dummymail.com,Tina.Ietta@dummymail.com,doctor
1012,June,Kosey,June.Kosey@dummymail.com,June.Kosey@dummymail.com,doctor
1013,Kial,Pernick,Kial.Pernick@dummymail.com,Kial.Pernick@dummymail.com,doctor
1014,Chere,Cookie,Chere.Cookie@dummymail.com,Chere.Cookie@dummymail.com,worker
1015,Dede,Soneson,Dede.Soneson@dummymail.com,Dede.Soneson@dummymail.com,developer
1016,Max,Jaylene,Max.Jaylene@dummymail.com,Max.Jaylene@dummymail.com,worker
1017,Ira,Quinn,Ira.Quinn@dummymail.com,Ira.Quinn@dummymail.com,developer
1018,Lulita,Amand,Lulita.Amand@dummymail.com,Lulita.Amand@dummymail.com,doctor
1019,Carolina,Lenny,Carolina.Lenny@dummymail.com,Carolina.Lenny@dummymail.com,doctor
1020,Concettina,Arvo,Concettina.Arvo@dummymail.com,Concettina.Arvo@dummymail.com,worker
1021,Tiffie,Suk,Tiffie.Suk@dummymail.com,Tiffie.Suk@dummymail.com,firefighter
1022,Jsandye,Eliathas,Jsandye.Eliathas@dummymail.com,Jsandye.Eliathas@dummymail.com,worker
1023,Barbi,Ursulette,Barbi.Ursulette@dummymail.com,Barbi.Ursulette@dummymail.com,developer
1024,Hermione,Laverne,Hermione.Laverne@dummymail.com,Hermione.Laverne@dummymail.com,worker
1025,Elyssa,Vittoria,Elyssa.Vittoria@dummymail.com,Elyssa.Vittoria@dummymail.com,developer
1026,Fayre,Means,Fayre.Means@dummymail.com,Fayre.Means@dummymail.com,police officer
1027,Allis,Sigfrid,Allis.Sigfrid@dummymail.com,Allis.Sigfrid@dummymail.com,police officer
1028,Elora,Karl,Elora.Karl@dummymail.com,Elora.Karl@dummymail.com,developer
1029,Katuscha,Faro,Katuscha.Faro@dummymail.com,Katuscha.Faro@dummymail.com,developer
1030,Marline,Klotz,Marline.Klotz@dummymail.com,Marline.Klotz@dummymail.com,developer
1031,Allis,Rosemary,Allis.Rosemary@dummymail.com,Allis.Rosemary@dummymail.com,doctor
1032,Valli,Justinn,Valli.Justinn@dummymail.com,Valli.Justinn@dummymail.com,worker
1033,Alexine,Edison,Alexine.Edison@dummymail.com,Alexine.Edison@dummymail.com,firefighter
1034,Kial,Skurnik,Kial.Skurnik@dummymail.com,Kial.Skurnik@dummymail.com,police officer
1035,Brana,Kaete,Brana.Kaete@dummymail.com,Brana.Kaete@dummymail.com,firefighter
1036,Ottilie,Bonilla,Ottilie.Bonilla@dummymail.com,Ottilie.Bonilla@dummymail.com,worker
1037,Robinia,Noelyn,Robinia.Noelyn@dummymail.com,Robinia.Noelyn@dummymail.com,police officer
1038,Marsiella,My,Marsiella.My@dummymail.com,Marsiella.My@dummymail.com,developer
1039,Dennie,Peg,Dennie.Peg@dummymail.com,Dennie.Peg@dummymail.com,firefighter
1040,Tamqrah,Burch,Tamqrah.Burch@dummymail.com,Tamqrah.Burch@dummymail.com,developer
1041,Joeann,Luhe,Joeann.Luhe@dummymail.com,Joeann.Luhe@dummymail.com,firefighter
1042,Elka,Tacye,Elka.Tacye@dummymail.com,Elka.Tacye@dummymail.com,doctor
1043,Cassondra,Daveta,Cassondra.Daveta@dummymail.com,Cassondra.Daveta@dummymail.com,firefighter
1044,Ardys,MacIntosh,Ardys.MacIntosh@dummymail.com,Ardys.MacIntosh@dummymail.com,police officer
1045,Drucie,Gunn,Drucie.Gunn@dummymail.com,Drucie.Gunn@dummymail.com,firefighter
1046,Shauna,Sherrie,Shauna.Sherrie@dummymail.com,Shauna.Sherrie@dummymail.com,firefighter
1047,Angela,Michella,Angela.Michella@dummymail.com,Angela.Michella@dummymail.com,worker
1048,Kellen,Septima,Kellen.Septima@dummymail.com,Kellen.Septima@dummymail.com,worker
1049,Codie,Alrich,Codie.Alrich@dummymail.com,Codie.Alrich@dummymail.com,worker
1050,Wynne,Wadell,Wynne.Wadell@dummymail.com,Wynne.Wadell@dummymail.com,firefighter
1051,Kittie,Zeeba,Kittie.Zeeba@dummymail.com,Kittie.Zeeba@dummymail.com,developer
1052,Peri,Ardeha,Peri.Ardeha@dummymail.com,Peri.Ardeha@dummymail.com,developer
1053,Kaia,Berard,Kaia.Berard@dummymail.com,Kaia.Berard@dummymail.com,developer
1054,Jaime,Arvo,Jaime.Arvo@dummymail.com,Jaime.Arvo@dummymail.com,police officer
1055,Gusella,Modie,Gusella.Modie@dummymail.com,Gusella.Modie@dummymail.com,firefighter
1056,Sindee,Iaverne,Sindee.Iaverne@dummymail.com,Sindee.Iaverne@dummymail.com,developer
1057,Ardys,Philoo,Ardys.Philoo@dummymail.com,Ardys.Philoo@dummymail.com,worker
1058,Etta,Kirstin,Etta.Kirstin@dummymail.com,Etta.Kirstin@dummymail.com,doctor
1059,Cissiee,Syd,Cissiee.Syd@dummymail.com,Cissiee.Syd@dummymail.com,doctor
1060,Corene,Knowling,Corene.Knowling@dummymail.com,Corene.Knowling@dummymail.com,worker
1061,Sibella,Darian,Sibella.Darian@dummymail.com,Sibella.Darian@dummymail.com,firefighter
1062,Celestyna,Demitria,Celestyna.Demitria@dummymail.com,Celestyna.Demitria@dummymail.com,firefighter
1063,Ginnie,Daniele,Ginnie.Daniele@dummymail.com,Ginnie.Daniele@dummymail.com,doctor
1064,Kellen,Camden,Kellen.Camden@dummymail.com,Kellen.Camden@dummymail.com,police officer
1065,Carol-Jean,Whiffen,Carol-Jean.Whiffen@dummymail.com,Carol-Jean.Whiffen@dummymail.com,police officer
1066,Vinita,Pip,Vinita.Pip@dummymail.com,Vinita.Pip@dummymail.com,doctor
1067,Flory,Dudley,Flory.Dudley@dummymail.com,Flory.Dudley@dummymail.com,firefighter
1068,Ardenia,Magdalen,Ardenia.Magdalen@dummymail.com,Ardenia.Magdalen@dummymail.com,developer
1069,Consuela,Love,Consuela.Love@dummymail.com,Consuela.Love@dummymail.com,police officer
1070,Leontine,Cookie,Leontine.Cookie@dummymail.com,Leontine.Cookie@dummymail.com,firefighter
1071,Trixi,Kannry,Trixi.Kannry@dummymail.com,Trixi.Kannry@dummymail.com,worker
1072,Mireielle,Tacye,Mireielle.Tacye@dummymail.com,Mireielle.Tacye@dummymail.com,firefighter
1073,Christy,Gladstone,Christy.Gladstone@dummymail.com,Christy.Gladstone@dummymail.com,doctor
1074,Cathyleen,Zaslow,Cathyleen.Zaslow@dummymail.com,Cathyleen.Zaslow@dummymail.com,worker
1075,Dode,Jeanne,Dode.Jeanne@dummymail.com,Dode.Jeanne@dummymail.com,doctor
1076,Arlina,Wilona,Arlina.Wilona@dummymail.com,Arlina.Wilona@dummymail.com,doctor
1077,Magdalena,Colleen,Magdalena.Colleen@dummymail.com,Magdalena.Colleen@dummymail.com,developer
1078,Dennie,Ader,Dennie.Ader@dummymail.com,Dennie.Ader@dummymail.com,developer
1079,Arlena,Donoghue,Arlena.Donoghue@dummymail.com,Arlena.Donoghue@dummymail.com,police officer
1080,Anica,Byrne,Anica.Byrne@dummymail.com,Anica.Byrne@dummymail.com,police officer
1081,Peri,Moina,Peri.Moina@dummymail.com,Peri.Moina@dummymail.com,developer
1082,Marjie,Hebner,Marjie.Hebner@dummymail.com,Marjie.Hebner@dummymail.com,doctor
1083,Concettina,Tatianas,Concettina.Tatianas@dummymail.com,Concettina.Tatianas@dummymail.com,doctor
1084,Aigneis,Yerkovich,Aigneis.Yerkovich@dummymail.com,Aigneis.Yerkovich@dummymail.com,firefighter
1085,Donnie,Yorick,Donnie.Yorick@dummymail.com,Donnie.Yorick@dummymail.com,doctor
1086,Lorne,Lalitta,Lorne.Lalitta@dummymail.com,Lorne.Lalitta@dummymail.com,police officer
1087,Jolyn,Brieta,Jolyn.Brieta@dummymail.com,Jolyn.Brieta@dummymail.com,developer
1088,Chickie,Naor,Chickie.Naor@dummymail.com,Chickie.Naor@dummymail.com,developer
1089,Bill,Eliathas,Bill.Eliathas@dummymail.com,Bill.Eliathas@dummymail.com,developer
1090,Amii,Glovsky,Amii.Glovsky@dummymail.com,Amii.Glovsky@dummymail.com,firefighter
1091,Paulita,Elsinore,Paulita.Elsinore@dummymail.com,Paulita.Elsinore@dummymail.com,police officer
1092,Chere,Zenas,Chere.Zenas@dummymail.com,Chere.Zenas@dummymail.com,police officer
1093,Fernande,Robertson,Fernande.Robertson@dummymail.com,Fernande.Robertson@dummymail.com,firefighter
1094,Pierette,Kussell,Pierette.Kussell@dummymail.com,Pierette.Kussell@dummymail.com,developer
1095,Myriam,Serilda,Myriam.Serilda@dummymail.com,Myriam.Serilda@dummymail.com,developer
1096,Sashenka,Brotherson,Sashenka.Brotherson@dummymail.com,Sashenka.Brotherson@dummymail.com,developer
1097,Darlleen,Maisey,Darlleen.Maisey@dummymail.com,Darlleen.Maisey@dummymail.com,developer
1098,Cindelyn,Primalia,Cindelyn.Primalia@dummymail.com,Cindelyn.Primalia@dummymail.com,doctor
1099,Esmeralda,Xerxes,Esmeralda.Xerxes@dummymail.com,Esmeralda.Xerxes@dummymail.com,doctor