id,firstname,lastname,email,email2,profession
100,Charmaine,Chrystel,Charmaine.Chrystel@dummymail.com,Charmaine.Chrystel@dummymail.com,worker
101,Gretal,Wind,Gretal.Wind@dummymail.com,Gretal.Wind@dummymail.com,doctor
102,Kial,Dearborn,Kial.Dearborn@dummymail.com,Kial.Dearborn@dummymail.com,developer
103,Florie,Amethist,Florie.Amethist@dummymail.com,Florie.Amethist@dummymail.com,firefighter
104,Tersina,Stav,Tersina.Stav@dummymail.com,Tersina.Stav@dummymail.com,developer
105,Ivett,Hollingsworth,Ivett.Hollingsworth@dummymail.com,Ivett.Hollingsworth@dummymail.com,firefighter
106,Vanessa,Westphal,Vanessa.Westphal@dummymail.com,Vanessa.Westphal@dummymail.com,doctor
107,Gertrud,Claudine,Gertrud.Claudine@dummymail.com,Gertrud.Claudine@dummymail.com,firefighter
108,Calla,Cottle,Calla.Cottle@dummymail.com,Calla.Cottle@dummymail.com,worker
109,Gwyneth,Callista,Gwyneth.Callista@dummymail.com,Gwyneth.Callista@dummymail.com,worker
110,Jaime,Millda,Jaime.Millda@dummymail.com,Jaime.Millda@dummymail.com,developer
111,Alie,Noelyn,Alie.Noelyn@dummymail.com,Alie.Noelyn@dummymail.com,police officer
112,Lizzie,Garlinda,Lizzie.Garlinda@dummymail.com,Lizzie.Garlinda@dummymail.com,doctor
113,Marti,Gavrila,Marti.Gavrila@dummymail.com,Marti.Gavrila@dummymail.com,worker
114,Donnie,Tybald,Donnie.Tybald@dummymail.com,Donnie.Tybald@dummymail.com,developer
115,Sherrie,Borrell,Sherrie.Borrell@dummymail.com,Sherrie.Borrell@dummymail.com,doctor
116,Cindelyn,Arne,Cindelyn.Arne@dummymail.com,Cindelyn.Arne@dummymail.com,developer
117,Fina,Loleta,Fina.Loleta@dummymail.com,Fina.Loleta@dummymail.com,police officer
118,Florencia,Cristi,Florencia.Cristi@dummymail.com,Florencia.Cristi@dummymail.com,worker
119,Yetty,Gherardo,Yetty.Gherardo@dummymail.com,Yetty.Gherardo@dummymail.com,worker
120,Alisha,Katrine,Alisha.Katrine@dummymail.com,Alisha.Katrine@dummymail.com,developer
121,Ofilia,Pettiford,Ofilia.Pettiford@dummymail.com,Ofilia.Pettiford@dummymail.com,firefighter
122,Gaylene,Evangelia,Gaylene.Evangelia@dummymail.com,Gaylene.Evangelia@dummymail.com,police officer
123,Queenie,Atonsah,Queenie.Atonsah@dummymail.com,Queenie.Atonsah@dummymail.com,worker
124,Meghann,Krystle,Meghann.Krystle@dummymail.com,Meghann.Krystle@dummymail.com,doctor
125,Sandie,Salvidor,Sandie.Salvidor@dummymail.com,Sandie.Salvidor@dummymail.com,developer
126,Mallory,Hamil,Mallory.Hamil@dummymail.com,Mallory.Hamil@dummymail.com,police officer
127,Gilda,Emmaline,Gilda.Emmaline@dummymail.com,Gilda.Emmaline@dummymail.com,doctor
128,Minda,Millda,Minda.Millda@dummymail.com,Minda.Millda@dummymail.com,police officer
129,Estell,Seessel,Estell.Seessel@dummymail.com,Estell.Seessel@dummymail.com,firefighter
130,Orsola,Trey,Orsola.Trey@dummymail.com,Orsola.Trey@dummymail.com,police officer
131,Ebonee,Newell,Ebonee.Newell@dummymail.com,Ebonee.Newell@dummymail.com,police officer
132,Jinny,McNully,Jinny.McNully@dummymail.com,Jinny.McNully@dummymail.com,worker
133,Kristan,Llovera,Kristan.Llovera@dummymail.com,Kristan.Llovera@dummymail.com,worker
134,Genevra,Jehu,Genevra.Jehu@dummymail.com,Genevra.Jehu@dummymail.com,developer
135,Tracey,Ricki,Tracey.Ricki@dummymail.com,Tracey.Ricki@dummymail.com,police officer
136,Rori,Jacinda,Rori.Jacinda@dummymail.com,Rori.Jacinda@dummymail.com,developer
137,Petronia,Ardeha,Petronia.Ardeha@dummymail.com,Petronia.Ardeha@dummymail.com,doctor
138,Vinita,Mike,Vinita.Mike@dummymail.com,Vinita.Mike@dummymail.com,developer
139,Celestyna,Zenas,Celestyna.Zenas@dummymail.com,Celestyna.Zenas@dummymail.com,worker
140,Katharina,Ulphia,Katharina.Ulphia@dummymail.com,Katharina.Ulphia@dummymail.com,police officer
141,Sheelagh,Chapland,Sheelagh.Chapland@dummymail.com,Sheelagh.Chapland@dummymail.com,developer
142,Janis,Maryanne,Janis.Maryanne@dummymail.com,Janis.Maryanne@dummymail.com,police officer
143,Belva,Bettine,Belva.Bettine@dummymail.com,Belva.Bettine@dummymail.com,police officer
144,Collen,Armanda,Collen.Armanda@dummymail.com,Collen.Armanda@dummymail.com,firefighter
145,Zaria,Magdalen,Zaria.Magdalen@dummymail.com,Zaria.Magdalen@dummymail.com,police officer
146,Janey,Lytton,Janey.Lytton@dummymail.com,Janey.Lytton@dummymail.com,police officer
147,Robbi,Cohdwell,Robbi.Cohdwell@dummymail.com,Robbi.Cohdwell@dummymail.com,worker
148,Raquela,Lorain,Raquela.Lorain@dummymail.com,Raquela.Lorain@dummymail.com,developer
149,Magdalena,Klotz,Magdalena.Klotz@dummymail.com,Magdalena.Klotz@dummymail.com,police officer
150,Andeee,Winnick,Andeee.Winnick@dummymail.com,Andeee.Winnick@dummymail.com,firefighter
151,Ardys,Daniele,Ardys.Daniele@dummymail.com,Ardys.Daniele@dummymail.com,doctor
152,Ida,Crudden,Ida.Crudden@dummymail.com,Ida.Crudden@dummymail.com,police officer
153,Modestia,Joli,Modestia.Joli@dummymail.com,Modestia.Joli@dummymail.com,police officer
154,Eve,Charmine,Eve.Charmine@dummymail.com,Eve.Charmine@dummymail.com,worker
155,Paule,Heidt,Paule.Heidt@dummymail.com,Paule.Heidt@dummymail.com,police officer
156,Jenda,Waldron,Jenda.Waldron@dummymail.com,Jenda.Waldron@dummymail.com,police officer
157,Lita,Noman,Lita.Noman@dummymail.com,Lita.Noman@dummymail.com,worker
158,Liana,Angelis,Liana.Angelis@dummymail.com,Liana.Angelis@dummymail.com,police officer
159,Vanessa,Teryn,Vanessa.Teryn@dummymail.com,Vanessa.Teryn@dummymail.com,doctor
160,Juliane,Concha,Juliane.Concha@dummymail.com,Juliane.Concha@dummymail.com,developer
161,Karina,Delila,Karina.Delila@dummymail.com,Karina.Delila@dummymail.com,police officer
162,Kaia,Wandie,Kaia.Wandie@dummymail.com,Kaia.Wandie@dummymail.com,developer
163,Elsie,Hamil,Elsie.Hamil@dummymail.com,Elsie.Hamil@dummymail.com,firefighter
164,Carly,Lesley,Carly.Lesley@dummymail.com,Carly.Lesley@dummymail.com,police officer
165,Elena,Dudley,Elena.Dudley@dummymail.com,Elena.Dudley@dummymail.com,firefighter
166,Randa,Carlson,Randa.Carlson@dummymail.com,Randa.Carlson@dummymail.com,police officer
167,Rani,Orelee,Rani.Orelee@dummymail.com,Rani.Orelee@dummymail.com,firefighter
168,Lucille,Rad,Lucille.Rad@dummymail.com,Lucille.Rad@dummymail.com,firefighter
169,Christal,Casimir,Christal.Casimir@dummymail.com,Christal.Casimir@dummymail.com,doctor
170,Stevana,Buffum,Stevana.Buffum@dummymail.com,Stevana.Buffum@dummymail.com,developer
171,Cathyleen,Lasley,Cathyleen.Lasley@dummymail.com,Cathyleen.Lasley@dummymail.com,developer
172,Katharina,Westphal,Katharina.Westphal@dummymail.com,Katharina.Westphal@dummymail.com,police officer
173,Cam,Kinnard,Cam.Kinnard@dummymail.com,Cam.Kinnard@dummymail.com,developer
174,Marnia,Grobe,Marnia.Grobe@dummymail.com,Marnia.Grobe@dummymail.com,worker
175,Elise,Elsinore,Elise.Elsinore@dummymail.com,Elise.Elsinore@dummymail.com,developer
176,Olivette,Anestassia,Olivette.Anestassia@dummymail.com,Olivette.Anestassia@dummymail.com,developer
177,Roslyn,Valoniah,Roslyn.Valoniah@dummymail.com,Roslyn.Valoniah@dummymail.com,doctor
178,Audrie,Schroth,Audrie.Schroth@dummymail.com,Audrie.Schroth@dummymail.com,doctor
179,Florie,Mata,Florie.Mata@dummymail.com,Florie.Mata@dummymail.com,worker
180,Genovera,McClimans,Genovera.McClimans@dummymail.com,Genovera.McClimans@dummymail.com,police officer
181,Valeda,Anyah,Valeda.Anyah@dummymail.com,Valeda.Anyah@dummymail.com,firefighter
182,Tiffie,Hashim,Tiffie.Hashim@dummymail.com,Tiffie.Hashim@dummymail.com,developer
183,Lisette,Rosemary,Lisette.Rosemary@dummymail.com,Lisette.Rosemary@dummymail.com,worker
184,Jessamyn,Thema,Jessamyn.Thema@dummymail.com,Jessamyn.Thema@dummymail.com,doctor
185,Fayre,Campball,Fayre.Campball@dummymail.com,Fayre.Campball@dummymail.com,worker
186,Vanessa,Tengdin,Vanessa.Tengdin@dummymail.com,Vanessa.Tengdin@dummymail.com,doctor
187,Cassondra,Tryck,Cassondra.Tryck@dummymail.com,Cassondra.Tryck@dummymail.com,police officer
188,Daryl,Alva,Daryl.Alva@dummymail.com,Daryl.Alva@dummymail.com,doctor
189,Elena,Loring,Elena.Loring@dummymail.com,Elena.Loring@dummymail.com,firefighter
190,Kristina,Prober,Kristina.Prober@dummymail.com,Kristina.Prober@dummymail.com,doctor
191,Lelah,Means,Lelah.Means@dummymail.com,Lelah.Means@dummymail.com,developer
192,Amii,Anis,Amii.Anis@dummymail.com,Amii.Anis@dummymail.com,firefighter
193,Sabina,Nelsen,Sabina.Nelsen@dummymail.com,Sabina.Nelsen@dummymail.com,worker
194,Anica,Cristi,Anica.Cristi@dummymail.com,Anica.Cristi@dummymail.com,doctor
195,Nessie,Melan,Nessie.Melan@dummymail.com,Nessie.Melan@dummymail.com,worker
196,Mary,Calhoun,Mary.Calhoun@dummymail.com,Mary.Calhoun@dummymail.com,doctor
197,Leontine,Rese,Leontine.Rese@dummymail.com,Leontine.Rese@dummymail.com,firefighter
198,Kore,Hertzfeld,Kore.Hertzfeld@dummymail.com,Kore.Hertzfeld@dummymail.com,developer
199,Candy,Kolnick,Candy.Kolnick@dummymail.com,Candy.Kolnick@dummymail.com,developer
200,Tina,Modie,Tina.Modie@dummymail.com,Tina.Modie@dummymail.com,developer
201,Rivalee,Shaver,Rivalee.Shaver@dummymail.com,Rivalee.Shaver@dummymail.com,developer
202,Adore,Melleta,Adore.Melleta@dummymail.com,Adore.Melleta@dummymail.com,firefighter
203,Perry,Mozelle,Perry.Mozelle@dummymail.com,Perry.Mozelle@dummymail.com,firefighter
204,Monika,Ferino,Monika.Ferino@dummymail.com,Monika.Ferino@dummymail.com,doctor
205,Albertina,Bollay,Albertina.Bollay@dummymail.com,Albertina.Bollay@dummymail.com,doctor
206,Alex,Nicoline,Alex.Nicoline@dummymail.com,Alex.Nicoline@dummymail.com,worker
207,Alejandra,Nedrud,Alejandra.Nedrud@dummymail.com,Alejandra.Nedrud@dummymail.com,worker
208,Bernie,Charmine,Bernie.Charmine@dummymail.com,Bernie.Charmine@dummymail.com,developer
209,Anallese,Gaal,Anallese.Gaal@dummymail.com,Anallese.Gaal@dummymail.com,doctor
210,Philis,Naashom,Philis.Naashom@dummymail.com,Philis.Naashom@dummymail.com,police officer
211,Cassondra,Isacco,Cassondra.Isacco@dummymail.com,Cassondra.Isacco@dummymail.com,doctor
212,Lorne,Abram,Lorne.Abram@dummymail.com,Lorne.Abram@dummymail.com,worker
213,Jsandye,Atonsah,Jsandye.Atonsah@dummymail.com,Jsandye.Atonsah@dummymail.com,worker
214,Kamilah,Tremayne,Kamilah.Tremayne@dummymail.com,Kamilah.Tremayne@dummymail.com,worker
215,Lynde,Randene,Lynde.Randene@dummymail.com,Lynde.Randene@dummymail.com,firefighter
216,Ezmeralda,Masao,Ezmeralda.Masao@dummymail.com,Ezmeralda.Masao@dummymail.com,police officer
217,Dominga,Rodmann,Dominga.Rodmann@dummymail.com,Dominga.Rodmann@dummymail.com,developer
218,Dale,Heisel,Dale.Heisel@dummymail.com,Dale.Heisel@dummymail.com,developer
219,Ana,Danby,Ana.Danby@dummymail.com,Ana.Danby@dummymail.com,developer
220,Millie,Brunell,Millie.Brunell@dummymail.com,Millie.Brunell@dummymail.com,police officer
221,Tamqrah,Pearse,Tamqrah.Pearse@dummymail.com,Tamqrah.Pearse@dummymail.com,police officer
222,Kristan,McAdams,Kristan.McAdams@dummymail.com,Kristan.McAdams@dummymail.com,worker
223,Celisse,Tice,Celisse.Tice@dummymail.com,Celisse.Tice@dummymail.com,worker
224,Veda,Lail,Veda.Lail@dummymail.com,Veda.Lail@dummymail.com,doctor
225,Sandie,Rooney,Sandie.Rooney@dummymail.com,Sandie.Rooney@dummymail.com,firefighter
226,Helsa,Randene,Helsa.Randene@dummymail.com,Helsa.Randene@dummymail.com,worker
227,Willetta,Cohdwell,Willetta.Cohdwell@dummymail.com,Willetta.Cohdwell@dummymail.com,doctor
228,Lesly,Allina,Lesly.Allina@dummymail.com,Lesly.Allina@dummymail.com,developer
229,Tybie,Halsey,Tybie.Halsey@dummymail.com,Tybie.Halsey@dummymail.com,worker
230,Daune,Zenas,Daune.Zenas@dummymail.com,Daune.Zenas@dummymail.com,police officer
231,Oona,Lindemann,Oona.Lindemann@dummymail.com,Oona.Lindemann@dummymail.com,doctor
232,Emmey,Nisbet,Emmey.Nisbet@dummymail.com,Emmey.Nisbet@dummymail.com,doctor
233,Gui,Rustice,Gui.Rustice@dummymail.com,Gui.Rustice@dummymail.com,firefighter
234,Norine,Cottle,Norine.Cottle@dummymail.com,Norine.Cottle@dummymail.com,worker
235,Atlanta,Old,Atlanta.Old@dummymail.com,Atlanta.Old@dummymail.com,firefighter
236,Ermengarde,Wilkinson,Ermengarde.Wilkinson@dummymail.com,Ermengarde.Wilkinson@dummymail.com,doctor
237,Paulita,Rheingold,Paulita.Rheingold@dummymail.com,Paulita.Rheingold@dummymail.com,doctor
238,Tiffie,Florina,Tiffie.Florina@dummymail.com,Tiffie.Florina@dummymail.com,police officer
239,Annecorinne,Stephie,Annecorinne.Stephie@dummymail.com,Annecorinne.Stephie@dummymail.com,police officer
240,Belva,Daegal,Belva.Daegal@dummymail.com,Belva.Daegal@dummymail.com,developer
241,Amara,Vorster,Amara.Vorster@dummymail.com,Amara.Vorster@dummymail.com,firefighter
242,Barbi,Hazlett,Barbi.Hazlett@dummymail.com,Barbi.Hazlett@dummymail.com,developer
243,Lusa,McNully,Lusa.McNully@dummymail.com,Lusa.McNully@dummymail.com,firefighter
244,Flory,Love,Flory.Love@dummymail.com,Flory.Love@dummymail.com,firefighter
245,Di,Timon,Di.Timon@dummymail.com,Di.Timon@dummymail.com,developer
246,Gusty,Loring,Gusty.Loring@dummymail.com,Gusty.Loring@dummymail.com,police officer
247,Loree,Laurianne,Loree.Laurianne@dummymail.com,Loree.Laurianne@dummymail.com,firefighter
248,Ingrid,Simmonds,Ingrid.Simmonds@dummymail.com,Ingrid.Simmonds@dummymail.com,developer
249,Leontine,Tiffa,Leontine.Tiffa@dummymail.com,Leontine.Tiffa@dummymail.com,developer
250,Sindee,Alcott,Sindee.Alcott@dummymail.com,Sindee.Alcott@dummymail.com,doctor
251,Mallory,Thar,Mallory.Thar@dummymail.com,Mallory.Thar@dummymail.com,firefighter
252,Reeba,Hermes,Reeba.Hermes@dummymail.com,Reeba.Hermes@dummymail.com,doctor
253,Claudina,Gaynor,Claudina.Gaynor@dummymail.com,Claudina.Gaynor@dummymail.com,firefighter
254,Blake,Melleta,Blake.Melleta@dummymail.com,Blake.Melleta@dummymail.com,worker
255,Beverley,Schalles,Beverley.Schalles@dummymail.com,Beverley.Schalles@dummymail.com,firefighter
256,Brana,Kannry,Brana.Kannry@dummymail.com,Brana.Kannry@dummymail.com,firefighter
257,Joy,Ivens,Joy.Ivens@dummymail.com,Joy.Ivens@dummymail.com,police officer
258,Ariela,Kristi,Ariela.Kristi@dummymail.com,Ariela.Kristi@dummymail.com,doctor
259,Annabela,Gerge,Annabela.Gerge@dummymail.com,Annabela.Gerge@dummymail.com,police officer
260,Annice,Knowling,Annice.Knowling@dummymail.com,Annice.Knowling@dummymail.com,doctor
261,Eugine,Freddi,Eugine.Freddi@dummymail.com,Eugine.Freddi@dummymail.com,developer
262,Viki,Liebermann,Viki.Liebermann@dummymail.com,Viki.Liebermann@dummymail.com,doctor
263,Cyndie,Chrystel,Cyndie.Chrystel@dummymail.com,Cyndie.Chrystel@dummymail.com,worker
264,Jan,Sigfrid,Jan.Sigfrid@dummymail.com,Jan.Sigfrid@dummymail.com,doctor
265,Doralynne,Pettiford,Doralynne.Pettiford@dummymail.com,Doralynne.Pettiford@dummymail.com,doctor
266,Alyda,Hunfredo,Alyda.Hunfredo@dummymail.com,Alyda.Hunfredo@dummymail.com,doctor
267,Ada,Mandler,Ada.Mandler@dummymail.com,Ada.Mandler@dummymail.com,firefighter
268,Sheelagh,Soneson,Sheelagh.Soneson@dummymail.com,Sheelagh.Soneson@dummymail.com,police officer
269,Tressa,Quent,Tressa.Quent@dummymail.com,Tressa.Quent@dummymail.com,doctor
270,Winifred,Adalbert,Winifred.Adalbert@dummymail.com,Winifred.Adalbert@dummymail.com,worker
271,Susan,Casimir,Susan.Casimir@dummymail.com,Susan.Casimir@dummymail.com,firefighter
272,Larine,Shaddock,Larine.Shaddock@dummymail.com,Larine.Shaddock@dummymail.com,developer
273,Alisha,Ralfston,Alisha.Ralfston@dummymail.com,Alisha.Ralfston@dummymail.com,worker
274,Donnie,Lamoree,Donnie.Lamoree@dummymail.com,Donnie.Lamoree@dummymail.com,doctor
275,Cissiee,Nore,Cissiee.Nore@dummymail.com,Cissiee.Nore@dummymail.com,firefighter
276,Elyssa,Beebe,Elyssa.Beebe@dummymail.com,Elyssa.Beebe@dummymail.com,worker
277,Corry,Jenness,Corry.Jenness@dummymail.com,Corry.Jenness@dummymail.com,worker
278,Genovera,Penelopa,Genovera.Penelopa@dummymail.com,Genovera.Penelopa@dummymail.com,developer
279,Charissa,Cosenza,Charissa.Cosenza@dummymail.com,Charissa.Cosenza@dummymail.com,developer
280,Dolli,Torray,Dolli.Torray@dummymail.com,Dolli.Torray@dummymail.com,firefighter
281,Eve,Byrne,Eve.Byrne@dummymail.com,Eve.Byrne@dummymail.com,police officer
282,Hallie,Sheng,Hallie.Sheng@dummymail.com,Hallie.Sheng@dummymail.com,doctor
283,Jan,Soneson,Jan.Soneson@dummymail.com,Jan.Soneson@dummymail.com,firefighter
284,Tiffie,Fry,Tiffie.Fry@dummymail.com,Tiffie.Fry@dummymail.com,doctor
285,Celene,Lanita,Celene.Lanita@dummymail.com,Celene.Lanita@dummymail.com,developer
286,Queenie,Xerxes,Queenie.Xerxes@dummymail.com,Queenie.Xerxes@dummymail.com,police officer
287,Moyna,Belldas,Moyna.Belldas@dummymail.com,Moyna.Belldas@dummymail.com,developer
288,Dagmar,Wallis,Dagmar.Wallis@dummymail.com,Dagmar.Wallis@dummymail.com,firefighter
289,Deloria,Martguerita,Deloria.Martguerita@dummymail.com,Deloria.Martguerita@dummymail.com,doctor
290,Jenda,Tatianas,Jenda.Tatianas@dummymail.com,Jenda.Tatianas@dummymail.com,doctor
291,Madalyn,Zetta,Madalyn.Zetta@dummymail.com,Madalyn.Zetta@dummymail.com,police officer
292,Mignon,Masao,Mignon.Masao@dummymail.com,Mignon.Masao@dummymail.com,doctor
293,Julieta,Codding,Julieta.Codding@dummymail.com,Julieta.Codding@dummymail.com,worker
294,Kirbee,Gower,Kirbee.Gower@dummymail.com,Kirbee.Gower@dummymail.com,police officer
295,Annaliese,Gemini,Annaliese.Gemini@dummymail.com,Annaliese.Gemini@dummymail.com,doctor
296,Zaria,Maiah,Zaria.Maiah@dummymail.com,Zaria.Maiah@dummymail.com,doctor
297,Leontine,Ricki,Leontine.Ricki@dummymail.com,Leontine.Ricki@dummymail.com,worker
298,Shel,Strephon,Shel.Strephon@dummymail.com,Shel.Strephon@dummymail.com,worker
299,Aurelie,Peg,Aurelie.Peg@dummymail.com,Aurelie.Peg@dummymail.com,doctor
300,Kathi,Jorgan,Kathi.Jorgan@dummymail.com,Kathi.Jorgan@dummymail.com,police officer
301,Nessie,Kellby,Nessie.Kellby@dummymail.com,Nessie.Kellby@dummymail.com,police officer
302,Lynea,Naashom,Lynea.Naashom@dummymail.com,Lynea.Naashom@dummymail.com,worker
303,Gretal,Kazimir,Gretal.Kazimir@dummymail.com,Gretal.Kazimir@dummymail.com,worker
304,Melanie,Middleton,Melanie.Middleton@dummymail.com,Melanie.Middleton@dummymail.com,police officer
305,Kaja,Dearborn,Kaja.Dearborn@dummymail.com,Kaja.Dearborn@dummymail.com,worker
306,Elfreda,Lacombe,Elfreda.Lacombe@dummymail.com,Elfreda.Lacombe@dummymail.com,police officer
307,Kylynn,Bouchard,Kylynn.Bouchard@dummymail.com,Kylynn.Bouchard@dummymail.com,worker
308,Georgina,Roumell,Georgina.Roumell@dummymail.com,Georgina.Roumell@dummymail.com,police officer
309,Letizia,Robertson,Letizia.Robertson@dummymail.com,Letizia.Robertson@dummymail.com,doctor
310,Priscilla,Lareena,Priscilla.Lareena@dummymail.com,Priscilla.Lareena@dummymail.com,police officer
311,Xylina,Hieronymus,Xylina.Hieronymus@dummymail.com,Xylina.Hieronymus@dummymail.com,firefighter
312,Mara,Lasley,Mara.Lasley@dummymail.com,Mara.Lasley@dummymail.com,firefighter
313,Cassondra,Lunsford,Cassondra.Lunsford@dummymail.com,Cassondra.Lunsford@dummymail.com,worker
314,Ariela,Sidonius,Ariela.Sidonius@dummymail.com,Ariela.Sidonius@dummymail.com,worker
315,Mellicent,Lymann,Mellicent.Lymann@dummymail.com,Mellicent.Lymann@dummymail.com,doctor
316,Pierette,Cullin,Pierette.Cullin@dummymail.com,Pierette.Cullin@dummymail.com,worker
317,Lanna,Orlene,Lanna.Orlene@dummymail.com,Lanna.Orlene@dummymail.com,worker
318,Nataline,Ricki,Nataline.Ricki@dummymail.com,Nataline.Ricki@dummymail.com,police officer
319,Eugine,Naor,Eugine.Naor@dummymail.com,Eugine.Naor@dummymail.com,police officer
320,Deedee,Posner,Deedee.Posner@dummymail.com,Deedee.Posner@dummymail.com,firefighter
321,Heida,Brandice,Heida.Brandice@dummymail.com,Heida.Brandice@dummymail.com,worker
322,Ebonee,Terrence,Ebonee.Terrence@dummymail.com,Ebonee.Terrence@dummymail.com,firefighter
323,Adelle,Alfons,Adelle.Alfons@dummymail.com,Adelle.Alfons@dummymail.com,firefighter
324,Kimmy,Agle,Kimmy.Agle@dummymail.com,Kimmy.Agle@dummymail.com,doctor
325,Tera,Jary,Tera.Jary@dummymail.com,Tera.Jary@dummymail.com,police officer
326,Rebeca,Halsey,Rebeca.Halsey@dummymail.com,Rebeca.Halsey@dummymail.com,firefighter
327,Elise,Kinnard,Elise.Kinnard@dummymail.com,Elise.Kinnard@dummymail.com,developer
328,Tilly,Skell,Tilly.Skell@dummymail.com,Tilly.Skell@dummymail.com,doctor
329,Maye,Hillel,Maye.Hillel@dummymail.com,Maye.Hillel@dummymail.com,firefighter
330,Gusella,Chem,Gusella.Chem@dummymail.com,Gusella.Chem@dummymail.com,doctor
331,Ursulina,Glenden,Ursulina.Glenden@dummymail.com,Ursulina.Glenden@dummymail.com,firefighter
332,Jean,Allys,Jean.Allys@dummymail.com,Jean.Allys@dummymail.com,doctor
333,Barbi,Wallis,Barbi.Wallis@dummymail.com,Barbi.Wallis@dummymail.com,doctor
334,Tabbatha,Ailyn,Tabbatha.Ailyn@dummymail.com,Tabbatha.Ailyn@dummymail.com,developer
335,Bernardine,Eliathas,Bernardine.Eliathas@dummymail.com,Bernardine.Eliathas@dummymail.com,doctor
336,Pamella,Rocray,Pamella.Rocray@dummymail.com,Pamella.Rocray@dummymail.com,police officer
337,Bernie,Richers,Bernie.Richers@dummymail.com,Bernie.Richers@dummymail.com,police officer
338,Hermione,Borrell,Hermione.Borrell@dummymail.com,Hermione.Borrell@dummymail.com,doctor
339,Valli,Burch,Valli.Burch@dummymail.com,Valli.Burch@dummymail.com,developer
340,Lilith,Riva,Lilith.Riva@dummymail.com,Lilith.Riva@dummymail.com,developer
341,Lizzie,Millda,Lizzie.Millda@dummymail.com,Lizzie.Millda@dummymail.com,firefighter
342,Gertrud,Lucienne,Gertrud.Lucienne@dummymail.com,Gertrud.Lucienne@dummymail.com,developer
343,Kimberley,Stacy,Kimberley.Stacy@dummymail.com,Kimberley.Stacy@dummymail.com,developer
344,Hayley,Corrine,Hayley.Corrine@dummymail.com,Hayley.Corrine@dummymail.com,worker
345,Jinny,Vins,Jinny.Vins@dummymail.com,Jinny.Vins@dummymail.com,firefighter
346,Kamilah,Marsden,Kamilah.Marsden@dummymail.com,Kamilah.Marsden@dummymail.com,developer
347,Gusty,Helfand,Gusty.Helfand@dummymail.com,Gusty.Helfand@dummymail.com,doctor
348,Regina,Wildermuth,Regina.Wildermuth@dummymail.com,Regina.Wildermuth@dummymail.com,developer
349,Teddie,Brackely,Teddie.Brackely@dummymail.com,Teddie.Brackely@dummymail.com,firefighter
350,Alleen,Turne,Alleen.Turne@dummymail.com,Alleen.Turne@dummymail.com,firefighter
351,Ricky,Solitta,Ricky.Solitta@dummymail.com,Ricky.Solitta@dummymail.com,police officer
352,Elyssa,Turne,Elyssa.Turne@dummymail.com,Elyssa.Turne@dummymail.com,doctor
353,Maud,Stacy,Maud.Stacy@dummymail.com,Maud.Stacy@dummymail.com,developer
354,Stephanie,Bevin,Stephanie.Bevin@dummymail.com,Stephanie.Bevin@dummymail.com,developer
355,Talya,Millda,Talya.Millda@dummymail.com,Talya.Millda@dummymail.com,worker
356,Gerianna,Seligman,Gerianna.Seligman@dummymail.com,Gerianna.Seligman@dummymail.com,developer
357,Heida,Ellord,Heida.Ellord@dummymail.com,Heida.Ellord@dummymail.com,developer
358,Nataline,Podvin,Nataline.Podvin@dummymail.com,Nataline.Podvin@dummymail.com,doctor
359,Joane,Pillsbury,Joane.Pillsbury@dummymail.com,Joane.Pillsbury@dummymail.com,firefighter
360,Lory,Karl,Lory.Karl@dummymail.com,Lory.Karl@dummymail.com,developer
361,Orelia,Sikorski,Orelia.Sikorski@dummymail.com,Orelia.Sikorski@dummymail.com,developer
362,Leia,Brodench,Leia.Brodench@dummymail.com,Leia.Brodench@dummymail.com,developer
363,Brana,Ophelia,Brana.Ophelia@dummymail.com,Brana.Ophelia@dummymail.com,developer
364,Dorene,Billye,Dorene.Billye@dummymail.com,Dorene.Billye@dummymail.com,firefighter
365,Liana,Vins,Liana.Vins@dummymail.com,Liana.Vins@dummymail.com,firefighter
366,Mariele,Sammons,Mariele.Sammons@dummymail.com,Mariele.Sammons@dummymail.com,worker
367,Arlina,Torray,Arlina.Torray@dummymail.com,Arlina.Torray@dummymail.com,developer
368,Gwenneth,Rhu,Gwenneth.Rhu@dummymail.com,Gwenneth.Rhu@dummymail.com,firefighter
369,Marjie,Reinke,Marjie.Reinke@dummymail.com,Marjie.Reinke@dummymail.com,police officer
370,Bernardine,Gillan,Bernardine.Gillan@dummymail.com,Bernardine.Gillan@dummymail.com,police officer
371,Lonnie,Libna,Lonnie.Libna@dummymail.com,Lonnie.Libna@dummymail.com,firefighter
372,Nyssa,Maryanne,Nyssa.Maryanne@dummymail.com,Nyssa.Maryanne@dummymail.com,firefighter
373,Nessie,Himelman,Nessie.Himelman@dummymail.com,Nessie.Himelman@dummymail.com,worker
374,Ernesta,Nance,Ernesta.Nance@dummymail.com,Ernesta.Nance@dummymail.com,doctor
375,Atlanta,Shaver,Atlanta.Shaver@dummymail.com,Atlanta.Shaver@dummymail.com,developer
376,Agnese,Marijo,Agnese.Marijo@dummymail.com,Agnese.Marijo@dummymail.com,doctor
377,Valeda,Imelida,Valeda.Imelida@dummymail.com,Valeda.Imelida@dummymail.com,firefighter
378,Kalina,Ledah,Kalina.Ledah@dummymail.com,Kalina.Ledah@dummymail.com,developer
379,Jennica,Shields,Jennica.Shields@dummymail.com,Jennica.Shields@dummymail.com,developer
380,Rosaline,Darrell,Rosaline.Darrell@dummymail.com,Rosaline.Darrell@dummymail.com,worker
381,Cassandra,Henebry,Cassandra.Henebry@dummymail.com,Cassandra.Henebry@dummymail.com,developer
382,Elbertina,Fadiman,Elbertina.Fadiman@dummymail.com,Elbertina.Fadiman@dummymail.com,developer
383,Ayn,Rese,Ayn.Rese@dummymail.com,Ayn.Rese@dummymail.com,police officer
384,Hope,Oster,Hope.Oster@dummymail.com,Hope.Oster@dummymail.com,police officer
385,Wileen,Bendick,Wileen.Bendick@dummymail.com,Wileen.Bendick@dummymail.com,developer
386,Riannon,Anis,Riannon.Anis@dummymail.com,Riannon.Anis@dummymail.com,doctor
387,Eadie,Viddah,Eadie.Viddah@dummymail.com,Eadie.Viddah@dummymail.com,developer
388,Ira,Torray,Ira.Torray@dummymail.com,Ira.Torray@dummymail.com,developer
389,Taffy,Selway,Taffy.Selway@dummymail.com,Taffy.Selway@dummymail.com,police officer
390,Tarra,Moina,Tarra.Moina@dummymail.com,Tarra.Moina@dummymail.com,police officer
391,Jerry,Avi,Jerry.Avi@dummymail.com,Jerry.Avi@dummymail.com,firefighter
392,Norine,Liva,Norine.Liva@dummymail.com,Norine.Liva@dummymail.com,worker
393,Alameda,Maribeth,Alameda.Maribeth@dummymail.com,Alameda.Maribeth@dummymail.com,doctor
394,Myriam,Mallon,Myriam.Mallon@dummymail.com,Myriam.Mallon@dummymail.com,doctor
395,Nickie,Greyson,Nickie.Greyson@dummymail.com,Nickie.Greyson@dummymail.com,firefighter
396,Kimberley,Braun,Kimberley.Braun@dummymail.com,Kimberley.Braun@dummymail.com,doctor
397,Heddie,Yam,Heddie.Yam@dummymail.com,Heddie.Yam@dummymail.com,developer
398,Vinita,Publia,Vinita.Publia@dummymail.com,Vinita.Publia@dummymail.com,police officer
399,Ardys,Philoo,Ardys.Philoo@dummymail.com,Ardys.Philoo@dummymail.com,firefighter
400,Etta,Goode,Etta.Goode@dummymail.com,Etta.Goode@dummymail.com,worker
401,Sindee,Couture,Sindee.Couture@dummymail.com,Sindee.Couture@dummymail.com,doctor
402,Tierney,Odell,Tierney.Odell@dummymail.com,Tierney.Odell@dummymail.com,developer
403,Phedra,Cloris,Phedra.Cloris@dummymail.com,Phedra.Cloris@dummymail.com,worker
404,Pamella,Yerkovich,Pamella.Yerkovich@dummymail.com,Pamella.Yerkovich@dummymail.com,developer
405,Raquela,Sancho,Raquela.Sancho@dummymail.com,Raquela.Sancho@dummymail.com,developer
406,Petronia,Wallis,Petronia.Wallis@dummymail.com,Petronia.Wallis@dummymail.com,firefighter
407,Briney,Sheng,Briney.Sheng@dummymail.com,Briney.Sheng@dummymail.com,firefighter
408,Dominga,Meter,Dominga.Meter@dummymail.com,Dominga.Meter@dummymail.com,firefighter
409,Konstance,Braun,Konstance.Braun@dummymail.com,Konstance.Braun@dummymail.com,worker
410,Beth,Fairweather,Beth.Fairweather@dummymail.com,Beth.Fairweather@dummymail.com,developer
411,Jordan,Rosette,Jordan.Rosette@dummymail.com,Jordan.Rosette@dummymail.com,worker
412,Mariele,Laverne,Mariele.Laverne@dummymail.com,Mariele.Laverne@dummymail.com,developer
413,Neila,Lowry,Neila.Lowry@dummymail.com,Neila.Lowry@dummymail.com,firefighter
414,Lilith,Dermott,Lilith.Dermott@dummymail.com,Lilith.Dermott@dummymail.com,doctor
415,Ermengarde,O'Rourke,Ermengarde.O'Rourke@dummymail.com,Ermengarde.O'Rourke@dummymail.com,developer
416,Clo,Seagraves,Clo.Seagraves@dummymail.com,Clo.Seagraves@dummymail.com,police officer
417,Nicoli,Papageno,Nicoli.Papageno@dummymail.com,Nicoli.Papageno@dummymail.com,firefighter
418,Ginnie,Tarrant,Ginnie.Tarrant@dummymail.com,Ginnie.Tarrant@dummymail.com,police officer
419,Binny,Yam,Binny.Yam@dummymail.com,Binny.Yam@dummymail.com,doctor
420,Teriann,McGrody,Teriann.McGrody@dummymail.com,Teriann.McGrody@dummymail.com,police officer
421,Chickie,Remmer,Chickie.Remmer@dummymail.com,Chickie.Remmer@dummymail.com,doctor
422,Catrina,Hachmin,Catrina.Hachmin@dummymail.com,Catrina.Hachmin@dummymail.com,firefighter
423,Lulita,Behre,Lulita.Behre@dummymail.com,Lulita.Behre@dummymail.com,developer
424,Ofilia,Konyn,Ofilia.Konyn@dummymail.com,Ofilia.Konyn@dummymail.com,worker
425,Micheline,Boehike,Micheline.Boehike@dummymail.com,Micheline.Boehike@dummymail.com,developer
426,Charissa,Ellord,Charissa.Ellord@dummymail.com,Charissa.Ellord@dummymail.com,doctor
427,Belva,Carbo,Belva.Carbo@dummymail.com,Belva.Carbo@dummymail.com,developer
428,Abbie,Tippets,Abbie.Tippets@dummymail.com,Abbie.Tippets@dummymail.com,firefighter
429,Arabel,Koziara,Arabel.Koziara@dummymail.com,Arabel.Koziara@dummymail.com,doctor
430,Jere,Kamaria,Jere.Kamaria@dummymail.com,Jere.Kamaria@dummymail.com,doctor
431,Jordan,Ogren,Jordan.Ogren@dummymail.com,Jordan.Ogren@dummymail.com,developer
432,Janey,Gunn,Janey.Gunn@dummymail.com,Janey.Gunn@dummymail.com,worker
433,Mara,Terencio,Mara.Terencio@dummymail.com,Mara.Terencio@dummymail.com,firefighter
434,Ana,Quinn,Ana.Quinn@dummymail.com,Ana.Quinn@dummymail.com,firefighter
435,Violet,O'Neill,Violet.O'Neill@dummymail.com,Violet.O'Neill@dummymail.com,worker
436,Christian,Firmin,Christian.Firmin@dummymail.com,Christian.Firmin@dummymail.com,developer
437,Chrystel,Wyn,Chrystel.Wyn@dummymail.com,Chrystel.Wyn@dummymail.com,developer
438,Rayna,Kannry,Rayna.Kannry@dummymail.com,Rayna.Kannry@dummymail.com,firefighter
439,Veda,Sothena,Veda.Sothena@dummymail.com,Veda.Sothena@dummymail.com,worker
440,Binny,Poll,Binny.Poll@dummymail.com,Binny.Poll@dummymail.com,developer
441,Rosene,Wadell,Rosene.Wadell@dummymail.com,Rosene.Wadell@dummymail.com,developer
442,Dorthy,Roche,Dorthy.Roche@dummymail.com,Dorthy.Roche@dummymail.com,worker
443,Gui,Tryck,Gui.Tryck@dummymail.com,Gui.Tryck@dummymail.com,developer
444,Celestyna,Bonilla,Celestyna.Bonilla@dummymail.com,Celestyna.Bonilla@dummymail.com,doctor
445,Andeee,Monaco,Andeee.Monaco@dummymail.com,Andeee.Monaco@dummymail.com,developer
446,Marcy,Cutlerr,Marcy.Cutlerr@dummymail.com,Marcy.Cutlerr@dummymail.com,developer
447,Susan,Margret,Susan.Margret@dummymail.com,Susan.Margret@dummymail.com,worker
448,Calla,Buffum,Calla.Buffum@dummymail.com,Calla.Buffum@dummymail.com,firefighter
449,Lexine,Jefferey,Lexine.Jefferey@dummymail.com,Lexine.Jefferey@dummymail.com,worker
450,Shannah,Markman,Shannah.Markman@dummymail.com,Shannah.Markman@dummymail.com,police officer
451,Keelia,Parsaye,Keelia.Parsaye@dummymail.com,Keelia.Parsaye@dummymail.com,worker
452,Andeee,Rodmann,Andeee.Rodmann@dummymail.com,Andeee.Rodmann@dummymail.com,police officer
453,Maud,Tound,Maud.Tound@dummymail.com,Maud.Tound@dummymail.com,doctor
454,Riannon,Harriman,Riannon.Harriman@dummymail.com,Riannon.Harriman@dummymail.com,worker
455,Madalyn,Kinnard,Madalyn.Kinnard@dummymail.com,Madalyn.Kinnard@dummymail.com,developer
456,Nataline,Kaja,Nataline.Kaja@dummymail.com,Nataline.Kaja@dummymail.com,doctor
457,Andeee,Latini,Andeee.Latini@dummymail.com,Andeee.Latini@dummymail.com,police officer
458,Michaelina,Brunell,Michaelina.Brunell@dummymail.com,Michaelina.Brunell@dummymail.com,firefighter
459,Mathilda,MacIntosh,Mathilda.MacIntosh@dummymail.com,Mathilda.MacIntosh@dummymail.com,doctor
460,Joy,Rheingold,Joy.Rheingold@dummymail.com,Joy.Rheingold@dummymail.com,firefighter
461,Ruthe,Gilmour,Ruthe.Gilmour@dummymail.com,Ruthe.Gilmour@dummymail.com,police officer
462,Alisha,Whiffen,Alisha.Whiffen@dummymail.com,Alisha.Whiffen@dummymail.com,worker
463,Addia,Shirberg,Addia.Shirberg@dummymail.com,Addia.Shirberg@dummymail.com,firefighter
464,Fina,Willie,Fina.Willie@dummymail.com,Fina.Willie@dummymail.com,police officer
465,Kara-Lynn,Hortensia,Kara-Lynn.Hortensia@dummymail.com,Kara-Lynn.Hortensia@dummymail.com,worker
466,Kathy,Jacobah,Kathy.Jacobah@dummymail.com,Kathy.Jacobah@dummymail.com,firefighter
467,Robinia,Sekofski,Robinia.Sekofski@dummymail.com,Robinia.Sekofski@dummymail.com,developer
468,Marti,Alcott,Marti.Alcott@dummymail.com,Marti.Alcott@dummymail.com,worker
469,Heddie,Gemini,Heddie.Gemini@dummymail.com,Heddie.Gemini@dummymail.com,police officer
470,Kittie,Ludewig,Kittie.Ludewig@dummymail.com,Kittie.Ludewig@dummymail.com,firefighter
471,Mallory,Ulphia,Mallory.Ulphia@dummymail.com,Mallory.Ulphia@dummymail.com,police officer
472,Amara,Alva,Amara.Alva@dummymail.com,Amara.Alva@dummymail.com,developer
473,Rubie,Ehrman,Rubie.Ehrman@dummymail.com,Rubie.Ehrman@dummymail.com,developer
474,Aigneis,Delacourt,Aigneis.Delacourt@dummymail.com,Aigneis.Delacourt@dummymail.com,worker
475,Katuscha,Pelagias,Katuscha.Pelagias@dummymail.com,Katuscha.Pelagias@dummymail.com,developer
476,Drucie,Alisia,Drucie.Alisia@dummymail.com,Drucie.Alisia@dummymail.com,worker
477,Atlanta,Dichy,Atlanta.Dichy@dummymail.com,Atlanta.Dichy@dummymail.com,police officer
478,Riannon,Lubin,Riannon.Lubin@dummymail.com,Riannon.Lubin@dummymail.com,police officer
479,Teriann,Maisey,Teriann.Maisey@dummymail.com,Teriann.Maisey@dummymail.com,firefighter
480,Mara,Eachern,Mara.Eachern@dummymail.com,Mara.Eachern@dummymail.com,doctor
481,Brooks,Hanshaw,Brooks.Hanshaw@dummymail.com,Brooks.Hanshaw@dummymail.com,doctor
482,Concettina,Palocz,Concettina.Palocz@dummymail.com,Concettina.Palocz@dummymail.com,firefighter
483,Gerrie,Kazimir,Gerrie.Kazimir@dummymail.com,Gerrie.Kazimir@dummymail.com,firefighter
484,Winifred,Drisko,Winifred.Drisko@dummymail.com,Winifred.Drisko@dummymail.com,firefighter
485,Tomasina,Montgomery,Tomasina.Montgomery@dummymail.com,Tomasina.Montgomery@dummymail.com,doctor
486,Anthia,Breed,Anthia.Breed@dummymail.com,Anthia.Breed@dummymail.com,police officer
487,Ermengarde,Bord,Ermengarde.Bord@dummymail.com,Ermengarde.Bord@dummymail.com,worker
488,Vere,Lareena,Vere.Lareena@dummymail.com,Vere.Lareena@dummymail.com,worker
489,Alyda,Malanie,Alyda.Malanie@dummymail.com,Alyda.Malanie@dummymail.com,police officer
490,Collen,Tacye,Collen.Tacye@dummymail.com,Collen.Tacye@dummymail.com,firefighter
491,Marcy,Erich,Marcy.Erich@dummymail.com,Marcy.Erich@dummymail.com,developer
492,Lucille,Demitria,Lucille.Demitria@dummymail.com,Lucille.Demitria@dummymail.com,developer
493,Aurore,Decato,Aurore.Decato@dummymail.com,Aurore.Decato@dummymail.com,worker
494,Brooks,Cutlerr,Brooks.Cutlerr@dummymail.com,Brooks.Cutlerr@dummymail.com,developer
495,Jemie,Melan,Jemie.Melan@dummymail.com,Jemie.Melan@dummymail.com,doctor
496,Lorne,Eben,Lorne.Eben@dummymail.com,Lorne.Eben@dummymail.com,firefighter
497,Brooks,Cornelia,Brooks.Cornelia@dummymail.com,Brooks.Cornelia@dummymail.com,worker
498,Tierney,Ellord,Tierney.Ellord@dummymail.com,Tierney.Ellord@dummymail.com,worker
499,Mahalia,Persse,Mahalia.Persse@dummymail.com,Mahalia.Persse@dummymail.com,worker
500,Harmonia,Jalbert,Harmonia.Jalbert@dummymail.com,Harmonia.Jalbert@dummymail.com,police officer
501,Celestyna,Wu,Celestyna.Wu@dummymail.com,Celestyna.Wu@dummymail.com,doctor
502,Dotty,Bates,Dotty.Bates@dummymail.com,Dotty.Bates@dummymail.com,police officer
503,Phedra,Fitzsimmons,Phedra.Fitzsimmons@dummymail.com,Phedra.Fitzsimmons@dummymail.com,firefighter
504,Valera,Halsey,Valera.Halsey@dummymail.com,Valera.Halsey@dummymail.com,developer
505,Bobbi,Pozzy,Bobbi.Pozzy@dummymail.com,Bobbi.Pozzy@dummymail.com,doctor
506,Addia,Sheng,Addia.Sheng@dummymail.com,Addia.Sheng@dummymail.com,police officer
507,Cristine,Nadia,Cristine.Nadia@dummymail.com,Cristine.Nadia@dummymail.com,police officer
508,Shaylyn,Gwenore,Shaylyn.Gwenore@dummymail.com,Shaylyn.Gwenore@dummymail.com,police officer
509,Sara-Ann,Borrell,Sara-Ann.Borrell@dummymail.com,Sara-Ann.Borrell@dummymail.com,police officer
510,Katleen,Schalles,Katleen.Schalles@dummymail.com,Katleen.Schalles@dummymail.com,firefighter
511,Ericka,Couture,Ericka.Couture@dummymail.com,Ericka.Couture@dummymail.com,developer
512,Betta,Candy,Betta.Candy@dummymail.com,Betta.Candy@dummymail.com,doctor
513,Fernande,Annabella,Fernande.Annabella@dummymail.com,Fernande.Annabella@dummymail.com,doctor
514,Debee,Sundin,Debee.Sundin@dummymail.com,Debee.Sundin@dummymail.com,police officer
515,Damaris,Philipp,Damaris.Philipp@dummymail.com,Damaris.Philipp@dummymail.com,developer
516,Ilse,Clie,Ilse.Clie@dummymail.com,Ilse.Clie@dummymail.com,firefighter
517,Devina,Ardeha,Devina.Ardeha@dummymail.com,Devina.Ardeha@dummymail.com,worker
518,Bernardine,Havens,Bernardine.Havens@dummymail.com,Bernardine.Havens@dummymail.com,firefighter
519,Marinna,Leffen,Marinna.Leffen@dummymail.com,Marinna.Leffen@dummymail.com,worker
520,Annice,Dulciana,Annice.Dulciana@dummymail.com,Annice.Dulciana@dummymail.com,developer
521,Sonni,Wittie,Sonni.Wittie@dummymail.com,Sonni.Wittie@dummymail.com,police officer
522,Vivia,Hirsch,Vivia.Hirsch@dummymail.com,Vivia.Hirsch@dummymail.com,firefighter
523,Estell,Middleton,Estell.Middleton@dummymail.com,Estell.Middleton@dummymail.com,police officer
524,Anthia,Marden,Anthia.Marden@dummymail.com,Anthia.Marden@dummymail.com,developer
525,Ilse,Moina,Ilse.Moina@dummymail.com,Ilse.Moina@dummymail.com,worker
526,Raquela,Nickola,Raquela.Nickola@dummymail.com,Raquela.Nickola@dummymail.com,worker
527,Ronna,Marlie,Ronna.Marlie@dummymail.com,Ronna.Marlie@dummymail.com,worker
528,Ronna,Behre,Ronna.Behre@dummymail.com,Ronna.Behre@dummymail.com,worker
529,Christy,Katrine,Christy.Katrine@dummymail.com,Christy.Katrine@dummymail.com,firefighter
530,Deedee,Tybald,Deedee.Tybald@dummymail.com,Deedee.Tybald@dummymail.com,firefighter
531,Ariela,Wadell,Ariela.Wadell@dummymail.com,Ariela.Wadell@dummymail.com,doctor
532,Emelina,Sancho,Emelina.Sancho@dummymail.com,Emelina.Sancho@dummymail.com,police officer
533,Jorry,Llovera,Jorry.Llovera@dummymail.com,Jorry.Llovera@dummymail.com,firefighter
534,Belinda,Wareing,Belinda.Wareing@dummymail.com,Belinda.Wareing@dummymail.com,developer
535,Aurelie,Gamaliel,Aurelie.Gamaliel@dummymail.com,Aurelie.Gamaliel@dummymail.com,firefighter
536,Rubie,Toor,Rubie.Toor@dummymail.com,Rubie.Toor@dummymail.com,worker
537,Roslyn,Aida,Roslyn.Aida@dummymail.com,Roslyn.Aida@dummymail.com,doctor
538,Cristine,Poll,Cristine.Poll@dummymail.com,Cristine.Poll@dummymail.com,doctor
539,Andeee,Weitman,Andeee.Weitman@dummymail.com,Andeee.Weitman@dummymail.com,worker
540,Aurelie,Ajay,Aurelie.Ajay@dummymail.com,Aurelie.Ajay@dummymail.com,worker
541,Zia,Ivens,Zia.Ivens@dummymail.com,Zia.Ivens@dummymail.com,doctor
542,Nananne,Si,Nananne.Si@dummymail.com,Nananne.Si@dummymail.com,firefighter
543,Shandie,Diogenes,Shandie.Diogenes@dummymail.com,Shandie.Diogenes@dummymail.com,firefighter
544,Abbie,Jillane,Abbie.Jillane@dummymail.com,Abbie.Jillane@dummymail.com,police officer
545,Coral,Constancy,Coral.Constancy@dummymail.com,Coral.Constancy@dummymail.com,worker
546,Korrie,Kevon,Korrie.Kevon@dummymail.com,Korrie.Kevon@dummymail.com,developer
547,Emma,Rolf,Emma.Rolf@dummymail.com,Emma.Rolf@dummymail.com,developer
548,Annecorinne,Thomasina,Annecorinne.Thomasina@dummymail.com,Annecorinne.Thomasina@dummymail.com,police officer
549,Diena,Saint,Diena.Saint@dummymail.com,Diena.Saint@dummymail.com,worker
550,Sidoney,Lumbard,Sidoney.Lumbard@dummymail.com,Sidoney.Lumbard@dummymail.com,police officer
551,Annice,Norvol,Annice.Norvol@dummymail.com,Annice.Norvol@dummymail.com,doctor
552,Britni,Swigart,Britni.Swigart@dummymail.com,Britni.Swigart@dummymail.com,police officer
553,Florie,Flyn,Florie.Flyn@dummymail.com,Florie.Flyn@dummymail.com,worker
554,Dorice,Ferrell,Dorice.Ferrell@dummymail.com,Dorice.Ferrell@dummymail.com,worker
555,Christy,Wittie,Christy.Wittie@dummymail.com,Christy.Wittie@dummymail.com,developer
556,Ursulina,Pearse,Ursulina.Pearse@dummymail.com,Ursulina.Pearse@dummymail.com,developer
557,Cyndie,Westphal,Cyndie.Westphal@dummymail.com,Cyndie.Westphal@dummymail.com,developer
558,Brandise,Jefferey,Brandise.Jefferey@dummymail.com,Brandise.Jefferey@dummymail.com,developer
559,Drucie,Mendez,Drucie.Mendez@dummymail.com,Drucie.Mendez@dummymail.com,developer
560,Vinita,Podvin,Vinita.Podvin@dummymail.com,Vinita.Podvin@dummymail.com,firefighter
561,Dotty,Dichy,Dotty.Dichy@dummymail.com,Dotty.Dichy@dummymail.com,firefighter
562,Charlena,Hermes,Charlena.Hermes@dummymail.com,Charlena.Hermes@dummymail.com,doctor
563,Myrtice,Laurianne,Myrtice.Laurianne@dummymail.com,Myrtice.Laurianne@dummymail.com,developer
564,Wendi,Hepsibah,Wendi.Hepsibah@dummymail.com,Wendi.Hepsibah@dummymail.com,firefighter
565,Cecile,Prober,Cecile.Prober@dummymail.com,Cecile.Prober@dummymail.com,doctor
566,Vita,Adamsen,Vita.Adamsen@dummymail.com,Vita.Adamsen@dummymail.com,worker
567,Chandra,Randene,Chandra.Randene@dummymail.com,Chandra.Randene@dummymail.com,police officer
568,Lyssa,Pernick,Lyssa.Pernick@dummymail.com,Lyssa.Pernick@dummymail.com,firefighter
569,Robinia,Roche,Robinia.Roche@dummymail.com,Robinia.Roche@dummymail.com,doctor
570,Nadine,Mintz,Nadine.Mintz@dummymail.com,Nadine.Mintz@dummymail.com,doctor
571,Cassondra,Loleta,Cassondra.Loleta@dummymail.com,Cassondra.Loleta@dummymail.com,doctor
572,Kirstin,Taima,Kirstin.Taima@dummymail.com,Kirstin.Taima@dummymail.com,doctor
573,Kylynn,Huggins,Kylynn.Huggins@dummymail.com,Kylynn.Huggins@dummymail.com,firefighter
574,Blondelle,Grimbly,Blondelle.Grimbly@dummymail.com,Blondelle.Grimbly@dummymail.com,worker
575,Collen,Fabiola,Collen.Fabiola@dummymail.com,Collen.Fabiola@dummymail.com,developer
576,Giustina,Howlyn,Giustina.Howlyn@dummymail.com,Giustina.Howlyn@dummymail.com,firefighter
577,Bobbi,Barney,Bobbi.Barney@dummymail.com,Bobbi.Barney@dummymail.com,doctor
578,Charlena,Tamsky,Charlena.Tamsky@dummymail.com,Charlena.Tamsky@dummymail.com,worker
579,Lynea,Lorain,Lynea.Lorain@dummymail.com,Lynea.Lorain@dummymail.com,developer
580,Nataline,Rudolph,Nataline.Rudolph@dummymail.com,Nataline.Rudolph@dummymail.com,doctor
581,Di,Markman,Di.Markman@dummymail.com,Di.Markman@dummymail.com,doctor
582,Kathi,Dyche,Kathi.Dyche@dummymail.com,Kathi.Dyche@dummymail.com,doctor
583,Betta,Hebner,Betta.Hebner@dummymail.com,Betta.Hebner@dummymail.com,police officer
584,Nyssa,Lenny,Nyssa.Lenny@dummymail.com,Nyssa.Lenny@dummymail.com,firefighter
585,Tybie,Kendrick,Tybie.Kendrick@dummymail.com,Tybie.Kendrick@dummymail.com,police officer
586,Gusella,Cordi,Gusella.Cordi@dummymail.com,Gusella.Cordi@dummymail.com,firefighter
587,Elvira,Hebner,Elvira.Hebner@dummymail.com,Elvira.Hebner@dummymail.com,developer
588,Kimmy,Payson,Kimmy.Payson@dummymail.com,Kimmy.Payson@dummymail.com,developer
589,Therine,Korey,Therine.Korey@dummymail.com,Therine.Korey@dummymail.com,worker
590,Albertina,Karl,Albertina.Karl@dummymail.com,Albertina.Karl@dummymail.com,firefighter
591,Ada,Bivins,Ada.Bivins@dummymail.com,Ada.Bivins@dummymail.com,developer
592,Nessie,Jobi,Nessie.Jobi@dummymail.com,Nessie.Jobi@dummymail.com,developer
593,Bettine,Kronfeld,Bettine.Kronfeld@dummymail.com,Bettine.Kronfeld@dummymail.com,firefighter
594,Helena,Middleton,Helena.Middleton@dummymail.com,Helena.Middleton@dummymail.com,developer
595,Vevay,Tamar,Vevay.Tamar@dummymail.com,Vevay.Tamar@dummymail.com,police officer
596,Stacey,Florina,Stacey.Florina@dummymail.com,Stacey.Florina@dummymail.com,doctor
597,Molli,Baudin,Molli.Baudin@dummymail.com,Molli.Baudin@dummymail.com,worker
598,Trixi,Hirsch,Trixi.Hirsch@dummymail.com,Trixi.Hirsch@dummymail.com,worker
599,Shirlee,Sheng,Shirlee.Sheng@dummymail.com,Shirlee.Sheng@dummymail.com,doctor
600,Bill,Haymes,Bill.Haymes@dummymail.com,Bill.Haymes@dummymail.com,firefighter
601,Jessamyn,Viddah,Jessamyn.Viddah@dummymail.com,Jessamyn.Viddah@dummymail.com,doctor
602,Brena,Cimbura,Brena.Cimbura@dummymail.com,Brena.Cimbura@dummymail.com,developer
603,Norine,Syd,Norine.Syd@dummymail.com,Norine.Syd@dummymail.com,police officer
604,Eve,Gabrielli,Eve.Gabrielli@dummymail.com,Eve.Gabrielli@dummymail.com,doctor
605,Gaylene,Tannie,Gaylene.Tannie@dummymail.com,Gaylene.Tannie@dummymail.com,doctor
606,Benita,Hessler,Benita.Hessler@dummymail.com,Benita.Hessler@dummymail.com,police officer
607,Olwen,Pattin,Olwen.Pattin@dummymail.com,Olwen.Pattin@dummymail.com,firefighter
608,Brandise,Sherfield,Brandise.Sherfield@dummymail.com,Brandise.Sherfield@dummymail.com,firefighter
609,Myrtice,Land,Myrtice.Land@dummymail.com,Myrtice.Land@dummymail.com,firefighter
610,Briney,Oriana,Briney.Oriana@dummymail.com,Briney.Oriana@dummymail.com,firefighter
611,Arlina,Kamaria,Arlina.Kamaria@dummymail.com,Arlina.Kamaria@dummymail.com,doctor
612,Alejandra,Gualtiero,Alejandra.Gualtiero@dummymail.com,Alejandra.Gualtiero@dummymail.com,doctor
613,Rochette,Noelyn,Rochette.Noelyn@dummymail.com,Rochette.Noelyn@dummymail.com,firefighter
614,Harmonia,Soneson,Harmonia.Soneson@dummymail.com,Harmonia.Soneson@dummymail.com,firefighter
615,Margarette,Ranjiv,Margarette.Ranjiv@dummymail.com,Margarette.Ranjiv@dummymail.com,doctor
616,Shauna,Suzetta,Shauna.Suzetta@dummymail.com,Shauna.Suzetta@dummymail.com,worker
617,Maurene,Uund,Maurene.Uund@dummymail.com,Maurene.Uund@dummymail.com,developer
618,Andree,Dreda,Andree.Dreda@dummymail.com,Andree.Dreda@dummymail.com,developer
619,Steffane,Ajay,Steffane.Ajay@dummymail.com,Steffane.Ajay@dummymail.com,doctor
620,Yetty,Leonard,Yetty.Leonard@dummymail.com,Yetty.Leonard@dummymail.com,developer
621,Rosanne,Schonfeld,Rosanne.Schonfeld@dummymail.com,Rosanne.Schonfeld@dummymail.com,doctor
622,Minda,Carvey,Minda.Carvey@dummymail.com,Minda.Carvey@dummymail.com,police officer
623,Brynna,Uund,Brynna.Uund@dummymail.com,Brynna.Uund@dummymail.com,police officer
624,Norine,Lanita,Norine.Lanita@dummymail.com,Norine.Lanita@dummymail.com,doctor
625,Gloria,Artie,Gloria.Artie@dummymail.com,Gloria.Artie@dummymail.com,firefighter
626,Leeanne,Tound,Leeanne.Tound@dummymail.com,Leeanne.Tound@dummymail.com,police officer
627,Candy,Moina,Candy.Moina@dummymail.com,Candy.Moina@dummymail.com,firefighter
628,Sissy,Cavan,Sissy.Cavan@dummymail.com,Sissy.Cavan@dummymail.com,police officer
629,Belinda,Nester,Belinda.Nester@dummymail.com,Belinda.Nester@dummymail.com,developer
630,Cacilie,Delacourt,Cacilie.Delacourt@dummymail.com,Cacilie.Delacourt@dummymail.com,worker
631,Daryl,Maxi,Daryl.Maxi@dummymail.com,Daryl.Maxi@dummymail.com,doctor
632,Kaja,Talia,Kaja.Talia@dummymail.com,Kaja.Talia@dummymail.com,developer
633,Tera,Irmine,Tera.Irmine@dummymail.com,Tera.Irmine@dummymail.com,doctor
634,Phedra,Chapland,Phedra.Chapland@dummymail.com,Phedra.Chapland@dummymail.com,developer
635,Merrie,Estella,Merrie.Estella@dummymail.com,Merrie.Estella@dummymail.com,worker
636,Ada,Holbrook,Ada.Holbrook@dummymail.com,Ada.Holbrook@dummymail.com,worker
637,Gerianna,Guildroy,Gerianna.Guildroy@dummymail.com,Gerianna.Guildroy@dummymail.com,doctor
638,Brianna,Vale,Brianna.Vale@dummymail.com,Brianna.Vale@dummymail.com,doctor
639,Ericka,Ehrman,Ericka.Ehrman@dummymail.com,Ericka.Ehrman@dummymail.com,developer
640,Jenda,Lorain,Jenda.Lorain@dummymail.com,Jenda.Lorain@dummymail.com,doctor
641,Clementine,Chem,Clementine.Chem@dummymail.com,Clementine.Chem@dummymail.com,doctor
642,Hyacinthe,Jacobah,Hyacinthe.Jacobah@dummymail.com,Hyacinthe.Jacobah@dummymail.com,police officer
643,Rubie,Nicoline,Rubie.Nicoline@dummymail.com,Rubie.Nicoline@dummymail.com,police officer
644,Amara,Trace,Amara.Trace@dummymail.com,Amara.Trace@dummymail.com,worker
645,Fawne,Dimitris,Fawne.Dimitris@dummymail.com,Fawne.Dimitris@dummymail.com,worker
646,Carilyn,Gladstone,Carilyn.Gladstone@dummymail.com,Carilyn.Gladstone@dummymail.com,doctor
647,Taffy,Mott,Taffy.Mott@dummymail.com,Taffy.Mott@dummymail.com,worker
648,Ardys,Arley,Ardys.Arley@dummymail.com,Ardys.Arley@dummymail.com,doctor
649,Anallese,Suanne,Anallese.Suanne@dummymail.com,Anallese.Suanne@dummymail.com,developer
650,Jasmina,Granoff,Jasmina.Granoff@dummymail.com,Jasmina.Granoff@dummymail.com,developer
651,Rosanne,Saree,Rosanne.Saree@dummymail.com,Rosanne.Saree@dummymail.com,developer
652,Kittie,Charmine,Kittie.Charmine@dummymail.com,Kittie.Charmine@dummymail.com,developer
653,Belinda,Giff,Belinda.Giff@dummymail.com,Belinda.Giff@dummymail.com,police officer
654,Shaylyn,Alva,Shaylyn.Alva@dummymail.com,Shaylyn.Alva@dummymail.com,doctor
655,Halette,Hedve,Halette.Hedve@dummymail.com,Halette.Hedve@dummymail.com,developer
656,Aeriela,Demitria,Aeriela.Demitria@dummymail.com,Aeriela.Demitria@dummymail.com,developer
657,Glynnis,Mata,Glynnis.Mata@dummymail.com,Glynnis.Mata@dummymail.com,police officer
658,Mamie,Estella,Mamie.Estella@dummymail.com,Mamie.Estella@dummymail.com,developer
659,Ellette,Zamora,Ellette.Zamora@dummymail.com,Ellette.Zamora@dummymail.com,worker
660,Merry,Juliet,Merry.Juliet@dummymail.com,Merry.Juliet@dummymail.com,doctor
661,Gianina,Beniamino,Gianina.Beniamino@dummymail.com,Gianina.Beniamino@dummymail.com,developer
662,Brynna,Atonsah,Brynna.Atonsah@dummymail.com,Brynna.Atonsah@dummymail.com,doctor
663,Ninnetta,Bluh,Ninnetta.Bluh@dummymail.com,Ninnetta.Bluh@dummymail.com,worker
664,Melisent,Caitlin,Melisent.Caitlin@dummymail.com,Melisent.Caitlin@dummymail.com,doctor
665,Lorenza,Cutlerr,Lorenza.Cutlerr@dummymail.com,Lorenza.Cutlerr@dummymail.com,doctor
666,Zsa Zsa,Bartlett,Zsa Zsa.Bartlett@dummymail.com,Zsa Zsa.Bartlett@dummymail.com,police officer
667,Hyacinthe,Wilkinson,Hyacinthe.Wilkinson@dummymail.com,Hyacinthe.Wilkinson@dummymail.com,doctor
668,Joy,August,Joy.August@dummymail.com,Joy.August@dummymail.com,police officer
669,Candi,Olympium,Candi.Olympium@dummymail.com,Candi.Olympium@dummymail.com,developer
670,Phylis,Japeth,Phylis.Japeth@dummymail.com,Phylis.Japeth@dummymail.com,firefighter
671,Corly,Burnside,Corly.Burnside@dummymail.com,Corly.Burnside@dummymail.com,worker
672,Harrietta,Elisha,Harrietta.Elisha@dummymail.com,Harrietta.Elisha@dummymail.com,developer
673,Devina,Ortrude,Devina.Ortrude@dummymail.com,Devina.Ortrude@dummymail.com,police officer
674,Zia,Pillsbury,Zia.Pillsbury@dummymail.com,Zia.Pillsbury@dummymail.com,worker
675,Bettine,Macey,Bettine.Macey@dummymail.com,Bettine.Macey@dummymail.com,police officer
676,Perry,Ethban,Perry.Ethban@dummymail.com,Perry.Ethban@dummymail.com,firefighter
677,Nollie,Tamsky,Nollie.Tamsky@dummymail.com,Nollie.Tamsky@dummymail.com,developer
678,Tabbatha,Lynn,Tabbatha.Lynn@dummymail.com,Tabbatha.Lynn@dummymail.com,worker
679,Cacilie,Publia,Cacilie.Publia@dummymail.com,Cacilie.Publia@dummymail.com,police officer
680,Jenda,Olin,Jenda.Olin@dummymail.com,Jenda.Olin@dummymail.com,doctor
681,Sean,Johanna,Sean.Johanna@dummymail.com,Sean.Johanna@dummymail.com,firefighter
682,Coral,Lutero,Coral.Lutero@dummymail.com,Coral.Lutero@dummymail.com,developer
683,Janeczka,Ulphia,Janeczka.Ulphia@dummymail.com,Janeczka.Ulphia@dummymail.com,firefighter
684,Sybille,Bach,Sybille.Bach@dummymail.com,Sybille.Bach@dummymail.com,worker
685,Shandie,Leopold,Shandie.Leopold@dummymail.com,Shandie.Leopold@dummymail.com,firefighter
686,Etta,Ries,Etta.Ries@dummymail.com,Etta.Ries@dummymail.com,firefighter
687,Tonia,Earlie,Tonia.Earlie@dummymail.com,Tonia.Earlie@dummymail.com,doctor
688,Kristan,Anselmi,Kristan.Anselmi@dummymail.com,Kristan.Anselmi@dummymail.com,doctor
689,Jillayne,Arley,Jillayne.Arley@dummymail.com,Jillayne.Arley@dummymail.com,developer
690,Aurore,Flita,Aurore.Flita@dummymail.com,Aurore.Flita@dummymail.com,firefighter
691,Lelah,Lay,Lelah.Lay@dummymail.com,Lelah.Lay@dummymail.com,police officer
692,Nita,Kathie,Nita.Kathie@dummymail.com,Nita.Kathie@dummymail.com,police officer
693,Valli,Erlandson,Valli.Erlandson@dummymail.com,Valli.Erlandson@dummymail.com,doctor
694,Alyda,Milde,Alyda.Milde@dummymail.com,Alyda.Milde@dummymail.com,doctor
695,Tonia,Reidar,Tonia.Reidar@dummymail.com,Tonia.Reidar@dummymail.com,developer
696,Ariela,Dulciana,Ariela.Dulciana@dummymail.com,Ariela.Dulciana@dummymail.com,doctor
697,Maye,Colleen,Maye.Colleen@dummymail.com,Maye.Colleen@dummymail.com,developer
698,Tobe,Suanne,Tobe.Suanne@dummymail.com,Tobe.Suanne@dummymail.com,worker
699,Mildrid,Heisel,Mildrid.Heisel@dummymail.com,Mildrid.Heisel@dummymail.com,doctor
700,Deirdre,Mandler,Deirdre.Mandler@dummymail.com,Deirdre.Mandler@dummymail.com,developer
701,Lanna,Gabrielli,Lanna.Gabrielli@dummymail.com,Lanna.Gabrielli@dummymail.com,worker
702,Frances,Pip,Frances.Pip@dummymail.com,Frances.Pip@dummymail.com,developer
703,Valli,Kirstin,Valli.Kirstin@dummymail.com,Valli.Kirstin@dummymail.com,firefighter
704,Helsa,Kendrick,Helsa.Kendrick@dummymail.com,Helsa.Kendrick@dummymail.com,police officer
705,Jan,Mintz,Jan.Mintz@dummymail.com,Jan.Mintz@dummymail.com,worker
706,Constance,Hessler,Constance.Hessler@dummymail.com,Constance.Hessler@dummymail.com,police officer
707,Kamilah,Karl,Kamilah.Karl@dummymail.com,Kamilah.Karl@dummymail.com,police officer
708,Tobe,Shields,Tobe.Shields@dummymail.com,Tobe.Shields@dummymail.com,doctor
709,Trixi,Ruvolo,Trixi.Ruvolo@dummymail.com,Trixi.Ruvolo@dummymail.com,worker
710,Sheree,Peti,Sheree.Peti@dummymail.com,Sheree.Peti@dummymail.com,firefighter
711,Joleen,Bryna,Joleen.Bryna@dummymail.com,Joleen.Bryna@dummymail.com,firefighter
712,Frank,Gamaliel,Frank.Gamaliel@dummymail.com,Frank.Gamaliel@dummymail.com,doctor
713,Hermione,Dorine,Hermione.Dorine@dummymail.com,Hermione.Dorine@dummymail.com,worker
714,Catharine,Zetta,Catharine.Zetta@dummymail.com,Catharine.Zetta@dummymail.com,developer
715,Sandie,Parsaye,Sandie.Parsaye@dummymail.com,Sandie.Parsaye@dummymail.com,doctor
716,Kayla,Hewitt,Kayla.Hewitt@dummymail.com,Kayla.Hewitt@dummymail.com,worker
717,Bernie,Nester,Bernie.Nester@dummymail.com,Bernie.Nester@dummymail.com,developer
718,Justinn,Dalli,Justinn.Dalli@dummymail.com,Justinn.Dalli@dummymail.com,worker
719,Adelle,Ilka,Adelle.Ilka@dummymail.com,Adelle.Ilka@dummymail.com,worker
720,Gui,Pacorro,Gui.Pacorro@dummymail.com,Gui.Pacorro@dummymail.com,police officer
721,Bertine,Colyer,Bertine.Colyer@dummymail.com,Bertine.Colyer@dummymail.com,firefighter
722,Stephanie,Zina,Stephanie.Zina@dummymail.com,Stephanie.Zina@dummymail.com,developer
723,Maye,August,Maye.August@dummymail.com,Maye.August@dummymail.com,doctor
724,Cassondra,Shaddock,Cassondra.Shaddock@dummymail.com,Cassondra.Shaddock@dummymail.com,developer
725,Gerianna,Harned,Gerianna.Harned@dummymail.com,Gerianna.Harned@dummymail.com,doctor
726,Janeczka,Poll,Janeczka.Poll@dummymail.com,Janeczka.Poll@dummymail.com,developer
727,Alyssa,Garbe,Alyssa.Garbe@dummymail.com,Alyssa.Garbe@dummymail.com,doctor
728,Yvonne,Gahl,Yvonne.Gahl@dummymail.com,Yvonne.Gahl@dummymail.com,police officer
729,Amalie,Stover,Amalie.Stover@dummymail.com,Amalie.Stover@dummymail.com,developer
730,Talya,Cherianne,Talya.Cherianne@dummymail.com,Talya.Cherianne@dummymail.com,worker
731,Tonia,Sammons,Tonia.Sammons@dummymail.com,Tonia.Sammons@dummymail.com,firefighter
732,Arlena,Velick,Arlena.Velick@dummymail.com,Arlena.Velick@dummymail.com,firefighter
733,Jessamyn,Bertold,Jessamyn.Bertold@dummymail.com,Jessamyn.Bertold@dummymail.com,police officer
734,Ellette,Kaete,Ellette.Kaete@dummymail.com,Ellette.Kaete@dummymail.com,police officer
735,Raquela,Ariella,Raquela.Ariella@dummymail.com,Raquela.Ariella@dummymail.com,worker
736,Hallie,Bluh,Hallie.Bluh@dummymail.com,Hallie.Bluh@dummymail.com,firefighter
737,Susan,Fontana,Susan.Fontana@dummymail.com,Susan.Fontana@dummymail.com,police officer
738,Nananne,Iiette,Nananne.Iiette@dummymail.com,Nananne.Iiette@dummymail.com,firefighter
739,Annabela,Salvidor,Annabela.Salvidor@dummymail.com,Annabela.Salvidor@dummymail.com,doctor
740,Raquela,Soneson,Raquela.Soneson@dummymail.com,Raquela.Soneson@dummymail.com,developer
741,Clarice,Sparhawk,Clarice.Sparhawk@dummymail.com,Clarice.Sparhawk@dummymail.com,developer
742,Lynnea,Sammons,Lynnea.Sammons@dummymail.com,Lynnea.Sammons@dummymail.com,worker
743,Nollie,Mehalek,Nollie.Mehalek@dummymail.com,Nollie.Mehalek@dummymail.com,firefighter
744,Kary,Sigfrid,Kary.Sigfrid@dummymail.com,Kary.Sigfrid@dummymail.com,worker
745,Aurelie,Holtz,Aurelie.Holtz@dummymail.com,Aurelie.Holtz@dummymail.com,firefighter
746,Liana,Anestassia,Liana.Anestassia@dummymail.com,Liana.Anestassia@dummymail.com,worker
747,Imojean,Joseph,Imojean.Joseph@dummymail.com,Imojean.Joseph@dummymail.com,developer
748,Heddie,Fairweather,Heddie.Fairweather@dummymail.com,Heddie.Fairweather@dummymail.com,worker
749,Cassondra,Hoenack,Cassondra.Hoenack@dummymail.com,Cassondra.Hoenack@dummymail.com,doctor
750,Patricia,Janene,Patricia.Janene@dummymail.com,Patricia.Janene@dummymail.com,worker
751,Anthia,Pandolfi,Anthia.Pandolfi@dummymail.com,Anthia.Pandolfi@dummymail.com,developer
752,Elmira,Lilybelle,Elmira.Lilybelle@dummymail.com,Elmira.Lilybelle@dummymail.com,worker
753,Asia,Philoo,Asia.Philoo@dummymail.com,Asia.Philoo@dummymail.com,doctor
754,Andeee,Uird,Andeee.Uird@dummymail.com,Andeee.Uird@dummymail.com,doctor
755,Sheelagh,Rubie,Sheelagh.Rubie@dummymail.com,Sheelagh.Rubie@dummymail.com,firefighter
756,Frances,Daveta,Frances.Daveta@dummymail.com,Frances.Daveta@dummymail.com,developer
757,Corina,Rogerio,Corina.Rogerio@dummymail.com,Corina.Rogerio@dummymail.com,doctor
758,Amii,Connelly,Amii.Connelly@dummymail.com,Amii.Connelly@dummymail.com,police officer
759,Hildegaard,Sikorski,Hildegaard.Sikorski@dummymail.com,Hildegaard.Sikorski@dummymail.com,worker
760,Lucy,Tarrant,Lucy.Tarrant@dummymail.com,Lucy.Tarrant@dummymail.com,firefighter
761,Jan,Han,Jan.Han@dummymail.com,Jan.Han@dummymail.com,doctor
762,Rori,Publia,Rori.Publia@dummymail.com,Rori.Publia@dummymail.com,firefighter
763,Addia,Johnsson,Addia.Johnsson@dummymail.com,Addia.Johnsson@dummymail.com,police officer
764,Patricia,Papageno,Patricia.Papageno@dummymail.com,Patricia.Papageno@dummymail.com,developer
765,Lynde,Bahr,Lynde.Bahr@dummymail.com,Lynde.Bahr@dummymail.com,police officer
766,Leia,Mata,Leia.Mata@dummymail.com,Leia.Mata@dummymail.com,developer
767,Gretal,Reidar,Gretal.Reidar@dummymail.com,Gretal.Reidar@dummymail.com,police officer
768,Kore,Ursulette,Kore.Ursulette@dummymail.com,Kore.Ursulette@dummymail.com,worker
769,Max,Percy,Max.Percy@dummymail.com,Max.Percy@dummymail.com,firefighter
770,Janey,Cloris,Janey.Cloris@dummymail.com,Janey.Cloris@dummymail.com,developer
771,Amii,Serilda,Amii.Serilda@dummymail.com,Amii.Serilda@dummymail.com,developer
772,Antonietta,Solitta,Antonietta.Solitta@dummymail.com,Antonietta.Solitta@dummymail.com,firefighter
773,Fernande,Madox,Fernande.Madox@dummymail.com,Fernande.Madox@dummymail.com,worker
774,Lizzie,Felecia,Lizzie.Felecia@dummymail.com,Lizzie.Felecia@dummymail.com,doctor
775,Georgetta,Idelia,Georgetta.Idelia@dummymail.com,Georgetta.Idelia@dummymail.com,doctor
776,Gabriellia,Bow,Gabriellia.Bow@dummymail.com,Gabriellia.Bow@dummymail.com,police officer
777,Jolyn,Cornelia,Jolyn.Cornelia@dummymail.com,Jolyn.Cornelia@dummymail.com,worker
778,Florie,Gale,Florie.Gale@dummymail.com,Florie.Gale@dummymail.com,doctor
779,Correy,Rooney,Correy.Rooney@dummymail.com,Correy.Rooney@dummymail.com,developer
780,Deane,Chinua,Deane.Chinua@dummymail.com,Deane.Chinua@dummymail.com,doctor
781,Marleah,Chauncey,Marleah.Chauncey@dummymail.com,Marleah.Chauncey@dummymail.com,doctor
782,Vevay,Sparhawk,Vevay.Sparhawk@dummymail.com,Vevay.Sparhawk@dummymail.com,firefighter
783,Fredericka,Kamaria,Fredericka.Kamaria@dummymail.com,Fredericka.Kamaria@dummymail.com,worker
784,Ellette,Rad,Ellette.Rad@dummymail.com,Ellette.Rad@dummymail.com,developer
785,Aeriela,Johanna,Aeriela.Johanna@dummymail.com,Aeriela.Johanna@dummymail.com,worker
786,Sadie,Marijo,Sadie.Marijo@dummymail.com,Sadie.Marijo@dummymail.com,police officer
787,Lexine,Tyson,Lexine.Tyson@dummymail.com,Lexine.Tyson@dummymail.com,worker
788,Viviene,Bohlin,Viviene.Bohlin@dummymail.com,Viviene.Bohlin@dummymail.com,developer
789,Hyacinthe,Center,Hyacinthe.Center@dummymail.com,Hyacinthe.Center@dummymail.com,police officer
790,Valeda,Torray,Valeda.Torray@dummymail.com,Valeda.Torray@dummymail.com,firefighter
791,Gilda,Fitzsimmons,Gilda.Fitzsimmons@dummymail.com,Gilda.Fitzsimmons@dummymail.com,doctor
792,Chickie,McClimans,Chickie.McClimans@dummymail.com,Chickie.McClimans@dummymail.com,firefighter
793,Elka,Cordi,Elka.Cordi@dummymail.com,Elka.Cordi@dummymail.com,police officer
794,Doro,Colyer,Doro.Colyer@dummymail.com,Doro.Colyer@dummymail.com,doctor
795,Ruthe,Bettine,Ruthe.Bettine@dummymail.com,Ruthe.Bettine@dummymail.com,doctor
796,Helsa,Wadell,Helsa.Wadell@dummymail.com,Helsa.Wadell@dummymail.com,police officer
797,Cecile,Gregrory,Cecile.Gregrory@dummymail.com,Cecile.Gregrory@dummymail.com,firefighter
798,Pearline,Bow,Pearline.Bow@dummymail.com,Pearline.Bow@dummymail.com,firefighter
799,Hildegaard,Paton,Hildegaard.Paton@dummymail.com,Hildegaard.Paton@dummymail.com,doctor
800,Ursulina,Fancie,Ursulina.Fancie@dummymail.com,Ursulina.Fancie@dummymail.com,firefighter
801,Melina,Japeth,Melina.Japeth@dummymail.com,Melina.Japeth@dummymail.com,police officer
802,Gretal,Parette,Gretal.Parette@dummymail.com,Gretal.Parette@dummymail.com,developer
803,Caressa,Gilmour,Caressa.Gilmour@dummymail.com,Caressa.Gilmour@dummymail.com,police officer
804,Carilyn,Chobot,Carilyn.Chobot@dummymail.com,Carilyn.Chobot@dummymail.com,firefighter
805,Kaia,Faust,Kaia.Faust@dummymail.com,Kaia.Faust@dummymail.com,firefighter
806,Pamella,Noelyn,Pamella.Noelyn@dummymail.com,Pamella.Noelyn@dummymail.com,firefighter
807,Harrietta,Zachary,Harrietta.Zachary@dummymail.com,Harrietta.Zachary@dummymail.com,police officer
808,Roxane,Toor,Roxane.Toor@dummymail.com,Roxane.Toor@dummymail.com,worker
809,Corina,Kannry,Corina.Kannry@dummymail.com,Corina.Kannry@dummymail.com,firefighter
810,Patricia,Bergman,Patricia.Bergman@dummymail.com,Patricia.Bergman@dummymail.com,worker
811,Rosabelle,Buckler,Rosabelle.Buckler@dummymail.com,Rosabelle.Buckler@dummymail.com,firefighter
812,Ermengarde,Garek,Ermengarde.Garek@dummymail.com,Ermengarde.Garek@dummymail.com,firefighter
813,Norine,Brackely,Norine.Brackely@dummymail.com,Norine.Brackely@dummymail.com,developer
814,Georgina,Tatianas,Georgina.Tatianas@dummymail.com,Georgina.Tatianas@dummymail.com,worker
815,Emylee,Ade,Emylee.Ade@dummymail.com,Emylee.Ade@dummymail.com,worker
816,Melodie,Sherrie,Melodie.Sherrie@dummymail.com,Melodie.Sherrie@dummymail.com,firefighter
817,Yolane,Parsaye,Yolane.Parsaye@dummymail.com,Yolane.Parsaye@dummymail.com,doctor
818,Hyacinthe,Claudine,Hyacinthe.Claudine@dummymail.com,Hyacinthe.Claudine@dummymail.com,police officer
819,Charlena,Johnsson,Charlena.Johnsson@dummymail.com,Charlena.Johnsson@dummymail.com,firefighter
820,Shel,Tiffa,Shel.Tiffa@dummymail.com,Shel.Tiffa@dummymail.com,worker
821,Addia,Stevy,Addia.Stevy@dummymail.com,Addia.Stevy@dummymail.com,developer
822,Zsa Zsa,Koziara,Zsa Zsa.Koziara@dummymail.com,Zsa Zsa.Koziara@dummymail.com,worker
823,Amii,Ciapas,Amii.Ciapas@dummymail.com,Amii.Ciapas@dummymail.com,worker
824,Jan,Wind,Jan.Wind@dummymail.com,Jan.Wind@dummymail.com,doctor
825,Mathilda,Khorma,Mathilda.Khorma@dummymail.com,Mathilda.Khorma@dummymail.com,worker
826,Sean,Anastatius,Sean.Anastatius@dummymail.com,Sean.Anastatius@dummymail.com,worker
827,Tarra,Sundin,Tarra.Sundin@dummymail.com,Tarra.Sundin@dummymail.com,police officer
828,Bobbi,Shama,Bobbi.Shama@dummymail.com,Bobbi.Shama@dummymail.com,worker
829,Dede,Zina,Dede.Zina@dummymail.com,Dede.Zina@dummymail.com,doctor
830,Esmeralda,Saunderson,Esmeralda.Saunderson@dummymail.com,Esmeralda.Saunderson@dummymail.com,developer
831,Ottilie,Bonucci,Ottilie.Bonucci@dummymail.com,Ottilie.Bonucci@dummymail.com,police officer
832,Jessamyn,Aurelio,Jessamyn.Aurelio@dummymail.com,Jessamyn.Aurelio@dummymail.com,firefighter
833,Amelia,Hamil,Amelia.Hamil@dummymail.com,Amelia.Hamil@dummymail.com,developer
834,Max,Liva,Max.Liva@dummymail.com,Max.Liva@dummymail.com,doctor
835,Ottilie,Nea,Ottilie.Nea@dummymail.com,Ottilie.Nea@dummymail.com,developer
836,Dorothy,Sharl,Dorothy.Sharl@dummymail.com,Dorothy.Sharl@dummymail.com,worker
837,Nollie,Weide,Nollie.Weide@dummymail.com,Nollie.Weide@dummymail.com,police officer
838,Jere,Malvino,Jere.Malvino@dummymail.com,Jere.Malvino@dummymail.com,worker
839,Abbie,Erskine,Abbie.Erskine@dummymail.com,Abbie.Erskine@dummymail.com,firefighter
840,Trixi,Emanuel,Trixi.Emanuel@dummymail.com,Trixi.Emanuel@dummymail.com,doctor
841,Kirstin,Sancho,Kirstin.Sancho@dummymail.com,Kirstin.Sancho@dummymail.com,worker
842,Paola,Richers,Paola.Richers@dummymail.com,Paola.Richers@dummymail.com,doctor
843,Clarice,Romelda,Clarice.Romelda@dummymail.com,Clarice.Romelda@dummymail.com,doctor
844,Valeda,Vilma,Valeda.Vilma@dummymail.com,Valeda.Vilma@dummymail.com,firefighter
845,Renie,Ludewig,Renie.Ludewig@dummymail.com,Renie.Ludewig@dummymail.com,developer
846,Jaclyn,Chandler,Jaclyn.Chandler@dummymail.com,Jaclyn.Chandler@dummymail.com,firefighter
847,Tierney,Cecile,Tierney.Cecile@dummymail.com,Tierney.Cecile@dummymail.com,police officer
848,Rozele,Sammons,Rozele.Sammons@dummymail.com,Rozele.Sammons@dummymail.com,doctor
849,Leontine,Lay,Leontine.Lay@dummymail.com,Leontine.Lay@dummymail.com,doctor
850,Minda,Haymes,Minda.Haymes@dummymail.com,Minda.Haymes@dummymail.com,developer
851,Tilly,Allys,Tilly.Allys@dummymail.com,Tilly.Allys@dummymail.com,worker
852,Daphne,Halsey,Daphne.Halsey@dummymail.com,Daphne.Halsey@dummymail.com,firefighter
853,Gabriellia,Gabrielli,Gabriellia.Gabrielli@dummymail.com,Gabriellia.Gabrielli@dummymail.com,police officer
854,Starla,Halsey,Starla.Halsey@dummymail.com,Starla.Halsey@dummymail.com,doctor
855,Michaelina,Auberbach,Michaelina.Auberbach@dummymail.com,Michaelina.Auberbach@dummymail.com,police officer
856,Jenda,Cottle,Jenda.Cottle@dummymail.com,Jenda.Cottle@dummymail.com,worker
857,Micheline,Engdahl,Micheline.Engdahl@dummymail.com,Micheline.Engdahl@dummymail.com,developer
858,Adelle,Lail,Adelle.Lail@dummymail.com,Adelle.Lail@dummymail.com,worker
859,Julieta,Fax,Julieta.Fax@dummymail.com,Julieta.Fax@dummymail.com,firefighter
860,Brietta,Hortensia,Brietta.Hortensia@dummymail.com,Brietta.Hortensia@dummymail.com,firefighter
861,Rhoda,Dreda,Rhoda.Dreda@dummymail.com,Rhoda.Dreda@dummymail.com,police officer
862,Althea,Emerson,Althea.Emerson@dummymail.com,Althea.Emerson@dummymail.com,developer
863,Madalyn,Dearborn,Madalyn.Dearborn@dummymail.com,Madalyn.Dearborn@dummymail.com,doctor
864,Carilyn,Rosemary,Carilyn.Rosemary@dummymail.com,Carilyn.Rosemary@dummymail.com,worker
865,Alex,Harl,Alex.Harl@dummymail.com,Alex.Harl@dummymail.com,worker
866,Lynde,Saunderson,Lynde.Saunderson@dummymail.com,Lynde.Saunderson@dummymail.com,doctor
867,Merry,Serilda,Merry.Serilda@dummymail.com,Merry.Serilda@dummymail.com,police officer
868,Jacenta,Merriott,Jacenta.Merriott@dummymail.com,Jacenta.Merriott@dummymail.com,police officer
869,Barbara,Camden,Barbara.Camden@dummymail.com,Barbara.Camden@dummymail.com,doctor
870,Carlie,Jerald,Carlie.Jerald@dummymail.com,Carlie.Jerald@dummymail.com,worker
871,Dania,Rozanna,Dania.Rozanna@dummymail.com,Dania.Rozanna@dummymail.com,police officer
872,Beverley,Goth,Beverley.Goth@dummymail.com,Beverley.Goth@dummymail.com,doctor
873,Ilse,Thad,Ilse.Thad@dummymail.com,Ilse.Thad@dummymail.com,worker
874,Emelina,Isidore,Emelina.Isidore@dummymail.com,Emelina.Isidore@dummymail.com,worker
875,Chastity,Poll,Chastity.Poll@dummymail.com,Chastity.Poll@dummymail.com,firefighter
876,Calla,Miru,Calla.Miru@dummymail.com,Calla.Miru@dummymail.com,police officer
877,Emma,Aldric,Emma.Aldric@dummymail.com,Emma.Aldric@dummymail.com,firefighter
878,Janeczka,Wyn,Janeczka.Wyn@dummymail.com,Janeczka.Wyn@dummymail.com,developer
879,Jenilee,Millda,Jenilee.Millda@dummymail.com,Jenilee.Millda@dummymail.com,police officer
880,Melodie,Codding,Melodie.Codding@dummymail.com,Melodie.Codding@dummymail.com,doctor
881,Vinita,Jarib,Vinita.Jarib@dummymail.com,Vinita.Jarib@dummymail.com,developer
882,Claresta,Bow,Claresta.Bow@dummymail.com,Claresta.Bow@dummymail.com,developer
883,Therine,Matthew,Therine.Matthew@dummymail.com,Therine.Matthew@dummymail.com,worker
884,Frances,O'Neill,Frances.O'Neill@dummymail.com,Frances.O'Neill@dummymail.com,police officer
885,Sue,Jess,Sue.Jess@dummymail.com,Sue.Jess@dummymail.com,police officer
886,Max,Rustice,Max.Rustice@dummymail.com,Max.Rustice@dummymail.com,doctor
887,Lonnie,Artie,Lonnie.Artie@dummymail.com,Lonnie.Artie@dummymail.com,firefighter
888,Amalie,Fosque,Amalie.Fosque@dummymail.com,Amalie.Fosque@dummymail.com,doctor
889,Anallese,Goldina,Anallese.Goldina@dummymail.com,Anallese.Goldina@dummymail.com,worker
890,Gerrie,Even,Gerrie.Even@dummymail.com,Gerrie.Even@dummymail.com,firefighter
891,Delilah,Jary,Delilah.Jary@dummymail.com,Delilah.Jary@dummymail.com,firefighter
892,Dania,Zachary,Dania.Zachary@dummymail.com,Dania.Zachary@dummymail.com,developer
893,Brianna,Strephon,Brianna.Strephon@dummymail.com,Brianna.Strephon@dummymail.com,worker
894,Marika,Neva,Marika.Neva@dummymail.com,Marika.Neva@dummymail.com,doctor
895,Leontine,Liebermann,Leontine.Liebermann@dummymail.com,Leontine.Liebermann@dummymail.com,worker
896,Larine,Demitria,Larine.Demitria@dummymail.com,Larine.Demitria@dummymail.com,police officer
897,Carly,Valoniah,Carly.Valoniah@dummymail.com,Carly.Valoniah@dummymail.com,developer
898,Carol-Jean,Phi,Carol-Jean.Phi@dummymail.com,Carol-Jean.Phi@dummymail.com,police officer
899,Raf,Colleen,Raf.Colleen@dummymail.com,Raf.Colleen@dummymail.com,developer
900,Mara,Laverne,Mara.Laverne@dummymail.com,Mara.Laverne@dummymail.com,worker
901,Hermione,Winthorpe,Hermione.Winthorpe@dummymail.com,Hermione.Winthorpe@dummymail.com,firefighter
902,Emylee,Firmin,Emylee.Firmin@dummymail.com,Emylee.Firmin@dummymail.com,police officer
903,Paulita,Abernon,Paulita.Abernon@dummymail.com,Paulita.Abernon@dummymail.com,police officer
904,Gwenneth,Junie,Gwenneth.Junie@dummymail.com,Gwenneth.Junie@dummymail.com,doctor
905,Ulrike,Iaverne,Ulrike.Iaverne@dummymail.com,Ulrike.Iaverne@dummymail.com,worker
906,Moyna,Ursulette,Moyna.Ursulette@dummymail.com,Moyna.Ursulette@dummymail.com,worker
907,Shauna,Linehan,Shauna.Linehan@dummymail.com,Shauna.Linehan@dummymail.com,developer
908,Tori,Revkah,Tori.Revkah@dummymail.com,Tori.Revkah@dummymail.com,worker
909,Alia,Valerio,Alia.Valerio@dummymail.com,Alia.Valerio@dummymail.com,worker
910,Vivia,Bibi,Vivia.Bibi@dummymail.com,Vivia.Bibi@dummymail.com,worker
911,Neila,Kylander,Neila.Kylander@dummymail.com,Neila.Kylander@dummymail.com,developer
912,Binny,Rosalba,Binny.Rosalba@dummymail.com,Binny.Rosalba@dummymail.com,doctor
913,Dawn,Nea,Dawn.Nea@dummymail.com,Dawn.Nea@dummymail.com,doctor
914,Layla,Gabrielli,Layla.Gabrielli@dummymail.com,Layla.Gabrielli@dummymail.com,doctor
915,Jessamyn,Angelis,Jessamyn.Angelis@dummymail.com,Jessamyn.Angelis@dummymail.com,developer
916,Kenna,Lalitta,Kenna.Lalitta@dummymail.com,Kenna.Lalitta@dummymail.com,police officer
917,Hettie,Wooster,Hettie.Wooster@dummymail.com,Hettie.Wooster@dummymail.com,firefighter
918,Elise,McCutcheon,Elise.McCutcheon@dummymail.com,Elise.McCutcheon@dummymail.com,police officer
919,Tatiania,Curren,Tatiania.Curren@dummymail.com,Tatiania.Curren@dummymail.com,firefighter
920,Karolina,Hanleigh,Karolina.Hanleigh@dummymail.com,Karolina.Hanleigh@dummymail.com,firefighter
921,Heddie,Thar,Heddie.Thar@dummymail.com,Heddie.Thar@dummymail.com,doctor
922,Lenna,Bandeen,Lenna.Bandeen@dummymail.com,Lenna.Bandeen@dummymail.com,police officer
923,Nataline,Gower,Nataline.Gower@dummymail.com,Nataline.Gower@dummymail.com,police officer
924,Libbie,Nisbet,Libbie.Nisbet@dummymail.com,Libbie.Nisbet@dummymail.com,developer
925,Sean,Euridice,Sean.Euridice@dummymail.com,Sean.Euridice@dummymail.com,doctor
926,Cam,McCutcheon,Cam.McCutcheon@dummymail.com,Cam.McCutcheon@dummymail.com,police officer
927,Gertrud,Saunderson,Gertrud.Saunderson@dummymail.com,Gertrud.Saunderson@dummymail.com,developer
928,Paola,Loeb,Paola.Loeb@dummymail.com,Paola.Loeb@dummymail.com,worker
929,Zondra,Abernon,Zondra.Abernon@dummymail.com,Zondra.Abernon@dummymail.com,police officer
930,Cassondra,Riva,Cassondra.Riva@dummymail.com,Cassondra.Riva@dummymail.com,worker
931,Therine,Ulphia,Therine.Ulphia@dummymail.com,Therine.Ulphia@dummymail.com,developer
932,Hettie,Nikaniki,Hettie.Nikaniki@dummymail.com,Hettie.Nikaniki@dummymail.com,firefighter
933,Lusa,Ardeha,Lusa.Ardeha@dummymail.com,Lusa.Ardeha@dummymail.com,worker
934,Wilma,Cloris,Wilma.Cloris@dummymail.com,Wilma.Cloris@dummymail.com,worker
935,Delilah,Sperling,Delilah.Sperling@dummymail.com,Delilah.Sperling@dummymail.com,worker
936,Iseabal,Wandie,Iseabal.Wandie@dummymail.com,Iseabal.Wandie@dummymail.com,firefighter
937,Dorothy,Olin,Dorothy.Olin@dummymail.com,Dorothy.Olin@dummymail.com,doctor
938,Glenda,Schenck,Glenda.Schenck@dummymail.com,Glenda.Schenck@dummymail.com,police officer
939,Sheree,Henrie,Sheree.Henrie@dummymail.com,Sheree.Henrie@dummymail.com,developer
940,Aili,Markman,Aili.Markman@dummymail.com,Aili.Markman@dummymail.com,developer
941,Danny,Toffic,Danny.Toffic@dummymail.com,Danny.Toffic@dummymail.com,worker
942,Evaleen,Publia,Evaleen.Publia@dummymail.com,Evaleen.Publia@dummymail.com,developer
943,Netty,Secrest,Netty.Secrest@dummymail.com,Netty.Secrest@dummymail.com,firefighter
944,Sandie,Dorcy,Sandie.Dorcy@dummymail.com,Sandie.Dorcy@dummymail.com,developer
945,Angela,Docilla,Angela.Docilla@dummymail.com,Angela.Docilla@dummymail.com,police officer
946,Dacia,Vary,Dacia.Vary@dummymail.com,Dacia.Vary@dummymail.com,firefighter
947,Perry,Lumbard,Perry.Lumbard@dummymail.com,Perry.Lumbard@dummymail.com,firefighter
948,Joy,Trey,Joy.Trey@dummymail.com,Joy.Trey@dummymail.com,worker
949,Tera,Pitt,Tera.Pitt@dummymail.com,Tera.Pitt@dummymail.com,worker
950,Lexine,Nahum,Lexine.Nahum@dummymail.com,Lexine.Nahum@dummymail.com,worker
951,Kassey,Goerke,Kassey.Goerke@dummymail.com,Kassey.Goerke@dummymail.com,doctor
952,Nita,Riva,Nita.Riva@dummymail.com,Nita.Riva@dummymail.com,developer
953,Ida,Rhu,Ida.Rhu@dummymail.com,Ida.Rhu@dummymail.com,developer
954,Selma,Raychel,Selma.Raychel@dummymail.com,Selma.Raychel@dummymail.com,firefighter
955,Emilia,Brotherson,Emilia.Brotherson@dummymail.com,Emilia.Brotherson@dummymail.com,worker
956,Gianina,Sibyls,Gianina.Sibyls@dummymail.com,Gianina.Sibyls@dummymail.com,developer
957,Benita,Federica,Benita.Federica@dummymail.com,Benita.Federica@dummymail.com,developer
958,Aimil,Dahlia,Aimil.Dahlia@dummymail.com,Aimil.Dahlia@dummymail.com,doctor
959,Alleen,Felecia,Alleen.Felecia@dummymail.com,Alleen.Felecia@dummymail.com,firefighter
960,Kirstin,Joni,Kirstin.Joni@dummymail.com,Kirstin.Joni@dummymail.com,worker
961,Addia,Sundin,Addia.Sundin@dummymail.com,Addia.Sundin@dummymail.com,police officer
962,Marcy,Casimir,Marcy.Casimir@dummymail.com,Marcy.Casimir@dummymail.com,developer
963,Jobi,Arquit,Jobi.Arquit@dummymail.com,Jobi.Arquit@dummymail.com,worker
964,Layla,Atcliffe,Layla.Atcliffe@dummymail.com,Layla.Atcliffe@dummymail.com,doctor
965,Max,Mendez,Max.Mendez@dummymail.com,Max.Mendez@dummymail.com,police officer
966,Joeann,Genna,Joeann.Genna@dummymail.com,Joeann.Genna@dummymail.com,police officer
967,Stacey,Shirberg,Stacey.Shirberg@dummymail.com,Stacey.Shirberg@dummymail.com,police officer
968,Keelia,Hamil,Keelia.Hamil@dummymail.com,Keelia.Hamil@dummymail.com,doctor
969,Claresta,Mauer,Claresta.Mauer@dummymail.com,Claresta.Mauer@dummymail.com,worker
970,Adelle,Dielu,Adelle.Dielu@dummymail.com,Adelle.Dielu@dummymail.com,doctor
971,Sheree,Vittoria,Sheree.Vittoria@dummymail.com,Sheree.Vittoria@dummymail.com,developer
972,Eadie,Couture,Eadie.Couture@dummymail.com,Eadie.Couture@dummymail.com,firefighter
973,Gusella,Tufts,Gusella.Tufts@dummymail.com,Gusella.Tufts@dummymail.com,police officer
974,Dagmar,Jaylene,Dagmar.Jaylene@dummymail.com,Dagmar.Jaylene@dummymail.com,police officer
975,Gerianna,Callista,Gerianna.Callista@dummymail.com,Gerianna.Callista@dummymail.com,worker
976,Janey,Hutchison,Janey.Hutchison@dummymail.com,Janey.Hutchison@dummymail.com,police officer
977,Janis,Chick,Janis.Chick@dummymail.com,Janis.Chick@dummymail.com,firefighter
978,Stevana,Henebry,Stevana.Henebry@dummymail.com,Stevana.Henebry@dummymail.com,police officer
979,Misha,Gibbeon,Misha.Gibbeon@dummymail.com,Misha.Gibbeon@dummymail.com,firefighter
980,Bibby,Publia,Bibby.Publia@dummymail.com,Bibby.Publia@dummymail.com,worker
981,Harrietta,Astra,Harrietta.Astra@dummymail.com,Harrietta.Astra@dummymail.com,firefighter
982,Zondra,Ortrude,Zondra.Ortrude@dummymail.com,Zondra.Ortrude@dummymail.com,developer
983,Estell,Harriman,Estell.Harriman@dummymail.com,Estell.Harriman@dummymail.com,firefighter
984,Lesly,Faso,Lesly.Faso@dummymail.com,Lesly.Faso@dummymail.com,doctor
985,Sybille,Stephie,Sybille.Stephie@dummymail.com,Sybille.Stephie@dummymail.com,worker
986,Mady,Pandolfi,Mady.Pandolfi@dummymail.com,Mady.Pandolfi@dummymail.com,worker
987,Joy,Margret,Joy.Margret@dummymail.com,Joy.Margret@dummymail.com,police officer
988,Claresta,Yuille,Claresta.Yuille@dummymail.com,Claresta.Yuille@dummymail.com,police officer
989,Reeba,Rona,Reeba.Rona@dummymail.com,Reeba.Rona@dummymail.com,developer
990,Chloris,Yuille,Chloris.Yuille@dummymail.com,Chloris.Yuille@dummymail.com,worker
991,Elfreda,Hull,Elfreda.Hull@dummymail.com,Elfreda.Hull@dummymail.com,police officer
992,Clary,Esmaria,Clary.Esmaria@dummymail.com,Clary.Esmaria@dummymail.com,police officer
993,Kathy,Emmy,Kathy.Emmy@dummymail.com,Kathy.Emmy@dummymail.com,doctor
994,Basia,Cottle,Basia.Cottle@dummymail.com,Basia.Cottle@dummymail.com,police officer
995,Katharina,Odell,Katharina.Odell@dummymail.com,Katharina.Odell@dummymail.com,police officer
996,Penelopa,Evvie,Penelopa.Evvie@dummymail.com,Penelopa.Evvie@dummymail.com,police officer
997,Mallory,Weitman,Mallory.Weitman@dummymail.com,Mallory.Weitman@dummymail.com,police officer
998,Celisse,Hailee,Celisse.Hailee@dummymail.com,Celisse.Hailee@dummymail.com,worker
999,Katleen,Aaberg,Katleen.Aaberg@dummymail.com,Katleen.Aaberg@dummymail.com,worker
1000,Lynnea,Gavrila,Lynnea.Gavrila@dummymail.com,Lynnea.Gavrila@dummymail.com,firefighter
1001,Dotty,Francyne,Dotty.Francyne@dummymail.com,Dotty.Francyne@dummymail.com,doctor
1002,Isa,Couture,Isa.Couture@dummymail.com,Isa.Couture@dummymail.com,doctor
1003,Nerta,Obed,Nerta.Obed@dummymail.com,Nerta.Obed@dummymail.com,police officer
1004,Annaliese,Birdella,Annaliese.Birdella@dummymail.com,Annaliese.Birdella@dummymail.com,developer
1005,Blondelle,Gwenore,Blondelle.Gwenore@dummymail.com,Blondelle.Gwenore@dummymail.com,developer
1006,Sandie,Stelle,Sandie.Stelle@dummymail.com,Sandie.Stelle@dummymail.com,firefighter
1007,Lilith,August,Lilith.August@dummymail.com,Lilith.August@dummymail.com,police officer
1008,Gabi,Paine,Gabi.Paine@dummymail.com,Gabi.Paine@dummymail.com,firefighter
1009,Teriann,Lewes,Teriann.Lewes@dummymail.com,Teriann.Lewes@dummymail.com,developer
1010,Tina,Amand,Tina.Amand@dummymail.com,Tina.Amand@dummymail.com,police officer
1011,Sean,Romelda,Sean.Romelda@dummymail.com,Sean.Romelda@dummymail.com,doctor
1012,Kayla,Adrienne,Kayla.Adrienne@dummymail.com,Kayla.Adrienne@dummymail.com,doctor
1013,Vere,Donell,Vere.Donell@dummymail.com,Vere.Donell@dummymail.com,developer
1014,Drucie,Tacye,Drucie.Tacye@dummymail.com,Drucie.Tacye@dummymail.com,doctor
1015,Renie,Fabiola,Renie.Fabiola@dummymail.com,Renie.Fabiola@dummymail.com,worker
1016,Halette,Suk,Halette.Suk@dummymail.com,Halette.Suk@dummymail.com,worker
1017,Susette,Serilda,Susette.Serilda@dummymail.com,Susette.Serilda@dummymail.com,firefighter
1018,Elise,Faria,Elise.Faria@dummymail.com,Elise.Faria@dummymail.com,firefighter
1019,Liana,Franza,Liana.Franza@dummymail.com,Liana.Franza@dummymail.com,doctor
1020,Bernie,Regan,Bernie.Regan@dummymail.com,Bernie.Regan@dummymail.com,firefighter
1021,Elyssa,Suzetta,Elyssa.Suzetta@dummymail.com,Elyssa.Suzetta@dummymail.com,developer
1022,Henriette,Shelba,Henriette.Shelba@dummymail.com,Henriette.Shelba@dummymail.com,police officer
1023,Ketti,Greyson,Ketti.Greyson@dummymail.com,Ketti.Greyson@dummymail.com,doctor
1024,Chere,Lindemann,Chere.Lindemann@dummymail.com,Chere.Lindemann@dummymail.com,firefighter
1025,Gilligan,Standing,Gilligan.Standing@dummymail.com,Gilligan.Standing@dummymail.com,doctor
1026,Margarette,Norrie,Margarette.Norrie@dummymail.com,Margarette.Norrie@dummymail.com,developer
1027,Hope,Orpah,Hope.Orpah@dummymail.com,Hope.Orpah@dummymail.com,doctor
1028,Jobi,Schalles,Jobi.Schalles@dummymail.com,Jobi.Schalles@dummymail.com,firefighter
1029,Annabela,Chandler,Annabela.Chandler@dummymail.com,Annabela.Chandler@dummymail.com,police officer
1030,Yvonne,Lorenz,Yvonne.Lorenz@dummymail.com,Yvonne.Lorenz@dummymail.com,police officer
1031,Karena,Verger,Karena.Verger@dummymail.com,Karena.Verger@dummymail.com,worker
1032,Hermione,Francyne,Hermione.Francyne@dummymail.com,Hermione.Francyne@dummymail.com,firefighter
1033,Ira,Salchunas,Ira.Salchunas@dummymail.com,Ira.Salchunas@dummymail.com,firefighter
1034,Edee,Lorenz,Edee.Lorenz@dummymail.com,Edee.Lorenz@dummymail.com,doctor
1035,Myrtice,Bahr,Myrtice.Bahr@dummymail.com,Myrtice.Bahr@dummymail.com,doctor
1036,Liana,Birdella,Liana.Birdella@dummymail.com,Liana.Birdella@dummymail.com,worker
1037,Cacilie,Warthman,Cacilie.Warthman@dummymail.com,Cacilie.Warthman@dummymail.com,worker
1038,Coral,Cecile,Coral.Cecile@dummymail.com,Coral.Cecile@dummymail.com,police officer
1039,Candi,Armanda,Candi.Armanda@dummymail.com,Candi.Armanda@dummymail.com,police officer
1040,Brynna,Argus,Brynna.Argus@dummymail.com,Brynna.Argus@dummymail.com,firefighter
1041,Nita,Gaspard,Nita.Gaspard@dummymail.com,Nita.Gaspard@dummymail.com,firefighter
1042,Carilyn,Strephon,Carilyn.Strephon@dummymail.com,Carilyn.Strephon@dummymail.com,doctor
1043,Kassey,Lail,Kassey.Lail@dummymail.com,Kassey.Lail@dummymail.com,developer
1044,Demetris,Minetta,Demetris.Minetta@dummymail.com,Demetris.Minetta@dummymail.com,doctor
1045,Georgetta,Callista,Georgetta.Callista@dummymail.com,Georgetta.Callista@dummymail.com,worker
1046,Josephine,Raffo,Josephine.Raffo@dummymail.com,Josephine.Raffo@dummymail.com,firefighter
1047,Dode,Lytton,Dode.Lytton@dummymail.com,Dode.Lytton@dummymail.com,police officer
1048,Elmira,Rubie,Elmira.Rubie@dummymail.com,Elmira.Rubie@dummymail.com,firefighter
1049,Grier,Haerr,Grier.Haerr@dummymail.com,Grier.Haerr@dummymail.com,doctor
1050,Petronia,Penelopa,Petronia.Penelopa@dummymail.com,Petronia.Penelopa@dummymail.com,firefighter
1051,Marti,Forrer,Marti.Forrer@dummymail.com,Marti.Forrer@dummymail.com,police officer
1052,Gisela,Kazimir,Gisela.Kazimir@dummymail.com,Gisela.Kazimir@dummymail.com,firefighter
1053,Stacey,Wareing,Stacey.Wareing@dummymail.com,Stacey.Wareing@dummymail.com,developer
1054,Ardys,Gillan,Ardys.Gillan@dummymail.com,Ardys.Gillan@dummymail.com,firefighter
1055,Fredericka,Fry,Fredericka.Fry@dummymail.com,Fredericka.Fry@dummymail.com,police officer
1056,Evaleen,Dalli,Evaleen.Dalli@dummymail.com,Evaleen.Dalli@dummymail.com,worker
1057,Dotty,Candy,Dotty.Candy@dummymail.com,Dotty.Candy@dummymail.com,developer
1058,Gale,Brittani,Gale.Brittani@dummymail.com,Gale.Brittani@dummymail.com,doctor
1059,Averyl,Sheng,Averyl.Sheng@dummymail.com,Averyl.Sheng@dummymail.com,developer
1060,Mariann,Danby,Mariann.Danby@dummymail.com,Mariann.Danby@dummymail.com,firefighter
1061,Fanny,Briney,Fanny.Briney@dummymail.com,Fanny.Briney@dummymail.com,developer
1062,Brandise,Fancie,Brandise.Fancie@dummymail.com,Brandise.Fancie@dummymail.com,police officer
1063,Kirstin,Roumell,Kirstin.Roumell@dummymail.com,Kirstin.Roumell@dummymail.com,doctor
1064,Jacquetta,Romelda,Jacquetta.Romelda@dummymail.com,Jacquetta.Romelda@dummymail.com,worker
1065,Teriann,Olnee,Teriann.Olnee@dummymail.com,Teriann.Olnee@dummymail.com,worker
1066,Doralynne,MacIntosh,Doralynne.MacIntosh@dummymail.com,Doralynne.MacIntosh@dummymail.com,doctor
1067,Hollie,Warthman,Hollie.Warthman@dummymail.com,Hollie.Warthman@dummymail.com,firefighter
1068,Aili,Afton,Aili.Afton@dummymail.com,Aili.Afton@dummymail.com,police officer
1069,Briney,Lail,Briney.Lail@dummymail.com,Briney.Lail@dummymail.com,firefighter
1070,Angela,Dannye,Angela.Dannye@dummymail.com,Angela.Dannye@dummymail.com,police officer
1071,Kelly,Weide,Kelly.Weide@dummymail.com,Kelly.Weide@dummymail.com,police officer
1072,Thalia,Kauppi,Thalia.Kauppi@dummymail.com,Thalia.Kauppi@dummymail.com,doctor
1073,Esmeralda,Korey,Esmeralda.Korey@dummymail.com,Esmeralda.Korey@dummymail.com,police officer
1074,Raf,Gherardo,Raf.Gherardo@dummymail.com,Raf.Gherardo@dummymail.com,firefighter
1075,Caryl,Milde,Caryl.Milde@dummymail.com,Caryl.Milde@dummymail.com,doctor
1076,Letizia,Westphal,Letizia.Westphal@dummymail.com,Letizia.Westphal@dummymail.com,worker
1077,Tami,Emmaline,Tami.Emmaline@dummymail.com,Tami.Emmaline@dummymail.com,worker
1078,Madeleine,Killigrew,Madeleine.Killigrew@dummymail.com,Madeleine.Killigrew@dummymail.com,developer
1079,Celisse,Cath,Celisse.Cath@dummymail.com,Celisse.Cath@dummymail.com,doctor
1080,Kary,Casimir,Kary.Casimir@dummymail.com,Kary.Casimir@dummymail.com,police officer
1081,Konstance,Azeria,Konstance.Azeria@dummymail.com,Konstance.Azeria@dummymail.com,developer
1082,Britni,Dearborn,Britni.Dearborn@dummymail.com,Britni.Dearborn@dummymail.com,firefighter
1083,Nyssa,Yuille,Nyssa.Yuille@dummymail.com,Nyssa.Yuille@dummymail.com,doctor
1084,Antonietta,Berriman,Antonietta.Berriman@dummymail.com,Antonietta.Berriman@dummymail.com,police officer
1085,Max,Sancho,Max.Sancho@dummymail.com,Max.Sancho@dummymail.com,worker
1086,Dominga,Krystle,Dominga.Krystle@dummymail.com,Dominga.Krystle@dummymail.com,developer
1087,Yvonne,Cohdwell,Yvonne.Cohdwell@dummymail.com,Yvonne.Cohdwell@dummymail.com,doctor
1088,Shannah,Linskey,Shannah.Linskey@dummymail.com,Shannah.Linskey@dummymail.com,worker
1089,Sarette,Corabella,Sarette.Corabella@dummymail.com,Sarette.Corabella@dummymail.com,developer
1090,Hope,Marsden,Hope.Marsden@dummymail.com,Hope.Marsden@dummymail.com,doctor
1091,Cherrita,Kaja,Cherrita.Kaja@dummymail.com,Cherrita.Kaja@dummymail.com,developer
1092,Ashlee,Jehu,Ashlee.Jehu@dummymail.com,Ashlee.Jehu@dummymail.com,police officer
1093,Barbara,Arley,Barbara.Arley@dummymail.com,Barbara.Arley@dummymail.com,doctor
1094,Cacilie,Bibi,Cacilie.Bibi@dummymail.com,Cacilie.Bibi@dummymail.com,developer
1095,Jasmina,Killigrew,Jasmina.Killigrew@dummymail.com,Jasmina.Killigrew@dummymail.com,police officer
1096,Siana,Dyche,Siana.Dyche@dummymail.com,Siana.Dyche@dummymail.com,developer
1097,Kirbee,Vacuva,Kirbee.Vacuva@dummymail.com,Kirbee.Vacuva@dummymail.com,worker
1098,Clarice,Brodench,Clarice.Brodench@dummymail.com,Clarice.Brodench@dummymail.com,worker
1099,Rhoda,Alabaster,Rhoda.Alabaster@dummymail.com,Rhoda.Alabaster@dummymail.com,firefighter