id,firstname,lastname,email,email2,profession
100,Aeriela,Thunell,Aeriela.Thunell@dummymail.com,Aeriela.Thunell@dummymail.com,police officer
101,Lesly,Waite,Lesly.Waite@dummymail.com,Lesly.Waite@dummymail.com,police officer
102,Flo,Azeria,Flo.Azeria@dummymail.com,Flo.Azeria@dummymail.com,firefighter
103,Chrystel,Janene,Chrystel.Janene@dummymail.com,Chrystel.Janene@dummymail.com,worker
104,Raf,Weitman,Raf.Weitman@dummymail.com,Raf.Weitman@dummymail.com,developer
105,Brianna,Henrie,Brianna.Henrie@dummymail.com,Brianna.Henrie@dummymail.com,worker
106,Taffy,Jary,Taffy.Jary@dummymail.com,Taffy.Jary@dummymail.com,worker
107,Allis,Swanhildas,Allis.Swanhildas@dummymail.com,Allis.Swanhildas@dummymail.com,doctor
108,Rozele,Leonard,Rozele.Leonard@dummymail.com,Rozele.Leonard@dummymail.com,developer
109,Kristina,Gunn,Kristina.Gunn@dummymail.com,Kristina.Gunn@dummymail.com,firefighter
110,Candy,Angelis,Candy.Angelis@dummymail.com,Candy.Angelis@dummymail.com,police officer
111,Josephine,Orlene,Josephine.Orlene@dummymail.com,Josephine.Orlene@dummymail.com,developer
112,Pearline,Tamar,Pearline.Tamar@dummymail.com,Pearline.Tamar@dummymail.com,worker
113,Vonny,Firmin,Vonny.Firmin@dummymail.com,Vonny.Firmin@dummymail.com,police officer
114,Yetty,Tound,Yetty.Tound@dummymail.com,Yetty.Tound@dummymail.com,firefighter
115,Dania,Helve,Dania.Helve@dummymail.com,Dania.Helve@dummymail.com,worker
116,Ottilie,Lissi,Ottilie.Lissi@dummymail.com,Ottilie.Lissi@dummymail.com,worker
117,Sarette,Ramona,Sarette.Ramona@dummymail.com,Sarette.Ramona@dummymail.com,doctor
118,Tiffie,Callista,Tiffie.Callista@dummymail.com,Tiffie.Callista@dummymail.com,worker
119,Doralynne,Suk,Doralynne.Suk@dummymail.com,Doralynne.Suk@dummymail.com,police officer
120,Allis,Abbot,Allis.Abbot@dummymail.com,Allis.Abbot@dummymail.com,police officer
121,Deirdre,Eldrid,Deirdre.Eldrid@dummymail.com,Deirdre.Eldrid@dummymail.com,police officer
122,Kaja,Merell,Kaja.Merell@dummymail.com,Kaja.Merell@dummymail.com,doctor
123,Concettina,Iphlgenia,Concettina.Iphlgenia@dummymail.com,Concettina.Iphlgenia@dummymail.com,worker
124,Delilah,Jagir,Delilah.Jagir@dummymail.com,Delilah.Jagir@dummymail.com,police officer
125,Lyssa,Nisbet,Lyssa.Nisbet@dummymail.com,Lyssa.Nisbet@dummymail.com,worker
126,Kore,Old,Kore.Old@dummymail.com,Kore.Old@dummymail.com,police officer
127,Averyl,Bergman,Averyl.Bergman@dummymail.com,Averyl.Bergman@dummymail.com,worker
128,Yolane,Peg,Yolane.Peg@dummymail.com,Yolane.Peg@dummymail.com,doctor
129,Christian,Kellby,Christian.Kellby@dummymail.com,Christian.Kellby@dummymail.com,police officer
130,Agathe,Tippets,Agathe.Tippets@dummymail.com,Agathe.Tippets@dummymail.com,doctor
131,Mignon,Hanshaw,Mignon.Hanshaw@dummymail.com,Mignon.Hanshaw@dummymail.com,police officer
132,Annecorinne,Santoro,Annecorinne.Santoro@dummymail.com,Annecorinne.Santoro@dummymail.com,worker
133,Cissiee,Romelda,Cissiee.Romelda@dummymail.com,Cissiee.Romelda@dummymail.com,worker
134,Livvyy,Eugenia,Livvyy.Eugenia@dummymail.com,Livvyy.Eugenia@dummymail.com,developer
135,Lesly,Neils,Lesly.Neils@dummymail.com,Lesly.Neils@dummymail.com,developer
136,Sadie,McNully,Sadie.McNully@dummymail.com,Sadie.McNully@dummymail.com,developer
137,Selia,Hartnett,Selia.Hartnett@dummymail.com,Selia.Hartnett@dummymail.com,developer
138,Nannie,Gherardo,Nannie.Gherardo@dummymail.com,Nannie.Gherardo@dummymail.com,firefighter
139,Sophia,Bord,Sophia.Bord@dummymail.com,Sophia.Bord@dummymail.com,police officer
140,Alleen,Swigart,Alleen.Swigart@dummymail.com,Alleen.Swigart@dummymail.com,developer
141,Reeba,Arley,Reeba.Arley@dummymail.com,Reeba.Arley@dummymail.com,worker
142,Lorie,Vastah,Lorie.Vastah@dummymail.com,Lorie.Vastah@dummymail.com,firefighter
143,Lexine,Aurelio,Lexine.Aurelio@dummymail.com,Lexine.Aurelio@dummymail.com,developer
144,Marinna,Rugen,Marinna.Rugen@dummymail.com,Marinna.Rugen@dummymail.com,firefighter
145,Lenna,Rillings,Lenna.Rillings@dummymail.com,Lenna.Rillings@dummymail.com,worker
146,Elise,Rheingold,Elise.Rheingold@dummymail.com,Elise.Rheingold@dummymail.com,developer
147,Tybie,Rubie,Tybie.Rubie@dummymail.com,Tybie.Rubie@dummymail.com,firefighter
148,Celestyna,Fennessy,Celestyna.Fennessy@dummymail.com,Celestyna.Fennessy@dummymail.com,worker
149,Althea,Bohlin,Althea.Bohlin@dummymail.com,Althea.Bohlin@dummymail.com,firefighter
150,Aaren,Johnsson,Aaren.Johnsson@dummymail.com,Aaren.Johnsson@dummymail.com,doctor
151,Shell,Fax,Shell.Fax@dummymail.com,Shell.Fax@dummymail.com,worker
152,Elie,Kiyoshi,Elie.Kiyoshi@dummymail.com,Elie.Kiyoshi@dummymail.com,worker
153,Babita,Delila,Babita.Delila@dummymail.com,Babita.Delila@dummymail.com,developer
154,Madeleine,Podvin,Madeleine.Podvin@dummymail.com,Madeleine.Podvin@dummymail.com,police officer
155,Evaleen,Janith,Evaleen.Janith@dummymail.com,Evaleen.Janith@dummymail.com,police officer
156,Aaren,Loeb,Aaren.Loeb@dummymail.com,Aaren.Loeb@dummymail.com,police officer
157,Corly,Torray,Corly.Torray@dummymail.com,Corly.Torray@dummymail.com,firefighter
158,Desirae,My,Desirae.My@dummymail.com,Desirae.My@dummymail.com,firefighter
159,Sean,Autrey,Sean.Autrey@dummymail.com,Sean.Autrey@dummymail.com,police officer
160,Thalia,Annabella,Thalia.Annabella@dummymail.com,Thalia.Annabella@dummymail.com,doctor
161,Gwenneth,August,Gwenneth.August@dummymail.com,Gwenneth.August@dummymail.com,doctor
162,Carolina,Letsou,Carolina.Letsou@dummymail.com,Carolina.Letsou@dummymail.com,developer
163,Rhea,Tufts,Rhea.Tufts@dummymail.com,Rhea.Tufts@dummymail.com,worker
164,Renae,Bach,Renae.Bach@dummymail.com,Renae.Bach@dummymail.com,firefighter
165,Vinita,Jaylene,Vinita.Jaylene@dummymail.com,Vinita.Jaylene@dummymail.com,developer
166,Melanie,Suk,Melanie.Suk@dummymail.com,Melanie.Suk@dummymail.com,developer
167,Mureil,Dudley,Mureil.Dudley@dummymail.com,Mureil.Dudley@dummymail.com,firefighter
168,Frank,Hepsibah,Frank.Hepsibah@dummymail.com,Frank.Hepsibah@dummymail.com,police officer
169,Joane,Rooney,Joane.Rooney@dummymail.com,Joane.Rooney@dummymail.com,police officer
170,Roz,Kylander,Roz.Kylander@dummymail.com,Roz.Kylander@dummymail.com,doctor
171,Jinny,Corilla,Jinny.Corilla@dummymail.com,Jinny.Corilla@dummymail.com,firefighter
172,Genevra,Lorain,Genevra.Lorain@dummymail.com,Genevra.Lorain@dummymail.com,worker
173,Correy,Ball,Correy.Ball@dummymail.com,Correy.Ball@dummymail.com,developer
174,Misha,Gwenore,Misha.Gwenore@dummymail.com,Misha.Gwenore@dummymail.com,firefighter
175,Joy,Darrell,Joy.Darrell@dummymail.com,Joy.Darrell@dummymail.com,firefighter
176,Gusty,Gino,Gusty.Gino@dummymail.com,Gusty.Gino@dummymail.com,developer
177,Wynne,Burkle,Wynne.Burkle@dummymail.com,Wynne.Burkle@dummymail.com,police officer
178,Cathie,Wadell,Cathie.Wadell@dummymail.com,Cathie.Wadell@dummymail.com,doctor
179,Karly,Sinegold,Karly.Sinegold@dummymail.com,Karly.Sinegold@dummymail.com,developer
180,Winifred,Lia,Winifred.Lia@dummymail.com,Winifred.Lia@dummymail.com,firefighter
181,Annaliese,Pyle,Annaliese.Pyle@dummymail.com,Annaliese.Pyle@dummymail.com,worker
182,Winifred,Vastah,Winifred.Vastah@dummymail.com,Winifred.Vastah@dummymail.com,police officer
183,Ernesta,Noman,Ernesta.Noman@dummymail.com,Ernesta.Noman@dummymail.com,police officer
184,Consuela,Gert,Consuela.Gert@dummymail.com,Consuela.Gert@dummymail.com,doctor
185,Netty,Lea,Netty.Lea@dummymail.com,Netty.Lea@dummymail.com,police officer
186,Trudie,Decato,Trudie.Decato@dummymail.com,Trudie.Decato@dummymail.com,developer
187,Sybille,Allys,Sybille.Allys@dummymail.com,Sybille.Allys@dummymail.com,developer
188,Corene,Oster,Corene.Oster@dummymail.com,Corene.Oster@dummymail.com,doctor
189,Kate,Nerita,Kate.Nerita@dummymail.com,Kate.Nerita@dummymail.com,firefighter
190,Berget,Annabella,Berget.Annabella@dummymail.com,Berget.Annabella@dummymail.com,doctor
191,Catharine,Sprage,Catharine.Sprage@dummymail.com,Catharine.Sprage@dummymail.com,police officer
192,Edyth,Kauppi,Edyth.Kauppi@dummymail.com,Edyth.Kauppi@dummymail.com,developer
193,Gabriellia,Cloris,Gabriellia.Cloris@dummymail.com,Gabriellia.Cloris@dummymail.com,police officer
194,Carmela,Cloris,Carmela.Cloris@dummymail.com,Carmela.Cloris@dummymail.com,worker
195,Louella,Eiser,Louella.Eiser@dummymail.com,Louella.Eiser@dummymail.com,doctor
196,Goldie,Mendez,Goldie.Mendez@dummymail.com,Goldie.Mendez@dummymail.com,firefighter
197,Riannon,Horan,Riannon.Horan@dummymail.com,Riannon.Horan@dummymail.com,firefighter
198,Anthia,Albertine,Anthia.Albertine@dummymail.com,Anthia.Albertine@dummymail.com,developer
199,Heida,Buckler,Heida.Buckler@dummymail.com,Heida.Buckler@dummymail.com,worker
200,Reeba,Madelene,Reeba.Madelene@dummymail.com,Reeba.Madelene@dummymail.com,developer
201,Chloris,Cath,Chloris.Cath@dummymail.com,Chloris.Cath@dummymail.com,firefighter
202,Lonnie,Kinnard,Lonnie.Kinnard@dummymail.com,Lonnie.Kinnard@dummymail.com,police officer
203,Ira,Freddi,Ira.Freddi@dummymail.com,Ira.Freddi@dummymail.com,police officer
204,Brynna,Rosalba,Brynna.Rosalba@dummymail.com,Brynna.Rosalba@dummymail.com,doctor
205,Anallese,Uird,Anallese.Uird@dummymail.com,Anallese.Uird@dummymail.com,doctor
206,Elmira,Ophelia,Elmira.Ophelia@dummymail.com,Elmira.Ophelia@dummymail.com,firefighter
207,Dotty,Tremayne,Dotty.Tremayne@dummymail.com,Dotty.Tremayne@dummymail.com,worker
208,Kara-Lynn,Garrison,Kara-Lynn.Garrison@dummymail.com,Kara-Lynn.Garrison@dummymail.com,worker
209,Zsa Zsa,Carri,Zsa Zsa.Carri@dummymail.com,Zsa Zsa.Carri@dummymail.com,worker
210,Codie,Lissi,Codie.Lissi@dummymail.com,Codie.Lissi@dummymail.com,firefighter
211,Sophia,Codding,Sophia.Codding@dummymail.com,Sophia.Codding@dummymail.com,doctor
212,Rozele,Greyson,Rozele.Greyson@dummymail.com,Rozele.Greyson@dummymail.com,firefighter
213,Lonnie,Meli,Lonnie.Meli@dummymail.com,Lonnie.Meli@dummymail.com,doctor
214,Esmeralda,Nickola,Esmeralda.Nickola@dummymail.com,Esmeralda.Nickola@dummymail.com,doctor
215,Tarra,Ortrude,Tarra.Ortrude@dummymail.com,Tarra.Ortrude@dummymail.com,police officer
216,Candy,Garrison,Candy.Garrison@dummymail.com,Candy.Garrison@dummymail.com,developer
217,Henriette,Gillan,Henriette.Gillan@dummymail.com,Henriette.Gillan@dummymail.com,worker
218,Margarette,Amethist,Margarette.Amethist@dummymail.com,Margarette.Amethist@dummymail.com,developer
219,Sidoney,Harl,Sidoney.Harl@dummymail.com,Sidoney.Harl@dummymail.com,police officer
220,Florie,Nikaniki,Florie.Nikaniki@dummymail.com,Florie.Nikaniki@dummymail.com,firefighter
221,Glenda,Sophronia,Glenda.Sophronia@dummymail.com,Glenda.Sophronia@dummymail.com,developer
222,Cassandra,Narton,Cassandra.Narton@dummymail.com,Cassandra.Narton@dummymail.com,police officer
223,Roxane,Loeb,Roxane.Loeb@dummymail.com,Roxane.Loeb@dummymail.com,worker
224,Kathi,Virgin,Kathi.Virgin@dummymail.com,Kathi.Virgin@dummymail.com,worker
225,Christian,Maurine,Christian.Maurine@dummymail.com,Christian.Maurine@dummymail.com,firefighter
226,Carol-Jean,Bronk,Carol-Jean.Bronk@dummymail.com,Carol-Jean.Bronk@dummymail.com,firefighter
227,Agathe,Gibbeon,Agathe.Gibbeon@dummymail.com,Agathe.Gibbeon@dummymail.com,worker
228,Gaylene,Melleta,Gaylene.Melleta@dummymail.com,Gaylene.Melleta@dummymail.com,developer
229,Deedee,Weaks,Deedee.Weaks@dummymail.com,Deedee.Weaks@dummymail.com,doctor
230,Angelique,Ashok,Angelique.Ashok@dummymail.com,Angelique.Ashok@dummymail.com,police officer
231,Gilda,Nicoline,Gilda.Nicoline@dummymail.com,Gilda.Nicoline@dummymail.com,police officer
232,Augustine,Hanleigh,Augustine.Hanleigh@dummymail.com,Augustine.Hanleigh@dummymail.com,developer
233,Elka,Elo,Elka.Elo@dummymail.com,Elka.Elo@dummymail.com,worker
234,Leona,Arathorn,Leona.Arathorn@dummymail.com,Leona.Arathorn@dummymail.com,doctor
235,Julieta,Alrich,Julieta.Alrich@dummymail.com,Julieta.Alrich@dummymail.com,worker
236,Clarice,Riva,Clarice.Riva@dummymail.com,Clarice.Riva@dummymail.com,police officer
237,Lenna,Cimbura,Lenna.Cimbura@dummymail.com,Lenna.Cimbura@dummymail.com,developer
238,Modestia,Chesna,Modestia.Chesna@dummymail.com,Modestia.Chesna@dummymail.com,doctor
239,Kaja,Thunell,Kaja.Thunell@dummymail.com,Kaja.Thunell@dummymail.com,worker
240,Emylee,Ader,Emylee.Ader@dummymail.com,Emylee.Ader@dummymail.com,police officer
241,Clary,Dyche,Clary.Dyche@dummymail.com,Clary.Dyche@dummymail.com,police officer
242,Gabriellia,Turne,Gabriellia.Turne@dummymail.com,Gabriellia.Turne@dummymail.com,worker
243,Jsandye,Thomasina,Jsandye.Thomasina@dummymail.com,Jsandye.Thomasina@dummymail.com,police officer
244,Monika,Darbie,Monika.Darbie@dummymail.com,Monika.Darbie@dummymail.com,developer
245,Lexine,Marijo,Lexine.Marijo@dummymail.com,Lexine.Marijo@dummymail.com,firefighter
246,Paola,Grosz,Paola.Grosz@dummymail.com,Paola.Grosz@dummymail.com,firefighter
247,Meg,Keily,Meg.Keily@dummymail.com,Meg.Keily@dummymail.com,developer
248,Tani,Georgy,Tani.Georgy@dummymail.com,Tani.Georgy@dummymail.com,worker
249,Raf,Pillsbury,Raf.Pillsbury@dummymail.com,Raf.Pillsbury@dummymail.com,worker
250,Annice,Bultman,Annice.Bultman@dummymail.com,Annice.Bultman@dummymail.com,police officer
251,Alejandra,Magdalen,Alejandra.Magdalen@dummymail.com,Alejandra.Magdalen@dummymail.com,doctor
252,Kalina,Annabella,Kalina.Annabella@dummymail.com,Kalina.Annabella@dummymail.com,developer
253,Zondra,MacIntosh,Zondra.MacIntosh@dummymail.com,Zondra.MacIntosh@dummymail.com,doctor
254,Lexine,Jillane,Lexine.Jillane@dummymail.com,Lexine.Jillane@dummymail.com,police officer
255,Karly,Tyson,Karly.Tyson@dummymail.com,Karly.Tyson@dummymail.com,firefighter
256,Robinia,Chrystel,Robinia.Chrystel@dummymail.com,Robinia.Chrystel@dummymail.com,worker
257,Peri,Willie,Peri.Willie@dummymail.com,Peri.Willie@dummymail.com,worker
258,Fawne,Etom,Fawne.Etom@dummymail.com,Fawne.Etom@dummymail.com,developer
259,Tilly,Gualtiero,Tilly.Gualtiero@dummymail.com,Tilly.Gualtiero@dummymail.com,worker
260,Brandise,Sigfrid,Brandise.Sigfrid@dummymail.com,Brandise.Sigfrid@dummymail.com,police officer
261,Gerrie,Sadowski,Gerrie.Sadowski@dummymail.com,Gerrie.Sadowski@dummymail.com,doctor
262,Roz,Luhe,Roz.Luhe@dummymail.com,Roz.Luhe@dummymail.com,doctor
263,Catharine,Cimbura,Catharine.Cimbura@dummymail.com,Catharine.Cimbura@dummymail.com,firefighter
264,Tera,Clarissa,Tera.Clarissa@dummymail.com,Tera.Clarissa@dummymail.com,police officer
265,Jorry,Lunsford,Jorry.Lunsford@dummymail.com,Jorry.Lunsford@dummymail.com,police officer
266,Lisette,Hanleigh,Lisette.Hanleigh@dummymail.com,Lisette.Hanleigh@dummymail.com,worker
267,Catrina,Randene,Catrina.Randene@dummymail.com,Catrina.Randene@dummymail.com,police officer
268,Ira,Catie,Ira.Catie@dummymail.com,Ira.Catie@dummymail.com,worker
269,Valli,Mike,Valli.Mike@dummymail.com,Valli.Mike@dummymail.com,firefighter
270,Ermengarde,Carri,Ermengarde.Carri@dummymail.com,Ermengarde.Carri@dummymail.com,worker
271,Shaine,Pillsbury,Shaine.Pillsbury@dummymail.com,Shaine.Pillsbury@dummymail.com,worker
272,Chrystel,Jess,Chrystel.Jess@dummymail.com,Chrystel.Jess@dummymail.com,developer
273,Cordi,Rhu,Cordi.Rhu@dummymail.com,Cordi.Rhu@dummymail.com,developer
274,Gretal,Philoo,Gretal.Philoo@dummymail.com,Gretal.Philoo@dummymail.com,worker
275,Aaren,Trinetta,Aaren.Trinetta@dummymail.com,Aaren.Trinetta@dummymail.com,firefighter
276,Eve,Borrell,Eve.Borrell@dummymail.com,Eve.Borrell@dummymail.com,police officer
277,Giustina,Randene,Giustina.Randene@dummymail.com,Giustina.Randene@dummymail.com,firefighter
278,Paulita,Noelyn,Paulita.Noelyn@dummymail.com,Paulita.Noelyn@dummymail.com,worker
279,Kaia,Remmer,Kaia.Remmer@dummymail.com,Kaia.Remmer@dummymail.com,worker
280,Cecile,Dearborn,Cecile.Dearborn@dummymail.com,Cecile.Dearborn@dummymail.com,worker
281,Brooks,Mendez,Brooks.Mendez@dummymail.com,Brooks.Mendez@dummymail.com,developer
282,Charmaine,Hilbert,Charmaine.Hilbert@dummymail.com,Charmaine.Hilbert@dummymail.com,worker
283,Ketti,Parsaye,Ketti.Parsaye@dummymail.com,Ketti.Parsaye@dummymail.com,doctor
284,Aimil,Cornelia,Aimil.Cornelia@dummymail.com,Aimil.Cornelia@dummymail.com,firefighter
285,Beverley,Garlinda,Beverley.Garlinda@dummymail.com,Beverley.Garlinda@dummymail.com,police officer
286,Zsa Zsa,Holbrook,Zsa Zsa.Holbrook@dummymail.com,Zsa Zsa.Holbrook@dummymail.com,worker
287,Lorenza,Center,Lorenza.Center@dummymail.com,Lorenza.Center@dummymail.com,worker
288,Leeanne,Dannye,Leeanne.Dannye@dummymail.com,Leeanne.Dannye@dummymail.com,police officer
289,Marti,Eliathas,Marti.Eliathas@dummymail.com,Marti.Eliathas@dummymail.com,firefighter
290,Bertine,Goerke,Bertine.Goerke@dummymail.com,Bertine.Goerke@dummymail.com,worker
291,Candi,Ietta,Candi.Ietta@dummymail.com,Candi.Ietta@dummymail.com,firefighter
292,Nananne,Velick,Nananne.Velick@dummymail.com,Nananne.Velick@dummymail.com,doctor
293,Elvira,Longfellow,Elvira.Longfellow@dummymail.com,Elvira.Longfellow@dummymail.com,firefighter
294,Ana,Dituri,Ana.Dituri@dummymail.com,Ana.Dituri@dummymail.com,worker
295,Isa,Daveta,Isa.Daveta@dummymail.com,Isa.Daveta@dummymail.com,police officer
296,Vevay,Jeanne,Vevay.Jeanne@dummymail.com,Vevay.Jeanne@dummymail.com,worker
297,Molli,Mendez,Molli.Mendez@dummymail.com,Molli.Mendez@dummymail.com,worker
298,Philis,Auberbach,Philis.Auberbach@dummymail.com,Philis.Auberbach@dummymail.com,police officer
299,Romona,Nedrud,Romona.Nedrud@dummymail.com,Romona.Nedrud@dummymail.com,firefighter
300,Clo,Carlson,Clo.Carlson@dummymail.com,Clo.Carlson@dummymail.com,police officer
301,Kellen,Alisia,Kellen.Alisia@dummymail.com,Kellen.Alisia@dummymail.com,doctor
302,Alejandra,Ezar,Alejandra.Ezar@dummymail.com,Alejandra.Ezar@dummymail.com,worker
303,Concettina,Zina,Concettina.Zina@dummymail.com,Concettina.Zina@dummymail.com,developer
304,Taffy,Lacombe,Taffy.Lacombe@dummymail.com,Taffy.Lacombe@dummymail.com,firefighter
305,Bettine,Anderea,Bettine.Anderea@dummymail.com,Bettine.Anderea@dummymail.com,worker
306,Emylee,Erb,Emylee.Erb@dummymail.com,Emylee.Erb@dummymail.com,doctor
307,Siana,Quinn,Siana.Quinn@dummymail.com,Siana.Quinn@dummymail.com,police officer
308,Gerrie,Zola,Gerrie.Zola@dummymail.com,Gerrie.Zola@dummymail.com,doctor
309,Carmela,Anis,Carmela.Anis@dummymail.com,Carmela.Anis@dummymail.com,doctor
310,Kate,Afton,Kate.Afton@dummymail.com,Kate.Afton@dummymail.com,firefighter
311,Charlena,Orpah,Charlena.Orpah@dummymail.com,Charlena.Orpah@dummymail.com,developer
312,Dennie,Liva,Dennie.Liva@dummymail.com,Dennie.Liva@dummymail.com,doctor
313,Susette,Sherrie,Susette.Sherrie@dummymail.com,Susette.Sherrie@dummymail.com,police officer
314,Marnia,Berne,Marnia.Berne@dummymail.com,Marnia.Berne@dummymail.com,doctor
315,Gwenneth,Pelagias,Gwenneth.Pelagias@dummymail.com,Gwenneth.Pelagias@dummymail.com,firefighter
316,Dione,Tound,Dione.Tound@dummymail.com,Dione.Tound@dummymail.com,police officer
317,Nickie,Gilbertson,Nickie.Gilbertson@dummymail.com,Nickie.Gilbertson@dummymail.com,firefighter
318,Olivette,Tryck,Olivette.Tryck@dummymail.com,Olivette.Tryck@dummymail.com,firefighter
319,Elora,Zeeba,Elora.Zeeba@dummymail.com,Elora.Zeeba@dummymail.com,doctor
320,Kellen,Marlie,Kellen.Marlie@dummymail.com,Kellen.Marlie@dummymail.com,police officer
321,Theodora,Helve,Theodora.Helve@dummymail.com,Theodora.Helve@dummymail.com,developer
322,Melanie,Emmaline,Melanie.Emmaline@dummymail.com,Melanie.Emmaline@dummymail.com,worker
323,Edyth,Lay,Edyth.Lay@dummymail.com,Edyth.Lay@dummymail.com,police officer
324,Kenna,Pierette,Kenna.Pierette@dummymail.com,Kenna.Pierette@dummymail.com,worker
325,Vanessa,Nisbet,Vanessa.Nisbet@dummymail.com,Vanessa.Nisbet@dummymail.com,doctor
326,Elmira,Adore,Elmira.Adore@dummymail.com,Elmira.Adore@dummymail.com,developer
327,Lynea,Hoban,Lynea.Hoban@dummymail.com,Lynea.Hoban@dummymail.com,worker
328,Willetta,Hoenack,Willetta.Hoenack@dummymail.com,Willetta.Hoenack@dummymail.com,police officer
329,Morganica,Hollingsworth,Morganica.Hollingsworth@dummymail.com,Morganica.Hollingsworth@dummymail.com,developer
330,Wendi,Selway,Wendi.Selway@dummymail.com,Wendi.Selway@dummymail.com,worker
331,Genovera,Si,Genovera.Si@dummymail.com,Genovera.Si@dummymail.com,worker
332,Ronna,Atcliffe,Ronna.Atcliffe@dummymail.com,Ronna.Atcliffe@dummymail.com,firefighter
333,Linzy,Odell,Linzy.Odell@dummymail.com,Linzy.Odell@dummymail.com,worker
334,Dorice,Stefa,Dorice.Stefa@dummymail.com,Dorice.Stefa@dummymail.com,police officer
335,Wanda,Urania,Wanda.Urania@dummymail.com,Wanda.Urania@dummymail.com,doctor
336,Daune,Raffo,Daune.Raffo@dummymail.com,Daune.Raffo@dummymail.com,firefighter
337,Evaleen,Agle,Evaleen.Agle@dummymail.com,Evaleen.Agle@dummymail.com,firefighter
338,Nerta,Cath,Nerta.Cath@dummymail.com,Nerta.Cath@dummymail.com,police officer
339,Gretal,Vorster,Gretal.Vorster@dummymail.com,Gretal.Vorster@dummymail.com,firefighter
340,Nikki,Ade,Nikki.Ade@dummymail.com,Nikki.Ade@dummymail.com,firefighter
341,Daune,Mozelle,Daune.Mozelle@dummymail.com,Daune.Mozelle@dummymail.com,developer
342,Molli,Trace,Molli.Trace@dummymail.com,Molli.Trace@dummymail.com,police officer
343,Babita,Faust,Babita.Faust@dummymail.com,Babita.Faust@dummymail.com,doctor
344,Roseline,McLaughlin,Roseline.McLaughlin@dummymail.com,Roseline.McLaughlin@dummymail.com,developer
345,Oralee,Thunell,Oralee.Thunell@dummymail.com,Oralee.Thunell@dummymail.com,police officer
346,Christy,Ioab,Christy.Ioab@dummymail.com,Christy.Ioab@dummymail.com,doctor
347,Emelina,Infield,Emelina.Infield@dummymail.com,Emelina.Infield@dummymail.com,firefighter
348,Kristina,Naashom,Kristina.Naashom@dummymail.com,Kristina.Naashom@dummymail.com,doctor
349,Binny,Greyson,Binny.Greyson@dummymail.com,Binny.Greyson@dummymail.com,firefighter
350,Marinna,Leler,Marinna.Leler@dummymail.com,Marinna.Leler@dummymail.com,worker
351,Eadie,Wolfgram,Eadie.Wolfgram@dummymail.com,Eadie.Wolfgram@dummymail.com,police officer
352,Philis,Gilmour,Philis.Gilmour@dummymail.com,Philis.Gilmour@dummymail.com,doctor
353,Merry,Sawtelle,Merry.Sawtelle@dummymail.com,Merry.Sawtelle@dummymail.com,worker
354,Belinda,Chauncey,Belinda.Chauncey@dummymail.com,Belinda.Chauncey@dummymail.com,worker
355,Liana,Dimitris,Liana.Dimitris@dummymail.com,Liana.Dimitris@dummymail.com,police officer
356,Starla,Brunell,Starla.Brunell@dummymail.com,Starla.Brunell@dummymail.com,worker
357,Rosaline,Dituri,Rosaline.Dituri@dummymail.com,Rosaline.Dituri@dummymail.com,developer
358,Andeee,Bartlett,Andeee.Bartlett@dummymail.com,Andeee.Bartlett@dummymail.com,police officer
359,Chastity,Lilas,Chastity.Lilas@dummymail.com,Chastity.Lilas@dummymail.com,firefighter
360,Neila,Cassius,Neila.Cassius@dummymail.com,Neila.Cassius@dummymail.com,worker
361,Frieda,Hedve,Frieda.Hedve@dummymail.com,Frieda.Hedve@dummymail.com,doctor
362,Yetty,Imelida,Yetty.Imelida@dummymail.com,Yetty.Imelida@dummymail.com,worker
363,Brooks,Ajay,Brooks.Ajay@dummymail.com,Brooks.Ajay@dummymail.com,doctor
364,Aigneis,Dyche,Aigneis.Dyche@dummymail.com,Aigneis.Dyche@dummymail.com,worker
365,Amalie,Remmer,Amalie.Remmer@dummymail.com,Amalie.Remmer@dummymail.com,doctor
366,Bobbi,Ricki,Bobbi.Ricki@dummymail.com,Bobbi.Ricki@dummymail.com,police officer
367,Aili,Azeria,Aili.Azeria@dummymail.com,Aili.Azeria@dummymail.com,developer
368,Gabriellia,Constancy,Gabriellia.Constancy@dummymail.com,Gabriellia.Constancy@dummymail.com,police officer
369,Eadie,Ball,Eadie.Ball@dummymail.com,Eadie.Ball@dummymail.com,police officer
370,Dorice,Zina,Dorice.Zina@dummymail.com,Dorice.Zina@dummymail.com,worker
371,Kristina,Wesle,Kristina.Wesle@dummymail.com,Kristina.Wesle@dummymail.com,worker
372,Steffane,An,Steffane.An@dummymail.com,Steffane.An@dummymail.com,doctor
373,Ruthe,Gower,Ruthe.Gower@dummymail.com,Ruthe.Gower@dummymail.com,developer
374,Konstance,Kellby,Konstance.Kellby@dummymail.com,Konstance.Kellby@dummymail.com,doctor
375,Mariele,Anderea,Mariele.Anderea@dummymail.com,Mariele.Anderea@dummymail.com,developer
376,Tonia,Gower,Tonia.Gower@dummymail.com,Tonia.Gower@dummymail.com,firefighter
377,Basia,Kress,Basia.Kress@dummymail.com,Basia.Kress@dummymail.com,firefighter
378,Julieta,Podvin,Julieta.Podvin@dummymail.com,Julieta.Podvin@dummymail.com,worker
379,Daphne,Albertine,Daphne.Albertine@dummymail.com,Daphne.Albertine@dummymail.com,developer
380,Lanna,Leary,Lanna.Leary@dummymail.com,Lanna.Leary@dummymail.com,firefighter
381,Selia,Lynn,Selia.Lynn@dummymail.com,Selia.Lynn@dummymail.com,worker
382,Fernande,Hull,Fernande.Hull@dummymail.com,Fernande.Hull@dummymail.com,firefighter
383,Nelle,Henebry,Nelle.Henebry@dummymail.com,Nelle.Henebry@dummymail.com,firefighter
384,Giustina,Evvie,Giustina.Evvie@dummymail.com,Giustina.Evvie@dummymail.com,worker
385,Carol-Jean,Persse,Carol-Jean.Persse@dummymail.com,Carol-Jean.Persse@dummymail.com,firefighter
386,Wynne,Latini,Wynne.Latini@dummymail.com,Wynne.Latini@dummymail.com,police officer
387,Blake,Atcliffe,Blake.Atcliffe@dummymail.com,Blake.Atcliffe@dummymail.com,firefighter
388,Celene,Tryck,Celene.Tryck@dummymail.com,Celene.Tryck@dummymail.com,firefighter
389,Daryl,Katrine,Daryl.Katrine@dummymail.com,Daryl.Katrine@dummymail.com,firefighter
390,Corina,Kress,Corina.Kress@dummymail.com,Corina.Kress@dummymail.com,worker
391,Edith,Desai,Edith.Desai@dummymail.com,Edith.Desai@dummymail.com,worker
392,Shirlee,Persse,Shirlee.Persse@dummymail.com,Shirlee.Persse@dummymail.com,doctor
393,Gabriellia,Esmaria,Gabriellia.Esmaria@dummymail.com,Gabriellia.Esmaria@dummymail.com,firefighter
394,Madeleine,Cyrie,Madeleine.Cyrie@dummymail.com,Madeleine.Cyrie@dummymail.com,worker
395,Brynna,Oscar,Brynna.Oscar@dummymail.com,Brynna.Oscar@dummymail.com,developer
396,Codie,Fax,Codie.Fax@dummymail.com,Codie.Fax@dummymail.com,developer
397,Shandie,Alrich,Shandie.Alrich@dummymail.com,Shandie.Alrich@dummymail.com,firefighter
398,Kassey,Maisey,Kassey.Maisey@dummymail.com,Kassey.Maisey@dummymail.com,firefighter
399,Amara,Kiyoshi,Amara.Kiyoshi@dummymail.com,Amara.Kiyoshi@dummymail.com,firefighter
400,Modestia,Zitvaa,Modestia.Zitvaa@dummymail.com,Modestia.Zitvaa@dummymail.com,firefighter
401,Brietta,Monk,Brietta.Monk@dummymail.com,Brietta.Monk@dummymail.com,worker
402,Lanna,Sandye,Lanna.Sandye@dummymail.com,Lanna.Sandye@dummymail.com,developer
403,Phedra,Hilbert,Phedra.Hilbert@dummymail.com,Phedra.Hilbert@dummymail.com,firefighter
404,Emylee,Wenda,Emylee.Wenda@dummymail.com,Emylee.Wenda@dummymail.com,police officer
405,Gui,Durware,Gui.Durware@dummymail.com,Gui.Durware@dummymail.com,developer
406,Bee,Hazlett,Bee.Hazlett@dummymail.com,Bee.Hazlett@dummymail.com,police officer
407,Barbi,Chinua,Barbi.Chinua@dummymail.com,Barbi.Chinua@dummymail.com,worker
408,Bee,Wind,Bee.Wind@dummymail.com,Bee.Wind@dummymail.com,doctor
409,Pollyanna,Adore,Pollyanna.Adore@dummymail.com,Pollyanna.Adore@dummymail.com,worker
410,Wilma,Tillford,Wilma.Tillford@dummymail.com,Wilma.Tillford@dummymail.com,firefighter
411,Minda,Lasley,Minda.Lasley@dummymail.com,Minda.Lasley@dummymail.com,police officer
412,Deloria,Ariella,Deloria.Ariella@dummymail.com,Deloria.Ariella@dummymail.com,doctor
413,Abbie,Myrilla,Abbie.Myrilla@dummymail.com,Abbie.Myrilla@dummymail.com,developer
414,Elise,Chapland,Elise.Chapland@dummymail.com,Elise.Chapland@dummymail.com,developer
415,Meg,Maiah,Meg.Maiah@dummymail.com,Meg.Maiah@dummymail.com,developer
416,Gusty,Krystle,Gusty.Krystle@dummymail.com,Gusty.Krystle@dummymail.com,developer
417,Molli,Charmine,Molli.Charmine@dummymail.com,Molli.Charmine@dummymail.com,police officer
418,Barbi,Mozelle,Barbi.Mozelle@dummymail.com,Barbi.Mozelle@dummymail.com,police officer
419,Emylee,Diogenes,Emylee.Diogenes@dummymail.com,Emylee.Diogenes@dummymail.com,doctor
420,Lynnea,Christine,Lynnea.Christine@dummymail.com,Lynnea.Christine@dummymail.com,developer
421,Loree,Shanley,Loree.Shanley@dummymail.com,Loree.Shanley@dummymail.com,police officer
422,Emilia,Dulciana,Emilia.Dulciana@dummymail.com,Emilia.Dulciana@dummymail.com,doctor
423,Agathe,Madelene,Agathe.Madelene@dummymail.com,Agathe.Madelene@dummymail.com,firefighter
424,Alia,Kunin,Alia.Kunin@dummymail.com,Alia.Kunin@dummymail.com,worker
425,Gavrielle,Iaverne,Gavrielle.Iaverne@dummymail.com,Gavrielle.Iaverne@dummymail.com,doctor
426,Mureil,Ranjiv,Mureil.Ranjiv@dummymail.com,Mureil.Ranjiv@dummymail.com,doctor
427,Lelah,Tristram,Lelah.Tristram@dummymail.com,Lelah.Tristram@dummymail.com,firefighter
428,Gwyneth,Tengdin,Gwyneth.Tengdin@dummymail.com,Gwyneth.Tengdin@dummymail.com,doctor
429,Daune,Liebermann,Daune.Liebermann@dummymail.com,Daune.Liebermann@dummymail.com,firefighter
430,Eolanda,Salvidor,Eolanda.Salvidor@dummymail.com,Eolanda.Salvidor@dummymail.com,police officer
431,Brietta,Nester,Brietta.Nester@dummymail.com,Brietta.Nester@dummymail.com,developer
432,Mathilda,Teryn,Mathilda.Teryn@dummymail.com,Mathilda.Teryn@dummymail.com,worker
433,Estell,Havens,Estell.Havens@dummymail.com,Estell.Havens@dummymail.com,worker
434,Fayre,Philoo,Fayre.Philoo@dummymail.com,Fayre.Philoo@dummymail.com,doctor
435,Cherrita,Beebe,Cherrita.Beebe@dummymail.com,Cherrita.Beebe@dummymail.com,doctor
436,Ardenia,Mallon,Ardenia.Mallon@dummymail.com,Ardenia.Mallon@dummymail.com,doctor
437,Winny,Raychel,Winny.Raychel@dummymail.com,Winny.Raychel@dummymail.com,doctor
438,Belva,Gladstone,Belva.Gladstone@dummymail.com,Belva.Gladstone@dummymail.com,police officer
439,Madalyn,Fry,Madalyn.Fry@dummymail.com,Madalyn.Fry@dummymail.com,firefighter
440,Carlie,Franza,Carlie.Franza@dummymail.com,Carlie.Franza@dummymail.com,worker
441,Kerrin,Matthew,Kerrin.Matthew@dummymail.com,Kerrin.Matthew@dummymail.com,worker
442,Xylina,Kermit,Xylina.Kermit@dummymail.com,Xylina.Kermit@dummymail.com,doctor
443,Tina,Sammons,Tina.Sammons@dummymail.com,Tina.Sammons@dummymail.com,police officer
444,Lesly,Shirberg,Lesly.Shirberg@dummymail.com,Lesly.Shirberg@dummymail.com,developer
445,Fanchon,Jerold,Fanchon.Jerold@dummymail.com,Fanchon.Jerold@dummymail.com,doctor
446,Tina,Gherardo,Tina.Gherardo@dummymail.com,Tina.Gherardo@dummymail.com,police officer
447,Katleen,Vacuva,Katleen.Vacuva@dummymail.com,Katleen.Vacuva@dummymail.com,developer
448,Corry,Kolnick,Corry.Kolnick@dummymail.com,Corry.Kolnick@dummymail.com,firefighter
449,Elbertina,Minetta,Elbertina.Minetta@dummymail.com,Elbertina.Minetta@dummymail.com,firefighter
450,Mariann,Jerald,Mariann.Jerald@dummymail.com,Mariann.Jerald@dummymail.com,doctor
451,Ariela,Lareena,Ariela.Lareena@dummymail.com,Ariela.Lareena@dummymail.com,firefighter
452,Meriel,Leler,Meriel.Leler@dummymail.com,Meriel.Leler@dummymail.com,doctor
453,Rani,Bahr,Rani.Bahr@dummymail.com,Rani.Bahr@dummymail.com,firefighter
454,Reeba,Nore,Reeba.Nore@dummymail.com,Reeba.Nore@dummymail.com,firefighter
455,Daune,Schenck,Daune.Schenck@dummymail.com,Daune.Schenck@dummymail.com,worker
456,Zaria,Libna,Zaria.Libna@dummymail.com,Zaria.Libna@dummymail.com,worker
457,Annice,Keily,Annice.Keily@dummymail.com,Annice.Keily@dummymail.com,developer
458,Wilma,Gaspard,Wilma.Gaspard@dummymail.com,Wilma.Gaspard@dummymail.com,developer
459,Feliza,Teddman,Feliza.Teddman@dummymail.com,Feliza.Teddman@dummymail.com,developer
460,Shandie,Anselmi,Shandie.Anselmi@dummymail.com,Shandie.Anselmi@dummymail.com,doctor
461,Linet,Lucienne,Linet.Lucienne@dummymail.com,Linet.Lucienne@dummymail.com,police officer
462,Gui,Masao,Gui.Masao@dummymail.com,Gui.Masao@dummymail.com,developer
463,Peri,Decato,Peri.Decato@dummymail.com,Peri.Decato@dummymail.com,police officer
464,Korrie,Pauly,Korrie.Pauly@dummymail.com,Korrie.Pauly@dummymail.com,worker
465,Theodora,Diogenes,Theodora.Diogenes@dummymail.com,Theodora.Diogenes@dummymail.com,firefighter
466,Ilse,Brady,Ilse.Brady@dummymail.com,Ilse.Brady@dummymail.com,doctor
467,Collen,Gert,Collen.Gert@dummymail.com,Collen.Gert@dummymail.com,doctor
468,Tilly,Bertold,Tilly.Bertold@dummymail.com,Tilly.Bertold@dummymail.com,worker
469,Kirbee,Shelba,Kirbee.Shelba@dummymail.com,Kirbee.Shelba@dummymail.com,firefighter
470,Dulcinea,Bivins,Dulcinea.Bivins@dummymail.com,Dulcinea.Bivins@dummymail.com,police officer
471,Lesly,Fink,Lesly.Fink@dummymail.com,Lesly.Fink@dummymail.com,worker
472,Ilse,Raul,Ilse.Raul@dummymail.com,Ilse.Raul@dummymail.com,developer
473,Sherrie,Abernon,Sherrie.Abernon@dummymail.com,Sherrie.Abernon@dummymail.com,police officer
474,Anthia,Harl,Anthia.Harl@dummymail.com,Anthia.Harl@dummymail.com,firefighter
475,Allyce,Buffum,Allyce.Buffum@dummymail.com,Allyce.Buffum@dummymail.com,developer
476,Emilia,Kathie,Emilia.Kathie@dummymail.com,Emilia.Kathie@dummymail.com,doctor
477,Arlena,Salvidor,Arlena.Salvidor@dummymail.com,Arlena.Salvidor@dummymail.com,police officer
478,Sissy,Chick,Sissy.Chick@dummymail.com,Sissy.Chick@dummymail.com,firefighter
479,Lanae,Erich,Lanae.Erich@dummymail.com,Lanae.Erich@dummymail.com,developer
480,Elbertina,Colleen,Elbertina.Colleen@dummymail.com,Elbertina.Colleen@dummymail.com,developer
481,Esmeralda,Giule,Esmeralda.Giule@dummymail.com,Esmeralda.Giule@dummymail.com,firefighter
482,Jorry,Nelsen,Jorry.Nelsen@dummymail.com,Jorry.Nelsen@dummymail.com,firefighter
483,Maud,Margarete,Maud.Margarete@dummymail.com,Maud.Margarete@dummymail.com,developer
484,Carree,Sadowski,Carree.Sadowski@dummymail.com,Carree.Sadowski@dummymail.com,worker
485,Maye,Ludewig,Maye.Ludewig@dummymail.com,Maye.Ludewig@dummymail.com,police officer
486,Joy,Zetta,Joy.Zetta@dummymail.com,Joy.Zetta@dummymail.com,worker
487,Philis,Sekofski,Philis.Sekofski@dummymail.com,Philis.Sekofski@dummymail.com,doctor
488,Ernesta,Oneida,Ernesta.Oneida@dummymail.com,Ernesta.Oneida@dummymail.com,worker
489,Dulce,Kirstin,Dulce.Kirstin@dummymail.com,Dulce.Kirstin@dummymail.com,police officer
490,Karlee,Diann,Karlee.Diann@dummymail.com,Karlee.Diann@dummymail.com,doctor
491,Harmonia,Corilla,Harmonia.Corilla@dummymail.com,Harmonia.Corilla@dummymail.com,firefighter
492,Oralee,Gladstone,Oralee.Gladstone@dummymail.com,Oralee.Gladstone@dummymail.com,doctor
493,Daryl,Carey,Daryl.Carey@dummymail.com,Daryl.Carey@dummymail.com,developer
494,Elie,Pandolfi,Elie.Pandolfi@dummymail.com,Elie.Pandolfi@dummymail.com,police officer
495,Nicoli,Delila,Nicoli.Delila@dummymail.com,Nicoli.Delila@dummymail.com,developer
496,Dorice,Hilbert,Dorice.Hilbert@dummymail.com,Dorice.Hilbert@dummymail.com,doctor
497,Allyce,Telfer,Allyce.Telfer@dummymail.com,Allyce.Telfer@dummymail.com,police officer
498,Renie,Weide,Renie.Weide@dummymail.com,Renie.Weide@dummymail.com,doctor
499,Laurene,Romelda,Laurene.Romelda@dummymail.com,Laurene.Romelda@dummymail.com,doctor
500,Neila,Yusuk,Neila.Yusuk@dummymail.com,Neila.Yusuk@dummymail.com,firefighter
501,Genovera,Chauncey,Genovera.Chauncey@dummymail.com,Genovera.Chauncey@dummymail.com,developer
502,Judy,Fry,Judy.Fry@dummymail.com,Judy.Fry@dummymail.com,police officer
503,Courtnay,Leary,Courtnay.Leary@dummymail.com,Courtnay.Leary@dummymail.com,police officer
504,Rani,Hurley,Rani.Hurley@dummymail.com,Rani.Hurley@dummymail.com,police officer
505,Drucie,Latini,Drucie.Latini@dummymail.com,Drucie.Latini@dummymail.com,developer
506,Gratia,Newell,Gratia.Newell@dummymail.com,Gratia.Newell@dummymail.com,police officer
507,Sheelagh,Dahlia,Sheelagh.Dahlia@dummymail.com,Sheelagh.Dahlia@dummymail.com,developer
508,Tami,Zola,Tami.Zola@dummymail.com,Tami.Zola@dummymail.com,firefighter
509,Nannie,Ailyn,Nannie.Ailyn@dummymail.com,Nannie.Ailyn@dummymail.com,firefighter
510,Kaia,Ricki,Kaia.Ricki@dummymail.com,Kaia.Ricki@dummymail.com,developer
511,Selma,Marijo,Selma.Marijo@dummymail.com,Selma.Marijo@dummymail.com,firefighter
512,Inga,Georas,Inga.Georas@dummymail.com,Inga.Georas@dummymail.com,developer
513,Lusa,Jalbert,Lusa.Jalbert@dummymail.com,Lusa.Jalbert@dummymail.com,worker
514,Jackie,Dunkin,Jackie.Dunkin@dummymail.com,Jackie.Dunkin@dummymail.com,doctor
515,Lorenza,Zenas,Lorenza.Zenas@dummymail.com,Lorenza.Zenas@dummymail.com,police officer
516,Kamilah,Pauly,Kamilah.Pauly@dummymail.com,Kamilah.Pauly@dummymail.com,firefighter
517,Olivette,Curren,Olivette.Curren@dummymail.com,Olivette.Curren@dummymail.com,worker
518,Cherrita,Yate,Cherrita.Yate@dummymail.com,Cherrita.Yate@dummymail.com,firefighter
519,Susette,Thilda,Susette.Thilda@dummymail.com,Susette.Thilda@dummymail.com,developer
520,Ivett,Martguerita,Ivett.Martguerita@dummymail.com,Ivett.Martguerita@dummymail.com,worker
521,Tobe,Wyn,Tobe.Wyn@dummymail.com,Tobe.Wyn@dummymail.com,doctor
522,Nariko,Screens,Nariko.Screens@dummymail.com,Nariko.Screens@dummymail.com,developer
523,Jsandye,Hollingsworth,Jsandye.Hollingsworth@dummymail.com,Jsandye.Hollingsworth@dummymail.com,developer
524,Blinni,Vins,Blinni.Vins@dummymail.com,Blinni.Vins@dummymail.com,firefighter
525,Ardys,Buckler,Ardys.Buckler@dummymail.com,Ardys.Buckler@dummymail.com,doctor
526,Harmonia,Isidore,Harmonia.Isidore@dummymail.com,Harmonia.Isidore@dummymail.com,police officer
527,Lolita,Destinee,Lolita.Destinee@dummymail.com,Lolita.Destinee@dummymail.com,doctor
528,Alejandra,Nunci,Alejandra.Nunci@dummymail.com,Alejandra.Nunci@dummymail.com,developer
529,Merci,Cath,Merci.Cath@dummymail.com,Merci.Cath@dummymail.com,worker
530,Magdalena,Blase,Magdalena.Blase@dummymail.com,Magdalena.Blase@dummymail.com,police officer
531,Evaleen,Middleton,Evaleen.Middleton@dummymail.com,Evaleen.Middleton@dummymail.com,worker
532,Celene,Stephie,Celene.Stephie@dummymail.com,Celene.Stephie@dummymail.com,doctor
533,Ileana,Wiener,Ileana.Wiener@dummymail.com,Ileana.Wiener@dummymail.com,police officer
534,Nananne,Smitt,Nananne.Smitt@dummymail.com,Nananne.Smitt@dummymail.com,developer
535,Rosaline,Drus,Rosaline.Drus@dummymail.com,Rosaline.Drus@dummymail.com,doctor
536,Sibella,Leopold,Sibella.Leopold@dummymail.com,Sibella.Leopold@dummymail.com,developer
537,Karlee,Wooster,Karlee.Wooster@dummymail.com,Karlee.Wooster@dummymail.com,developer
538,Cacilie,Mintz,Cacilie.Mintz@dummymail.com,Cacilie.Mintz@dummymail.com,firefighter
539,Sean,Durware,Sean.Durware@dummymail.com,Sean.Durware@dummymail.com,developer
540,Ebonee,Jethro,Ebonee.Jethro@dummymail.com,Ebonee.Jethro@dummymail.com,worker
541,Cecile,Deny,Cecile.Deny@dummymail.com,Cecile.Deny@dummymail.com,police officer
542,Zaria,Ramona,Zaria.Ramona@dummymail.com,Zaria.Ramona@dummymail.com,police officer
543,Ebonee,Olin,Ebonee.Olin@dummymail.com,Ebonee.Olin@dummymail.com,worker
544,Ernesta,Edee,Ernesta.Edee@dummymail.com,Ernesta.Edee@dummymail.com,firefighter
545,Jeanna,Amasa,Jeanna.Amasa@dummymail.com,Jeanna.Amasa@dummymail.com,worker
546,Lacie,Zrike,Lacie.Zrike@dummymail.com,Lacie.Zrike@dummymail.com,developer
547,Andeee,Dannye,Andeee.Dannye@dummymail.com,Andeee.Dannye@dummymail.com,police officer
548,Bobbi,Elisha,Bobbi.Elisha@dummymail.com,Bobbi.Elisha@dummymail.com,worker
549,Blake,Ietta,Blake.Ietta@dummymail.com,Blake.Ietta@dummymail.com,worker
550,Zaria,Aaberg,Zaria.Aaberg@dummymail.com,Zaria.Aaberg@dummymail.com,police officer
551,Carolina,Dulciana,Carolina.Dulciana@dummymail.com,Carolina.Dulciana@dummymail.com,firefighter
552,Tatiania,Kronfeld,Tatiania.Kronfeld@dummymail.com,Tatiania.Kronfeld@dummymail.com,worker
553,Ronna,Hepsibah,Ronna.Hepsibah@dummymail.com,Ronna.Hepsibah@dummymail.com,developer
554,Corina,Chandler,Corina.Chandler@dummymail.com,Corina.Chandler@dummymail.com,police officer
555,Renae,Schlosser,Renae.Schlosser@dummymail.com,Renae.Schlosser@dummymail.com,worker
556,Starla,Hillel,Starla.Hillel@dummymail.com,Starla.Hillel@dummymail.com,worker
557,Sheree,Deegan,Sheree.Deegan@dummymail.com,Sheree.Deegan@dummymail.com,doctor
558,Camile,Ietta,Camile.Ietta@dummymail.com,Camile.Ietta@dummymail.com,worker
559,Ulrike,Old,Ulrike.Old@dummymail.com,Ulrike.Old@dummymail.com,firefighter
560,Elora,Linehan,Elora.Linehan@dummymail.com,Elora.Linehan@dummymail.com,worker
561,Loree,Fiester,Loree.Fiester@dummymail.com,Loree.Fiester@dummymail.com,worker
562,Veda,Westphal,Veda.Westphal@dummymail.com,Veda.Westphal@dummymail.com,worker
563,Gabriellia,Chauncey,Gabriellia.Chauncey@dummymail.com,Gabriellia.Chauncey@dummymail.com,doctor
564,Wilma,Stacy,Wilma.Stacy@dummymail.com,Wilma.Stacy@dummymail.com,doctor
565,Caritta,Nadia,Caritta.Nadia@dummymail.com,Caritta.Nadia@dummymail.com,doctor
566,Dorothy,Magdalen,Dorothy.Magdalen@dummymail.com,Dorothy.Magdalen@dummymail.com,firefighter
567,Sheelagh,Cleo,Sheelagh.Cleo@dummymail.com,Sheelagh.Cleo@dummymail.com,developer
568,Blake,Cosenza,Blake.Cosenza@dummymail.com,Blake.Cosenza@dummymail.com,doctor
569,Cacilie,Lia,Cacilie.Lia@dummymail.com,Cacilie.Lia@dummymail.com,doctor
570,Minda,Nester,Minda.Nester@dummymail.com,Minda.Nester@dummymail.com,firefighter
571,Justinn,Noelyn,Justinn.Noelyn@dummymail.com,Justinn.Noelyn@dummymail.com,police officer
572,Stevana,Dom,Stevana.Dom@dummymail.com,Stevana.Dom@dummymail.com,doctor
573,Rhoda,Tamar,Rhoda.Tamar@dummymail.com,Rhoda.Tamar@dummymail.com,firefighter
574,Elsie,Sallyann,Elsie.Sallyann@dummymail.com,Elsie.Sallyann@dummymail.com,police officer
575,Ileana,Berl,Ileana.Berl@dummymail.com,Ileana.Berl@dummymail.com,police officer
576,Corry,Colp,Corry.Colp@dummymail.com,Corry.Colp@dummymail.com,doctor
577,Lita,Richers,Lita.Richers@dummymail.com,Lita.Richers@dummymail.com,worker
578,Corene,Arquit,Corene.Arquit@dummymail.com,Corene.Arquit@dummymail.com,worker
579,Beatriz,Aida,Beatriz.Aida@dummymail.com,Beatriz.Aida@dummymail.com,firefighter
580,Corry,Montgomery,Corry.Montgomery@dummymail.com,Corry.Montgomery@dummymail.com,police officer
581,Valeda,Maryanne,Valeda.Maryanne@dummymail.com,Valeda.Maryanne@dummymail.com,developer
582,Elyssa,Earlie,Elyssa.Earlie@dummymail.com,Elyssa.Earlie@dummymail.com,firefighter
583,Dorthy,Bates,Dorthy.Bates@dummymail.com,Dorthy.Bates@dummymail.com,doctor
584,Marsiella,Weinreb,Marsiella.Weinreb@dummymail.com,Marsiella.Weinreb@dummymail.com,doctor
585,Mahalia,Gillan,Mahalia.Gillan@dummymail.com,Mahalia.Gillan@dummymail.com,worker
586,Maye,Urania,Maye.Urania@dummymail.com,Maye.Urania@dummymail.com,firefighter
587,Olivette,Dyche,Olivette.Dyche@dummymail.com,Olivette.Dyche@dummymail.com,developer
588,Marinna,Chandler,Marinna.Chandler@dummymail.com,Marinna.Chandler@dummymail.com,doctor
589,Edee,Klemperer,Edee.Klemperer@dummymail.com,Edee.Klemperer@dummymail.com,firefighter
590,Ermengarde,Toor,Ermengarde.Toor@dummymail.com,Ermengarde.Toor@dummymail.com,firefighter
591,Kathi,Cordi,Kathi.Cordi@dummymail.com,Kathi.Cordi@dummymail.com,police officer
592,Jemie,Thomasina,Jemie.Thomasina@dummymail.com,Jemie.Thomasina@dummymail.com,developer
593,Carmela,Avi,Carmela.Avi@dummymail.com,Carmela.Avi@dummymail.com,doctor
594,Rori,Dituri,Rori.Dituri@dummymail.com,Rori.Dituri@dummymail.com,firefighter
595,Caritta,Chem,Caritta.Chem@dummymail.com,Caritta.Chem@dummymail.com,firefighter
596,Jean,Eben,Jean.Eben@dummymail.com,Jean.Eben@dummymail.com,police officer
597,Tarra,Klemperer,Tarra.Klemperer@dummymail.com,Tarra.Klemperer@dummymail.com,firefighter
598,Amelia,Margret,Amelia.Margret@dummymail.com,Amelia.Margret@dummymail.com,police officer
599,Tierney,Seumas,Tierney.Seumas@dummymail.com,Tierney.Seumas@dummymail.com,worker
600,Marcy,Ardeha,Marcy.Ardeha@dummymail.com,Marcy.Ardeha@dummymail.com,doctor
601,Carlie,Presber,Carlie.Presber@dummymail.com,Carlie.Presber@dummymail.com,doctor
602,Rosabelle,Freddi,Rosabelle.Freddi@dummymail.com,Rosabelle.Freddi@dummymail.com,doctor
603,Renie,Shirberg,Renie.Shirberg@dummymail.com,Renie.Shirberg@dummymail.com,firefighter
604,Trudie,Imelida,Trudie.Imelida@dummymail.com,Trudie.Imelida@dummymail.com,doctor
605,Catharine,Ezar,Catharine.Ezar@dummymail.com,Catharine.Ezar@dummymail.com,firefighter
606,Stevana,Pip,Stevana.Pip@dummymail.com,Stevana.Pip@dummymail.com,firefighter
607,Annabela,Sinegold,Annabela.Sinegold@dummymail.com,Annabela.Sinegold@dummymail.com,doctor
608,Halette,Dielu,Halette.Dielu@dummymail.com,Halette.Dielu@dummymail.com,police officer
609,Jennica,Danby,Jennica.Danby@dummymail.com,Jennica.Danby@dummymail.com,worker
610,Aimil,Donell,Aimil.Donell@dummymail.com,Aimil.Donell@dummymail.com,developer
611,Shell,Kazimir,Shell.Kazimir@dummymail.com,Shell.Kazimir@dummymail.com,police officer
612,Trixi,Raimondo,Trixi.Raimondo@dummymail.com,Trixi.Raimondo@dummymail.com,police officer
613,Alejandra,Dulciana,Alejandra.Dulciana@dummymail.com,Alejandra.Dulciana@dummymail.com,firefighter
614,Britte,Adalbert,Britte.Adalbert@dummymail.com,Britte.Adalbert@dummymail.com,police officer
615,Janis,Koziara,Janis.Koziara@dummymail.com,Janis.Koziara@dummymail.com,doctor
616,Kamilah,Dorcy,Kamilah.Dorcy@dummymail.com,Kamilah.Dorcy@dummymail.com,firefighter
617,Adelle,Alice,Adelle.Alice@dummymail.com,Adelle.Alice@dummymail.com,developer
618,Blondelle,Rheingold,Blondelle.Rheingold@dummymail.com,Blondelle.Rheingold@dummymail.com,doctor
619,Selia,Weinreb,Selia.Weinreb@dummymail.com,Selia.Weinreb@dummymail.com,doctor
620,Lelah,Si,Lelah.Si@dummymail.com,Lelah.Si@dummymail.com,worker
621,Deloria,Lauraine,Deloria.Lauraine@dummymail.com,Deloria.Lauraine@dummymail.com,firefighter
622,Jsandye,Publia,Jsandye.Publia@dummymail.com,Jsandye.Publia@dummymail.com,police officer
623,Debee,McNully,Debee.McNully@dummymail.com,Debee.McNully@dummymail.com,worker
624,Miquela,Levey,Miquela.Levey@dummymail.com,Miquela.Levey@dummymail.com,developer
625,Elise,Tristram,Elise.Tristram@dummymail.com,Elise.Tristram@dummymail.com,worker
626,Tonia,Frodi,Tonia.Frodi@dummymail.com,Tonia.Frodi@dummymail.com,developer
627,Elora,Killigrew,Elora.Killigrew@dummymail.com,Elora.Killigrew@dummymail.com,police officer
628,Olivette,Fiann,Olivette.Fiann@dummymail.com,Olivette.Fiann@dummymail.com,worker
629,Shirlee,Lory,Shirlee.Lory@dummymail.com,Shirlee.Lory@dummymail.com,firefighter
630,Brietta,Malanie,Brietta.Malanie@dummymail.com,Brietta.Malanie@dummymail.com,police officer
631,Halette,Suanne,Halette.Suanne@dummymail.com,Halette.Suanne@dummymail.com,developer
632,Maye,Hourigan,Maye.Hourigan@dummymail.com,Maye.Hourigan@dummymail.com,worker
633,Andeee,Modie,Andeee.Modie@dummymail.com,Andeee.Modie@dummymail.com,doctor
634,Julieta,Jacqui,Julieta.Jacqui@dummymail.com,Julieta.Jacqui@dummymail.com,doctor
635,Catrina,Armanda,Catrina.Armanda@dummymail.com,Catrina.Armanda@dummymail.com,police officer
636,Jere,Hollingsworth,Jere.Hollingsworth@dummymail.com,Jere.Hollingsworth@dummymail.com,developer
637,Bibby,Vivle,Bibby.Vivle@dummymail.com,Bibby.Vivle@dummymail.com,doctor
638,Elena,Elsinore,Elena.Elsinore@dummymail.com,Elena.Elsinore@dummymail.com,firefighter
639,Camile,Levey,Camile.Levey@dummymail.com,Camile.Levey@dummymail.com,firefighter
640,Blake,Konyn,Blake.Konyn@dummymail.com,Blake.Konyn@dummymail.com,firefighter
641,Felice,Skurnik,Felice.Skurnik@dummymail.com,Felice.Skurnik@dummymail.com,doctor
642,Meghann,Sisile,Meghann.Sisile@dummymail.com,Meghann.Sisile@dummymail.com,developer
643,Heida,Anyah,Heida.Anyah@dummymail.com,Heida.Anyah@dummymail.com,developer
644,Maurene,Kare,Maurene.Kare@dummymail.com,Maurene.Kare@dummymail.com,developer
645,Marguerite,Whittaker,Marguerite.Whittaker@dummymail.com,Marguerite.Whittaker@dummymail.com,worker
646,Emilia,Zenas,Emilia.Zenas@dummymail.com,Emilia.Zenas@dummymail.com,firefighter
647,Sandie,Bearnard,Sandie.Bearnard@dummymail.com,Sandie.Bearnard@dummymail.com,police officer
648,Emilia,Palocz,Emilia.Palocz@dummymail.com,Emilia.Palocz@dummymail.com,worker
649,Morganica,Audly,Morganica.Audly@dummymail.com,Morganica.Audly@dummymail.com,doctor
650,Gilligan,Ciro,Gilligan.Ciro@dummymail.com,Gilligan.Ciro@dummymail.com,police officer
651,Moyna,Lymann,Moyna.Lymann@dummymail.com,Moyna.Lymann@dummymail.com,police officer
652,Danny,Trace,Danny.Trace@dummymail.com,Danny.Trace@dummymail.com,developer
653,Nariko,Christine,Nariko.Christine@dummymail.com,Nariko.Christine@dummymail.com,police officer
654,Lauryn,Halsey,Lauryn.Halsey@dummymail.com,Lauryn.Halsey@dummymail.com,police officer
655,Annabela,Rudolph,Annabela.Rudolph@dummymail.com,Annabela.Rudolph@dummymail.com,developer
656,Cissiee,Bury,Cissiee.Bury@dummymail.com,Cissiee.Bury@dummymail.com,police officer
657,Caryl,Tjon,Caryl.Tjon@dummymail.com,Caryl.Tjon@dummymail.com,worker
658,Jenda,Harned,Jenda.Harned@dummymail.com,Jenda.Harned@dummymail.com,worker
659,Nataline,Annice,Nataline.Annice@dummymail.com,Nataline.Annice@dummymail.com,police officer
660,Ana,Tryck,Ana.Tryck@dummymail.com,Ana.Tryck@dummymail.com,doctor
661,Hermione,Brodench,Hermione.Brodench@dummymail.com,Hermione.Brodench@dummymail.com,police officer
662,Carree,Freddi,Carree.Freddi@dummymail.com,Carree.Freddi@dummymail.com,firefighter
663,Brietta,Forrer,Brietta.Forrer@dummymail.com,Brietta.Forrer@dummymail.com,police officer
664,Queenie,Melan,Queenie.Melan@dummymail.com,Queenie.Melan@dummymail.com,police officer
665,Sidoney,McAdams,Sidoney.McAdams@dummymail.com,Sidoney.McAdams@dummymail.com,firefighter
666,Frank,Wooster,Frank.Wooster@dummymail.com,Frank.Wooster@dummymail.com,developer
667,Roz,Toor,Roz.Toor@dummymail.com,Roz.Toor@dummymail.com,firefighter
668,Claresta,Emanuel,Claresta.Emanuel@dummymail.com,Claresta.Emanuel@dummymail.com,firefighter
669,Linzy,Silvan,Linzy.Silvan@dummymail.com,Linzy.Silvan@dummymail.com,doctor
670,Magdalena,Marlie,Magdalena.Marlie@dummymail.com,Magdalena.Marlie@dummymail.com,doctor
671,Dorthy,Rosalba,Dorthy.Rosalba@dummymail.com,Dorthy.Rosalba@dummymail.com,doctor
672,Albertina,Teryn,Albertina.Teryn@dummymail.com,Albertina.Teryn@dummymail.com,doctor
673,Trudie,Uird,Trudie.Uird@dummymail.com,Trudie.Uird@dummymail.com,doctor
674,Willetta,Faro,Willetta.Faro@dummymail.com,Willetta.Faro@dummymail.com,worker
675,Feliza,Kaja,Feliza.Kaja@dummymail.com,Feliza.Kaja@dummymail.com,police officer
676,Chere,Allys,Chere.Allys@dummymail.com,Chere.Allys@dummymail.com,police officer
677,Kayla,Shaddock,Kayla.Shaddock@dummymail.com,Kayla.Shaddock@dummymail.com,developer
678,Collen,Azeria,Collen.Azeria@dummymail.com,Collen.Azeria@dummymail.com,doctor
679,Lory,Santoro,Lory.Santoro@dummymail.com,Lory.Santoro@dummymail.com,developer
680,Ruthe,Schonfeld,Ruthe.Schonfeld@dummymail.com,Ruthe.Schonfeld@dummymail.com,firefighter
681,Ivett,Tatianas,Ivett.Tatianas@dummymail.com,Ivett.Tatianas@dummymail.com,firefighter
682,Brandise,Naashom,Brandise.Naashom@dummymail.com,Brandise.Naashom@dummymail.com,developer
683,Marinna,Bandeen,Marinna.Bandeen@dummymail.com,Marinna.Bandeen@dummymail.com,doctor
684,Norine,Gladstone,Norine.Gladstone@dummymail.com,Norine.Gladstone@dummymail.com,developer
685,Marleah,Iphlgenia,Marleah.Iphlgenia@dummymail.com,Marleah.Iphlgenia@dummymail.com,firefighter
686,Alyda,Ardra,Alyda.Ardra@dummymail.com,Alyda.Ardra@dummymail.com,worker
687,Kirstin,Bobbee,Kirstin.Bobbee@dummymail.com,Kirstin.Bobbee@dummymail.com,worker
688,Vanessa,Bluh,Vanessa.Bluh@dummymail.com,Vanessa.Bluh@dummymail.com,developer
689,Corry,Mendez,Corry.Mendez@dummymail.com,Corry.Mendez@dummymail.com,developer
690,Sharlene,Alva,Sharlene.Alva@dummymail.com,Sharlene.Alva@dummymail.com,worker
691,Julieta,Henebry,Julieta.Henebry@dummymail.com,Julieta.Henebry@dummymail.com,worker
692,Gerrie,Aldric,Gerrie.Aldric@dummymail.com,Gerrie.Aldric@dummymail.com,doctor
693,Dominga,Rebecka,Dominga.Rebecka@dummymail.com,Dominga.Rebecka@dummymail.com,doctor
694,Albertina,Neils,Albertina.Neils@dummymail.com,Albertina.Neils@dummymail.com,worker
695,Sue,Pattin,Sue.Pattin@dummymail.com,Sue.Pattin@dummymail.com,doctor
696,Ariela,Niccolo,Ariela.Niccolo@dummymail.com,Ariela.Niccolo@dummymail.com,doctor
697,Sandie,Sperling,Sandie.Sperling@dummymail.com,Sandie.Sperling@dummymail.com,worker
698,Dennie,Atonsah,Dennie.Atonsah@dummymail.com,Dennie.Atonsah@dummymail.com,worker
699,Renae,Nahum,Renae.Nahum@dummymail.com,Renae.Nahum@dummymail.com,developer
700,Fanchon,Lindemann,Fanchon.Lindemann@dummymail.com,Fanchon.Lindemann@dummymail.com,developer
701,Annice,Ingra,Annice.Ingra@dummymail.com,Annice.Ingra@dummymail.com,firefighter
702,Eugine,Dyche,Eugine.Dyche@dummymail.com,Eugine.Dyche@dummymail.com,doctor
703,Barbara,Swanhildas,Barbara.Swanhildas@dummymail.com,Barbara.Swanhildas@dummymail.com,police officer
704,Perry,Bonilla,Perry.Bonilla@dummymail.com,Perry.Bonilla@dummymail.com,doctor
705,Barbi,Aprile,Barbi.Aprile@dummymail.com,Barbi.Aprile@dummymail.com,worker
706,Corly,Adlare,Corly.Adlare@dummymail.com,Corly.Adlare@dummymail.com,police officer
707,Rubie,Zachary,Rubie.Zachary@dummymail.com,Rubie.Zachary@dummymail.com,developer
708,Nataline,Chandler,Nataline.Chandler@dummymail.com,Nataline.Chandler@dummymail.com,doctor
709,Vevay,Natalia,Vevay.Natalia@dummymail.com,Vevay.Natalia@dummymail.com,police officer
710,Teriann,Munn,Teriann.Munn@dummymail.com,Teriann.Munn@dummymail.com,doctor
711,Brooks,Urias,Brooks.Urias@dummymail.com,Brooks.Urias@dummymail.com,worker
712,Emelina,Ariella,Emelina.Ariella@dummymail.com,Emelina.Ariella@dummymail.com,police officer
713,Nataline,Gibbeon,Nataline.Gibbeon@dummymail.com,Nataline.Gibbeon@dummymail.com,worker
714,Annecorinne,Teddman,Annecorinne.Teddman@dummymail.com,Annecorinne.Teddman@dummymail.com,police officer
715,Edith,Hailee,Edith.Hailee@dummymail.com,Edith.Hailee@dummymail.com,police officer
716,Darlleen,Ralfston,Darlleen.Ralfston@dummymail.com,Darlleen.Ralfston@dummymail.com,firefighter
717,Katleen,Cleo,Katleen.Cleo@dummymail.com,Katleen.Cleo@dummymail.com,firefighter
718,Britni,Hessler,Britni.Hessler@dummymail.com,Britni.Hessler@dummymail.com,worker
719,Danika,Maurine,Danika.Maurine@dummymail.com,Danika.Maurine@dummymail.com,firefighter
720,Malina,Primalia,Malina.Primalia@dummymail.com,Malina.Primalia@dummymail.com,worker
721,Kelly,Sidonius,Kelly.Sidonius@dummymail.com,Kelly.Sidonius@dummymail.com,developer
722,Yvonne,Artie,Yvonne.Artie@dummymail.com,Yvonne.Artie@dummymail.com,doctor
723,Basia,Carbo,Basia.Carbo@dummymail.com,Basia.Carbo@dummymail.com,doctor
724,Babita,Pandolfi,Babita.Pandolfi@dummymail.com,Babita.Pandolfi@dummymail.com,doctor
725,Brena,Alice,Brena.Alice@dummymail.com,Brena.Alice@dummymail.com,developer
726,Shaine,Redmond,Shaine.Redmond@dummymail.com,Shaine.Redmond@dummymail.com,police officer
727,Peri,Irmine,Peri.Irmine@dummymail.com,Peri.Irmine@dummymail.com,doctor
728,Angelique,Berne,Angelique.Berne@dummymail.com,Angelique.Berne@dummymail.com,police officer
729,Sadie,Liebermann,Sadie.Liebermann@dummymail.com,Sadie.Liebermann@dummymail.com,police officer
730,Gloria,Annice,Gloria.Annice@dummymail.com,Gloria.Annice@dummymail.com,worker
731,Ardeen,Ledah,Ardeen.Ledah@dummymail.com,Ardeen.Ledah@dummymail.com,worker
732,Tabbatha,Rocray,Tabbatha.Rocray@dummymail.com,Tabbatha.Rocray@dummymail.com,doctor
733,Merci,Noam,Merci.Noam@dummymail.com,Merci.Noam@dummymail.com,developer
734,Iseabal,Rebecka,Iseabal.Rebecka@dummymail.com,Iseabal.Rebecka@dummymail.com,developer
735,Rayna,Si,Rayna.Si@dummymail.com,Rayna.Si@dummymail.com,doctor
736,Arlena,Radu,Arlena.Radu@dummymail.com,Arlena.Radu@dummymail.com,developer
737,Adriana,Marlie,Adriana.Marlie@dummymail.com,Adriana.Marlie@dummymail.com,developer
738,Jillayne,Harned,Jillayne.Harned@dummymail.com,Jillayne.Harned@dummymail.com,doctor
739,Gui,Robertson,Gui.Robertson@dummymail.com,Gui.Robertson@dummymail.com,police officer
740,Lucy,Pillsbury,Lucy.Pillsbury@dummymail.com,Lucy.Pillsbury@dummymail.com,worker
741,Nariko,Bashemeth,Nariko.Bashemeth@dummymail.com,Nariko.Bashemeth@dummymail.com,developer
742,Gui,Martsen,Gui.Martsen@dummymail.com,Gui.Martsen@dummymail.com,worker
743,Maridel,Tillford,Maridel.Tillford@dummymail.com,Maridel.Tillford@dummymail.com,worker
744,Albertina,Isacco,Albertina.Isacco@dummymail.com,Albertina.Isacco@dummymail.com,doctor
745,Nyssa,Afton,Nyssa.Afton@dummymail.com,Nyssa.Afton@dummymail.com,doctor
746,Shel,Justinn,Shel.Justinn@dummymail.com,Shel.Justinn@dummymail.com,police officer
747,Jerry,Tillford,Jerry.Tillford@dummymail.com,Jerry.Tillford@dummymail.com,worker
748,Heddie,Tomasina,Heddie.Tomasina@dummymail.com,Heddie.Tomasina@dummymail.com,doctor
749,Gilda,Infield,Gilda.Infield@dummymail.com,Gilda.Infield@dummymail.com,worker
750,Kristina,Ammann,Kristina.Ammann@dummymail.com,Kristina.Ammann@dummymail.com,police officer
751,Karena,Danby,Karena.Danby@dummymail.com,Karena.Danby@dummymail.com,worker
752,Katharina,Demitria,Katharina.Demitria@dummymail.com,Katharina.Demitria@dummymail.com,doctor
753,Georgetta,Hartnett,Georgetta.Hartnett@dummymail.com,Georgetta.Hartnett@dummymail.com,doctor
754,Gertrud,Fulmer,Gertrud.Fulmer@dummymail.com,Gertrud.Fulmer@dummymail.com,developer
755,Glenda,Merna,Glenda.Merna@dummymail.com,Glenda.Merna@dummymail.com,firefighter
756,Cassondra,Rosalba,Cassondra.Rosalba@dummymail.com,Cassondra.Rosalba@dummymail.com,worker
757,Ericka,Gaulin,Ericka.Gaulin@dummymail.com,Ericka.Gaulin@dummymail.com,police officer
758,Karena,Ramona,Karena.Ramona@dummymail.com,Karena.Ramona@dummymail.com,developer
759,Randa,Damarra,Randa.Damarra@dummymail.com,Randa.Damarra@dummymail.com,doctor
760,Wynne,Garlinda,Wynne.Garlinda@dummymail.com,Wynne.Garlinda@dummymail.com,developer
761,Nariko,Brenn,Nariko.Brenn@dummymail.com,Nariko.Brenn@dummymail.com,police officer
762,Brandise,Decato,Brandise.Decato@dummymail.com,Brandise.Decato@dummymail.com,developer
763,Ursulina,Munn,Ursulina.Munn@dummymail.com,Ursulina.Munn@dummymail.com,police officer
764,Catharine,McLaughlin,Catharine.McLaughlin@dummymail.com,Catharine.McLaughlin@dummymail.com,firefighter
765,Tybie,Amadas,Tybie.Amadas@dummymail.com,Tybie.Amadas@dummymail.com,firefighter
766,Kenna,Stoller,Kenna.Stoller@dummymail.com,Kenna.Stoller@dummymail.com,doctor
767,Yetty,Jeanne,Yetty.Jeanne@dummymail.com,Yetty.Jeanne@dummymail.com,firefighter
768,Margalo,Hewitt,Margalo.Hewitt@dummymail.com,Margalo.Hewitt@dummymail.com,developer
769,Gloria,Darrell,Gloria.Darrell@dummymail.com,Gloria.Darrell@dummymail.com,firefighter
770,Wileen,Lorenz,Wileen.Lorenz@dummymail.com,Wileen.Lorenz@dummymail.com,worker
771,Natka,Briney,Natka.Briney@dummymail.com,Natka.Briney@dummymail.com,firefighter
772,Cristabel,Killigrew,Cristabel.Killigrew@dummymail.com,Cristabel.Killigrew@dummymail.com,police officer
773,Aurelie,Vins,Aurelie.Vins@dummymail.com,Aurelie.Vins@dummymail.com,doctor
774,Yolane,Turne,Yolane.Turne@dummymail.com,Yolane.Turne@dummymail.com,doctor
775,Ronna,Fairweather,Ronna.Fairweather@dummymail.com,Ronna.Fairweather@dummymail.com,worker
776,Lita,Hartnett,Lita.Hartnett@dummymail.com,Lita.Hartnett@dummymail.com,worker
777,Dale,Faria,Dale.Faria@dummymail.com,Dale.Faria@dummymail.com,firefighter
778,Rani,Arne,Rani.Arne@dummymail.com,Rani.Arne@dummymail.com,doctor
779,Carree,Adrienne,Carree.Adrienne@dummymail.com,Carree.Adrienne@dummymail.com,developer
780,Ulrike,Erb,Ulrike.Erb@dummymail.com,Ulrike.Erb@dummymail.com,police officer
781,Elsie,Reinke,Elsie.Reinke@dummymail.com,Elsie.Reinke@dummymail.com,firefighter
782,Brena,Rosette,Brena.Rosette@dummymail.com,Brena.Rosette@dummymail.com,doctor
783,Chere,Jenness,Chere.Jenness@dummymail.com,Chere.Jenness@dummymail.com,doctor
784,Tierney,Montgomery,Tierney.Montgomery@dummymail.com,Tierney.Montgomery@dummymail.com,firefighter
785,Kirstin,Lory,Kirstin.Lory@dummymail.com,Kirstin.Lory@dummymail.com,developer
786,Ofilia,Kussell,Ofilia.Kussell@dummymail.com,Ofilia.Kussell@dummymail.com,doctor
787,Olwen,Tillford,Olwen.Tillford@dummymail.com,Olwen.Tillford@dummymail.com,worker
788,Penelopa,Daegal,Penelopa.Daegal@dummymail.com,Penelopa.Daegal@dummymail.com,worker
789,Rani,Vernier,Rani.Vernier@dummymail.com,Rani.Vernier@dummymail.com,developer
790,Inga,Karylin,Inga.Karylin@dummymail.com,Inga.Karylin@dummymail.com,worker
791,Shel,Elisha,Shel.Elisha@dummymail.com,Shel.Elisha@dummymail.com,developer
792,Verla,Screens,Verla.Screens@dummymail.com,Verla.Screens@dummymail.com,doctor
793,Gaylene,Uird,Gaylene.Uird@dummymail.com,Gaylene.Uird@dummymail.com,firefighter
794,Caryl,Desai,Caryl.Desai@dummymail.com,Caryl.Desai@dummymail.com,doctor
795,Ericka,Flyn,Ericka.Flyn@dummymail.com,Ericka.Flyn@dummymail.com,police officer
796,Elvira,Podvin,Elvira.Podvin@dummymail.com,Elvira.Podvin@dummymail.com,firefighter
797,Monika,Kosey,Monika.Kosey@dummymail.com,Monika.Kosey@dummymail.com,police officer
798,Madalyn,McCutcheon,Madalyn.McCutcheon@dummymail.com,Madalyn.McCutcheon@dummymail.com,firefighter
799,Sadie,Swigart,Sadie.Swigart@dummymail.com,Sadie.Swigart@dummymail.com,firefighter
800,Beth,Corabella,Beth.Corabella@dummymail.com,Beth.Corabella@dummymail.com,doctor
801,Asia,Gilmour,Asia.Gilmour@dummymail.com,Asia.Gilmour@dummymail.com,firefighter
802,Robinia,Dannye,Robinia.Dannye@dummymail.com,Robinia.Dannye@dummymail.com,doctor
803,Evita,Gale,Evita.Gale@dummymail.com,Evita.Gale@dummymail.com,worker
804,Lindie,Love,Lindie.Love@dummymail.com,Lindie.Love@dummymail.com,firefighter
805,Eolanda,Pauly,Eolanda.Pauly@dummymail.com,Eolanda.Pauly@dummymail.com,police officer
806,Minne,Skurnik,Minne.Skurnik@dummymail.com,Minne.Skurnik@dummymail.com,developer
807,Odessa,Darbie,Odessa.Darbie@dummymail.com,Odessa.Darbie@dummymail.com,developer
808,Antonietta,Kolnick,Antonietta.Kolnick@dummymail.com,Antonietta.Kolnick@dummymail.com,worker
809,Olivette,Croix,Olivette.Croix@dummymail.com,Olivette.Croix@dummymail.com,doctor
810,Bernardine,Hurley,Bernardine.Hurley@dummymail.com,Bernardine.Hurley@dummymail.com,firefighter
811,Janeczka,Winthorpe,Janeczka.Winthorpe@dummymail.com,Janeczka.Winthorpe@dummymail.com,doctor
812,Adore,Barney,Adore.Barney@dummymail.com,Adore.Barney@dummymail.com,firefighter
813,Chickie,Boycey,Chickie.Boycey@dummymail.com,Chickie.Boycey@dummymail.com,police officer
814,Genevra,Jotham,Genevra.Jotham@dummymail.com,Genevra.Jotham@dummymail.com,doctor
815,Lolita,Rillings,Lolita.Rillings@dummymail.com,Lolita.Rillings@dummymail.com,worker
816,Chickie,Klemperer,Chickie.Klemperer@dummymail.com,Chickie.Klemperer@dummymail.com,worker
817,Devina,Jacqui,Devina.Jacqui@dummymail.com,Devina.Jacqui@dummymail.com,worker
818,Xylina,Juan,Xylina.Juan@dummymail.com,Xylina.Juan@dummymail.com,police officer
819,Jenda,Eno,Jenda.Eno@dummymail.com,Jenda.Eno@dummymail.com,police officer
820,Roseline,Alfons,Roseline.Alfons@dummymail.com,Roseline.Alfons@dummymail.com,doctor
821,Gusty,Delila,Gusty.Delila@dummymail.com,Gusty.Delila@dummymail.com,firefighter
822,Georgetta,Thunell,Georgetta.Thunell@dummymail.com,Georgetta.Thunell@dummymail.com,developer
823,Heida,Jacobah,Heida.Jacobah@dummymail.com,Heida.Jacobah@dummymail.com,firefighter
824,Lanna,Bryna,Lanna.Bryna@dummymail.com,Lanna.Bryna@dummymail.com,police officer
825,Tobe,Urania,Tobe.Urania@dummymail.com,Tobe.Urania@dummymail.com,firefighter
826,Jaime,Junie,Jaime.Junie@dummymail.com,Jaime.Junie@dummymail.com,doctor
827,Ericka,Vorster,Ericka.Vorster@dummymail.com,Ericka.Vorster@dummymail.com,police officer
828,Mariele,Kamaria,Mariele.Kamaria@dummymail.com,Mariele.Kamaria@dummymail.com,firefighter
829,Charlena,Baylor,Charlena.Baylor@dummymail.com,Charlena.Baylor@dummymail.com,worker
830,Charissa,Natalia,Charissa.Natalia@dummymail.com,Charissa.Natalia@dummymail.com,police officer
831,Jessy,Reidar,Jessy.Reidar@dummymail.com,Jessy.Reidar@dummymail.com,doctor
832,Theodora,Cohdwell,Theodora.Cohdwell@dummymail.com,Theodora.Cohdwell@dummymail.com,police officer
833,Viki,Ardra,Viki.Ardra@dummymail.com,Viki.Ardra@dummymail.com,police officer
834,Glenda,Kinnard,Glenda.Kinnard@dummymail.com,Glenda.Kinnard@dummymail.com,developer
835,Dorene,Waldron,Dorene.Waldron@dummymail.com,Dorene.Waldron@dummymail.com,firefighter
836,Nelle,Fitzsimmons,Nelle.Fitzsimmons@dummymail.com,Nelle.Fitzsimmons@dummymail.com,worker
837,Sadie,Tiffa,Sadie.Tiffa@dummymail.com,Sadie.Tiffa@dummymail.com,firefighter
838,Olivette,Raul,Olivette.Raul@dummymail.com,Olivette.Raul@dummymail.com,developer
839,Clo,Drisko,Clo.Drisko@dummymail.com,Clo.Drisko@dummymail.com,worker
840,Pearline,Niccolo,Pearline.Niccolo@dummymail.com,Pearline.Niccolo@dummymail.com,doctor
841,Jessy,Serilda,Jessy.Serilda@dummymail.com,Jessy.Serilda@dummymail.com,doctor
842,Merry,Gwenore,Merry.Gwenore@dummymail.com,Merry.Gwenore@dummymail.com,developer
843,Delilah,Autrey,Delilah.Autrey@dummymail.com,Delilah.Autrey@dummymail.com,worker
844,Olivette,Hewitt,Olivette.Hewitt@dummymail.com,Olivette.Hewitt@dummymail.com,doctor
845,Elmira,Rudolph,Elmira.Rudolph@dummymail.com,Elmira.Rudolph@dummymail.com,developer
846,Dawn,Edvard,Dawn.Edvard@dummymail.com,Dawn.Edvard@dummymail.com,worker
847,Arabel,Moina,Arabel.Moina@dummymail.com,Arabel.Moina@dummymail.com,firefighter
848,Elka,Karl,Elka.Karl@dummymail.com,Elka.Karl@dummymail.com,developer
849,Fidelia,Chobot,Fidelia.Chobot@dummymail.com,Fidelia.Chobot@dummymail.com,firefighter
850,Zondra,Screens,Zondra.Screens@dummymail.com,Zondra.Screens@dummymail.com,police officer
851,Gianina,Amasa,Gianina.Amasa@dummymail.com,Gianina.Amasa@dummymail.com,firefighter
852,Harrietta,Corabella,Harrietta.Corabella@dummymail.com,Harrietta.Corabella@dummymail.com,developer
853,Keelia,Amasa,Keelia.Amasa@dummymail.com,Keelia.Amasa@dummymail.com,developer
854,Cam,Gert,Cam.Gert@dummymail.com,Cam.Gert@dummymail.com,worker
855,Ira,Zetta,Ira.Zetta@dummymail.com,Ira.Zetta@dummymail.com,developer
856,Ileana,Ruvolo,Ileana.Ruvolo@dummymail.com,Ileana.Ruvolo@dummymail.com,police officer
857,Sam,Abbot,Sam.Abbot@dummymail.com,Sam.Abbot@dummymail.com,developer
858,Jan,Prouty,Jan.Prouty@dummymail.com,Jan.Prouty@dummymail.com,doctor
859,Alameda,Carolin,Alameda.Carolin@dummymail.com,Alameda.Carolin@dummymail.com,doctor
860,Gisela,Evvie,Gisela.Evvie@dummymail.com,Gisela.Evvie@dummymail.com,firefighter
861,Bernardine,Hachmin,Bernardine.Hachmin@dummymail.com,Bernardine.Hachmin@dummymail.com,worker
862,Cherrita,Tyson,Cherrita.Tyson@dummymail.com,Cherrita.Tyson@dummymail.com,firefighter
863,Andree,O'Rourke,Andree.O'Rourke@dummymail.com,Andree.O'Rourke@dummymail.com,police officer
864,Lila,Lesley,Lila.Lesley@dummymail.com,Lila.Lesley@dummymail.com,police officer
865,Helsa,Fontana,Helsa.Fontana@dummymail.com,Helsa.Fontana@dummymail.com,firefighter
866,Meghann,Krystle,Meghann.Krystle@dummymail.com,Meghann.Krystle@dummymail.com,doctor
867,Dagmar,Ferrell,Dagmar.Ferrell@dummymail.com,Dagmar.Ferrell@dummymail.com,worker
868,Kathy,Pandolfi,Kathy.Pandolfi@dummymail.com,Kathy.Pandolfi@dummymail.com,firefighter
869,Kelly,Westphal,Kelly.Westphal@dummymail.com,Kelly.Westphal@dummymail.com,firefighter
870,Charmaine,Sammons,Charmaine.Sammons@dummymail.com,Charmaine.Sammons@dummymail.com,developer
871,Millie,Terencio,Millie.Terencio@dummymail.com,Millie.Terencio@dummymail.com,firefighter
872,Allis,Carri,Allis.Carri@dummymail.com,Allis.Carri@dummymail.com,worker
873,Jordan,Persse,Jordan.Persse@dummymail.com,Jordan.Persse@dummymail.com,worker
874,Charmaine,Hieronymus,Charmaine.Hieronymus@dummymail.com,Charmaine.Hieronymus@dummymail.com,police officer
875,Lynde,Vary,Lynde.Vary@dummymail.com,Lynde.Vary@dummymail.com,police officer
876,Belinda,Durware,Belinda.Durware@dummymail.com,Belinda.Durware@dummymail.com,developer
877,Anestassia,Schwejda,Anestassia.Schwejda@dummymail.com,Anestassia.Schwejda@dummymail.com,firefighter
878,Talya,O'Carroll,Talya.O'Carroll@dummymail.com,Talya.O'Carroll@dummymail.com,developer
879,Tori,Carri,Tori.Carri@dummymail.com,Tori.Carri@dummymail.com,doctor
880,Britte,Tatianas,Britte.Tatianas@dummymail.com,Britte.Tatianas@dummymail.com,worker
881,Sadie,Slifka,Sadie.Slifka@dummymail.com,Sadie.Slifka@dummymail.com,worker
882,Marylou,Land,Marylou.Land@dummymail.com,Marylou.Land@dummymail.com,worker
883,Gabi,Neils,Gabi.Neils@dummymail.com,Gabi.Neils@dummymail.com,doctor
884,Fred,Fontana,Fred.Fontana@dummymail.com,Fred.Fontana@dummymail.com,doctor
885,Charmaine,Chauncey,Charmaine.Chauncey@dummymail.com,Charmaine.Chauncey@dummymail.com,doctor
886,Kerrin,Gombach,Kerrin.Gombach@dummymail.com,Kerrin.Gombach@dummymail.com,police officer
887,Marleah,Kenwood,Marleah.Kenwood@dummymail.com,Marleah.Kenwood@dummymail.com,worker
888,Barbi,Howlyn,Barbi.Howlyn@dummymail.com,Barbi.Howlyn@dummymail.com,worker
889,Randa,Loeb,Randa.Loeb@dummymail.com,Randa.Loeb@dummymail.com,doctor
890,Tressa,Gemini,Tressa.Gemini@dummymail.com,Tressa.Gemini@dummymail.com,developer
891,Viki,Narton,Viki.Narton@dummymail.com,Viki.Narton@dummymail.com,doctor
892,Wileen,Mike,Wileen.Mike@dummymail.com,Wileen.Mike@dummymail.com,developer
893,Courtnay,Sallyann,Courtnay.Sallyann@dummymail.com,Courtnay.Sallyann@dummymail.com,police officer
894,Kelly,Suk,Kelly.Suk@dummymail.com,Kelly.Suk@dummymail.com,doctor
895,Kara-Lynn,Ivens,Kara-Lynn.Ivens@dummymail.com,Kara-Lynn.Ivens@dummymail.com,firefighter
896,Wilma,Flyn,Wilma.Flyn@dummymail.com,Wilma.Flyn@dummymail.com,developer
897,Edyth,Vins,Edyth.Vins@dummymail.com,Edyth.Vins@dummymail.com,firefighter
898,Basia,Hailee,Basia.Hailee@dummymail.com,Basia.Hailee@dummymail.com,worker
899,Lesly,Concha,Lesly.Concha@dummymail.com,Lesly.Concha@dummymail.com,developer
900,Lily,Bari,Lily.Bari@dummymail.com,Lily.Bari@dummymail.com,police officer
901,Gabi,Nester,Gabi.Nester@dummymail.com,Gabi.Nester@dummymail.com,firefighter
902,Norine,Hanshaw,Norine.Hanshaw@dummymail.com,Norine.Hanshaw@dummymail.com,firefighter
903,Annabela,Cadmar,Annabela.Cadmar@dummymail.com,Annabela.Cadmar@dummymail.com,doctor
904,Merry,Maiah,Merry.Maiah@dummymail.com,Merry.Maiah@dummymail.com,developer
905,Ada,Paine,Ada.Paine@dummymail.com,Ada.Paine@dummymail.com,firefighter
906,Modestia,Eliathas,Modestia.Eliathas@dummymail.com,Modestia.Eliathas@dummymail.com,doctor
907,Pollyanna,Pitt,Pollyanna.Pitt@dummymail.com,Pollyanna.Pitt@dummymail.com,police officer
908,Janeczka,Marcellus,Janeczka.Marcellus@dummymail.com,Janeczka.Marcellus@dummymail.com,doctor
909,Maisey,Behre,Maisey.Behre@dummymail.com,Maisey.Behre@dummymail.com,developer
910,Latisha,Chobot,Latisha.Chobot@dummymail.com,Latisha.Chobot@dummymail.com,doctor
911,Arabel,Jess,Arabel.Jess@dummymail.com,Arabel.Jess@dummymail.com,doctor
912,Britte,Argus,Britte.Argus@dummymail.com,Britte.Argus@dummymail.com,worker
913,Madelle,Elisha,Madelle.Elisha@dummymail.com,Madelle.Elisha@dummymail.com,doctor
914,Codie,Gunn,Codie.Gunn@dummymail.com,Codie.Gunn@dummymail.com,firefighter
915,Isa,Azeria,Isa.Azeria@dummymail.com,Isa.Azeria@dummymail.com,police officer
916,Delilah,Darrell,Delilah.Darrell@dummymail.com,Delilah.Darrell@dummymail.com,worker
917,Barbi,Howlyn,Barbi.Howlyn@dummymail.com,Barbi.Howlyn@dummymail.com,worker
918,Dotty,Lucienne,Dotty.Lucienne@dummymail.com,Dotty.Lucienne@dummymail.com,worker
919,Daphne,Cadmar,Daphne.Cadmar@dummymail.com,Daphne.Cadmar@dummymail.com,police officer
920,Nessie,Narton,Nessie.Narton@dummymail.com,Nessie.Narton@dummymail.com,worker
921,Abbie,Juliet,Abbie.Juliet@dummymail.com,Abbie.Juliet@dummymail.com,doctor
922,Cristabel,Marsden,Cristabel.Marsden@dummymail.com,Cristabel.Marsden@dummymail.com,developer
923,Maurene,Ahab,Maurene.Ahab@dummymail.com,Maurene.Ahab@dummymail.com,firefighter
924,Jenda,Rosalba,Jenda.Rosalba@dummymail.com,Jenda.Rosalba@dummymail.com,police officer
925,Tina,Dorothy,Tina.Dorothy@dummymail.com,Tina.Dorothy@dummymail.com,firefighter
926,Tilly,Yate,Tilly.Yate@dummymail.com,Tilly.Yate@dummymail.com,worker
927,Alisha,MacIntosh,Alisha.MacIntosh@dummymail.com,Alisha.MacIntosh@dummymail.com,developer
928,Goldie,Hirsch,Goldie.Hirsch@dummymail.com,Goldie.Hirsch@dummymail.com,worker
929,Charlena,Alcott,Charlena.Alcott@dummymail.com,Charlena.Alcott@dummymail.com,police officer
930,Aurelie,Serilda,Aurelie.Serilda@dummymail.com,Aurelie.Serilda@dummymail.com,police officer
931,Briney,Percy,Briney.Percy@dummymail.com,Briney.Percy@dummymail.com,doctor
932,Sissy,Toni,Sissy.Toni@dummymail.com,Sissy.Toni@dummymail.com,firefighter
933,Willetta,Schenck,Willetta.Schenck@dummymail.com,Willetta.Schenck@dummymail.com,worker
934,Jany,Gilbertson,Jany.Gilbertson@dummymail.com,Jany.Gilbertson@dummymail.com,worker
935,Jsandye,Adlare,Jsandye.Adlare@dummymail.com,Jsandye.Adlare@dummymail.com,worker
936,Ileana,Denis,Ileana.Denis@dummymail.com,Ileana.Denis@dummymail.com,police officer
937,Brena,Garrison,Brena.Garrison@dummymail.com,Brena.Garrison@dummymail.com,worker
938,Danny,Oster,Danny.Oster@dummymail.com,Danny.Oster@dummymail.com,developer
939,Christal,Olnee,Christal.Olnee@dummymail.com,Christal.Olnee@dummymail.com,police officer
940,Antonietta,Magnolia,Antonietta.Magnolia@dummymail.com,Antonietta.Magnolia@dummymail.com,police officer
941,Vanessa,Dosia,Vanessa.Dosia@dummymail.com,Vanessa.Dosia@dummymail.com,doctor
942,Inga,Ranjiv,Inga.Ranjiv@dummymail.com,Inga.Ranjiv@dummymail.com,doctor
943,Sean,Bow,Sean.Bow@dummymail.com,Sean.Bow@dummymail.com,firefighter
944,Roslyn,Masao,Roslyn.Masao@dummymail.com,Roslyn.Masao@dummymail.com,worker
945,Norine,Markman,Norine.Markman@dummymail.com,Norine.Markman@dummymail.com,police officer
946,Yvonne,Odell,Yvonne.Odell@dummymail.com,Yvonne.Odell@dummymail.com,developer
947,Jordan,Engdahl,Jordan.Engdahl@dummymail.com,Jordan.Engdahl@dummymail.com,firefighter
948,Gerrie,Buttaro,Gerrie.Buttaro@dummymail.com,Gerrie.Buttaro@dummymail.com,firefighter
949,Pollyanna,Suanne,Pollyanna.Suanne@dummymail.com,Pollyanna.Suanne@dummymail.com,doctor
950,Danny,Garrison,Danny.Garrison@dummymail.com,Danny.Garrison@dummymail.com,worker
951,Tomasina,Zaslow,Tomasina.Zaslow@dummymail.com,Tomasina.Zaslow@dummymail.com,police officer
952,Lonnie,Bebe,Lonnie.Bebe@dummymail.com,Lonnie.Bebe@dummymail.com,firefighter
953,Coral,Eugenia,Coral.Eugenia@dummymail.com,Coral.Eugenia@dummymail.com,police officer
954,Roberta,Maribeth,Roberta.Maribeth@dummymail.com,Roberta.Maribeth@dummymail.com,firefighter
955,Dorice,Erskine,Dorice.Erskine@dummymail.com,Dorice.Erskine@dummymail.com,worker
956,Dulcinea,Othilia,Dulcinea.Othilia@dummymail.com,Dulcinea.Othilia@dummymail.com,police officer
957,Darci,Ophelia,Darci.Ophelia@dummymail.com,Darci.Ophelia@dummymail.com,developer
958,Lindie,Winnick,Lindie.Winnick@dummymail.com,Lindie.Winnick@dummymail.com,firefighter
959,Carree,Gabrielli,Carree.Gabrielli@dummymail.com,Carree.Gabrielli@dummymail.com,firefighter
960,Bernie,Papageno,Bernie.Papageno@dummymail.com,Bernie.Papageno@dummymail.com,police officer
961,Sallie,Prober,Sallie.Prober@dummymail.com,Sallie.Prober@dummymail.com,developer
962,Dacia,Olin,Dacia.Olin@dummymail.com,Dacia.Olin@dummymail.com,firefighter
963,Harrietta,Elephus,Harrietta.Elephus@dummymail.com,Harrietta.Elephus@dummymail.com,developer
964,Sheree,Fink,Sheree.Fink@dummymail.com,Sheree.Fink@dummymail.com,developer
965,Marsiella,Rillings,Marsiella.Rillings@dummymail.com,Marsiella.Rillings@dummymail.com,developer
966,Dagmar,Buttaro,Dagmar.Buttaro@dummymail.com,Dagmar.Buttaro@dummymail.com,doctor
967,Cherrita,Nunci,Cherrita.Nunci@dummymail.com,Cherrita.Nunci@dummymail.com,doctor
968,Kristan,Charity,Kristan.Charity@dummymail.com,Kristan.Charity@dummymail.com,developer
969,Nelle,Markman,Nelle.Markman@dummymail.com,Nelle.Markman@dummymail.com,police officer
970,Tracey,Louanna,Tracey.Louanna@dummymail.com,Tracey.Louanna@dummymail.com,doctor
971,Siana,Idelia,Siana.Idelia@dummymail.com,Siana.Idelia@dummymail.com,police officer
972,Sibella,Kermit,Sibella.Kermit@dummymail.com,Sibella.Kermit@dummymail.com,police officer
973,Stacey,Rozanna,Stacey.Rozanna@dummymail.com,Stacey.Rozanna@dummymail.com,doctor
974,Gratia,Emanuel,Gratia.Emanuel@dummymail.com,Gratia.Emanuel@dummymail.com,developer
975,Coral,Edmund,Coral.Edmund@dummymail.com,Coral.Edmund@dummymail.com,developer
976,Elyssa,Florina,Elyssa.Florina@dummymail.com,Elyssa.Florina@dummymail.com,firefighter
977,Ira,Hull,Ira.Hull@dummymail.com,Ira.Hull@dummymail.com,developer
978,Adriana,Nikaniki,Adriana.Nikaniki@dummymail.com,Adriana.Nikaniki@dummymail.com,doctor
979,Aryn,Fillbert,Aryn.Fillbert@dummymail.com,Aryn.Fillbert@dummymail.com,firefighter
980,Dode,My,Dode.My@dummymail.com,Dode.My@dummymail.com,firefighter
981,Shauna,Neils,Shauna.Neils@dummymail.com,Shauna.Neils@dummymail.com,developer
982,Corina,Cohdwell,Corina.Cohdwell@dummymail.com,Corina.Cohdwell@dummymail.com,worker
983,Siana,Kauppi,Siana.Kauppi@dummymail.com,Siana.Kauppi@dummymail.com,worker
984,Rayna,Sundin,Rayna.Sundin@dummymail.com,Rayna.Sundin@dummymail.com,developer
985,Pierette,Tufts,Pierette.Tufts@dummymail.com,Pierette.Tufts@dummymail.com,doctor
986,Annaliese,Percy,Annaliese.Percy@dummymail.com,Annaliese.Percy@dummymail.com,doctor
987,Rosaline,Bakerman,Rosaline.Bakerman@dummymail.com,Rosaline.Bakerman@dummymail.com,firefighter
988,Christal,Linehan,Christal.Linehan@dummymail.com,Christal.Linehan@dummymail.com,worker
989,Helena,Zuzana,Helena.Zuzana@dummymail.com,Helena.Zuzana@dummymail.com,doctor
990,Edee,Santoro,Edee.Santoro@dummymail.com,Edee.Santoro@dummymail.com,doctor
991,Judy,Israeli,Judy.Israeli@dummymail.com,Judy.Israeli@dummymail.com,firefighter
992,Mariele,Connelly,Mariele.Connelly@dummymail.com,Mariele.Connelly@dummymail.com,police officer
993,Bernie,Noam,Bernie.Noam@dummymail.com,Bernie.Noam@dummymail.com,police officer
994,Dorothy,Hathaway,Dorothy.Hathaway@dummymail.com,Dorothy.Hathaway@dummymail.com,doctor
995,Kassey,Vary,Kassey.Vary@dummymail.com,Kassey.Vary@dummymail.com,police officer
996,Fidelia,Bertold,Fidelia.Bertold@dummymail.com,Fidelia.Bertold@dummymail.com,worker
997,Clarice,Yusuk,Clarice.Yusuk@dummymail.com,Clarice.Yusuk@dummymail.com,developer
998,Cyb,Ahab,Cyb.Ahab@dummymail.com,Cyb.Ahab@dummymail.com,police officer
999,Ekaterina,Linskey,Ekaterina.Linskey@dummymail.com,Ekaterina.Linskey@dummymail.com,developer
1000,Evita,Janene,Evita.Janene@dummymail.com,Evita.Janene@dummymail.com,doctor
1001,Darci,Janith,Darci.Janith@dummymail.com,Darci.Janith@dummymail.com,firefighter
1002,Patricia,Jeanne,Patricia.Jeanne@dummymail.com,Patricia.Jeanne@dummymail.com,doctor
1003,Sharlene,Holbrook,Sharlene.Holbrook@dummymail.com,Sharlene.Holbrook@dummymail.com,doctor
1004,Edith,Dulciana,Edith.Dulciana@dummymail.com,Edith.Dulciana@dummymail.com,developer
1005,Dominga,Oster,Dominga.Oster@dummymail.com,Dominga.Oster@dummymail.com,police officer
1006,Kate,Zeeba,Kate.Zeeba@dummymail.com,Kate.Zeeba@dummymail.com,firefighter
1007,Doro,Brittani,Doro.Brittani@dummymail.com,Doro.Brittani@dummymail.com,firefighter
1008,Ayn,Argus,Ayn.Argus@dummymail.com,Ayn.Argus@dummymail.com,developer
1009,Adelle,Naor,Adelle.Naor@dummymail.com,Adelle.Naor@dummymail.com,firefighter
1010,Tobe,Read,Tobe.Read@dummymail.com,Tobe.Read@dummymail.com,police officer
1011,Catrina,Lenny,Catrina.Lenny@dummymail.com,Catrina.Lenny@dummymail.com,police officer
1012,Harmonia,Ledah,Harmonia.Ledah@dummymail.com,Harmonia.Ledah@dummymail.com,developer
1013,Ayn,Poppy,Ayn.Poppy@dummymail.com,Ayn.Poppy@dummymail.com,doctor
1014,Damaris,Rodmann,Damaris.Rodmann@dummymail.com,Damaris.Rodmann@dummymail.com,police officer
1015,Elena,Lasley,Elena.Lasley@dummymail.com,Elena.Lasley@dummymail.com,police officer
1016,Melodie,Wenda,Melodie.Wenda@dummymail.com,Melodie.Wenda@dummymail.com,firefighter
1017,Dorice,Carolin,Dorice.Carolin@dummymail.com,Dorice.Carolin@dummymail.com,worker
1018,Chickie,Faust,Chickie.Faust@dummymail.com,Chickie.Faust@dummymail.com,police officer
1019,Carmencita,Curren,Carmencita.Curren@dummymail.com,Carmencita.Curren@dummymail.com,doctor
1020,Korrie,Docilla,Korrie.Docilla@dummymail.com,Korrie.Docilla@dummymail.com,firefighter
1021,Kristan,Clywd,Kristan.Clywd@dummymail.com,Kristan.Clywd@dummymail.com,firefighter
1022,Lorenza,Liva,Lorenza.Liva@dummymail.com,Lorenza.Liva@dummymail.com,firefighter
1023,Asia,Garlinda,Asia.Garlinda@dummymail.com,Asia.Garlinda@dummymail.com,police officer
1024,Jere,Pozzy,Jere.Pozzy@dummymail.com,Jere.Pozzy@dummymail.com,police officer
1025,Nickie,Artie,Nickie.Artie@dummymail.com,Nickie.Artie@dummymail.com,police officer
1026,Hallie,Anton,Hallie.Anton@dummymail.com,Hallie.Anton@dummymail.com,police officer
1027,Paule,Jalbert,Paule.Jalbert@dummymail.com,Paule.Jalbert@dummymail.com,worker
1028,Kayla,Olnee,Kayla.Olnee@dummymail.com,Kayla.Olnee@dummymail.com,police officer
1029,Karly,Gillan,Karly.Gillan@dummymail.com,Karly.Gillan@dummymail.com,developer
1030,Chrystel,Roxanna,Chrystel.Roxanna@dummymail.com,Chrystel.Roxanna@dummymail.com,worker
1031,Roberta,Grobe,Roberta.Grobe@dummymail.com,Roberta.Grobe@dummymail.com,doctor
1032,Henriette,Raychel,Henriette.Raychel@dummymail.com,Henriette.Raychel@dummymail.com,developer
1033,Lynnea,Lane,Lynnea.Lane@dummymail.com,Lynnea.Lane@dummymail.com,developer
1034,Donetta,Joli,Donetta.Joli@dummymail.com,Donetta.Joli@dummymail.com,firefighter
1035,Christian,Lynn,Christian.Lynn@dummymail.com,Christian.Lynn@dummymail.com,developer
1036,Sabina,Cornelia,Sabina.Cornelia@dummymail.com,Sabina.Cornelia@dummymail.com,worker
1037,Winifred,Haldas,Winifred.Haldas@dummymail.com,Winifred.Haldas@dummymail.com,developer
1038,Chrystel,Peonir,Chrystel.Peonir@dummymail.com,Chrystel.Peonir@dummymail.com,developer
1039,Isa,Sallyann,Isa.Sallyann@dummymail.com,Isa.Sallyann@dummymail.com,firefighter
1040,Ira,Thunell,Ira.Thunell@dummymail.com,Ira.Thunell@dummymail.com,police officer
1041,Libbie,Niles,Libbie.Niles@dummymail.com,Libbie.Niles@dummymail.com,worker
1042,Annabela,Berard,Annabela.Berard@dummymail.com,Annabela.Berard@dummymail.com,doctor
1043,Daune,Lesley,Daune.Lesley@dummymail.com,Daune.Lesley@dummymail.com,worker
1044,Anestassia,Middleton,Anestassia.Middleton@dummymail.com,Anestassia.Middleton@dummymail.com,police officer
1045,Tilly,Sekofski,Tilly.Sekofski@dummymail.com,Tilly.Sekofski@dummymail.com,developer
1046,Drucie,Alfons,Drucie.Alfons@dummymail.com,Drucie.Alfons@dummymail.com,firefighter
1047,Laure,Stover,Laure.Stover@dummymail.com,Laure.Stover@dummymail.com,police officer
1048,Ileana,Amasa,Ileana.Amasa@dummymail.com,Ileana.Amasa@dummymail.com,developer
1049,Florie,Swanhildas,Florie.Swanhildas@dummymail.com,Florie.Swanhildas@dummymail.com,developer
1050,Rosanne,Medrek,Rosanne.Medrek@dummymail.com,Rosanne.Medrek@dummymail.com,developer
1051,Hope,Dudley,Hope.Dudley@dummymail.com,Hope.Dudley@dummymail.com,worker
1052,Kayla,Bluh,Kayla.Bluh@dummymail.com,Kayla.Bluh@dummymail.com,police officer
1053,Ardeen,Velick,Ardeen.Velick@dummymail.com,Ardeen.Velick@dummymail.com,firefighter
1054,Fayre,Frodi,Fayre.Frodi@dummymail.com,Fayre.Frodi@dummymail.com,worker
1055,Candy,Niccolo,Candy.Niccolo@dummymail.com,Candy.Niccolo@dummymail.com,developer
1056,Queenie,Rese,Queenie.Rese@dummymail.com,Queenie.Rese@dummymail.com,worker
1057,Gloria,Pauly,Gloria.Pauly@dummymail.com,Gloria.Pauly@dummymail.com,firefighter
1058,Deloria,Diogenes,Deloria.Diogenes@dummymail.com,Deloria.Diogenes@dummymail.com,worker
1059,Malina,Cleo,Malina.Cleo@dummymail.com,Malina.Cleo@dummymail.com,developer
1060,Rayna,Ellord,Rayna.Ellord@dummymail.com,Rayna.Ellord@dummymail.com,doctor
1061,Caressa,Himelman,Caressa.Himelman@dummymail.com,Caressa.Himelman@dummymail.com,worker
1062,Mureil,Pillsbury,Mureil.Pillsbury@dummymail.com,Mureil.Pillsbury@dummymail.com,worker
1063,Letizia,Woodberry,Letizia.Woodberry@dummymail.com,Letizia.Woodberry@dummymail.com,worker
1064,Addia,Tybald,Addia.Tybald@dummymail.com,Addia.Tybald@dummymail.com,developer
1065,Myrtice,Bearnard,Myrtice.Bearnard@dummymail.com,Myrtice.Bearnard@dummymail.com,worker
1066,Amara,Liebermann,Amara.Liebermann@dummymail.com,Amara.Liebermann@dummymail.com,firefighter
1067,Kara-Lynn,Docilla,Kara-Lynn.Docilla@dummymail.com,Kara-Lynn.Docilla@dummymail.com,worker
1068,Berget,Girardo,Berget.Girardo@dummymail.com,Berget.Girardo@dummymail.com,worker
1069,Kylynn,Santoro,Kylynn.Santoro@dummymail.com,Kylynn.Santoro@dummymail.com,developer
1070,Sibella,Meli,Sibella.Meli@dummymail.com,Sibella.Meli@dummymail.com,police officer
1071,Cam,Whittaker,Cam.Whittaker@dummymail.com,Cam.Whittaker@dummymail.com,developer
1072,Jean,Graig,Jean.Graig@dummymail.com,Jean.Graig@dummymail.com,worker
1073,Jillayne,Girardo,Jillayne.Girardo@dummymail.com,Jillayne.Girardo@dummymail.com,worker
1074,Marcelline,Mallon,Marcelline.Mallon@dummymail.com,Marcelline.Mallon@dummymail.com,worker
1075,Yetty,Mauer,Yetty.Mauer@dummymail.com,Yetty.Mauer@dummymail.com,worker
1076,Elise,Katrine,Elise.Katrine@dummymail.com,Elise.Katrine@dummymail.com,developer
1077,Penelopa,Carvey,Penelopa.Carvey@dummymail.com,Penelopa.Carvey@dummymail.com,firefighter
1078,Paola,Eldrid,Paola.Eldrid@dummymail.com,Paola.Eldrid@dummymail.com,doctor
1079,Christian,Hurley,Christian.Hurley@dummymail.com,Christian.Hurley@dummymail.com,developer
1080,Juliane,Edmund,Juliane.Edmund@dummymail.com,Juliane.Edmund@dummymail.com,police officer
1081,Lory,Lowry,Lory.Lowry@dummymail.com,Lory.Lowry@dummymail.com,worker
1082,Dennie,Kellby,Dennie.Kellby@dummymail.com,Dennie.Kellby@dummymail.com,firefighter
1083,Aryn,Kinnard,Aryn.Kinnard@dummymail.com,Aryn.Kinnard@dummymail.com,developer
1084,Kara-Lynn,Brotherson,Kara-Lynn.Brotherson@dummymail.com,Kara-Lynn.Brotherson@dummymail.com,worker
1085,Ardenia,Ingra,Ardenia.Ingra@dummymail.com,Ardenia.Ingra@dummymail.com,developer
1086,Merrie,Alice,Merrie.Alice@dummymail.com,Merrie.Alice@dummymail.com,developer
1087,Damaris,Lunsford,Damaris.Lunsford@dummymail.com,Damaris.Lunsford@dummymail.com,developer
1088,Jenda,Libna,Jenda.Libna@dummymail.com,Jenda.Libna@dummymail.com,doctor
1089,Shandie,Kronfeld,Shandie.Kronfeld@dummymail.com,Shandie.Kronfeld@dummymail.com,developer
1090,Jenda,Ventre,Jenda.Ventre@dummymail.com,Jenda.Ventre@dummymail.com,worker
1091,Claudina,Imelida,Claudina.Imelida@dummymail.com,Claudina.Imelida@dummymail.com,worker
1092,Caritta,Chauncey,Caritta.Chauncey@dummymail.com,Caritta.Chauncey@dummymail.com,worker
1093,Amara,Old,Amara.Old@dummymail.com,Amara.Old@dummymail.com,doctor
1094,Jennica,Vary,Jennica.Vary@dummymail.com,Jennica.Vary@dummymail.com,worker
1095,Margette,Thomasina,Margette.Thomasina@dummymail.com,Margette.Thomasina@dummymail.com,police officer
1096,Tiffie,Lilas,Tiffie.Lilas@dummymail.com,Tiffie.Lilas@dummymail.com,worker
1097,Marylou,Thar,Marylou.Thar@dummymail.com,Marylou.Thar@dummymail.com,developer
1098,Britte,Atcliffe,Britte.Atcliffe@dummymail.com,Britte.Atcliffe@dummymail.com,doctor
1099,Mildrid,Charmine,Mildrid.Charmine@dummymail.com,Mildrid.Charmine@dummymail.com,firefighter