id,firstname,lastname,email,email2,profession
100,Sybille,Bohlin,Sybille.Bohlin@dummymail.com,Sybille.Bohlin@dummymail.com,doctor
101,Misha,Maurine,Misha.Maurine@dummymail.com,Misha.Maurine@dummymail.com,developer
102,Lynde,Publia,Lynde.Publia@dummymail.com,Lynde.Publia@dummymail.com,worker
103,Kaja,Beebe,Kaja.Beebe@dummymail.com,Kaja.Beebe@dummymail.com,police officer
104,Maisey,Olnee,Maisey.Olnee@dummymail.com,Maisey.Olnee@dummymail.com,developer
105,Ingrid,Mauer,Ingrid.Mauer@dummymail.com,Ingrid.Mauer@dummymail.com,worker
106,Frieda,Ammann,Frieda.Ammann@dummymail.com,Frieda.Ammann@dummymail.com,police officer
107,Julieta,Yerkovich,Julieta.Yerkovich@dummymail.com,Julieta.Yerkovich@dummymail.com,firefighter
108,Tonia,Bertold,Tonia.Bertold@dummymail.com,Tonia.Bertold@dummymail.com,doctor
109,Regina,Goth,Regina.Goth@dummymail.com,Regina.Goth@dummymail.com,doctor
110,Charmaine,Rogerio,Charmaine.Rogerio@dummymail.com,Charmaine.Rogerio@dummymail.com,worker
111,Kristina,Thilda,Kristina.Thilda@dummymail.com,Kristina.Thilda@dummymail.com,worker
112,Karlee,Alrich,Karlee.Alrich@dummymail.com,Karlee.Alrich@dummymail.com,worker
113,Maud,Denis,Maud.Denis@dummymail.com,Maud.Denis@dummymail.com,firefighter
114,Jennica,Viddah,Jennica.Viddah@dummymail.com,Jennica.Viddah@dummymail.com,worker
115,Darci,Egbert,Darci.Egbert@dummymail.com,Darci.Egbert@dummymail.com,police officer
116,Layla,Gemini,Layla.Gemini@dummymail.com,Layla.Gemini@dummymail.com,doctor
117,Janey,Sammons,Janey.Sammons@dummymail.com,Janey.Sammons@dummymail.com,doctor
118,Candy,Dash,Candy.Dash@dummymail.com,Candy.Dash@dummymail.com,worker
119,Giustina,Zina,Giustina.Zina@dummymail.com,Giustina.Zina@dummymail.com,developer
120,Queenie,O'Carroll,Queenie.O'Carroll@dummymail.com,Queenie.O'Carroll@dummymail.com,developer
121,Tabbatha,Frodi,Tabbatha.Frodi@dummymail.com,Tabbatha.Frodi@dummymail.com,developer
122,Rosanne,Wareing,Rosanne.Wareing@dummymail.com,Rosanne.Wareing@dummymail.com,doctor
123,Philis,Seagraves,Philis.Seagraves@dummymail.com,Philis.Seagraves@dummymail.com,police officer
124,Joleen,Bonucci,Joleen.Bonucci@dummymail.com,Joleen.Bonucci@dummymail.com,doctor
125,Maud,Cath,Maud.Cath@dummymail.com,Maud.Cath@dummymail.com,developer
126,Melanie,Voletta,Melanie.Voletta@dummymail.com,Melanie.Voletta@dummymail.com,doctor
127,Isa,Stuart,Isa.Stuart@dummymail.com,Isa.Stuart@dummymail.com,worker
128,Elvira,Tengdin,Elvira.Tengdin@dummymail.com,Elvira.Tengdin@dummymail.com,developer
129,Brana,Tengdin,Brana.Tengdin@dummymail.com,Brana.Tengdin@dummymail.com,firefighter
130,Halette,Eben,Halette.Eben@dummymail.com,Halette.Eben@dummymail.com,police officer
131,Natka,Saree,Natka.Saree@dummymail.com,Natka.Saree@dummymail.com,firefighter
132,Florie,Viddah,Florie.Viddah@dummymail.com,Florie.Viddah@dummymail.com,developer
133,Darlleen,Danby,Darlleen.Danby@dummymail.com,Darlleen.Danby@dummymail.com,police officer
134,Jaime,Neva,Jaime.Neva@dummymail.com,Jaime.Neva@dummymail.com,firefighter
135,Renie,Hartnett,Renie.Hartnett@dummymail.com,Renie.Hartnett@dummymail.com,police officer
136,Korrie,Ophelia,Korrie.Ophelia@dummymail.com,Korrie.Ophelia@dummymail.com,firefighter
137,Aimil,Voletta,Aimil.Voletta@dummymail.com,Aimil.Voletta@dummymail.com,developer
138,Theodora,Clie,Theodora.Clie@dummymail.com,Theodora.Clie@dummymail.com,developer
139,Frank,Maiah,Frank.Maiah@dummymail.com,Frank.Maiah@dummymail.com,firefighter
140,Gerrie,Berl,Gerrie.Berl@dummymail.com,Gerrie.Berl@dummymail.com,firefighter
141,Lita,Lucienne,Lita.Lucienne@dummymail.com,Lita.Lucienne@dummymail.com,worker
142,Rebeca,Saint,Rebeca.Saint@dummymail.com,Rebeca.Saint@dummymail.com,firefighter
143,Jany,Graig,Jany.Graig@dummymail.com,Jany.Graig@dummymail.com,worker
144,Shandie,Nicoline,Shandie.Nicoline@dummymail.com,Shandie.Nicoline@dummymail.com,developer
145,Georgetta,Tomasina,Georgetta.Tomasina@dummymail.com,Georgetta.Tomasina@dummymail.com,doctor
146,Sadie,Dowski,Sadie.Dowski@dummymail.com,Sadie.Dowski@dummymail.com,doctor
147,Mathilda,Alejoa,Mathilda.Alejoa@dummymail.com,Mathilda.Alejoa@dummymail.com,police officer
148,Leona,Gower,Leona.Gower@dummymail.com,Leona.Gower@dummymail.com,police officer
149,Melodie,Gaspard,Melodie.Gaspard@dummymail.com,Melodie.Gaspard@dummymail.com,worker
150,Fayre,Percy,Fayre.Percy@dummymail.com,Fayre.Percy@dummymail.com,firefighter
151,Aaren,Sherrie,Aaren.Sherrie@dummymail.com,Aaren.Sherrie@dummymail.com,firefighter
152,Patricia,Kermit,Patricia.Kermit@dummymail.com,Patricia.Kermit@dummymail.com,worker
153,Janenna,Faust,Janenna.Faust@dummymail.com,Janenna.Faust@dummymail.com,doctor
154,Linet,Roarke,Linet.Roarke@dummymail.com,Linet.Roarke@dummymail.com,worker
155,Joy,Randene,Joy.Randene@dummymail.com,Joy.Randene@dummymail.com,firefighter
156,Beverley,Bryna,Beverley.Bryna@dummymail.com,Beverley.Bryna@dummymail.com,police officer
157,Dania,Randene,Dania.Randene@dummymail.com,Dania.Randene@dummymail.com,developer
158,Penelopa,Bakerman,Penelopa.Bakerman@dummymail.com,Penelopa.Bakerman@dummymail.com,firefighter
159,Fina,Crudden,Fina.Crudden@dummymail.com,Fina.Crudden@dummymail.com,worker
160,Tamqrah,Kirstin,Tamqrah.Kirstin@dummymail.com,Tamqrah.Kirstin@dummymail.com,worker
161,Bill,Salvidor,Bill.Salvidor@dummymail.com,Bill.Salvidor@dummymail.com,developer
162,Sandie,Tayib,Sandie.Tayib@dummymail.com,Sandie.Tayib@dummymail.com,doctor
163,Ann-Marie,Durante,Ann-Marie.Durante@dummymail.com,Ann-Marie.Durante@dummymail.com,police officer
164,Rayna,Anderea,Rayna.Anderea@dummymail.com,Rayna.Anderea@dummymail.com,worker
165,Dawn,Ursulette,Dawn.Ursulette@dummymail.com,Dawn.Ursulette@dummymail.com,worker
166,Deloria,Sidonius,Deloria.Sidonius@dummymail.com,Deloria.Sidonius@dummymail.com,worker
167,Kassey,Fadiman,Kassey.Fadiman@dummymail.com,Kassey.Fadiman@dummymail.com,police officer
168,Nita,Douglass,Nita.Douglass@dummymail.com,Nita.Douglass@dummymail.com,firefighter
169,Paulita,Merriott,Paulita.Merriott@dummymail.com,Paulita.Merriott@dummymail.com,police officer
170,Rosene,Lilybelle,Rosene.Lilybelle@dummymail.com,Rosene.Lilybelle@dummymail.com,police officer
171,Latisha,Dash,Latisha.Dash@dummymail.com,Latisha.Dash@dummymail.com,developer
172,Inga,Ader,Inga.Ader@dummymail.com,Inga.Ader@dummymail.com,worker
173,Harrietta,Braun,Harrietta.Braun@dummymail.com,Harrietta.Braun@dummymail.com,firefighter
174,Darlleen,Diann,Darlleen.Diann@dummymail.com,Darlleen.Diann@dummymail.com,doctor
175,Sashenka,Sikorski,Sashenka.Sikorski@dummymail.com,Sashenka.Sikorski@dummymail.com,police officer
176,Elise,Wandie,Elise.Wandie@dummymail.com,Elise.Wandie@dummymail.com,worker
177,Feliza,Weide,Feliza.Weide@dummymail.com,Feliza.Weide@dummymail.com,developer
178,Aili,Argus,Aili.Argus@dummymail.com,Aili.Argus@dummymail.com,developer
179,Margarette,Ephrem,Margarette.Ephrem@dummymail.com,Margarette.Ephrem@dummymail.com,worker
180,Goldie,Donell,Goldie.Donell@dummymail.com,Goldie.Donell@dummymail.com,police officer
181,Kary,Dorothy,Kary.Dorothy@dummymail.com,Kary.Dorothy@dummymail.com,worker
182,Willetta,Darrell,Willetta.Darrell@dummymail.com,Willetta.Darrell@dummymail.com,firefighter
183,Wilma,Zetta,Wilma.Zetta@dummymail.com,Wilma.Zetta@dummymail.com,worker
184,Letizia,Vins,Letizia.Vins@dummymail.com,Letizia.Vins@dummymail.com,doctor
185,Katharina,Sikorski,Katharina.Sikorski@dummymail.com,Katharina.Sikorski@dummymail.com,developer
186,Annabela,Rhu,Annabela.Rhu@dummymail.com,Annabela.Rhu@dummymail.com,police officer
187,Micheline,Fulmer,Micheline.Fulmer@dummymail.com,Micheline.Fulmer@dummymail.com,developer
188,Bibby,Girardo,Bibby.Girardo@dummymail.com,Bibby.Girardo@dummymail.com,developer
189,Halette,Chandler,Halette.Chandler@dummymail.com,Halette.Chandler@dummymail.com,developer
190,Jennica,Alexandr,Jennica.Alexandr@dummymail.com,Jennica.Alexandr@dummymail.com,worker
191,Rozele,Franza,Rozele.Franza@dummymail.com,Rozele.Franza@dummymail.com,doctor
192,Blondelle,Jess,Blondelle.Jess@dummymail.com,Blondelle.Jess@dummymail.com,worker
193,Cassandra,Suanne,Cassandra.Suanne@dummymail.com,Cassandra.Suanne@dummymail.com,worker
194,Glenda,Jammal,Glenda.Jammal@dummymail.com,Glenda.Jammal@dummymail.com,firefighter
195,Ronna,Raul,Ronna.Raul@dummymail.com,Ronna.Raul@dummymail.com,doctor
196,Gloria,Sophronia,Gloria.Sophronia@dummymail.com,Gloria.Sophronia@dummymail.com,firefighter
197,Chere,Brian,Chere.Brian@dummymail.com,Chere.Brian@dummymail.com,police officer
198,Dorene,Papageno,Dorene.Papageno@dummymail.com,Dorene.Papageno@dummymail.com,doctor
199,Roseline,Durware,Roseline.Durware@dummymail.com,Roseline.Durware@dummymail.com,firefighter
200,Lusa,Saunderson,Lusa.Saunderson@dummymail.com,Lusa.Saunderson@dummymail.com,developer
201,Jemie,Wyn,Jemie.Wyn@dummymail.com,Jemie.Wyn@dummymail.com,police officer
202,Blinni,Gladstone,Blinni.Gladstone@dummymail.com,Blinni.Gladstone@dummymail.com,doctor
203,Myriam,Thad,Myriam.Thad@dummymail.com,Myriam.Thad@dummymail.com,firefighter
204,Lynea,Cressida,Lynea.Cressida@dummymail.com,Lynea.Cressida@dummymail.com,police officer
205,Rosanne,Whittaker,Rosanne.Whittaker@dummymail.com,Rosanne.Whittaker@dummymail.com,worker
206,Vevay,Geffner,Vevay.Geffner@dummymail.com,Vevay.Geffner@dummymail.com,firefighter
207,Feliza,Stav,Feliza.Stav@dummymail.com,Feliza.Stav@dummymail.com,police officer
208,Wynne,Evangelia,Wynne.Evangelia@dummymail.com,Wynne.Evangelia@dummymail.com,doctor
209,Dulcinea,Faso,Dulcinea.Faso@dummymail.com,Dulcinea.Faso@dummymail.com,police officer
210,Phylis,Westphal,Phylis.Westphal@dummymail.com,Phylis.Westphal@dummymail.com,firefighter
211,Noelle,Nicoline,Noelle.Nicoline@dummymail.com,Noelle.Nicoline@dummymail.com,firefighter
212,Jacenta,Grimbly,Jacenta.Grimbly@dummymail.com,Jacenta.Grimbly@dummymail.com,worker
213,Raina,Ellerey,Raina.Ellerey@dummymail.com,Raina.Ellerey@dummymail.com,developer
214,Joceline,Bergman,Joceline.Bergman@dummymail.com,Joceline.Bergman@dummymail.com,doctor
215,Alex,Schroth,Alex.Schroth@dummymail.com,Alex.Schroth@dummymail.com,doctor
216,Dotty,Solitta,Dotty.Solitta@dummymail.com,Dotty.Solitta@dummymail.com,worker
217,Carilyn,Charmine,Carilyn.Charmine@dummymail.com,Carilyn.Charmine@dummymail.com,developer
218,Winifred,Niccolo,Winifred.Niccolo@dummymail.com,Winifred.Niccolo@dummymail.com,developer
219,Hollie,Ethban,Hollie.Ethban@dummymail.com,Hollie.Ethban@dummymail.com,developer
220,Catharine,Wilona,Catharine.Wilona@dummymail.com,Catharine.Wilona@dummymail.com,worker
221,Merle,Bronk,Merle.Bronk@dummymail.com,Merle.Bronk@dummymail.com,police officer
222,Paule,Vins,Paule.Vins@dummymail.com,Paule.Vins@dummymail.com,doctor
223,Karolina,Bandeen,Karolina.Bandeen@dummymail.com,Karolina.Bandeen@dummymail.com,firefighter
224,Theodora,Vorster,Theodora.Vorster@dummymail.com,Theodora.Vorster@dummymail.com,doctor
225,Karolina,Kimmie,Karolina.Kimmie@dummymail.com,Karolina.Kimmie@dummymail.com,developer
226,Morganica,Cleavland,Morganica.Cleavland@dummymail.com,Morganica.Cleavland@dummymail.com,worker
227,Lesly,Cath,Lesly.Cath@dummymail.com,Lesly.Cath@dummymail.com,developer
228,Kirbee,Obed,Kirbee.Obed@dummymail.com,Kirbee.Obed@dummymail.com,doctor
229,Rayna,Bandeen,Rayna.Bandeen@dummymail.com,Rayna.Bandeen@dummymail.com,developer
230,Monika,Lunsford,Monika.Lunsford@dummymail.com,Monika.Lunsford@dummymail.com,developer
231,Valeda,Bryna,Valeda.Bryna@dummymail.com,Valeda.Bryna@dummymail.com,developer
232,Di,Natica,Di.Natica@dummymail.com,Di.Natica@dummymail.com,firefighter
233,Lita,Love,Lita.Love@dummymail.com,Lita.Love@dummymail.com,police officer
234,Nessie,Milson,Nessie.Milson@dummymail.com,Nessie.Milson@dummymail.com,doctor
235,Raina,Rillings,Raina.Rillings@dummymail.com,Raina.Rillings@dummymail.com,firefighter
236,Trixi,Thomasina,Trixi.Thomasina@dummymail.com,Trixi.Thomasina@dummymail.com,worker
237,Winny,Isacco,Winny.Isacco@dummymail.com,Winny.Isacco@dummymail.com,developer
238,Margalo,Maribeth,Margalo.Maribeth@dummymail.com,Margalo.Maribeth@dummymail.com,worker
239,Aubrie,Leffen,Aubrie.Leffen@dummymail.com,Aubrie.Leffen@dummymail.com,worker
240,Ninnetta,Goerke,Ninnetta.Goerke@dummymail.com,Ninnetta.Goerke@dummymail.com,developer
241,Barbara,Markman,Barbara.Markman@dummymail.com,Barbara.Markman@dummymail.com,police officer
242,Frieda,Leffen,Frieda.Leffen@dummymail.com,Frieda.Leffen@dummymail.com,worker
243,Margarette,Lorenz,Margarette.Lorenz@dummymail.com,Margarette.Lorenz@dummymail.com,police officer
244,Kirbee,Tatianas,Kirbee.Tatianas@dummymail.com,Kirbee.Tatianas@dummymail.com,police officer
245,Consuela,Sundin,Consuela.Sundin@dummymail.com,Consuela.Sundin@dummymail.com,developer
246,Dari,Clywd,Dari.Clywd@dummymail.com,Dari.Clywd@dummymail.com,worker
247,Rayna,Thornburg,Rayna.Thornburg@dummymail.com,Rayna.Thornburg@dummymail.com,worker
248,Ingrid,Goode,Ingrid.Goode@dummymail.com,Ingrid.Goode@dummymail.com,worker
249,Gianina,Pierette,Gianina.Pierette@dummymail.com,Gianina.Pierette@dummymail.com,firefighter
250,Cindelyn,Niles,Cindelyn.Niles@dummymail.com,Cindelyn.Niles@dummymail.com,firefighter
251,Joceline,Malanie,Joceline.Malanie@dummymail.com,Joceline.Malanie@dummymail.com,doctor
252,Ofilia,Mike,Ofilia.Mike@dummymail.com,Ofilia.Mike@dummymail.com,doctor
253,Berta,Freddi,Berta.Freddi@dummymail.com,Berta.Freddi@dummymail.com,police officer
254,Karena,Gordon,Karena.Gordon@dummymail.com,Karena.Gordon@dummymail.com,police officer
255,Britni,Hertzfeld,Britni.Hertzfeld@dummymail.com,Britni.Hertzfeld@dummymail.com,firefighter
256,Carilyn,Latini,Carilyn.Latini@dummymail.com,Carilyn.Latini@dummymail.com,developer
257,Jinny,Gale,Jinny.Gale@dummymail.com,Jinny.Gale@dummymail.com,worker
258,Myriam,Tamsky,Myriam.Tamsky@dummymail.com,Myriam.Tamsky@dummymail.com,developer
259,Lily,Orlene,Lily.Orlene@dummymail.com,Lily.Orlene@dummymail.com,police officer
260,Paulita,Reneta,Paulita.Reneta@dummymail.com,Paulita.Reneta@dummymail.com,firefighter
261,Shannah,Corrine,Shannah.Corrine@dummymail.com,Shannah.Corrine@dummymail.com,developer
262,Alie,Aldric,Alie.Aldric@dummymail.com,Alie.Aldric@dummymail.com,police officer
263,Corry,Knowling,Corry.Knowling@dummymail.com,Corry.Knowling@dummymail.com,worker
264,Lita,Durware,Lita.Durware@dummymail.com,Lita.Durware@dummymail.com,worker
265,Raina,Wallis,Raina.Wallis@dummymail.com,Raina.Wallis@dummymail.com,doctor
266,Giustina,Velick,Giustina.Velick@dummymail.com,Giustina.Velick@dummymail.com,developer
267,Moyna,Boehike,Moyna.Boehike@dummymail.com,Moyna.Boehike@dummymail.com,police officer
268,Kenna,Lasley,Kenna.Lasley@dummymail.com,Kenna.Lasley@dummymail.com,worker
269,Marleah,Christine,Marleah.Christine@dummymail.com,Marleah.Christine@dummymail.com,police officer
270,Coral,Thunell,Coral.Thunell@dummymail.com,Coral.Thunell@dummymail.com,doctor
271,Zsa Zsa,Gilmour,Zsa Zsa.Gilmour@dummymail.com,Zsa Zsa.Gilmour@dummymail.com,doctor
272,Roslyn,Ammann,Roslyn.Ammann@dummymail.com,Roslyn.Ammann@dummymail.com,doctor
273,Raf,Fredi,Raf.Fredi@dummymail.com,Raf.Fredi@dummymail.com,police officer
274,Bernie,Ambrosia,Bernie.Ambrosia@dummymail.com,Bernie.Ambrosia@dummymail.com,worker
275,Tilly,Ambrosia,Tilly.Ambrosia@dummymail.com,Tilly.Ambrosia@dummymail.com,doctor
276,Leeanne,Cornelia,Leeanne.Cornelia@dummymail.com,Leeanne.Cornelia@dummymail.com,worker
277,Lynde,Lorain,Lynde.Lorain@dummymail.com,Lynde.Lorain@dummymail.com,firefighter
278,Ayn,Cressida,Ayn.Cressida@dummymail.com,Ayn.Cressida@dummymail.com,worker
279,Asia,Lareena,Asia.Lareena@dummymail.com,Asia.Lareena@dummymail.com,doctor
280,Ariela,Wyn,Ariela.Wyn@dummymail.com,Ariela.Wyn@dummymail.com,firefighter
281,Pierette,Florina,Pierette.Florina@dummymail.com,Pierette.Florina@dummymail.com,worker
282,Wileen,Vernier,Wileen.Vernier@dummymail.com,Wileen.Vernier@dummymail.com,firefighter
283,Ardenia,Seessel,Ardenia.Seessel@dummymail.com,Ardenia.Seessel@dummymail.com,firefighter
284,Georgetta,Madelene,Georgetta.Madelene@dummymail.com,Georgetta.Madelene@dummymail.com,police officer
285,Marylou,Ophelia,Marylou.Ophelia@dummymail.com,Marylou.Ophelia@dummymail.com,worker
286,Hope,Ehrman,Hope.Ehrman@dummymail.com,Hope.Ehrman@dummymail.com,firefighter
287,Roz,Eno,Roz.Eno@dummymail.com,Roz.Eno@dummymail.com,developer
288,Chrystel,Verger,Chrystel.Verger@dummymail.com,Chrystel.Verger@dummymail.com,police officer
289,Viki,Morehouse,Viki.Morehouse@dummymail.com,Viki.Morehouse@dummymail.com,developer
290,Ketti,Rosemary,Ketti.Rosemary@dummymail.com,Ketti.Rosemary@dummymail.com,firefighter
291,Desirae,Afton,Desirae.Afton@dummymail.com,Desirae.Afton@dummymail.com,firefighter
292,Drucie,Elsinore,Drucie.Elsinore@dummymail.com,Drucie.Elsinore@dummymail.com,worker
293,Jolyn,Cynar,Jolyn.Cynar@dummymail.com,Jolyn.Cynar@dummymail.com,developer
294,Glenda,Nerita,Glenda.Nerita@dummymail.com,Glenda.Nerita@dummymail.com,doctor
295,Miquela,Eugenia,Miquela.Eugenia@dummymail.com,Miquela.Eugenia@dummymail.com,doctor
296,Corene,Wolfgram,Corene.Wolfgram@dummymail.com,Corene.Wolfgram@dummymail.com,doctor
297,Olivette,Erb,Olivette.Erb@dummymail.com,Olivette.Erb@dummymail.com,doctor
298,Glynnis,Gamaliel,Glynnis.Gamaliel@dummymail.com,Glynnis.Gamaliel@dummymail.com,firefighter
299,Dawn,Burnside,Dawn.Burnside@dummymail.com,Dawn.Burnside@dummymail.com,firefighter
300,Ethel,Wadell,Ethel.Wadell@dummymail.com,Ethel.Wadell@dummymail.com,firefighter
301,Stacey,Hailee,Stacey.Hailee@dummymail.com,Stacey.Hailee@dummymail.com,worker
302,Karina,Mallon,Karina.Mallon@dummymail.com,Karina.Mallon@dummymail.com,worker
303,Kerrin,Esmaria,Kerrin.Esmaria@dummymail.com,Kerrin.Esmaria@dummymail.com,doctor
304,Corene,Guildroy,Corene.Guildroy@dummymail.com,Corene.Guildroy@dummymail.com,firefighter
305,Doro,Latini,Doro.Latini@dummymail.com,Doro.Latini@dummymail.com,doctor
306,Dianemarie,Bow,Dianemarie.Bow@dummymail.com,Dianemarie.Bow@dummymail.com,developer
307,Joy,Rozanna,Joy.Rozanna@dummymail.com,Joy.Rozanna@dummymail.com,police officer
308,Misha,Gherardo,Misha.Gherardo@dummymail.com,Misha.Gherardo@dummymail.com,doctor
309,Lesly,Corilla,Lesly.Corilla@dummymail.com,Lesly.Corilla@dummymail.com,doctor
310,Genevra,Arathorn,Genevra.Arathorn@dummymail.com,Genevra.Arathorn@dummymail.com,police officer
311,Kimberley,Ricki,Kimberley.Ricki@dummymail.com,Kimberley.Ricki@dummymail.com,police officer
312,Yetty,Bonucci,Yetty.Bonucci@dummymail.com,Yetty.Bonucci@dummymail.com,firefighter
313,Berget,Alarise,Berget.Alarise@dummymail.com,Berget.Alarise@dummymail.com,firefighter
314,Odessa,Slifka,Odessa.Slifka@dummymail.com,Odessa.Slifka@dummymail.com,developer
315,Sybille,Kronfeld,Sybille.Kronfeld@dummymail.com,Sybille.Kronfeld@dummymail.com,doctor
316,Molli,Schalles,Molli.Schalles@dummymail.com,Molli.Schalles@dummymail.com,police officer
317,Carlie,Tannie,Carlie.Tannie@dummymail.com,Carlie.Tannie@dummymail.com,developer
318,Linet,Gino,Linet.Gino@dummymail.com,Linet.Gino@dummymail.com,worker
319,Talya,Tybald,Talya.Tybald@dummymail.com,Talya.Tybald@dummymail.com,worker
320,Silvana,Olnee,Silvana.Olnee@dummymail.com,Silvana.Olnee@dummymail.com,police officer
321,Hyacinthe,Cosenza,Hyacinthe.Cosenza@dummymail.com,Hyacinthe.Cosenza@dummymail.com,doctor
322,Rani,Larochelle,Rani.Larochelle@dummymail.com,Rani.Larochelle@dummymail.com,firefighter
323,Dagmar,Phi,Dagmar.Phi@dummymail.com,Dagmar.Phi@dummymail.com,police officer
324,Neila,Taima,Neila.Taima@dummymail.com,Neila.Taima@dummymail.com,developer
325,Alisha,Celestine,Alisha.Celestine@dummymail.com,Alisha.Celestine@dummymail.com,doctor
326,Cathie,Gaynor,Cathie.Gaynor@dummymail.com,Cathie.Gaynor@dummymail.com,worker
327,Elena,August,Elena.August@dummymail.com,Elena.August@dummymail.com,firefighter
328,Felice,Brenn,Felice.Brenn@dummymail.com,Felice.Brenn@dummymail.com,worker
329,Kore,Gert,Kore.Gert@dummymail.com,Kore.Gert@dummymail.com,worker
330,Olwen,Bibi,Olwen.Bibi@dummymail.com,Olwen.Bibi@dummymail.com,worker
331,Marcelline,Judye,Marcelline.Judye@dummymail.com,Marcelline.Judye@dummymail.com,doctor
332,Felice,Dorcy,Felice.Dorcy@dummymail.com,Felice.Dorcy@dummymail.com,developer
333,Bee,Salchunas,Bee.Salchunas@dummymail.com,Bee.Salchunas@dummymail.com,doctor
334,Lily,Briney,Lily.Briney@dummymail.com,Lily.Briney@dummymail.com,firefighter
335,Kelly,Read,Kelly.Read@dummymail.com,Kelly.Read@dummymail.com,doctor
336,Dagmar,Zitvaa,Dagmar.Zitvaa@dummymail.com,Dagmar.Zitvaa@dummymail.com,developer
337,Jackie,Dulciana,Jackie.Dulciana@dummymail.com,Jackie.Dulciana@dummymail.com,firefighter
338,Etta,Barney,Etta.Barney@dummymail.com,Etta.Barney@dummymail.com,doctor
339,Cherilyn,Kiyoshi,Cherilyn.Kiyoshi@dummymail.com,Cherilyn.Kiyoshi@dummymail.com,firefighter
340,Jasmina,Alwin,Jasmina.Alwin@dummymail.com,Jasmina.Alwin@dummymail.com,worker
341,Winny,Goddard,Winny.Goddard@dummymail.com,Winny.Goddard@dummymail.com,developer
342,Jenilee,Amasa,Jenilee.Amasa@dummymail.com,Jenilee.Amasa@dummymail.com,doctor
343,Cyb,O'Neill,Cyb.O'Neill@dummymail.com,Cyb.O'Neill@dummymail.com,police officer
344,Gretal,Cordi,Gretal.Cordi@dummymail.com,Gretal.Cordi@dummymail.com,police officer
345,Sabina,Eckblad,Sabina.Eckblad@dummymail.com,Sabina.Eckblad@dummymail.com,doctor
346,Lorie,Lareena,Lorie.Lareena@dummymail.com,Lorie.Lareena@dummymail.com,developer
347,Nariko,Gamaliel,Nariko.Gamaliel@dummymail.com,Nariko.Gamaliel@dummymail.com,firefighter
348,Celene,Teddman,Celene.Teddman@dummymail.com,Celene.Teddman@dummymail.com,worker
349,Merry,Adamsen,Merry.Adamsen@dummymail.com,Merry.Adamsen@dummymail.com,worker
350,Sue,Garek,Sue.Garek@dummymail.com,Sue.Garek@dummymail.com,police officer
351,Gavrielle,Cyrie,Gavrielle.Cyrie@dummymail.com,Gavrielle.Cyrie@dummymail.com,doctor
352,Jessamyn,Francene,Jessamyn.Francene@dummymail.com,Jessamyn.Francene@dummymail.com,doctor
353,Glenda,Medrek,Glenda.Medrek@dummymail.com,Glenda.Medrek@dummymail.com,doctor
354,Sandie,Sherfield,Sandie.Sherfield@dummymail.com,Sandie.Sherfield@dummymail.com,developer
355,Jaclyn,Paine,Jaclyn.Paine@dummymail.com,Jaclyn.Paine@dummymail.com,worker
356,Meghann,Suk,Meghann.Suk@dummymail.com,Meghann.Suk@dummymail.com,doctor
357,Jasmina,Ledah,Jasmina.Ledah@dummymail.com,Jasmina.Ledah@dummymail.com,worker
358,Stacey,Alarise,Stacey.Alarise@dummymail.com,Stacey.Alarise@dummymail.com,developer
359,Rosabelle,Arathorn,Rosabelle.Arathorn@dummymail.com,Rosabelle.Arathorn@dummymail.com,developer
360,Babita,Martguerita,Babita.Martguerita@dummymail.com,Babita.Martguerita@dummymail.com,doctor
361,Netty,Christine,Netty.Christine@dummymail.com,Netty.Christine@dummymail.com,developer
362,Melanie,Nickola,Melanie.Nickola@dummymail.com,Melanie.Nickola@dummymail.com,developer
363,Dione,Knowling,Dione.Knowling@dummymail.com,Dione.Knowling@dummymail.com,firefighter
364,Roz,Stilwell,Roz.Stilwell@dummymail.com,Roz.Stilwell@dummymail.com,police officer
365,Rozele,Gombach,Rozele.Gombach@dummymail.com,Rozele.Gombach@dummymail.com,developer
366,Elyssa,Ardeha,Elyssa.Ardeha@dummymail.com,Elyssa.Ardeha@dummymail.com,firefighter
367,Helena,Ovid,Helena.Ovid@dummymail.com,Helena.Ovid@dummymail.com,worker
368,Ottilie,Kat,Ottilie.Kat@dummymail.com,Ottilie.Kat@dummymail.com,doctor
369,Shannah,Remmer,Shannah.Remmer@dummymail.com,Shannah.Remmer@dummymail.com,firefighter
370,Dyann,Carey,Dyann.Carey@dummymail.com,Dyann.Carey@dummymail.com,worker
371,Lucy,Kinnard,Lucy.Kinnard@dummymail.com,Lucy.Kinnard@dummymail.com,developer
372,Hannis,Thunell,Hannis.Thunell@dummymail.com,Hannis.Thunell@dummymail.com,developer
373,Quintina,Dearborn,Quintina.Dearborn@dummymail.com,Quintina.Dearborn@dummymail.com,firefighter
374,Tamqrah,Merna,Tamqrah.Merna@dummymail.com,Tamqrah.Merna@dummymail.com,doctor
375,Courtnay,Ioab,Courtnay.Ioab@dummymail.com,Courtnay.Ioab@dummymail.com,worker
376,Damaris,Magdalen,Damaris.Magdalen@dummymail.com,Damaris.Magdalen@dummymail.com,worker
377,Lelah,Frodi,Lelah.Frodi@dummymail.com,Lelah.Frodi@dummymail.com,police officer
378,Romona,Helfand,Romona.Helfand@dummymail.com,Romona.Helfand@dummymail.com,worker
379,Dominga,Philoo,Dominga.Philoo@dummymail.com,Dominga.Philoo@dummymail.com,developer
380,Raf,Demitria,Raf.Demitria@dummymail.com,Raf.Demitria@dummymail.com,developer
381,Eugine,Felecia,Eugine.Felecia@dummymail.com,Eugine.Felecia@dummymail.com,firefighter
382,Ana,Esmaria,Ana.Esmaria@dummymail.com,Ana.Esmaria@dummymail.com,police officer
383,Olivette,Killigrew,Olivette.Killigrew@dummymail.com,Olivette.Killigrew@dummymail.com,firefighter
384,Ann-Marie,Norrie,Ann-Marie.Norrie@dummymail.com,Ann-Marie.Norrie@dummymail.com,police officer
385,Fred,Fiann,Fred.Fiann@dummymail.com,Fred.Fiann@dummymail.com,firefighter
386,Maisey,Ummersen,Maisey.Ummersen@dummymail.com,Maisey.Ummersen@dummymail.com,police officer
387,Sarette,Aprile,Sarette.Aprile@dummymail.com,Sarette.Aprile@dummymail.com,doctor
388,Verla,Milson,Verla.Milson@dummymail.com,Verla.Milson@dummymail.com,police officer
389,Berget,Chauncey,Berget.Chauncey@dummymail.com,Berget.Chauncey@dummymail.com,police officer
390,Minne,Tjon,Minne.Tjon@dummymail.com,Minne.Tjon@dummymail.com,doctor
391,Cassondra,Billye,Cassondra.Billye@dummymail.com,Cassondra.Billye@dummymail.com,worker
392,Alisha,Howlyn,Alisha.Howlyn@dummymail.com,Alisha.Howlyn@dummymail.com,developer
393,Ellette,Arquit,Ellette.Arquit@dummymail.com,Ellette.Arquit@dummymail.com,worker
394,Ingrid,Longfellow,Ingrid.Longfellow@dummymail.com,Ingrid.Longfellow@dummymail.com,police officer
395,Patricia,Sheedy,Patricia.Sheedy@dummymail.com,Patricia.Sheedy@dummymail.com,developer
396,Leontine,Fennessy,Leontine.Fennessy@dummymail.com,Leontine.Fennessy@dummymail.com,doctor
397,Darci,Jagir,Darci.Jagir@dummymail.com,Darci.Jagir@dummymail.com,developer
398,Paola,Wilona,Paola.Wilona@dummymail.com,Paola.Wilona@dummymail.com,firefighter
399,Janeczka,Nahum,Janeczka.Nahum@dummymail.com,Janeczka.Nahum@dummymail.com,developer
400,Jean,Remmer,Jean.Remmer@dummymail.com,Jean.Remmer@dummymail.com,doctor
401,Helena,Hamil,Helena.Hamil@dummymail.com,Helena.Hamil@dummymail.com,developer
402,Shandie,Sawtelle,Shandie.Sawtelle@dummymail.com,Shandie.Sawtelle@dummymail.com,police officer
403,Marcelline,Gemini,Marcelline.Gemini@dummymail.com,Marcelline.Gemini@dummymail.com,police officer
404,Josephine,Kendrick,Josephine.Kendrick@dummymail.com,Josephine.Kendrick@dummymail.com,doctor
405,Nessie,Cimbura,Nessie.Cimbura@dummymail.com,Nessie.Cimbura@dummymail.com,firefighter
406,Judy,Luhe,Judy.Luhe@dummymail.com,Judy.Luhe@dummymail.com,police officer
407,Robbi,Soneson,Robbi.Soneson@dummymail.com,Robbi.Soneson@dummymail.com,worker
408,Zaria,Carvey,Zaria.Carvey@dummymail.com,Zaria.Carvey@dummymail.com,firefighter
409,Penelopa,Zrike,Penelopa.Zrike@dummymail.com,Penelopa.Zrike@dummymail.com,worker
410,Aeriela,Robertson,Aeriela.Robertson@dummymail.com,Aeriela.Robertson@dummymail.com,worker
411,Bertine,Ailyn,Bertine.Ailyn@dummymail.com,Bertine.Ailyn@dummymail.com,police officer
412,Tybie,Blake,Tybie.Blake@dummymail.com,Tybie.Blake@dummymail.com,firefighter
413,Evita,Torray,Evita.Torray@dummymail.com,Evita.Torray@dummymail.com,doctor
414,Priscilla,Estella,Priscilla.Estella@dummymail.com,Priscilla.Estella@dummymail.com,developer
415,Margette,Belanger,Margette.Belanger@dummymail.com,Margette.Belanger@dummymail.com,firefighter
416,Mildrid,Allare,Mildrid.Allare@dummymail.com,Mildrid.Allare@dummymail.com,doctor
417,Carol-Jean,Yerkovich,Carol-Jean.Yerkovich@dummymail.com,Carol-Jean.Yerkovich@dummymail.com,developer
418,Melisent,Fry,Melisent.Fry@dummymail.com,Melisent.Fry@dummymail.com,firefighter
419,Basia,Johnsson,Basia.Johnsson@dummymail.com,Basia.Johnsson@dummymail.com,firefighter
420,Stacey,Voletta,Stacey.Voletta@dummymail.com,Stacey.Voletta@dummymail.com,police officer
421,Nanete,Norvol,Nanete.Norvol@dummymail.com,Nanete.Norvol@dummymail.com,worker
422,Sara-Ann,Girardo,Sara-Ann.Girardo@dummymail.com,Sara-Ann.Girardo@dummymail.com,police officer
423,Babita,Ledah,Babita.Ledah@dummymail.com,Babita.Ledah@dummymail.com,worker
424,Gratia,Emerson,Gratia.Emerson@dummymail.com,Gratia.Emerson@dummymail.com,doctor
425,Inga,Ardra,Inga.Ardra@dummymail.com,Inga.Ardra@dummymail.com,firefighter
426,Dari,Suanne,Dari.Suanne@dummymail.com,Dari.Suanne@dummymail.com,police officer
427,Sallie,Kellby,Sallie.Kellby@dummymail.com,Sallie.Kellby@dummymail.com,developer
428,Clo,Aprile,Clo.Aprile@dummymail.com,Clo.Aprile@dummymail.com,firefighter
429,Heddie,Vernier,Heddie.Vernier@dummymail.com,Heddie.Vernier@dummymail.com,doctor
430,Katuscha,Marlie,Katuscha.Marlie@dummymail.com,Katuscha.Marlie@dummymail.com,developer
431,Lorie,Jacobah,Lorie.Jacobah@dummymail.com,Lorie.Jacobah@dummymail.com,police officer
432,Vita,Bord,Vita.Bord@dummymail.com,Vita.Bord@dummymail.com,doctor
433,Tobe,Whittaker,Tobe.Whittaker@dummymail.com,Tobe.Whittaker@dummymail.com,police officer
434,Winny,Henrie,Winny.Henrie@dummymail.com,Winny.Henrie@dummymail.com,developer
435,Florencia,Delacourt,Florencia.Delacourt@dummymail.com,Florencia.Delacourt@dummymail.com,developer
436,Rosaline,MacIntosh,Rosaline.MacIntosh@dummymail.com,Rosaline.MacIntosh@dummymail.com,police officer
437,Ana,Gilmour,Ana.Gilmour@dummymail.com,Ana.Gilmour@dummymail.com,police officer
438,Paola,Amasa,Paola.Amasa@dummymail.com,Paola.Amasa@dummymail.com,worker
439,Kaia,Maribeth,Kaia.Maribeth@dummymail.com,Kaia.Maribeth@dummymail.com,police officer
440,Regina,Vivle,Regina.Vivle@dummymail.com,Regina.Vivle@dummymail.com,developer
441,Marnia,Radu,Marnia.Radu@dummymail.com,Marnia.Radu@dummymail.com,firefighter
442,Binny,Poll,Binny.Poll@dummymail.com,Binny.Poll@dummymail.com,developer
443,Basia,Westphal,Basia.Westphal@dummymail.com,Basia.Westphal@dummymail.com,developer
444,Cristine,Berne,Cristine.Berne@dummymail.com,Cristine.Berne@dummymail.com,firefighter
445,Susan,Pitt,Susan.Pitt@dummymail.com,Susan.Pitt@dummymail.com,firefighter
446,Margette,Girardo,Margette.Girardo@dummymail.com,Margette.Girardo@dummymail.com,firefighter
447,Alyssa,Leifeste,Alyssa.Leifeste@dummymail.com,Alyssa.Leifeste@dummymail.com,worker
448,Shaine,Wolfgram,Shaine.Wolfgram@dummymail.com,Shaine.Wolfgram@dummymail.com,doctor
449,Siana,Alcott,Siana.Alcott@dummymail.com,Siana.Alcott@dummymail.com,developer
450,Daphne,Ellord,Daphne.Ellord@dummymail.com,Daphne.Ellord@dummymail.com,developer
451,Isa,Roscoe,Isa.Roscoe@dummymail.com,Isa.Roscoe@dummymail.com,doctor
452,Dorene,Jena,Dorene.Jena@dummymail.com,Dorene.Jena@dummymail.com,firefighter
453,Betta,Anestassia,Betta.Anestassia@dummymail.com,Betta.Anestassia@dummymail.com,firefighter
454,Di,Juliet,Di.Juliet@dummymail.com,Di.Juliet@dummymail.com,police officer
455,Correy,Wenda,Correy.Wenda@dummymail.com,Correy.Wenda@dummymail.com,developer
456,Flory,Weinreb,Flory.Weinreb@dummymail.com,Flory.Weinreb@dummymail.com,developer
457,Donetta,Tybald,Donetta.Tybald@dummymail.com,Donetta.Tybald@dummymail.com,police officer
458,Perry,Chauncey,Perry.Chauncey@dummymail.com,Perry.Chauncey@dummymail.com,worker
459,Jere,Camden,Jere.Camden@dummymail.com,Jere.Camden@dummymail.com,police officer
460,Catharine,Georas,Catharine.Georas@dummymail.com,Catharine.Georas@dummymail.com,worker
461,Dode,Alva,Dode.Alva@dummymail.com,Dode.Alva@dummymail.com,developer
462,Minda,Adore,Minda.Adore@dummymail.com,Minda.Adore@dummymail.com,doctor
463,Vinita,Rillings,Vinita.Rillings@dummymail.com,Vinita.Rillings@dummymail.com,worker
464,Marnia,Zamora,Marnia.Zamora@dummymail.com,Marnia.Zamora@dummymail.com,doctor
465,Chloris,Tufts,Chloris.Tufts@dummymail.com,Chloris.Tufts@dummymail.com,worker
466,Wanda,Sallyann,Wanda.Sallyann@dummymail.com,Wanda.Sallyann@dummymail.com,developer
467,Doralynne,Rocray,Doralynne.Rocray@dummymail.com,Doralynne.Rocray@dummymail.com,police officer
468,Annaliese,Kunin,Annaliese.Kunin@dummymail.com,Annaliese.Kunin@dummymail.com,developer
469,Jacquetta,Carey,Jacquetta.Carey@dummymail.com,Jacquetta.Carey@dummymail.com,developer
470,Brandise,Elisha,Brandise.Elisha@dummymail.com,Brandise.Elisha@dummymail.com,worker
471,Helsa,Glovsky,Helsa.Glovsky@dummymail.com,Helsa.Glovsky@dummymail.com,firefighter
472,Lita,Whittaker,Lita.Whittaker@dummymail.com,Lita.Whittaker@dummymail.com,developer
473,Consuela,Lucienne,Consuela.Lucienne@dummymail.com,Consuela.Lucienne@dummymail.com,developer
474,Ernesta,Chobot,Ernesta.Chobot@dummymail.com,Ernesta.Chobot@dummymail.com,police officer
475,Oona,Yuille,Oona.Yuille@dummymail.com,Oona.Yuille@dummymail.com,developer
476,Kelly,Bergman,Kelly.Bergman@dummymail.com,Kelly.Bergman@dummymail.com,firefighter
477,Lolita,Gaulin,Lolita.Gaulin@dummymail.com,Lolita.Gaulin@dummymail.com,doctor
478,Phylis,Casimir,Phylis.Casimir@dummymail.com,Phylis.Casimir@dummymail.com,doctor
479,Jenilee,Valerio,Jenilee.Valerio@dummymail.com,Jenilee.Valerio@dummymail.com,worker
480,Celisse,Douglass,Celisse.Douglass@dummymail.com,Celisse.Douglass@dummymail.com,developer
481,Kayla,Celestine,Kayla.Celestine@dummymail.com,Kayla.Celestine@dummymail.com,developer
482,Moyna,Rossner,Moyna.Rossner@dummymail.com,Moyna.Rossner@dummymail.com,worker
483,Elie,Annabella,Elie.Annabella@dummymail.com,Elie.Annabella@dummymail.com,worker
484,Yetty,Turne,Yetty.Turne@dummymail.com,Yetty.Turne@dummymail.com,developer
485,Therine,Tippets,Therine.Tippets@dummymail.com,Therine.Tippets@dummymail.com,police officer
486,Corene,Hourigan,Corene.Hourigan@dummymail.com,Corene.Hourigan@dummymail.com,worker
487,Emilia,Byrne,Emilia.Byrne@dummymail.com,Emilia.Byrne@dummymail.com,doctor
488,Wynne,Dominy,Wynne.Dominy@dummymail.com,Wynne.Dominy@dummymail.com,developer
489,Gusty,Ade,Gusty.Ade@dummymail.com,Gusty.Ade@dummymail.com,developer
490,Zia,Raychel,Zia.Raychel@dummymail.com,Zia.Raychel@dummymail.com,police officer
491,Odessa,Peg,Odessa.Peg@dummymail.com,Odessa.Peg@dummymail.com,firefighter
492,Susette,Felecia,Susette.Felecia@dummymail.com,Susette.Felecia@dummymail.com,developer
493,Bee,Toor,Bee.Toor@dummymail.com,Bee.Toor@dummymail.com,developer
494,Adelle,Noam,Adelle.Noam@dummymail.com,Adelle.Noam@dummymail.com,police officer
495,Dale,Korey,Dale.Korey@dummymail.com,Dale.Korey@dummymail.com,worker
496,Alex,Ezar,Alex.Ezar@dummymail.com,Alex.Ezar@dummymail.com,worker
497,Jaclyn,Elisha,Jaclyn.Elisha@dummymail.com,Jaclyn.Elisha@dummymail.com,doctor
498,Suzette,Karl,Suzette.Karl@dummymail.com,Suzette.Karl@dummymail.com,police officer
499,Dagmar,Irmine,Dagmar.Irmine@dummymail.com,Dagmar.Irmine@dummymail.com,firefighter
500,Brandise,Schwejda,Brandise.Schwejda@dummymail.com,Brandise.Schwejda@dummymail.com,worker
501,Lita,Parette,Lita.Parette@dummymail.com,Lita.Parette@dummymail.com,police officer
502,Odessa,Raul,Odessa.Raul@dummymail.com,Odessa.Raul@dummymail.com,developer
503,Ezmeralda,Merna,Ezmeralda.Merna@dummymail.com,Ezmeralda.Merna@dummymail.com,firefighter
504,Candy,Smitt,Candy.Smitt@dummymail.com,Candy.Smitt@dummymail.com,worker
505,Mary,Cassius,Mary.Cassius@dummymail.com,Mary.Cassius@dummymail.com,police officer
506,Aigneis,Blake,Aigneis.Blake@dummymail.com,Aigneis.Blake@dummymail.com,developer
507,Hallie,Rocray,Hallie.Rocray@dummymail.com,Hallie.Rocray@dummymail.com,doctor
508,Marylou,Clie,Marylou.Clie@dummymail.com,Marylou.Clie@dummymail.com,worker
509,Modestia,Ries,Modestia.Ries@dummymail.com,Modestia.Ries@dummymail.com,developer
510,Daphne,Madox,Daphne.Madox@dummymail.com,Daphne.Madox@dummymail.com,worker
511,Zsa Zsa,Thornburg,Zsa Zsa.Thornburg@dummymail.com,Zsa Zsa.Thornburg@dummymail.com,police officer
512,Beverley,Kenney,Beverley.Kenney@dummymail.com,Beverley.Kenney@dummymail.com,firefighter
513,Rivalee,Jary,Rivalee.Jary@dummymail.com,Rivalee.Jary@dummymail.com,doctor
514,Gilligan,Allina,Gilligan.Allina@dummymail.com,Gilligan.Allina@dummymail.com,police officer
515,Henriette,Longfellow,Henriette.Longfellow@dummymail.com,Henriette.Longfellow@dummymail.com,police officer
516,Meghann,Macey,Meghann.Macey@dummymail.com,Meghann.Macey@dummymail.com,developer
517,Edyth,Wallis,Edyth.Wallis@dummymail.com,Edyth.Wallis@dummymail.com,developer
518,Bibby,Uird,Bibby.Uird@dummymail.com,Bibby.Uird@dummymail.com,police officer
519,Tori,Merriott,Tori.Merriott@dummymail.com,Tori.Merriott@dummymail.com,worker
520,Jolyn,Primalia,Jolyn.Primalia@dummymail.com,Jolyn.Primalia@dummymail.com,doctor
521,Chloris,Maroney,Chloris.Maroney@dummymail.com,Chloris.Maroney@dummymail.com,firefighter
522,Melisent,Melleta,Melisent.Melleta@dummymail.com,Melisent.Melleta@dummymail.com,firefighter
523,Tiffie,Alfons,Tiffie.Alfons@dummymail.com,Tiffie.Alfons@dummymail.com,firefighter
524,Lulita,Neva,Lulita.Neva@dummymail.com,Lulita.Neva@dummymail.com,doctor
525,Georgetta,Kaete,Georgetta.Kaete@dummymail.com,Georgetta.Kaete@dummymail.com,doctor
526,Fayre,Thad,Fayre.Thad@dummymail.com,Fayre.Thad@dummymail.com,developer
527,Darci,Lubin,Darci.Lubin@dummymail.com,Darci.Lubin@dummymail.com,doctor
528,Ada,Vins,Ada.Vins@dummymail.com,Ada.Vins@dummymail.com,developer
529,Camile,Strephon,Camile.Strephon@dummymail.com,Camile.Strephon@dummymail.com,doctor
530,Shaylyn,Braun,Shaylyn.Braun@dummymail.com,Shaylyn.Braun@dummymail.com,police officer
531,Ivett,Wolfgram,Ivett.Wolfgram@dummymail.com,Ivett.Wolfgram@dummymail.com,worker
532,Rubie,Zachary,Rubie.Zachary@dummymail.com,Rubie.Zachary@dummymail.com,police officer
533,Ira,Shirberg,Ira.Shirberg@dummymail.com,Ira.Shirberg@dummymail.com,firefighter
534,Letizia,Zitvaa,Letizia.Zitvaa@dummymail.com,Letizia.Zitvaa@dummymail.com,doctor
535,Regina,Rolf,Regina.Rolf@dummymail.com,Regina.Rolf@dummymail.com,doctor
536,Gilligan,Tyson,Gilligan.Tyson@dummymail.com,Gilligan.Tyson@dummymail.com,firefighter
537,Antonietta,Hurley,Antonietta.Hurley@dummymail.com,Antonietta.Hurley@dummymail.com,police officer
538,Dyann,Ethban,Dyann.Ethban@dummymail.com,Dyann.Ethban@dummymail.com,firefighter
539,Tani,Wiener,Tani.Wiener@dummymail.com,Tani.Wiener@dummymail.com,doctor
540,Sarette,Gombach,Sarette.Gombach@dummymail.com,Sarette.Gombach@dummymail.com,worker
541,Emelina,Alva,Emelina.Alva@dummymail.com,Emelina.Alva@dummymail.com,doctor
542,Mellicent,Anis,Mellicent.Anis@dummymail.com,Mellicent.Anis@dummymail.com,doctor
543,Barbi,Hathaway,Barbi.Hathaway@dummymail.com,Barbi.Hathaway@dummymail.com,developer
544,Ernesta,Salchunas,Ernesta.Salchunas@dummymail.com,Ernesta.Salchunas@dummymail.com,police officer
545,Bernardine,Bettine,Bernardine.Bettine@dummymail.com,Bernardine.Bettine@dummymail.com,doctor
546,Phedra,Christine,Phedra.Christine@dummymail.com,Phedra.Christine@dummymail.com,developer
547,Oona,Rolf,Oona.Rolf@dummymail.com,Oona.Rolf@dummymail.com,doctor
548,Cyb,Evangelia,Cyb.Evangelia@dummymail.com,Cyb.Evangelia@dummymail.com,doctor
549,Mariele,Schonfeld,Mariele.Schonfeld@dummymail.com,Mariele.Schonfeld@dummymail.com,firefighter
550,Sadie,Bow,Sadie.Bow@dummymail.com,Sadie.Bow@dummymail.com,developer
551,Charmaine,Bennie,Charmaine.Bennie@dummymail.com,Charmaine.Bennie@dummymail.com,firefighter
552,Violet,Cath,Violet.Cath@dummymail.com,Violet.Cath@dummymail.com,doctor
553,Therine,Marisa,Therine.Marisa@dummymail.com,Therine.Marisa@dummymail.com,developer
554,Olivette,Wyn,Olivette.Wyn@dummymail.com,Olivette.Wyn@dummymail.com,developer
555,Keelia,Adrienne,Keelia.Adrienne@dummymail.com,Keelia.Adrienne@dummymail.com,developer
556,Kimmy,Wildermuth,Kimmy.Wildermuth@dummymail.com,Kimmy.Wildermuth@dummymail.com,firefighter
557,Frances,Kesley,Frances.Kesley@dummymail.com,Frances.Kesley@dummymail.com,worker
558,Queenie,Kaete,Queenie.Kaete@dummymail.com,Queenie.Kaete@dummymail.com,worker
559,Willetta,Kristi,Willetta.Kristi@dummymail.com,Willetta.Kristi@dummymail.com,worker
560,Maisey,Ethban,Maisey.Ethban@dummymail.com,Maisey.Ethban@dummymail.com,doctor
561,Hyacinthe,Juliet,Hyacinthe.Juliet@dummymail.com,Hyacinthe.Juliet@dummymail.com,police officer
562,Eolanda,Jacinda,Eolanda.Jacinda@dummymail.com,Eolanda.Jacinda@dummymail.com,worker
563,Perry,Valoniah,Perry.Valoniah@dummymail.com,Perry.Valoniah@dummymail.com,police officer
564,Glynnis,Ackerley,Glynnis.Ackerley@dummymail.com,Glynnis.Ackerley@dummymail.com,firefighter
565,Celene,Laverne,Celene.Laverne@dummymail.com,Celene.Laverne@dummymail.com,doctor
566,Kassey,Munn,Kassey.Munn@dummymail.com,Kassey.Munn@dummymail.com,firefighter
567,Gratia,Tybald,Gratia.Tybald@dummymail.com,Gratia.Tybald@dummymail.com,doctor
568,Elmira,Gamaliel,Elmira.Gamaliel@dummymail.com,Elmira.Gamaliel@dummymail.com,doctor
569,Modestia,Darbie,Modestia.Darbie@dummymail.com,Modestia.Darbie@dummymail.com,developer
570,Vinita,Myrilla,Vinita.Myrilla@dummymail.com,Vinita.Myrilla@dummymail.com,firefighter
571,Harmonia,Erskine,Harmonia.Erskine@dummymail.com,Harmonia.Erskine@dummymail.com,developer
572,Bertine,Gaulin,Bertine.Gaulin@dummymail.com,Bertine.Gaulin@dummymail.com,doctor
573,Sabina,Huggins,Sabina.Huggins@dummymail.com,Sabina.Huggins@dummymail.com,firefighter
574,Joceline,Carvey,Joceline.Carvey@dummymail.com,Joceline.Carvey@dummymail.com,worker
575,Merci,Eugenia,Merci.Eugenia@dummymail.com,Merci.Eugenia@dummymail.com,doctor
576,Beverley,Klotz,Beverley.Klotz@dummymail.com,Beverley.Klotz@dummymail.com,firefighter
577,Damaris,Jorgan,Damaris.Jorgan@dummymail.com,Damaris.Jorgan@dummymail.com,worker
578,Barbi,Rossner,Barbi.Rossner@dummymail.com,Barbi.Rossner@dummymail.com,developer
579,Katuscha,Teryn,Katuscha.Teryn@dummymail.com,Katuscha.Teryn@dummymail.com,developer
580,Olivette,Margarete,Olivette.Margarete@dummymail.com,Olivette.Margarete@dummymail.com,doctor
581,Rosaline,Jehu,Rosaline.Jehu@dummymail.com,Rosaline.Jehu@dummymail.com,developer
582,Marylou,Avi,Marylou.Avi@dummymail.com,Marylou.Avi@dummymail.com,doctor
583,Daune,Howlyn,Daune.Howlyn@dummymail.com,Daune.Howlyn@dummymail.com,police officer
584,Britte,Bonucci,Britte.Bonucci@dummymail.com,Britte.Bonucci@dummymail.com,developer
585,Evaleen,Lemuela,Evaleen.Lemuela@dummymail.com,Evaleen.Lemuela@dummymail.com,firefighter
586,Viviene,Narton,Viviene.Narton@dummymail.com,Viviene.Narton@dummymail.com,worker
587,Sibella,Ackerley,Sibella.Ackerley@dummymail.com,Sibella.Ackerley@dummymail.com,worker
588,Tera,Ethban,Tera.Ethban@dummymail.com,Tera.Ethban@dummymail.com,developer
589,Jenilee,Horan,Jenilee.Horan@dummymail.com,Jenilee.Horan@dummymail.com,firefighter
590,Tilly,Hamil,Tilly.Hamil@dummymail.com,Tilly.Hamil@dummymail.com,developer
591,Rosene,Brieta,Rosene.Brieta@dummymail.com,Rosene.Brieta@dummymail.com,worker
592,Ulrike,Janene,Ulrike.Janene@dummymail.com,Ulrike.Janene@dummymail.com,developer
593,Marcelline,Erlandson,Marcelline.Erlandson@dummymail.com,Marcelline.Erlandson@dummymail.com,developer
594,Lolita,Raul,Lolita.Raul@dummymail.com,Lolita.Raul@dummymail.com,firefighter
595,Wanda,Vins,Wanda.Vins@dummymail.com,Wanda.Vins@dummymail.com,police officer
596,Britni,Masao,Britni.Masao@dummymail.com,Britni.Masao@dummymail.com,doctor
597,Diena,Wilkinson,Diena.Wilkinson@dummymail.com,Diena.Wilkinson@dummymail.com,worker
598,Candi,Martguerita,Candi.Martguerita@dummymail.com,Candi.Martguerita@dummymail.com,worker
599,Christal,Haldas,Christal.Haldas@dummymail.com,Christal.Haldas@dummymail.com,worker
600,Ofilia,Lanita,Ofilia.Lanita@dummymail.com,Ofilia.Lanita@dummymail.com,doctor
601,Nanete,Wenda,Nanete.Wenda@dummymail.com,Nanete.Wenda@dummymail.com,developer
602,Queenie,Vacuva,Queenie.Vacuva@dummymail.com,Queenie.Vacuva@dummymail.com,worker
603,Nita,LaRue,Nita.LaRue@dummymail.com,Nita.LaRue@dummymail.com,doctor
604,Catharine,Catie,Catharine.Catie@dummymail.com,Catharine.Catie@dummymail.com,police officer
605,Mellicent,Toor,Mellicent.Toor@dummymail.com,Mellicent.Toor@dummymail.com,developer
606,Dode,Bahr,Dode.Bahr@dummymail.com,Dode.Bahr@dummymail.com,firefighter
607,Fina,Laurianne,Fina.Laurianne@dummymail.com,Fina.Laurianne@dummymail.com,police officer
608,Margarette,Dorothy,Margarette.Dorothy@dummymail.com,Margarette.Dorothy@dummymail.com,worker
609,Daphne,Aldric,Daphne.Aldric@dummymail.com,Daphne.Aldric@dummymail.com,police officer
610,Chrystel,Mich,Chrystel.Mich@dummymail.com,Chrystel.Mich@dummymail.com,worker
611,Annecorinne,Helfand,Annecorinne.Helfand@dummymail.com,Annecorinne.Helfand@dummymail.com,worker
612,Jinny,Ax,Jinny.Ax@dummymail.com,Jinny.Ax@dummymail.com,firefighter
613,Jerry,Shaver,Jerry.Shaver@dummymail.com,Jerry.Shaver@dummymail.com,doctor
614,Yvonne,Goth,Yvonne.Goth@dummymail.com,Yvonne.Goth@dummymail.com,police officer
615,Darci,Ephrem,Darci.Ephrem@dummymail.com,Darci.Ephrem@dummymail.com,police officer
616,Wileen,Imelida,Wileen.Imelida@dummymail.com,Wileen.Imelida@dummymail.com,doctor
617,Riannon,Jacobah,Riannon.Jacobah@dummymail.com,Riannon.Jacobah@dummymail.com,firefighter
618,Kristina,Publia,Kristina.Publia@dummymail.com,Kristina.Publia@dummymail.com,developer
619,Elbertina,Horan,Elbertina.Horan@dummymail.com,Elbertina.Horan@dummymail.com,firefighter
620,Gerrie,Chapland,Gerrie.Chapland@dummymail.com,Gerrie.Chapland@dummymail.com,developer
621,Raf,Auberbach,Raf.Auberbach@dummymail.com,Raf.Auberbach@dummymail.com,developer
622,Calla,Faust,Calla.Faust@dummymail.com,Calla.Faust@dummymail.com,police officer
623,Gertrud,Verger,Gertrud.Verger@dummymail.com,Gertrud.Verger@dummymail.com,worker
624,Violet,Serilda,Violet.Serilda@dummymail.com,Violet.Serilda@dummymail.com,developer
625,Elsie,Rubie,Elsie.Rubie@dummymail.com,Elsie.Rubie@dummymail.com,police officer
626,Tina,Socha,Tina.Socha@dummymail.com,Tina.Socha@dummymail.com,police officer
627,Sharlene,Linehan,Sharlene.Linehan@dummymail.com,Sharlene.Linehan@dummymail.com,developer
628,Ruthe,Maisey,Ruthe.Maisey@dummymail.com,Ruthe.Maisey@dummymail.com,firefighter
629,Arabel,Isidore,Arabel.Isidore@dummymail.com,Arabel.Isidore@dummymail.com,developer
630,Cherrita,Lamoree,Cherrita.Lamoree@dummymail.com,Cherrita.Lamoree@dummymail.com,doctor
631,Rosanne,Danby,Rosanne.Danby@dummymail.com,Rosanne.Danby@dummymail.com,firefighter
632,Reeba,Gregrory,Reeba.Gregrory@dummymail.com,Reeba.Gregrory@dummymail.com,police officer
633,Hope,Taima,Hope.Taima@dummymail.com,Hope.Taima@dummymail.com,firefighter
634,Jaclyn,Aida,Jaclyn.Aida@dummymail.com,Jaclyn.Aida@dummymail.com,firefighter
635,Gianina,Dielu,Gianina.Dielu@dummymail.com,Gianina.Dielu@dummymail.com,developer
636,Carol-Jean,Lewes,Carol-Jean.Lewes@dummymail.com,Carol-Jean.Lewes@dummymail.com,firefighter
637,Dawn,Neva,Dawn.Neva@dummymail.com,Dawn.Neva@dummymail.com,doctor
638,Chastity,Verger,Chastity.Verger@dummymail.com,Chastity.Verger@dummymail.com,developer
639,Dacia,Iphlgenia,Dacia.Iphlgenia@dummymail.com,Dacia.Iphlgenia@dummymail.com,developer
640,Mellicent,Persse,Mellicent.Persse@dummymail.com,Mellicent.Persse@dummymail.com,police officer
641,Cassondra,Cristi,Cassondra.Cristi@dummymail.com,Cassondra.Cristi@dummymail.com,firefighter
642,Blake,Bates,Blake.Bates@dummymail.com,Blake.Bates@dummymail.com,developer
643,Sibella,Milson,Sibella.Milson@dummymail.com,Sibella.Milson@dummymail.com,firefighter
644,Renie,Grobe,Renie.Grobe@dummymail.com,Renie.Grobe@dummymail.com,developer
645,Sidoney,Lenny,Sidoney.Lenny@dummymail.com,Sidoney.Lenny@dummymail.com,firefighter
646,Madalyn,Fabiola,Madalyn.Fabiola@dummymail.com,Madalyn.Fabiola@dummymail.com,firefighter
647,Talya,Harl,Talya.Harl@dummymail.com,Talya.Harl@dummymail.com,firefighter
648,Jeanna,Blisse,Jeanna.Blisse@dummymail.com,Jeanna.Blisse@dummymail.com,doctor
649,Maridel,Heisel,Maridel.Heisel@dummymail.com,Maridel.Heisel@dummymail.com,doctor
650,Marcelline,Arquit,Marcelline.Arquit@dummymail.com,Marcelline.Arquit@dummymail.com,worker
651,Glynnis,Orelee,Glynnis.Orelee@dummymail.com,Glynnis.Orelee@dummymail.com,developer
652,Deloria,Ilka,Deloria.Ilka@dummymail.com,Deloria.Ilka@dummymail.com,firefighter
653,Katleen,Taima,Katleen.Taima@dummymail.com,Katleen.Taima@dummymail.com,developer
654,Marleah,Jerald,Marleah.Jerald@dummymail.com,Marleah.Jerald@dummymail.com,developer
655,Julieta,Alva,Julieta.Alva@dummymail.com,Julieta.Alva@dummymail.com,doctor
656,Sissy,Grimbly,Sissy.Grimbly@dummymail.com,Sissy.Grimbly@dummymail.com,doctor
657,Devina,Revkah,Devina.Revkah@dummymail.com,Devina.Revkah@dummymail.com,doctor
658,Meriel,Mullane,Meriel.Mullane@dummymail.com,Meriel.Mullane@dummymail.com,worker
659,Hannis,Emmaline,Hannis.Emmaline@dummymail.com,Hannis.Emmaline@dummymail.com,developer
660,Millie,Stefa,Millie.Stefa@dummymail.com,Millie.Stefa@dummymail.com,firefighter
661,Karlee,Duwalt,Karlee.Duwalt@dummymail.com,Karlee.Duwalt@dummymail.com,doctor
662,Elora,Merat,Elora.Merat@dummymail.com,Elora.Merat@dummymail.com,worker
663,Linet,Cordi,Linet.Cordi@dummymail.com,Linet.Cordi@dummymail.com,worker
664,Ezmeralda,Skell,Ezmeralda.Skell@dummymail.com,Ezmeralda.Skell@dummymail.com,doctor
665,Marinna,Kelula,Marinna.Kelula@dummymail.com,Marinna.Kelula@dummymail.com,doctor
666,Ursulina,Kunin,Ursulina.Kunin@dummymail.com,Ursulina.Kunin@dummymail.com,firefighter
667,Danny,Sekofski,Danny.Sekofski@dummymail.com,Danny.Sekofski@dummymail.com,firefighter
668,Ermengarde,Dudley,Ermengarde.Dudley@dummymail.com,Ermengarde.Dudley@dummymail.com,worker
669,Moyna,Maples,Moyna.Maples@dummymail.com,Moyna.Maples@dummymail.com,worker
670,Marti,Jefferey,Marti.Jefferey@dummymail.com,Marti.Jefferey@dummymail.com,firefighter
671,Valeda,Gaulin,Valeda.Gaulin@dummymail.com,Valeda.Gaulin@dummymail.com,police officer
672,Cacilie,Mallon,Cacilie.Mallon@dummymail.com,Cacilie.Mallon@dummymail.com,developer
673,Marjie,Wenda,Marjie.Wenda@dummymail.com,Marjie.Wenda@dummymail.com,doctor
674,Willetta,Rocray,Willetta.Rocray@dummymail.com,Willetta.Rocray@dummymail.com,firefighter
675,Eve,Krystle,Eve.Krystle@dummymail.com,Eve.Krystle@dummymail.com,doctor
676,Bernie,Margret,Bernie.Margret@dummymail.com,Bernie.Margret@dummymail.com,doctor
677,Alisha,Cherianne,Alisha.Cherianne@dummymail.com,Alisha.Cherianne@dummymail.com,doctor
678,Kerrin,Hull,Kerrin.Hull@dummymail.com,Kerrin.Hull@dummymail.com,police officer
679,Tressa,Tufts,Tressa.Tufts@dummymail.com,Tressa.Tufts@dummymail.com,doctor
680,Sheelagh,Emmaline,Sheelagh.Emmaline@dummymail.com,Sheelagh.Emmaline@dummymail.com,developer
681,Mary,Alarise,Mary.Alarise@dummymail.com,Mary.Alarise@dummymail.com,developer
682,Joane,Bertold,Joane.Bertold@dummymail.com,Joane.Bertold@dummymail.com,police officer
683,Genevra,Geffner,Genevra.Geffner@dummymail.com,Genevra.Geffner@dummymail.com,police officer
684,Rhea,Emmy,Rhea.Emmy@dummymail.com,Rhea.Emmy@dummymail.com,firefighter
685,Chrystel,McNully,Chrystel.McNully@dummymail.com,Chrystel.McNully@dummymail.com,worker
686,Annora,Trey,Annora.Trey@dummymail.com,Annora.Trey@dummymail.com,doctor
687,Odessa,Dawkins,Odessa.Dawkins@dummymail.com,Odessa.Dawkins@dummymail.com,doctor
688,Betta,Marsden,Betta.Marsden@dummymail.com,Betta.Marsden@dummymail.com,worker
689,Belva,Alexandr,Belva.Alexandr@dummymail.com,Belva.Alexandr@dummymail.com,police officer
690,Kaia,Vanni,Kaia.Vanni@dummymail.com,Kaia.Vanni@dummymail.com,developer
691,Gilligan,Brotherson,Gilligan.Brotherson@dummymail.com,Gilligan.Brotherson@dummymail.com,doctor
692,Valera,Bakerman,Valera.Bakerman@dummymail.com,Valera.Bakerman@dummymail.com,firefighter
693,Jorry,Maxi,Jorry.Maxi@dummymail.com,Jorry.Maxi@dummymail.com,firefighter
694,Kelly,Reidar,Kelly.Reidar@dummymail.com,Kelly.Reidar@dummymail.com,police officer
695,Aigneis,Leonard,Aigneis.Leonard@dummymail.com,Aigneis.Leonard@dummymail.com,worker
696,Taffy,Pandolfi,Taffy.Pandolfi@dummymail.com,Taffy.Pandolfi@dummymail.com,firefighter
697,Trudie,Strephon,Trudie.Strephon@dummymail.com,Trudie.Strephon@dummymail.com,developer
698,Alia,Papageno,Alia.Papageno@dummymail.com,Alia.Papageno@dummymail.com,worker
699,Julieta,Kendrick,Julieta.Kendrick@dummymail.com,Julieta.Kendrick@dummymail.com,doctor
700,Deloria,Niccolo,Deloria.Niccolo@dummymail.com,Deloria.Niccolo@dummymail.com,worker
701,Agnese,Adalbert,Agnese.Adalbert@dummymail.com,Agnese.Adalbert@dummymail.com,worker
702,Maye,Colyer,Maye.Colyer@dummymail.com,Maye.Colyer@dummymail.com,worker
703,Gusella,Olnee,Gusella.Olnee@dummymail.com,Gusella.Olnee@dummymail.com,worker
704,Lucille,Greyson,Lucille.Greyson@dummymail.com,Lucille.Greyson@dummymail.com,police officer
705,Theodora,Nunci,Theodora.Nunci@dummymail.com,Theodora.Nunci@dummymail.com,worker
706,Taffy,Reinke,Taffy.Reinke@dummymail.com,Taffy.Reinke@dummymail.com,developer
707,Calla,Sprage,Calla.Sprage@dummymail.com,Calla.Sprage@dummymail.com,worker
708,Daune,Poll,Daune.Poll@dummymail.com,Daune.Poll@dummymail.com,doctor
709,Phylis,Voletta,Phylis.Voletta@dummymail.com,Phylis.Voletta@dummymail.com,firefighter
710,Tera,Ax,Tera.Ax@dummymail.com,Tera.Ax@dummymail.com,firefighter
711,Leanna,Eno,Leanna.Eno@dummymail.com,Leanna.Eno@dummymail.com,police officer
712,Chastity,Cassius,Chastity.Cassius@dummymail.com,Chastity.Cassius@dummymail.com,worker
713,Aurelie,Frodi,Aurelie.Frodi@dummymail.com,Aurelie.Frodi@dummymail.com,firefighter
714,Fernande,Lilas,Fernande.Lilas@dummymail.com,Fernande.Lilas@dummymail.com,police officer
715,Aigneis,Leifeste,Aigneis.Leifeste@dummymail.com,Aigneis.Leifeste@dummymail.com,developer
716,Lauryn,Argus,Lauryn.Argus@dummymail.com,Lauryn.Argus@dummymail.com,firefighter
717,Gloria,Harned,Gloria.Harned@dummymail.com,Gloria.Harned@dummymail.com,firefighter
718,Taffy,Dyche,Taffy.Dyche@dummymail.com,Taffy.Dyche@dummymail.com,police officer
719,Caritta,Strephon,Caritta.Strephon@dummymail.com,Caritta.Strephon@dummymail.com,developer
720,Gloria,Dahlia,Gloria.Dahlia@dummymail.com,Gloria.Dahlia@dummymail.com,worker
721,Margette,Waldron,Margette.Waldron@dummymail.com,Margette.Waldron@dummymail.com,firefighter
722,Maryellen,Schonfeld,Maryellen.Schonfeld@dummymail.com,Maryellen.Schonfeld@dummymail.com,doctor
723,Fawne,Mott,Fawne.Mott@dummymail.com,Fawne.Mott@dummymail.com,worker
724,Anallese,Caitlin,Anallese.Caitlin@dummymail.com,Anallese.Caitlin@dummymail.com,police officer
725,Leeanne,Montgomery,Leeanne.Montgomery@dummymail.com,Leeanne.Montgomery@dummymail.com,doctor
726,Yvonne,Goldina,Yvonne.Goldina@dummymail.com,Yvonne.Goldina@dummymail.com,police officer
727,Gui,Morrill,Gui.Morrill@dummymail.com,Gui.Morrill@dummymail.com,doctor
728,Mireielle,Allare,Mireielle.Allare@dummymail.com,Mireielle.Allare@dummymail.com,doctor
729,Starla,Sperling,Starla.Sperling@dummymail.com,Starla.Sperling@dummymail.com,firefighter
730,Willetta,Bluh,Willetta.Bluh@dummymail.com,Willetta.Bluh@dummymail.com,developer
731,Sissy,Allina,Sissy.Allina@dummymail.com,Sissy.Allina@dummymail.com,firefighter
732,Shannah,Sherfield,Shannah.Sherfield@dummymail.com,Shannah.Sherfield@dummymail.com,police officer
733,Malina,Ackerley,Malina.Ackerley@dummymail.com,Malina.Ackerley@dummymail.com,police officer
734,Carly,Ajay,Carly.Ajay@dummymail.com,Carly.Ajay@dummymail.com,developer
735,Tera,Hedve,Tera.Hedve@dummymail.com,Tera.Hedve@dummymail.com,worker
736,Rosanne,Hubert,Rosanne.Hubert@dummymail.com,Rosanne.Hubert@dummymail.com,firefighter
737,Gabriellia,Kirbee,Gabriellia.Kirbee@dummymail.com,Gabriellia.Kirbee@dummymail.com,firefighter
738,Gabi,Dex,Gabi.Dex@dummymail.com,Gabi.Dex@dummymail.com,worker
739,Celene,Maxi,Celene.Maxi@dummymail.com,Celene.Maxi@dummymail.com,doctor
740,Aaren,Heisel,Aaren.Heisel@dummymail.com,Aaren.Heisel@dummymail.com,firefighter
741,Shaine,Ammann,Shaine.Ammann@dummymail.com,Shaine.Ammann@dummymail.com,police officer
742,Gertrud,Philipp,Gertrud.Philipp@dummymail.com,Gertrud.Philipp@dummymail.com,police officer
743,Mamie,Wallis,Mamie.Wallis@dummymail.com,Mamie.Wallis@dummymail.com,worker
744,Lizzie,Adore,Lizzie.Adore@dummymail.com,Lizzie.Adore@dummymail.com,firefighter
745,Gusella,Shields,Gusella.Shields@dummymail.com,Gusella.Shields@dummymail.com,worker
746,Bill,Taam,Bill.Taam@dummymail.com,Bill.Taam@dummymail.com,firefighter
747,Blondelle,Faro,Blondelle.Faro@dummymail.com,Blondelle.Faro@dummymail.com,doctor
748,Aili,Secrest,Aili.Secrest@dummymail.com,Aili.Secrest@dummymail.com,doctor
749,Queenie,Margret,Queenie.Margret@dummymail.com,Queenie.Margret@dummymail.com,police officer
750,Nataline,Stevy,Nataline.Stevy@dummymail.com,Nataline.Stevy@dummymail.com,worker
751,Marti,Bevin,Marti.Bevin@dummymail.com,Marti.Bevin@dummymail.com,developer
752,Louella,Miru,Louella.Miru@dummymail.com,Louella.Miru@dummymail.com,doctor
753,Alie,Seagraves,Alie.Seagraves@dummymail.com,Alie.Seagraves@dummymail.com,police officer
754,Ann-Marie,Matthew,Ann-Marie.Matthew@dummymail.com,Ann-Marie.Matthew@dummymail.com,worker
755,Ermengarde,Lay,Ermengarde.Lay@dummymail.com,Ermengarde.Lay@dummymail.com,doctor
756,Lesly,Hamil,Lesly.Hamil@dummymail.com,Lesly.Hamil@dummymail.com,police officer
757,Vonny,Mitzi,Vonny.Mitzi@dummymail.com,Vonny.Mitzi@dummymail.com,police officer
758,Gloria,Ovid,Gloria.Ovid@dummymail.com,Gloria.Ovid@dummymail.com,doctor
759,Shauna,Euridice,Shauna.Euridice@dummymail.com,Shauna.Euridice@dummymail.com,worker
760,Regina,Bord,Regina.Bord@dummymail.com,Regina.Bord@dummymail.com,developer
761,Tarra,Ball,Tarra.Ball@dummymail.com,Tarra.Ball@dummymail.com,firefighter
762,Marinna,Phi,Marinna.Phi@dummymail.com,Marinna.Phi@dummymail.com,firefighter
763,Dyann,Bouchard,Dyann.Bouchard@dummymail.com,Dyann.Bouchard@dummymail.com,police officer
764,Atlanta,Jefferey,Atlanta.Jefferey@dummymail.com,Atlanta.Jefferey@dummymail.com,firefighter
765,Renae,Diogenes,Renae.Diogenes@dummymail.com,Renae.Diogenes@dummymail.com,firefighter
766,Kamilah,Lumbard,Kamilah.Lumbard@dummymail.com,Kamilah.Lumbard@dummymail.com,firefighter
767,Harmonia,Frendel,Harmonia.Frendel@dummymail.com,Harmonia.Frendel@dummymail.com,developer
768,Aryn,Minetta,Aryn.Minetta@dummymail.com,Aryn.Minetta@dummymail.com,firefighter
769,Raquela,Halla,Raquela.Halla@dummymail.com,Raquela.Halla@dummymail.com,developer
770,Alisha,Norrie,Alisha.Norrie@dummymail.com,Alisha.Norrie@dummymail.com,developer
771,Gui,Obed,Gui.Obed@dummymail.com,Gui.Obed@dummymail.com,doctor
772,Roslyn,Aloise,Roslyn.Aloise@dummymail.com,Roslyn.Aloise@dummymail.com,police officer
773,Hermione,Borrell,Hermione.Borrell@dummymail.com,Hermione.Borrell@dummymail.com,worker
774,Kary,Bord,Kary.Bord@dummymail.com,Kary.Bord@dummymail.com,firefighter
775,Tori,Grayce,Tori.Grayce@dummymail.com,Tori.Grayce@dummymail.com,firefighter
776,Georgina,Brady,Georgina.Brady@dummymail.com,Georgina.Brady@dummymail.com,doctor
777,Lisette,Philipp,Lisette.Philipp@dummymail.com,Lisette.Philipp@dummymail.com,developer
778,Corina,Lunsford,Corina.Lunsford@dummymail.com,Corina.Lunsford@dummymail.com,worker
779,Doro,Woodberry,Doro.Woodberry@dummymail.com,Doro.Woodberry@dummymail.com,firefighter
780,Emilia,Bollay,Emilia.Bollay@dummymail.com,Emilia.Bollay@dummymail.com,firefighter
781,Mariele,Lory,Mariele.Lory@dummymail.com,Mariele.Lory@dummymail.com,doctor
782,Rosabelle,Suzetta,Rosabelle.Suzetta@dummymail.com,Rosabelle.Suzetta@dummymail.com,firefighter
783,Shandie,Karna,Shandie.Karna@dummymail.com,Shandie.Karna@dummymail.com,developer
784,Stephanie,Pyle,Stephanie.Pyle@dummymail.com,Stephanie.Pyle@dummymail.com,police officer
785,Korrie,Rudolph,Korrie.Rudolph@dummymail.com,Korrie.Rudolph@dummymail.com,worker
786,Isa,Posner,Isa.Posner@dummymail.com,Isa.Posner@dummymail.com,police officer
787,Lanae,Lytton,Lanae.Lytton@dummymail.com,Lanae.Lytton@dummymail.com,police officer
788,Linet,Melony,Linet.Melony@dummymail.com,Linet.Melony@dummymail.com,worker
789,Lonnie,Ezar,Lonnie.Ezar@dummymail.com,Lonnie.Ezar@dummymail.com,firefighter
790,Myriam,Lutero,Myriam.Lutero@dummymail.com,Myriam.Lutero@dummymail.com,police officer
791,Allyce,Horan,Allyce.Horan@dummymail.com,Allyce.Horan@dummymail.com,worker
792,Merrie,Jeanne,Merrie.Jeanne@dummymail.com,Merrie.Jeanne@dummymail.com,firefighter
793,Kylynn,Doig,Kylynn.Doig@dummymail.com,Kylynn.Doig@dummymail.com,worker
794,Donnie,Bebe,Donnie.Bebe@dummymail.com,Donnie.Bebe@dummymail.com,developer
795,Alie,Barrus,Alie.Barrus@dummymail.com,Alie.Barrus@dummymail.com,firefighter
796,Gwyneth,Mott,Gwyneth.Mott@dummymail.com,Gwyneth.Mott@dummymail.com,firefighter
797,Liana,Celestine,Liana.Celestine@dummymail.com,Liana.Celestine@dummymail.com,developer
798,Dorothy,Natica,Dorothy.Natica@dummymail.com,Dorothy.Natica@dummymail.com,firefighter
799,Malina,Wiener,Malina.Wiener@dummymail.com,Malina.Wiener@dummymail.com,developer
800,Pamella,Bendick,Pamella.Bendick@dummymail.com,Pamella.Bendick@dummymail.com,worker
801,Nollie,Goode,Nollie.Goode@dummymail.com,Nollie.Goode@dummymail.com,doctor
802,Aeriela,Ranjiv,Aeriela.Ranjiv@dummymail.com,Aeriela.Ranjiv@dummymail.com,police officer
803,Marnia,Emerson,Marnia.Emerson@dummymail.com,Marnia.Emerson@dummymail.com,developer
804,Fred,Lamoree,Fred.Lamoree@dummymail.com,Fred.Lamoree@dummymail.com,police officer
805,Lisette,Ball,Lisette.Ball@dummymail.com,Lisette.Ball@dummymail.com,developer
806,Willetta,Madaih,Willetta.Madaih@dummymail.com,Willetta.Madaih@dummymail.com,developer
807,Jessamyn,Sidonius,Jessamyn.Sidonius@dummymail.com,Jessamyn.Sidonius@dummymail.com,police officer
808,Riannon,Old,Riannon.Old@dummymail.com,Riannon.Old@dummymail.com,developer
809,Cristine,Olympium,Cristine.Olympium@dummymail.com,Cristine.Olympium@dummymail.com,doctor
810,Cordi,Infield,Cordi.Infield@dummymail.com,Cordi.Infield@dummymail.com,worker
811,Albertina,Phi,Albertina.Phi@dummymail.com,Albertina.Phi@dummymail.com,worker
812,Nikki,Havens,Nikki.Havens@dummymail.com,Nikki.Havens@dummymail.com,doctor
813,Emelina,Santoro,Emelina.Santoro@dummymail.com,Emelina.Santoro@dummymail.com,doctor
814,Nyssa,Letsou,Nyssa.Letsou@dummymail.com,Nyssa.Letsou@dummymail.com,developer
815,Morganica,Evangelia,Morganica.Evangelia@dummymail.com,Morganica.Evangelia@dummymail.com,firefighter
816,Mamie,Zenas,Mamie.Zenas@dummymail.com,Mamie.Zenas@dummymail.com,police officer
817,Cyb,Dannye,Cyb.Dannye@dummymail.com,Cyb.Dannye@dummymail.com,worker
818,Nariko,Paine,Nariko.Paine@dummymail.com,Nariko.Paine@dummymail.com,worker
819,Pierette,Rolf,Pierette.Rolf@dummymail.com,Pierette.Rolf@dummymail.com,doctor
820,Mathilda,Wilona,Mathilda.Wilona@dummymail.com,Mathilda.Wilona@dummymail.com,police officer
821,Arlena,Marlie,Arlena.Marlie@dummymail.com,Arlena.Marlie@dummymail.com,developer
822,Nollie,Lytton,Nollie.Lytton@dummymail.com,Nollie.Lytton@dummymail.com,doctor
823,Angela,Sharl,Angela.Sharl@dummymail.com,Angela.Sharl@dummymail.com,doctor
824,Myriam,Mitzi,Myriam.Mitzi@dummymail.com,Myriam.Mitzi@dummymail.com,firefighter
825,Chloris,Ophelia,Chloris.Ophelia@dummymail.com,Chloris.Ophelia@dummymail.com,doctor
826,Janenna,Millda,Janenna.Millda@dummymail.com,Janenna.Millda@dummymail.com,worker
827,Winifred,Meter,Winifred.Meter@dummymail.com,Winifred.Meter@dummymail.com,developer
828,Adelle,Infield,Adelle.Infield@dummymail.com,Adelle.Infield@dummymail.com,police officer
829,Minne,Christal,Minne.Christal@dummymail.com,Minne.Christal@dummymail.com,developer
830,Elise,Kimmie,Elise.Kimmie@dummymail.com,Elise.Kimmie@dummymail.com,doctor
831,Gabi,Ingra,Gabi.Ingra@dummymail.com,Gabi.Ingra@dummymail.com,police officer
832,Karolina,Karylin,Karolina.Karylin@dummymail.com,Karolina.Karylin@dummymail.com,police officer
833,Keelia,Swanhildas,Keelia.Swanhildas@dummymail.com,Keelia.Swanhildas@dummymail.com,doctor
834,Alisha,Ammann,Alisha.Ammann@dummymail.com,Alisha.Ammann@dummymail.com,worker
835,Alyda,Garek,Alyda.Garek@dummymail.com,Alyda.Garek@dummymail.com,developer
836,Moyna,Jenness,Moyna.Jenness@dummymail.com,Moyna.Jenness@dummymail.com,developer
837,Beatriz,Fosque,Beatriz.Fosque@dummymail.com,Beatriz.Fosque@dummymail.com,firefighter
838,Leia,Breed,Leia.Breed@dummymail.com,Leia.Breed@dummymail.com,worker
839,Gwyneth,Nelsen,Gwyneth.Nelsen@dummymail.com,Gwyneth.Nelsen@dummymail.com,worker
840,Jenda,Huggins,Jenda.Huggins@dummymail.com,Jenda.Huggins@dummymail.com,worker
841,Trudie,Berard,Trudie.Berard@dummymail.com,Trudie.Berard@dummymail.com,worker
842,Kenna,Engdahl,Kenna.Engdahl@dummymail.com,Kenna.Engdahl@dummymail.com,doctor
843,Ebonee,Heidt,Ebonee.Heidt@dummymail.com,Ebonee.Heidt@dummymail.com,developer
844,Ira,Wadell,Ira.Wadell@dummymail.com,Ira.Wadell@dummymail.com,firefighter
845,Dotty,Ferrell,Dotty.Ferrell@dummymail.com,Dotty.Ferrell@dummymail.com,developer
846,Flo,Ilka,Flo.Ilka@dummymail.com,Flo.Ilka@dummymail.com,worker
847,Gloria,Smitt,Gloria.Smitt@dummymail.com,Gloria.Smitt@dummymail.com,developer
848,Almeta,Chrystel,Almeta.Chrystel@dummymail.com,Almeta.Chrystel@dummymail.com,doctor
849,Darci,Emanuel,Darci.Emanuel@dummymail.com,Darci.Emanuel@dummymail.com,police officer
850,Lucy,Kalinda,Lucy.Kalinda@dummymail.com,Lucy.Kalinda@dummymail.com,police officer
851,Genovera,Bigner,Genovera.Bigner@dummymail.com,Genovera.Bigner@dummymail.com,worker
852,Augustine,Faust,Augustine.Faust@dummymail.com,Augustine.Faust@dummymail.com,firefighter
853,Joelly,Gino,Joelly.Gino@dummymail.com,Joelly.Gino@dummymail.com,doctor
854,Sindee,Donell,Sindee.Donell@dummymail.com,Sindee.Donell@dummymail.com,doctor
855,Kate,Andrel,Kate.Andrel@dummymail.com,Kate.Andrel@dummymail.com,firefighter
856,Cristine,Kiersten,Cristine.Kiersten@dummymail.com,Cristine.Kiersten@dummymail.com,firefighter
857,Dorthy,Ludewig,Dorthy.Ludewig@dummymail.com,Dorthy.Ludewig@dummymail.com,worker
858,Robinia,Sawtelle,Robinia.Sawtelle@dummymail.com,Robinia.Sawtelle@dummymail.com,doctor
859,Leontine,Septima,Leontine.Septima@dummymail.com,Leontine.Septima@dummymail.com,police officer
860,Lacie,Delila,Lacie.Delila@dummymail.com,Lacie.Delila@dummymail.com,police officer
861,Imojean,Tayib,Imojean.Tayib@dummymail.com,Imojean.Tayib@dummymail.com,police officer
862,Gilda,Junie,Gilda.Junie@dummymail.com,Gilda.Junie@dummymail.com,firefighter
863,Talya,Dowski,Talya.Dowski@dummymail.com,Talya.Dowski@dummymail.com,worker
864,Bee,Even,Bee.Even@dummymail.com,Bee.Even@dummymail.com,doctor
865,Myrtice,Elephus,Myrtice.Elephus@dummymail.com,Myrtice.Elephus@dummymail.com,doctor
866,Felice,Pattin,Felice.Pattin@dummymail.com,Felice.Pattin@dummymail.com,worker
867,Fred,Merna,Fred.Merna@dummymail.com,Fred.Merna@dummymail.com,police officer
868,Michaelina,Lindemann,Michaelina.Lindemann@dummymail.com,Michaelina.Lindemann@dummymail.com,worker
869,Rebeca,Decato,Rebeca.Decato@dummymail.com,Rebeca.Decato@dummymail.com,doctor
870,Lolita,Yoko,Lolita.Yoko@dummymail.com,Lolita.Yoko@dummymail.com,worker
871,Tracey,Cadmar,Tracey.Cadmar@dummymail.com,Tracey.Cadmar@dummymail.com,worker
872,Tilly,Halla,Tilly.Halla@dummymail.com,Tilly.Halla@dummymail.com,developer
873,Raquela,Corilla,Raquela.Corilla@dummymail.com,Raquela.Corilla@dummymail.com,worker
874,Jolyn,Zenas,Jolyn.Zenas@dummymail.com,Jolyn.Zenas@dummymail.com,worker
875,Anica,Noelyn,Anica.Noelyn@dummymail.com,Anica.Noelyn@dummymail.com,doctor
876,Lynnea,Pattin,Lynnea.Pattin@dummymail.com,Lynnea.Pattin@dummymail.com,police officer
877,Paulita,Sekofski,Paulita.Sekofski@dummymail.com,Paulita.Sekofski@dummymail.com,firefighter
878,Nanete,Abram,Nanete.Abram@dummymail.com,Nanete.Abram@dummymail.com,doctor
879,Latisha,Daniele,Latisha.Daniele@dummymail.com,Latisha.Daniele@dummymail.com,police officer
880,Priscilla,Anis,Priscilla.Anis@dummymail.com,Priscilla.Anis@dummymail.com,developer
881,Yolane,Tice,Yolane.Tice@dummymail.com,Yolane.Tice@dummymail.com,firefighter
882,Elyssa,Baylor,Elyssa.Baylor@dummymail.com,Elyssa.Baylor@dummymail.com,doctor
883,Anallese,Solitta,Anallese.Solitta@dummymail.com,Anallese.Solitta@dummymail.com,firefighter
884,Natka,Halla,Natka.Halla@dummymail.com,Natka.Halla@dummymail.com,doctor
885,Zia,Valerio,Zia.Valerio@dummymail.com,Zia.Valerio@dummymail.com,doctor
886,Doro,Andrel,Doro.Andrel@dummymail.com,Doro.Andrel@dummymail.com,worker
887,Brana,Toffic,Brana.Toffic@dummymail.com,Brana.Toffic@dummymail.com,developer
888,Susan,Suzetta,Susan.Suzetta@dummymail.com,Susan.Suzetta@dummymail.com,worker
889,Dotty,Abernon,Dotty.Abernon@dummymail.com,Dotty.Abernon@dummymail.com,police officer
890,Marika,Lewes,Marika.Lewes@dummymail.com,Marika.Lewes@dummymail.com,firefighter
891,Rhea,Mich,Rhea.Mich@dummymail.com,Rhea.Mich@dummymail.com,developer
892,Bee,Francyne,Bee.Francyne@dummymail.com,Bee.Francyne@dummymail.com,worker
893,Farrah,Joli,Farrah.Joli@dummymail.com,Farrah.Joli@dummymail.com,doctor
894,Marcelline,Sigfrid,Marcelline.Sigfrid@dummymail.com,Marcelline.Sigfrid@dummymail.com,police officer
895,Nananne,Plato,Nananne.Plato@dummymail.com,Nananne.Plato@dummymail.com,police officer
896,Rozele,Rudolph,Rozele.Rudolph@dummymail.com,Rozele.Rudolph@dummymail.com,worker
897,Justinn,Chauncey,Justinn.Chauncey@dummymail.com,Justinn.Chauncey@dummymail.com,developer
898,Nita,Karl,Nita.Karl@dummymail.com,Nita.Karl@dummymail.com,firefighter
899,Dale,Cloris,Dale.Cloris@dummymail.com,Dale.Cloris@dummymail.com,developer
900,Blondelle,Cristi,Blondelle.Cristi@dummymail.com,Blondelle.Cristi@dummymail.com,police officer
901,Ebonee,Roxanna,Ebonee.Roxanna@dummymail.com,Ebonee.Roxanna@dummymail.com,developer
902,Peri,Jobi,Peri.Jobi@dummymail.com,Peri.Jobi@dummymail.com,police officer
903,Fawne,Sheedy,Fawne.Sheedy@dummymail.com,Fawne.Sheedy@dummymail.com,police officer
904,Angela,Helfand,Angela.Helfand@dummymail.com,Angela.Helfand@dummymail.com,firefighter
905,Vanessa,Erlandson,Vanessa.Erlandson@dummymail.com,Vanessa.Erlandson@dummymail.com,doctor
906,Nickie,Magdalen,Nickie.Magdalen@dummymail.com,Nickie.Magdalen@dummymail.com,police officer
907,Cissiee,Lytton,Cissiee.Lytton@dummymail.com,Cissiee.Lytton@dummymail.com,firefighter
908,Meghann,Reneta,Meghann.Reneta@dummymail.com,Meghann.Reneta@dummymail.com,worker
909,Leanna,Iiette,Leanna.Iiette@dummymail.com,Leanna.Iiette@dummymail.com,developer
910,Jaclyn,Radu,Jaclyn.Radu@dummymail.com,Jaclyn.Radu@dummymail.com,doctor
911,Rubie,Gower,Rubie.Gower@dummymail.com,Rubie.Gower@dummymail.com,worker
912,Lolita,Thilda,Lolita.Thilda@dummymail.com,Lolita.Thilda@dummymail.com,police officer
913,Oona,Libna,Oona.Libna@dummymail.com,Oona.Libna@dummymail.com,doctor
914,Alexine,Dearborn,Alexine.Dearborn@dummymail.com,Alexine.Dearborn@dummymail.com,doctor
915,Tabbatha,Beniamino,Tabbatha.Beniamino@dummymail.com,Tabbatha.Beniamino@dummymail.com,police officer
916,Melodie,McCutcheon,Melodie.McCutcheon@dummymail.com,Melodie.McCutcheon@dummymail.com,police officer
917,Sidoney,Frendel,Sidoney.Frendel@dummymail.com,Sidoney.Frendel@dummymail.com,firefighter
918,Ada,Sacken,Ada.Sacken@dummymail.com,Ada.Sacken@dummymail.com,doctor
919,Belinda,Daniele,Belinda.Daniele@dummymail.com,Belinda.Daniele@dummymail.com,worker
920,Consuela,Lesley,Consuela.Lesley@dummymail.com,Consuela.Lesley@dummymail.com,worker
921,Penelopa,Nedrud,Penelopa.Nedrud@dummymail.com,Penelopa.Nedrud@dummymail.com,firefighter
922,Jemie,Emerson,Jemie.Emerson@dummymail.com,Jemie.Emerson@dummymail.com,developer
923,Lila,Berriman,Lila.Berriman@dummymail.com,Lila.Berriman@dummymail.com,worker
924,Cordi,Danby,Cordi.Danby@dummymail.com,Cordi.Danby@dummymail.com,firefighter
925,Beverley,Narton,Beverley.Narton@dummymail.com,Beverley.Narton@dummymail.com,developer
926,Tybie,Marisa,Tybie.Marisa@dummymail.com,Tybie.Marisa@dummymail.com,police officer
927,Teddie,Barney,Teddie.Barney@dummymail.com,Teddie.Barney@dummymail.com,worker
928,Dale,Manolo,Dale.Manolo@dummymail.com,Dale.Manolo@dummymail.com,worker
929,Judy,Lemuela,Judy.Lemuela@dummymail.com,Judy.Lemuela@dummymail.com,developer
930,Zaria,Bultman,Zaria.Bultman@dummymail.com,Zaria.Bultman@dummymail.com,police officer
931,Steffane,Trey,Steffane.Trey@dummymail.com,Steffane.Trey@dummymail.com,developer
932,Madeleine,Engdahl,Madeleine.Engdahl@dummymail.com,Madeleine.Engdahl@dummymail.com,worker
933,Yolane,Cecile,Yolane.Cecile@dummymail.com,Yolane.Cecile@dummymail.com,doctor
934,Sindee,Ellord,Sindee.Ellord@dummymail.com,Sindee.Ellord@dummymail.com,doctor
935,Zsa Zsa,Roche,Zsa Zsa.Roche@dummymail.com,Zsa Zsa.Roche@dummymail.com,developer
936,Cassandra,Beebe,Cassandra.Beebe@dummymail.com,Cassandra.Beebe@dummymail.com,firefighter
937,Lynde,Arley,Lynde.Arley@dummymail.com,Lynde.Arley@dummymail.com,doctor
938,Jerry,Mendez,Jerry.Mendez@dummymail.com,Jerry.Mendez@dummymail.com,firefighter
939,Karolina,Erlandson,Karolina.Erlandson@dummymail.com,Karolina.Erlandson@dummymail.com,developer
940,Demetris,Burnside,Demetris.Burnside@dummymail.com,Demetris.Burnside@dummymail.com,firefighter
941,Sharlene,Auberbach,Sharlene.Auberbach@dummymail.com,Sharlene.Auberbach@dummymail.com,doctor
942,Minne,Frodi,Minne.Frodi@dummymail.com,Minne.Frodi@dummymail.com,doctor
943,Margalo,Junie,Margalo.Junie@dummymail.com,Margalo.Junie@dummymail.com,doctor
944,Christy,Bollay,Christy.Bollay@dummymail.com,Christy.Bollay@dummymail.com,police officer
945,Brena,Salvidor,Brena.Salvidor@dummymail.com,Brena.Salvidor@dummymail.com,doctor
946,Giustina,Bandeen,Giustina.Bandeen@dummymail.com,Giustina.Bandeen@dummymail.com,worker
947,Frank,Wiener,Frank.Wiener@dummymail.com,Frank.Wiener@dummymail.com,worker
948,Cassondra,Socha,Cassondra.Socha@dummymail.com,Cassondra.Socha@dummymail.com,developer
949,Cindelyn,Toffic,Cindelyn.Toffic@dummymail.com,Cindelyn.Toffic@dummymail.com,worker
950,Ricky,Douglass,Ricky.Douglass@dummymail.com,Ricky.Douglass@dummymail.com,firefighter
951,Regina,Stelle,Regina.Stelle@dummymail.com,Regina.Stelle@dummymail.com,firefighter
952,Shaine,Tarrant,Shaine.Tarrant@dummymail.com,Shaine.Tarrant@dummymail.com,firefighter
953,Winny,Ashely,Winny.Ashely@dummymail.com,Winny.Ashely@dummymail.com,developer
954,Teriann,Larochelle,Teriann.Larochelle@dummymail.com,Teriann.Larochelle@dummymail.com,doctor
955,Sam,Lasley,Sam.Lasley@dummymail.com,Sam.Lasley@dummymail.com,doctor
956,Joane,Cath,Joane.Cath@dummymail.com,Joane.Cath@dummymail.com,developer
957,Demetris,Armanda,Demetris.Armanda@dummymail.com,Demetris.Armanda@dummymail.com,developer
958,Cassandra,Bronk,Cassandra.Bronk@dummymail.com,Cassandra.Bronk@dummymail.com,firefighter
959,Meghann,Prouty,Meghann.Prouty@dummymail.com,Meghann.Prouty@dummymail.com,doctor
960,Lesly,Linehan,Lesly.Linehan@dummymail.com,Lesly.Linehan@dummymail.com,developer
961,Belinda,Cottle,Belinda.Cottle@dummymail.com,Belinda.Cottle@dummymail.com,firefighter
962,Moyna,Skurnik,Moyna.Skurnik@dummymail.com,Moyna.Skurnik@dummymail.com,police officer
963,Kristan,Bergman,Kristan.Bergman@dummymail.com,Kristan.Bergman@dummymail.com,worker
964,Kimberley,Sandye,Kimberley.Sandye@dummymail.com,Kimberley.Sandye@dummymail.com,developer
965,Robbi,Letsou,Robbi.Letsou@dummymail.com,Robbi.Letsou@dummymail.com,firefighter
966,Jerry,Hessler,Jerry.Hessler@dummymail.com,Jerry.Hessler@dummymail.com,police officer
967,Elena,Suanne,Elena.Suanne@dummymail.com,Elena.Suanne@dummymail.com,doctor
968,Paola,Fancie,Paola.Fancie@dummymail.com,Paola.Fancie@dummymail.com,worker
969,Shaine,Alejoa,Shaine.Alejoa@dummymail.com,Shaine.Alejoa@dummymail.com,police officer
970,Averyl,Lail,Averyl.Lail@dummymail.com,Averyl.Lail@dummymail.com,doctor
971,Charissa,Waite,Charissa.Waite@dummymail.com,Charissa.Waite@dummymail.com,worker
972,Robbi,Taima,Robbi.Taima@dummymail.com,Robbi.Taima@dummymail.com,doctor
973,Daryl,Fax,Daryl.Fax@dummymail.com,Daryl.Fax@dummymail.com,firefighter
974,Maridel,Lanita,Maridel.Lanita@dummymail.com,Maridel.Lanita@dummymail.com,firefighter
975,Joceline,Socha,Joceline.Socha@dummymail.com,Joceline.Socha@dummymail.com,developer
976,Miquela,Greyson,Miquela.Greyson@dummymail.com,Miquela.Greyson@dummymail.com,worker
977,Yetty,Burkle,Yetty.Burkle@dummymail.com,Yetty.Burkle@dummymail.com,firefighter
978,Wilma,Ciapas,Wilma.Ciapas@dummymail.com,Wilma.Ciapas@dummymail.com,police officer
979,Rochette,Sallyann,Rochette.Sallyann@dummymail.com,Rochette.Sallyann@dummymail.com,developer
980,Orelia,Stelle,Orelia.Stelle@dummymail.com,Orelia.Stelle@dummymail.com,developer
981,Ingrid,Jefferey,Ingrid.Jefferey@dummymail.com,Ingrid.Jefferey@dummymail.com,firefighter
982,Arabel,Faro,Arabel.Faro@dummymail.com,Arabel.Faro@dummymail.com,worker
983,Sarette,Dimitris,Sarette.Dimitris@dummymail.com,Sarette.Dimitris@dummymail.com,police officer
984,Netty,Pascia,Netty.Pascia@dummymail.com,Netty.Pascia@dummymail.com,worker
985,Max,Amadas,Max.Amadas@dummymail.com,Max.Amadas@dummymail.com,police officer
986,Dagmar,Vanni,Dagmar.Vanni@dummymail.com,Dagmar.Vanni@dummymail.com,police officer
987,Bettine,Gale,Bettine.Gale@dummymail.com,Bettine.Gale@dummymail.com,developer
988,Rani,Ariella,Rani.Ariella@dummymail.com,Rani.Ariella@dummymail.com,doctor
989,Britni,Lorain,Britni.Lorain@dummymail.com,Britni.Lorain@dummymail.com,doctor
990,Dione,Johnsson,Dione.Johnsson@dummymail.com,Dione.Johnsson@dummymail.com,firefighter
991,Annabela,Dearborn,Annabela.Dearborn@dummymail.com,Annabela.Dearborn@dummymail.com,firefighter
992,Phylis,Mike,Phylis.Mike@dummymail.com,Phylis.Mike@dummymail.com,developer
993,Ariela,Raimondo,Ariela.Raimondo@dummymail.com,Ariela.Raimondo@dummymail.com,doctor
994,Gerianna,Secrest,Gerianna.Secrest@dummymail.com,Gerianna.Secrest@dummymail.com,developer
995,Lorenza,Merell,Lorenza.Merell@dummymail.com,Lorenza.Merell@dummymail.com,developer
996,Clary,Daveta,Clary.Daveta@dummymail.com,Clary.Daveta@dummymail.com,worker
997,Ana,Alisia,Ana.Alisia@dummymail.com,Ana.Alisia@dummymail.com,police officer
998,Romona,Shaver,Romona.Shaver@dummymail.com,Romona.Shaver@dummymail.com,doctor
999,Ardys,Eiser,Ardys.Eiser@dummymail.com,Ardys.Eiser@dummymail.com,doctor
1000,Willetta,Tannie,Willetta.Tannie@dummymail.com,Willetta.Tannie@dummymail.com,police officer
1001,Lynea,Hertzfeld,Lynea.Hertzfeld@dummymail.com,Lynea.Hertzfeld@dummymail.com,firefighter
1002,Gale,Eben,Gale.Eben@dummymail.com,Gale.Eben@dummymail.com,firefighter
1003,Edee,Rosette,Edee.Rosette@dummymail.com,Edee.Rosette@dummymail.com,police officer
1004,Gaylene,Trey,Gaylene.Trey@dummymail.com,Gaylene.Trey@dummymail.com,firefighter
1005,Ingrid,Casimir,Ingrid.Casimir@dummymail.com,Ingrid.Casimir@dummymail.com,worker
1006,Blake,Burnside,Blake.Burnside@dummymail.com,Blake.Burnside@dummymail.com,worker
1007,Emilia,Ade,Emilia.Ade@dummymail.com,Emilia.Ade@dummymail.com,doctor
1008,Catrina,Elo,Catrina.Elo@dummymail.com,Catrina.Elo@dummymail.com,police officer
1009,Marguerite,Germann,Marguerite.Germann@dummymail.com,Marguerite.Germann@dummymail.com,developer
1010,Shel,Mendez,Shel.Mendez@dummymail.com,Shel.Mendez@dummymail.com,developer
1011,Suzette,Gavrila,Suzette.Gavrila@dummymail.com,Suzette.Gavrila@dummymail.com,police officer
1012,Elyssa,Winthorpe,Elyssa.Winthorpe@dummymail.com,Elyssa.Winthorpe@dummymail.com,worker
1013,Fanny,Pernick,Fanny.Pernick@dummymail.com,Fanny.Pernick@dummymail.com,firefighter
1014,Jenilee,Viddah,Jenilee.Viddah@dummymail.com,Jenilee.Viddah@dummymail.com,worker
1015,Violet,Angelis,Violet.Angelis@dummymail.com,Violet.Angelis@dummymail.com,doctor
1016,Mary,Carmena,Mary.Carmena@dummymail.com,Mary.Carmena@dummymail.com,doctor
1017,Marita,Garek,Marita.Garek@dummymail.com,Marita.Garek@dummymail.com,doctor
1018,Mellicent,Fosque,Mellicent.Fosque@dummymail.com,Mellicent.Fosque@dummymail.com,firefighter
1019,Brandise,Jerold,Brandise.Jerold@dummymail.com,Brandise.Jerold@dummymail.com,firefighter
1020,Rebeca,McGrody,Rebeca.McGrody@dummymail.com,Rebeca.McGrody@dummymail.com,developer
1021,Malina,Byrne,Malina.Byrne@dummymail.com,Malina.Byrne@dummymail.com,police officer
1022,Lesly,Merell,Lesly.Merell@dummymail.com,Lesly.Merell@dummymail.com,doctor
1023,Gui,Katrine,Gui.Katrine@dummymail.com,Gui.Katrine@dummymail.com,worker
1024,Larine,Publia,Larine.Publia@dummymail.com,Larine.Publia@dummymail.com,police officer
1025,Elfreda,Smitt,Elfreda.Smitt@dummymail.com,Elfreda.Smitt@dummymail.com,worker
1026,Gusella,Kare,Gusella.Kare@dummymail.com,Gusella.Kare@dummymail.com,doctor
1027,Arlina,Shirberg,Arlina.Shirberg@dummymail.com,Arlina.Shirberg@dummymail.com,developer
1028,Lita,Janith,Lita.Janith@dummymail.com,Lita.Janith@dummymail.com,developer
1029,Helsa,Fennessy,Helsa.Fennessy@dummymail.com,Helsa.Fennessy@dummymail.com,firefighter
1030,Nariko,Berne,Nariko.Berne@dummymail.com,Nariko.Berne@dummymail.com,police officer
1031,Selia,Krystle,Selia.Krystle@dummymail.com,Selia.Krystle@dummymail.com,doctor
1032,Caritta,Hourigan,Caritta.Hourigan@dummymail.com,Caritta.Hourigan@dummymail.com,developer
1033,Cathie,Sandye,Cathie.Sandye@dummymail.com,Cathie.Sandye@dummymail.com,police officer
1034,Janeczka,Burnside,Janeczka.Burnside@dummymail.com,Janeczka.Burnside@dummymail.com,worker
1035,Ashlee,Federica,Ashlee.Federica@dummymail.com,Ashlee.Federica@dummymail.com,police officer
1036,Corly,Zetta,Corly.Zetta@dummymail.com,Corly.Zetta@dummymail.com,developer
1037,Vinita,Darbie,Vinita.Darbie@dummymail.com,Vinita.Darbie@dummymail.com,developer
1038,Dennie,Lanita,Dennie.Lanita@dummymail.com,Dennie.Lanita@dummymail.com,police officer
1039,Sheree,Horan,Sheree.Horan@dummymail.com,Sheree.Horan@dummymail.com,firefighter
1040,Di,Helve,Di.Helve@dummymail.com,Di.Helve@dummymail.com,firefighter
1041,Malina,Chabot,Malina.Chabot@dummymail.com,Malina.Chabot@dummymail.com,firefighter
1042,Arabel,Infield,Arabel.Infield@dummymail.com,Arabel.Infield@dummymail.com,worker
1043,Rebeca,Jenness,Rebeca.Jenness@dummymail.com,Rebeca.Jenness@dummymail.com,firefighter
1044,Aeriela,Hull,Aeriela.Hull@dummymail.com,Aeriela.Hull@dummymail.com,doctor
1045,Selia,Leifeste,Selia.Leifeste@dummymail.com,Selia.Leifeste@dummymail.com,police officer
1046,Hannis,O'Neill,Hannis.O'Neill@dummymail.com,Hannis.O'Neill@dummymail.com,doctor
1047,Helsa,Stoller,Helsa.Stoller@dummymail.com,Helsa.Stoller@dummymail.com,police officer
1048,Penelopa,McNully,Penelopa.McNully@dummymail.com,Penelopa.McNully@dummymail.com,doctor
1049,Dulcinea,Millda,Dulcinea.Millda@dummymail.com,Dulcinea.Millda@dummymail.com,police officer
1050,Lusa,Katrine,Lusa.Katrine@dummymail.com,Lusa.Katrine@dummymail.com,worker
1051,Daphne,Nadia,Daphne.Nadia@dummymail.com,Daphne.Nadia@dummymail.com,firefighter
1052,Pierette,Bartlett,Pierette.Bartlett@dummymail.com,Pierette.Bartlett@dummymail.com,worker
1053,Raina,Daniele,Raina.Daniele@dummymail.com,Raina.Daniele@dummymail.com,developer
1054,Gwyneth,Concha,Gwyneth.Concha@dummymail.com,Gwyneth.Concha@dummymail.com,firefighter
1055,Justinn,Ledah,Justinn.Ledah@dummymail.com,Justinn.Ledah@dummymail.com,developer
1056,Dode,Emmaline,Dode.Emmaline@dummymail.com,Dode.Emmaline@dummymail.com,worker
1057,Leanna,Larochelle,Leanna.Larochelle@dummymail.com,Leanna.Larochelle@dummymail.com,worker
1058,Dominga,Darbie,Dominga.Darbie@dummymail.com,Dominga.Darbie@dummymail.com,firefighter
1059,Devina,Manolo,Devina.Manolo@dummymail.com,Devina.Manolo@dummymail.com,developer
1060,Gusty,Artie,Gusty.Artie@dummymail.com,Gusty.Artie@dummymail.com,developer
1061,Donetta,Durware,Donetta.Durware@dummymail.com,Donetta.Durware@dummymail.com,developer
1062,Peri,Malvino,Peri.Malvino@dummymail.com,Peri.Malvino@dummymail.com,doctor
1063,Renie,Merell,Renie.Merell@dummymail.com,Renie.Merell@dummymail.com,firefighter
1064,Chere,Dosia,Chere.Dosia@dummymail.com,Chere.Dosia@dummymail.com,developer
1065,Nataline,Clarissa,Nataline.Clarissa@dummymail.com,Nataline.Clarissa@dummymail.com,firefighter
1066,Raquela,Ephrem,Raquela.Ephrem@dummymail.com,Raquela.Ephrem@dummymail.com,developer
1067,Abbie,Burnside,Abbie.Burnside@dummymail.com,Abbie.Burnside@dummymail.com,doctor
1068,Zsa Zsa,McAdams,Zsa Zsa.McAdams@dummymail.com,Zsa Zsa.McAdams@dummymail.com,doctor
1069,Elora,Hubert,Elora.Hubert@dummymail.com,Elora.Hubert@dummymail.com,developer
1070,Bertine,Kauppi,Bertine.Kauppi@dummymail.com,Bertine.Kauppi@dummymail.com,doctor
1071,Joelly,Sammons,Joelly.Sammons@dummymail.com,Joelly.Sammons@dummymail.com,worker
1072,Dagmar,Rosette,Dagmar.Rosette@dummymail.com,Dagmar.Rosette@dummymail.com,firefighter
1073,Shell,Rugen,Shell.Rugen@dummymail.com,Shell.Rugen@dummymail.com,worker
1074,Leona,Vary,Leona.Vary@dummymail.com,Leona.Vary@dummymail.com,firefighter
1075,Heida,Cottle,Heida.Cottle@dummymail.com,Heida.Cottle@dummymail.com,developer
1076,Alejandra,Lenny,Alejandra.Lenny@dummymail.com,Alejandra.Lenny@dummymail.com,worker
1077,Roseline,Longfellow,Roseline.Longfellow@dummymail.com,Roseline.Longfellow@dummymail.com,worker
1078,Cissiee,Zaslow,Cissiee.Zaslow@dummymail.com,Cissiee.Zaslow@dummymail.com,doctor
1079,Marika,Masao,Marika.Masao@dummymail.com,Marika.Masao@dummymail.com,firefighter
1080,Binny,Engdahl,Binny.Engdahl@dummymail.com,Binny.Engdahl@dummymail.com,worker
1081,Melisent,Means,Melisent.Means@dummymail.com,Melisent.Means@dummymail.com,doctor
1082,Janis,Charity,Janis.Charity@dummymail.com,Janis.Charity@dummymail.com,firefighter
1083,Christy,Hazlett,Christy.Hazlett@dummymail.com,Christy.Hazlett@dummymail.com,firefighter
1084,Coral,Tayib,Coral.Tayib@dummymail.com,Coral.Tayib@dummymail.com,firefighter
1085,Celestyna,Cath,Celestyna.Cath@dummymail.com,Celestyna.Cath@dummymail.com,doctor
1086,Roz,Munn,Roz.Munn@dummymail.com,Roz.Munn@dummymail.com,developer
1087,Kirstin,Schonfeld,Kirstin.Schonfeld@dummymail.com,Kirstin.Schonfeld@dummymail.com,doctor
1088,Dolli,Pitt,Dolli.Pitt@dummymail.com,Dolli.Pitt@dummymail.com,developer
1089,Misha,Bartlett,Misha.Bartlett@dummymail.com,Misha.Bartlett@dummymail.com,police officer
1090,Zondra,Dituri,Zondra.Dituri@dummymail.com,Zondra.Dituri@dummymail.com,developer
1091,Flo,Ramona,Flo.Ramona@dummymail.com,Flo.Ramona@dummymail.com,worker
1092,Jacquetta,Birdella,Jacquetta.Birdella@dummymail.com,Jacquetta.Birdella@dummymail.com,worker
1093,Regina,Ferrell,Regina.Ferrell@dummymail.com,Regina.Ferrell@dummymail.com,worker
1094,Gwyneth,Chabot,Gwyneth.Chabot@dummymail.com,Gwyneth.Chabot@dummymail.com,firefighter
1095,Norine,Martguerita,Norine.Martguerita@dummymail.com,Norine.Martguerita@dummymail.com,doctor
1096,Addia,Means,Addia.Means@dummymail.com,Addia.Means@dummymail.com,doctor
1097,Benita,Jarib,Benita.Jarib@dummymail.com,Benita.Jarib@dummymail.com,developer
1098,Karlee,Gusella,Karlee.Gusella@dummymail.com,Karlee.Gusella@dummymail.com,worker
1099,Nanete,Glovsky,Nanete.Glovsky@dummymail.com,Nanete.Glovsky@dummymail.com,police officer