id,firstname,lastname,email,email2,profession
100,Ericka,Stover,Ericka.Stover@dummymail.com,Ericka.Stover@dummymail.com,firefighter
101,Tamqrah,Marsden,Tamqrah.Marsden@dummymail.com,Tamqrah.Marsden@dummymail.com,worker
102,Kaja,Heisel,Kaja.Heisel@dummymail.com,Kaja.Heisel@dummymail.com,firefighter
103,Janeczka,Marijo,Janeczka.Marijo@dummymail.com,Janeczka.Marijo@dummymail.com,firefighter
104,Patricia,Maribeth,Patricia.Maribeth@dummymail.com,Patricia.Maribeth@dummymail.com,firefighter
105,Mariele,Richers,Mariele.Richers@dummymail.com,Mariele.Richers@dummymail.com,worker
106,Lorne,Lia,Lorne.Lia@dummymail.com,Lorne.Lia@dummymail.com,doctor
107,Diena,Waite,Diena.Waite@dummymail.com,Diena.Waite@dummymail.com,firefighter
108,Mathilda,Ruvolo,Mathilda.Ruvolo@dummymail.com,Mathilda.Ruvolo@dummymail.com,doctor
109,Cathyleen,Gaspard,Cathyleen.Gaspard@dummymail.com,Cathyleen.Gaspard@dummymail.com,doctor
110,Adriana,Bach,Adriana.Bach@dummymail.com,Adriana.Bach@dummymail.com,doctor
111,Asia,Maroney,Asia.Maroney@dummymail.com,Asia.Maroney@dummymail.com,firefighter
112,Nelle,Eiser,Nelle.Eiser@dummymail.com,Nelle.Eiser@dummymail.com,developer
113,Clarice,Olympium,Clarice.Olympium@dummymail.com,Clarice.Olympium@dummymail.com,police officer
114,Ekaterina,Shama,Ekaterina.Shama@dummymail.com,Ekaterina.Shama@dummymail.com,developer
115,Ada,Oster,Ada.Oster@dummymail.com,Ada.Oster@dummymail.com,police officer
116,Carlie,Ferino,Carlie.Ferino@dummymail.com,Carlie.Ferino@dummymail.com,developer
117,Ronna,Greenwald,Ronna.Greenwald@dummymail.com,Ronna.Greenwald@dummymail.com,police officer
118,Sharlene,Alabaster,Sharlene.Alabaster@dummymail.com,Sharlene.Alabaster@dummymail.com,worker
119,Almeta,Naor,Almeta.Naor@dummymail.com,Almeta.Naor@dummymail.com,developer
120,Shandie,Blake,Shandie.Blake@dummymail.com,Shandie.Blake@dummymail.com,doctor
121,Moyna,Briney,Moyna.Briney@dummymail.com,Moyna.Briney@dummymail.com,doctor
122,Ekaterina,Natica,Ekaterina.Natica@dummymail.com,Ekaterina.Natica@dummymail.com,firefighter
123,Brooks,Killigrew,Brooks.Killigrew@dummymail.com,Brooks.Killigrew@dummymail.com,worker
124,Christal,Campball,Christal.Campball@dummymail.com,Christal.Campball@dummymail.com,worker
125,Madalyn,Mandler,Madalyn.Mandler@dummymail.com,Madalyn.Mandler@dummymail.com,doctor
126,Dawn,Raffo,Dawn.Raffo@dummymail.com,Dawn.Raffo@dummymail.com,developer
127,Elmira,Knowling,Elmira.Knowling@dummymail.com,Elmira.Knowling@dummymail.com,developer
128,Lynde,Daveta,Lynde.Daveta@dummymail.com,Lynde.Daveta@dummymail.com,developer
129,Chickie,Gordon,Chickie.Gordon@dummymail.com,Chickie.Gordon@dummymail.com,worker
130,Laurene,Brackely,Laurene.Brackely@dummymail.com,Laurene.Brackely@dummymail.com,developer
131,Clary,Hebner,Clary.Hebner@dummymail.com,Clary.Hebner@dummymail.com,police officer
132,Alexine,Orpah,Alexine.Orpah@dummymail.com,Alexine.Orpah@dummymail.com,firefighter
133,Meghann,Daniele,Meghann.Daniele@dummymail.com,Meghann.Daniele@dummymail.com,developer
134,Rosene,Hollingsworth,Rosene.Hollingsworth@dummymail.com,Rosene.Hollingsworth@dummymail.com,doctor
135,Marjie,Jacinda,Marjie.Jacinda@dummymail.com,Marjie.Jacinda@dummymail.com,worker
136,Rhea,Bury,Rhea.Bury@dummymail.com,Rhea.Bury@dummymail.com,developer
137,Lory,Francene,Lory.Francene@dummymail.com,Lory.Francene@dummymail.com,doctor
138,Gianina,Letsou,Gianina.Letsou@dummymail.com,Gianina.Letsou@dummymail.com,police officer
139,Dede,Cleo,Dede.Cleo@dummymail.com,Dede.Cleo@dummymail.com,worker
140,Clary,Payson,Clary.Payson@dummymail.com,Clary.Payson@dummymail.com,firefighter
141,Kaja,Ioab,Kaja.Ioab@dummymail.com,Kaja.Ioab@dummymail.com,doctor
142,Ira,Clywd,Ira.Clywd@dummymail.com,Ira.Clywd@dummymail.com,worker
143,Susan,Esmaria,Susan.Esmaria@dummymail.com,Susan.Esmaria@dummymail.com,firefighter
144,Leanna,Birdella,Leanna.Birdella@dummymail.com,Leanna.Birdella@dummymail.com,developer
145,Dari,Trinetta,Dari.Trinetta@dummymail.com,Dari.Trinetta@dummymail.com,police officer
146,Tami,Klemperer,Tami.Klemperer@dummymail.com,Tami.Klemperer@dummymail.com,firefighter
147,Imojean,Strephon,Imojean.Strephon@dummymail.com,Imojean.Strephon@dummymail.com,developer
148,Dorthy,Ursulette,Dorthy.Ursulette@dummymail.com,Dorthy.Ursulette@dummymail.com,developer
149,Jean,Eliathas,Jean.Eliathas@dummymail.com,Jean.Eliathas@dummymail.com,developer
150,Lolita,Dosia,Lolita.Dosia@dummymail.com,Lolita.Dosia@dummymail.com,worker
151,Jenilee,Roche,Jenilee.Roche@dummymail.com,Jenilee.Roche@dummymail.com,firefighter
152,Edee,Ursulette,Edee.Ursulette@dummymail.com,Edee.Ursulette@dummymail.com,developer
153,Danny,Eachern,Danny.Eachern@dummymail.com,Danny.Eachern@dummymail.com,developer
154,Netty,Khorma,Netty.Khorma@dummymail.com,Netty.Khorma@dummymail.com,firefighter
155,Mildrid,Riordan,Mildrid.Riordan@dummymail.com,Mildrid.Riordan@dummymail.com,doctor
156,Donnie,Maiah,Donnie.Maiah@dummymail.com,Donnie.Maiah@dummymail.com,firefighter
157,Mallory,Ochs,Mallory.Ochs@dummymail.com,Mallory.Ochs@dummymail.com,developer
158,Allis,Prouty,Allis.Prouty@dummymail.com,Allis.Prouty@dummymail.com,firefighter
159,Tomasina,Buckler,Tomasina.Buckler@dummymail.com,Tomasina.Buckler@dummymail.com,worker
160,Lorne,Hachmin,Lorne.Hachmin@dummymail.com,Lorne.Hachmin@dummymail.com,police officer
161,Andree,Erlandson,Andree.Erlandson@dummymail.com,Andree.Erlandson@dummymail.com,firefighter
162,Margette,Duwalt,Margette.Duwalt@dummymail.com,Margette.Duwalt@dummymail.com,developer
163,Helena,Torray,Helena.Torray@dummymail.com,Helena.Torray@dummymail.com,worker
164,Bobbi,Shirberg,Bobbi.Shirberg@dummymail.com,Bobbi.Shirberg@dummymail.com,firefighter
165,Meg,Lasley,Meg.Lasley@dummymail.com,Meg.Lasley@dummymail.com,worker
166,Clementine,Wenoa,Clementine.Wenoa@dummymail.com,Clementine.Wenoa@dummymail.com,worker
167,Donnie,Vins,Donnie.Vins@dummymail.com,Donnie.Vins@dummymail.com,developer
168,Pamella,Durware,Pamella.Durware@dummymail.com,Pamella.Durware@dummymail.com,developer
169,Ninnetta,Lesley,Ninnetta.Lesley@dummymail.com,Ninnetta.Lesley@dummymail.com,developer
170,Janenna,Guildroy,Janenna.Guildroy@dummymail.com,Janenna.Guildroy@dummymail.com,firefighter
171,Marinna,Lutero,Marinna.Lutero@dummymail.com,Marinna.Lutero@dummymail.com,doctor
172,Jenda,August,Jenda.August@dummymail.com,Jenda.August@dummymail.com,doctor
173,Cacilie,Agle,Cacilie.Agle@dummymail.com,Cacilie.Agle@dummymail.com,firefighter
174,Atlanta,Doig,Atlanta.Doig@dummymail.com,Atlanta.Doig@dummymail.com,firefighter
175,Kathi,Nore,Kathi.Nore@dummymail.com,Kathi.Nore@dummymail.com,developer
176,Desirae,Leary,Desirae.Leary@dummymail.com,Desirae.Leary@dummymail.com,doctor
177,Charlena,Maiah,Charlena.Maiah@dummymail.com,Charlena.Maiah@dummymail.com,developer
178,Claudina,Lail,Claudina.Lail@dummymail.com,Claudina.Lail@dummymail.com,doctor
179,Rubie,Ackerley,Rubie.Ackerley@dummymail.com,Rubie.Ackerley@dummymail.com,police officer
180,Britni,Georgy,Britni.Georgy@dummymail.com,Britni.Georgy@dummymail.com,worker
181,Camile,Thema,Camile.Thema@dummymail.com,Camile.Thema@dummymail.com,doctor
182,Maud,Randene,Maud.Randene@dummymail.com,Maud.Randene@dummymail.com,developer
183,Nicoli,Chinua,Nicoli.Chinua@dummymail.com,Nicoli.Chinua@dummymail.com,doctor
184,Grier,Smitt,Grier.Smitt@dummymail.com,Grier.Smitt@dummymail.com,doctor
185,Gaylene,Erich,Gaylene.Erich@dummymail.com,Gaylene.Erich@dummymail.com,firefighter
186,Jerry,Borrell,Jerry.Borrell@dummymail.com,Jerry.Borrell@dummymail.com,doctor
187,Tamqrah,Astra,Tamqrah.Astra@dummymail.com,Tamqrah.Astra@dummymail.com,worker
188,Vinita,Jacinda,Vinita.Jacinda@dummymail.com,Vinita.Jacinda@dummymail.com,developer
189,Georgina,Burch,Georgina.Burch@dummymail.com,Georgina.Burch@dummymail.com,developer
190,Mariann,Gilmour,Mariann.Gilmour@dummymail.com,Mariann.Gilmour@dummymail.com,firefighter
191,Alleen,Primalia,Alleen.Primalia@dummymail.com,Alleen.Primalia@dummymail.com,developer
192,Nyssa,Valerio,Nyssa.Valerio@dummymail.com,Nyssa.Valerio@dummymail.com,worker
193,Perry,My,Perry.My@dummymail.com,Perry.My@dummymail.com,police officer
194,Katharina,Frodi,Katharina.Frodi@dummymail.com,Katharina.Frodi@dummymail.com,developer
195,Robinia,Kelula,Robinia.Kelula@dummymail.com,Robinia.Kelula@dummymail.com,doctor
196,Ingrid,Gwenore,Ingrid.Gwenore@dummymail.com,Ingrid.Gwenore@dummymail.com,police officer
197,Nicoli,Stilwell,Nicoli.Stilwell@dummymail.com,Nicoli.Stilwell@dummymail.com,developer
198,Nicoli,Ailyn,Nicoli.Ailyn@dummymail.com,Nicoli.Ailyn@dummymail.com,doctor
199,Sibella,Gaal,Sibella.Gaal@dummymail.com,Sibella.Gaal@dummymail.com,police officer
200,Vivia,Nance,Vivia.Nance@dummymail.com,Vivia.Nance@dummymail.com,developer
201,Nanete,Schonfeld,Nanete.Schonfeld@dummymail.com,Nanete.Schonfeld@dummymail.com,developer
202,Zondra,Halla,Zondra.Halla@dummymail.com,Zondra.Halla@dummymail.com,police officer
203,Lexine,Hanleigh,Lexine.Hanleigh@dummymail.com,Lexine.Hanleigh@dummymail.com,worker
204,Tomasina,Juan,Tomasina.Juan@dummymail.com,Tomasina.Juan@dummymail.com,worker
205,Paola,Thilda,Paola.Thilda@dummymail.com,Paola.Thilda@dummymail.com,police officer
206,Lizzie,Herrera,Lizzie.Herrera@dummymail.com,Lizzie.Herrera@dummymail.com,police officer
207,Eolanda,Kirbee,Eolanda.Kirbee@dummymail.com,Eolanda.Kirbee@dummymail.com,police officer
208,Elsie,Stacy,Elsie.Stacy@dummymail.com,Elsie.Stacy@dummymail.com,worker
209,Dari,Chick,Dari.Chick@dummymail.com,Dari.Chick@dummymail.com,police officer
210,Mallory,Poppy,Mallory.Poppy@dummymail.com,Mallory.Poppy@dummymail.com,police officer
211,Bobbi,Infield,Bobbi.Infield@dummymail.com,Bobbi.Infield@dummymail.com,police officer
212,Vita,Billye,Vita.Billye@dummymail.com,Vita.Billye@dummymail.com,firefighter
213,Heida,Fadiman,Heida.Fadiman@dummymail.com,Heida.Fadiman@dummymail.com,doctor
214,Danika,Lemuela,Danika.Lemuela@dummymail.com,Danika.Lemuela@dummymail.com,doctor
215,Robbi,Melleta,Robbi.Melleta@dummymail.com,Robbi.Melleta@dummymail.com,police officer
216,Gilda,Linskey,Gilda.Linskey@dummymail.com,Gilda.Linskey@dummymail.com,worker
217,Mignon,An,Mignon.An@dummymail.com,Mignon.An@dummymail.com,doctor
218,Vinita,Craggie,Vinita.Craggie@dummymail.com,Vinita.Craggie@dummymail.com,developer
219,Atlanta,Gaynor,Atlanta.Gaynor@dummymail.com,Atlanta.Gaynor@dummymail.com,firefighter
220,Penelopa,Fitzsimmons,Penelopa.Fitzsimmons@dummymail.com,Penelopa.Fitzsimmons@dummymail.com,police officer
221,Cathyleen,Anton,Cathyleen.Anton@dummymail.com,Cathyleen.Anton@dummymail.com,doctor
222,Agnese,Sundin,Agnese.Sundin@dummymail.com,Agnese.Sundin@dummymail.com,developer
223,Britte,Lacombe,Britte.Lacombe@dummymail.com,Britte.Lacombe@dummymail.com,developer
224,Kate,Ammann,Kate.Ammann@dummymail.com,Kate.Ammann@dummymail.com,developer
225,Petronia,Olympium,Petronia.Olympium@dummymail.com,Petronia.Olympium@dummymail.com,firefighter
226,Feliza,Birdella,Feliza.Birdella@dummymail.com,Feliza.Birdella@dummymail.com,firefighter
227,Jessy,Bonilla,Jessy.Bonilla@dummymail.com,Jessy.Bonilla@dummymail.com,police officer
228,Cacilie,Dyche,Cacilie.Dyche@dummymail.com,Cacilie.Dyche@dummymail.com,firefighter
229,Melanie,Pozzy,Melanie.Pozzy@dummymail.com,Melanie.Pozzy@dummymail.com,police officer
230,Elise,Burch,Elise.Burch@dummymail.com,Elise.Burch@dummymail.com,firefighter
231,Caritta,Calhoun,Caritta.Calhoun@dummymail.com,Caritta.Calhoun@dummymail.com,firefighter
232,Laurene,Neva,Laurene.Neva@dummymail.com,Laurene.Neva@dummymail.com,worker
233,Carolina,Montgomery,Carolina.Montgomery@dummymail.com,Carolina.Montgomery@dummymail.com,firefighter
234,Cyb,Sancho,Cyb.Sancho@dummymail.com,Cyb.Sancho@dummymail.com,police officer
235,Xylina,Fitzsimmons,Xylina.Fitzsimmons@dummymail.com,Xylina.Fitzsimmons@dummymail.com,worker
236,Margarette,Sawtelle,Margarette.Sawtelle@dummymail.com,Margarette.Sawtelle@dummymail.com,police officer
237,Minda,Adlare,Minda.Adlare@dummymail.com,Minda.Adlare@dummymail.com,doctor
238,Neila,An,Neila.An@dummymail.com,Neila.An@dummymail.com,doctor
239,Meg,Fosque,Meg.Fosque@dummymail.com,Meg.Fosque@dummymail.com,worker
240,Odessa,Stover,Odessa.Stover@dummymail.com,Odessa.Stover@dummymail.com,police officer
241,Evita,O'Carroll,Evita.O'Carroll@dummymail.com,Evita.O'Carroll@dummymail.com,worker
242,Kristan,Jeanne,Kristan.Jeanne@dummymail.com,Kristan.Jeanne@dummymail.com,police officer
243,Nessie,Kathie,Nessie.Kathie@dummymail.com,Nessie.Kathie@dummymail.com,firefighter
244,Shell,Prouty,Shell.Prouty@dummymail.com,Shell.Prouty@dummymail.com,police officer
245,Jennica,Whittaker,Jennica.Whittaker@dummymail.com,Jennica.Whittaker@dummymail.com,worker
246,Bill,Rolf,Bill.Rolf@dummymail.com,Bill.Rolf@dummymail.com,worker
247,Valli,Raffo,Valli.Raffo@dummymail.com,Valli.Raffo@dummymail.com,doctor
248,Maurene,Gemini,Maurene.Gemini@dummymail.com,Maurene.Gemini@dummymail.com,police officer
249,Dorothy,O'Neill,Dorothy.O'Neill@dummymail.com,Dorothy.O'Neill@dummymail.com,doctor
250,Cathie,Center,Cathie.Center@dummymail.com,Cathie.Center@dummymail.com,worker
251,Katuscha,Dorothy,Katuscha.Dorothy@dummymail.com,Katuscha.Dorothy@dummymail.com,worker
252,Vanessa,Gwenore,Vanessa.Gwenore@dummymail.com,Vanessa.Gwenore@dummymail.com,doctor
253,Mignon,Vorster,Mignon.Vorster@dummymail.com,Mignon.Vorster@dummymail.com,firefighter
254,Belva,Vharat,Belva.Vharat@dummymail.com,Belva.Vharat@dummymail.com,firefighter
255,Arlina,Talia,Arlina.Talia@dummymail.com,Arlina.Talia@dummymail.com,police officer
256,Jorry,Hanshaw,Jorry.Hanshaw@dummymail.com,Jorry.Hanshaw@dummymail.com,developer
257,Sue,Taima,Sue.Taima@dummymail.com,Sue.Taima@dummymail.com,doctor
258,Mureil,Allare,Mureil.Allare@dummymail.com,Mureil.Allare@dummymail.com,doctor
259,Ileana,Fry,Ileana.Fry@dummymail.com,Ileana.Fry@dummymail.com,police officer
260,Delilah,Sandye,Delilah.Sandye@dummymail.com,Delilah.Sandye@dummymail.com,firefighter
261,Agnese,Goerke,Agnese.Goerke@dummymail.com,Agnese.Goerke@dummymail.com,doctor
262,Chrystel,Hepsibah,Chrystel.Hepsibah@dummymail.com,Chrystel.Hepsibah@dummymail.com,firefighter
263,Kassey,Sinegold,Kassey.Sinegold@dummymail.com,Kassey.Sinegold@dummymail.com,police officer
264,June,Naor,June.Naor@dummymail.com,June.Naor@dummymail.com,police officer
265,Quintina,Nisbet,Quintina.Nisbet@dummymail.com,Quintina.Nisbet@dummymail.com,police officer
266,Anthia,Cynar,Anthia.Cynar@dummymail.com,Anthia.Cynar@dummymail.com,worker
267,Josephine,Joeann,Josephine.Joeann@dummymail.com,Josephine.Joeann@dummymail.com,developer
268,Stacey,Susannah,Stacey.Susannah@dummymail.com,Stacey.Susannah@dummymail.com,firefighter
269,Gretal,Urania,Gretal.Urania@dummymail.com,Gretal.Urania@dummymail.com,worker
270,Ethel,Melan,Ethel.Melan@dummymail.com,Ethel.Melan@dummymail.com,developer
271,Dorene,Francene,Dorene.Francene@dummymail.com,Dorene.Francene@dummymail.com,developer
272,Barbi,Wooster,Barbi.Wooster@dummymail.com,Barbi.Wooster@dummymail.com,developer
273,Alie,Arvo,Alie.Arvo@dummymail.com,Alie.Arvo@dummymail.com,police officer
274,Frank,McAdams,Frank.McAdams@dummymail.com,Frank.McAdams@dummymail.com,police officer
275,Mildrid,Thema,Mildrid.Thema@dummymail.com,Mildrid.Thema@dummymail.com,worker
276,Cissiee,Elsinore,Cissiee.Elsinore@dummymail.com,Cissiee.Elsinore@dummymail.com,police officer
277,Mariele,Daegal,Mariele.Daegal@dummymail.com,Mariele.Daegal@dummymail.com,developer
278,Ida,Barney,Ida.Barney@dummymail.com,Ida.Barney@dummymail.com,doctor
279,Courtnay,Margret,Courtnay.Margret@dummymail.com,Courtnay.Margret@dummymail.com,firefighter
280,Mureil,Hubert,Mureil.Hubert@dummymail.com,Mureil.Hubert@dummymail.com,doctor
281,Gwenneth,Cookie,Gwenneth.Cookie@dummymail.com,Gwenneth.Cookie@dummymail.com,doctor
282,Roseline,Tillford,Roseline.Tillford@dummymail.com,Roseline.Tillford@dummymail.com,police officer
283,Hallie,Helve,Hallie.Helve@dummymail.com,Hallie.Helve@dummymail.com,doctor
284,Sarette,Dowski,Sarette.Dowski@dummymail.com,Sarette.Dowski@dummymail.com,developer
285,Bobbi,Malanie,Bobbi.Malanie@dummymail.com,Bobbi.Malanie@dummymail.com,firefighter
286,Darci,Sallyann,Darci.Sallyann@dummymail.com,Darci.Sallyann@dummymail.com,firefighter
287,Diena,Anyah,Diena.Anyah@dummymail.com,Diena.Anyah@dummymail.com,worker
288,Livvyy,Sprage,Livvyy.Sprage@dummymail.com,Livvyy.Sprage@dummymail.com,firefighter
289,Adore,Daveta,Adore.Daveta@dummymail.com,Adore.Daveta@dummymail.com,firefighter
290,Leona,Niccolo,Leona.Niccolo@dummymail.com,Leona.Niccolo@dummymail.com,worker
291,Donnie,Hieronymus,Donnie.Hieronymus@dummymail.com,Donnie.Hieronymus@dummymail.com,doctor
292,Cassondra,Cutlerr,Cassondra.Cutlerr@dummymail.com,Cassondra.Cutlerr@dummymail.com,police officer
293,Mignon,Urania,Mignon.Urania@dummymail.com,Mignon.Urania@dummymail.com,developer
294,Ronna,Septima,Ronna.Septima@dummymail.com,Ronna.Septima@dummymail.com,firefighter
295,Gerrie,Shanley,Gerrie.Shanley@dummymail.com,Gerrie.Shanley@dummymail.com,worker
296,Courtnay,Michella,Courtnay.Michella@dummymail.com,Courtnay.Michella@dummymail.com,firefighter
297,Trixi,Lucienne,Trixi.Lucienne@dummymail.com,Trixi.Lucienne@dummymail.com,doctor
298,Ofilia,Tyson,Ofilia.Tyson@dummymail.com,Ofilia.Tyson@dummymail.com,firefighter
299,Jacquetta,Ahab,Jacquetta.Ahab@dummymail.com,Jacquetta.Ahab@dummymail.com,doctor
300,Ninnetta,Emerson,Ninnetta.Emerson@dummymail.com,Ninnetta.Emerson@dummymail.com,doctor
301,Oralee,Raychel,Oralee.Raychel@dummymail.com,Oralee.Raychel@dummymail.com,police officer
302,Cathyleen,Faso,Cathyleen.Faso@dummymail.com,Cathyleen.Faso@dummymail.com,worker
303,Katharina,Manolo,Katharina.Manolo@dummymail.com,Katharina.Manolo@dummymail.com,doctor
304,Ottilie,Nester,Ottilie.Nester@dummymail.com,Ottilie.Nester@dummymail.com,police officer
305,Kore,Elsinore,Kore.Elsinore@dummymail.com,Kore.Elsinore@dummymail.com,firefighter
306,Binny,Haymes,Binny.Haymes@dummymail.com,Binny.Haymes@dummymail.com,developer
307,Anestassia,Ahab,Anestassia.Ahab@dummymail.com,Anestassia.Ahab@dummymail.com,firefighter
308,Stevana,Haldas,Stevana.Haldas@dummymail.com,Stevana.Haldas@dummymail.com,police officer
309,Ann-Marie,Ramona,Ann-Marie.Ramona@dummymail.com,Ann-Marie.Ramona@dummymail.com,developer
310,Dorthy,Gusella,Dorthy.Gusella@dummymail.com,Dorthy.Gusella@dummymail.com,doctor
311,Xylina,Candy,Xylina.Candy@dummymail.com,Xylina.Candy@dummymail.com,police officer
312,Cam,Burnside,Cam.Burnside@dummymail.com,Cam.Burnside@dummymail.com,firefighter
313,Hallie,Philoo,Hallie.Philoo@dummymail.com,Hallie.Philoo@dummymail.com,police officer
314,Aaren,Eugenia,Aaren.Eugenia@dummymail.com,Aaren.Eugenia@dummymail.com,worker
315,Desirae,Gaspard,Desirae.Gaspard@dummymail.com,Desirae.Gaspard@dummymail.com,developer
316,Sara-Ann,Brieta,Sara-Ann.Brieta@dummymail.com,Sara-Ann.Brieta@dummymail.com,doctor
317,Angelique,Munn,Angelique.Munn@dummymail.com,Angelique.Munn@dummymail.com,firefighter
318,Queenie,Destinee,Queenie.Destinee@dummymail.com,Queenie.Destinee@dummymail.com,firefighter
319,Aili,Hazlett,Aili.Hazlett@dummymail.com,Aili.Hazlett@dummymail.com,firefighter
320,Kassey,Destinee,Kassey.Destinee@dummymail.com,Kassey.Destinee@dummymail.com,police officer
321,Harrietta,Alarise,Harrietta.Alarise@dummymail.com,Harrietta.Alarise@dummymail.com,doctor
322,Nonnah,Hanshaw,Nonnah.Hanshaw@dummymail.com,Nonnah.Hanshaw@dummymail.com,firefighter
323,Elka,Rurik,Elka.Rurik@dummymail.com,Elka.Rurik@dummymail.com,doctor
324,Jacenta,Agle,Jacenta.Agle@dummymail.com,Jacenta.Agle@dummymail.com,police officer
325,Belinda,Penelopa,Belinda.Penelopa@dummymail.com,Belinda.Penelopa@dummymail.com,firefighter
326,Jan,Tarrant,Jan.Tarrant@dummymail.com,Jan.Tarrant@dummymail.com,doctor
327,Felice,Edison,Felice.Edison@dummymail.com,Felice.Edison@dummymail.com,police officer
328,Kenna,Colbert,Kenna.Colbert@dummymail.com,Kenna.Colbert@dummymail.com,doctor
329,Bernie,Gualtiero,Bernie.Gualtiero@dummymail.com,Bernie.Gualtiero@dummymail.com,police officer
330,Robinia,Raul,Robinia.Raul@dummymail.com,Robinia.Raul@dummymail.com,developer
331,Marleah,Stelle,Marleah.Stelle@dummymail.com,Marleah.Stelle@dummymail.com,developer
332,Cristine,Lunsford,Cristine.Lunsford@dummymail.com,Cristine.Lunsford@dummymail.com,developer
333,Annecorinne,Cosenza,Annecorinne.Cosenza@dummymail.com,Annecorinne.Cosenza@dummymail.com,firefighter
334,Christal,Erich,Christal.Erich@dummymail.com,Christal.Erich@dummymail.com,police officer
335,Dorthy,Gaspard,Dorthy.Gaspard@dummymail.com,Dorthy.Gaspard@dummymail.com,doctor
336,Christian,Bakerman,Christian.Bakerman@dummymail.com,Christian.Bakerman@dummymail.com,firefighter
337,Ariela,Soneson,Ariela.Soneson@dummymail.com,Ariela.Soneson@dummymail.com,police officer
338,Maud,Croix,Maud.Croix@dummymail.com,Maud.Croix@dummymail.com,developer
339,Dyann,Darrell,Dyann.Darrell@dummymail.com,Dyann.Darrell@dummymail.com,worker
340,Adore,Gillan,Adore.Gillan@dummymail.com,Adore.Gillan@dummymail.com,worker
341,Carolina,Seessel,Carolina.Seessel@dummymail.com,Carolina.Seessel@dummymail.com,worker
342,Randa,Sperling,Randa.Sperling@dummymail.com,Randa.Sperling@dummymail.com,doctor
343,Yolane,Philoo,Yolane.Philoo@dummymail.com,Yolane.Philoo@dummymail.com,firefighter
344,Georgetta,Bibi,Georgetta.Bibi@dummymail.com,Georgetta.Bibi@dummymail.com,doctor
345,Oralee,Talia,Oralee.Talia@dummymail.com,Oralee.Talia@dummymail.com,doctor
346,Winifred,Eachern,Winifred.Eachern@dummymail.com,Winifred.Eachern@dummymail.com,worker
347,Nataline,Adalbert,Nataline.Adalbert@dummymail.com,Nataline.Adalbert@dummymail.com,worker
348,Bobinette,Kinnard,Bobinette.Kinnard@dummymail.com,Bobinette.Kinnard@dummymail.com,police officer
349,Sue,Poll,Sue.Poll@dummymail.com,Sue.Poll@dummymail.com,police officer
350,Lisette,Tound,Lisette.Tound@dummymail.com,Lisette.Tound@dummymail.com,police officer
351,Amii,Viddah,Amii.Viddah@dummymail.com,Amii.Viddah@dummymail.com,developer
352,Marnia,Nikaniki,Marnia.Nikaniki@dummymail.com,Marnia.Nikaniki@dummymail.com,firefighter
353,Morganica,Emanuel,Morganica.Emanuel@dummymail.com,Morganica.Emanuel@dummymail.com,worker
354,Celestyna,Odysseus,Celestyna.Odysseus@dummymail.com,Celestyna.Odysseus@dummymail.com,police officer
355,Dale,Euridice,Dale.Euridice@dummymail.com,Dale.Euridice@dummymail.com,doctor
356,Iseabal,Genna,Iseabal.Genna@dummymail.com,Iseabal.Genna@dummymail.com,police officer
357,Basia,Vivle,Basia.Vivle@dummymail.com,Basia.Vivle@dummymail.com,police officer
358,Lolita,Joni,Lolita.Joni@dummymail.com,Lolita.Joni@dummymail.com,police officer
359,Silvana,Levey,Silvana.Levey@dummymail.com,Silvana.Levey@dummymail.com,police officer
360,Fanchon,Land,Fanchon.Land@dummymail.com,Fanchon.Land@dummymail.com,firefighter
361,Marika,Flita,Marika.Flita@dummymail.com,Marika.Flita@dummymail.com,police officer
362,Clary,Dash,Clary.Dash@dummymail.com,Clary.Dash@dummymail.com,doctor
363,Suzette,Morehouse,Suzette.Morehouse@dummymail.com,Suzette.Morehouse@dummymail.com,firefighter
364,Linzy,Margret,Linzy.Margret@dummymail.com,Linzy.Margret@dummymail.com,doctor
365,Nonnah,Baudin,Nonnah.Baudin@dummymail.com,Nonnah.Baudin@dummymail.com,firefighter
366,Fredericka,Merat,Fredericka.Merat@dummymail.com,Fredericka.Merat@dummymail.com,developer
367,Edee,Seligman,Edee.Seligman@dummymail.com,Edee.Seligman@dummymail.com,firefighter
368,Cathyleen,Ricki,Cathyleen.Ricki@dummymail.com,Cathyleen.Ricki@dummymail.com,worker
369,Taffy,Virgin,Taffy.Virgin@dummymail.com,Taffy.Virgin@dummymail.com,police officer
370,Adore,Trey,Adore.Trey@dummymail.com,Adore.Trey@dummymail.com,worker
371,Ebonee,Olympium,Ebonee.Olympium@dummymail.com,Ebonee.Olympium@dummymail.com,police officer
372,Oona,Gillan,Oona.Gillan@dummymail.com,Oona.Gillan@dummymail.com,doctor
373,Elsie,Harriman,Elsie.Harriman@dummymail.com,Elsie.Harriman@dummymail.com,police officer
374,Valli,Even,Valli.Even@dummymail.com,Valli.Even@dummymail.com,developer
375,Yvonne,Jotham,Yvonne.Jotham@dummymail.com,Yvonne.Jotham@dummymail.com,doctor
376,Caressa,Hilbert,Caressa.Hilbert@dummymail.com,Caressa.Hilbert@dummymail.com,doctor
377,Charlena,Hillel,Charlena.Hillel@dummymail.com,Charlena.Hillel@dummymail.com,developer
378,Hettie,Shirberg,Hettie.Shirberg@dummymail.com,Hettie.Shirberg@dummymail.com,firefighter
379,Audrie,Hazlett,Audrie.Hazlett@dummymail.com,Audrie.Hazlett@dummymail.com,doctor
380,Yolane,Madaih,Yolane.Madaih@dummymail.com,Yolane.Madaih@dummymail.com,developer
381,Rosanne,Jena,Rosanne.Jena@dummymail.com,Rosanne.Jena@dummymail.com,developer
382,Chloris,Bettine,Chloris.Bettine@dummymail.com,Chloris.Bettine@dummymail.com,doctor
383,Brana,Isidore,Brana.Isidore@dummymail.com,Brana.Isidore@dummymail.com,firefighter
384,Veda,Ferrell,Veda.Ferrell@dummymail.com,Veda.Ferrell@dummymail.com,firefighter
385,Dorothy,Harl,Dorothy.Harl@dummymail.com,Dorothy.Harl@dummymail.com,worker
386,Elbertina,Sasnett,Elbertina.Sasnett@dummymail.com,Elbertina.Sasnett@dummymail.com,doctor
387,Kerrin,Taima,Kerrin.Taima@dummymail.com,Kerrin.Taima@dummymail.com,firefighter
388,Karolina,Goddard,Karolina.Goddard@dummymail.com,Karolina.Goddard@dummymail.com,firefighter
389,Carolina,Jerald,Carolina.Jerald@dummymail.com,Carolina.Jerald@dummymail.com,firefighter
390,Kara-Lynn,Erskine,Kara-Lynn.Erskine@dummymail.com,Kara-Lynn.Erskine@dummymail.com,police officer
391,Janenna,Auberbach,Janenna.Auberbach@dummymail.com,Janenna.Auberbach@dummymail.com,worker
392,Michaelina,Kravits,Michaelina.Kravits@dummymail.com,Michaelina.Kravits@dummymail.com,firefighter
393,Gisela,Wesle,Gisela.Wesle@dummymail.com,Gisela.Wesle@dummymail.com,developer
394,Genovera,Niccolo,Genovera.Niccolo@dummymail.com,Genovera.Niccolo@dummymail.com,firefighter
395,Zaria,Fredi,Zaria.Fredi@dummymail.com,Zaria.Fredi@dummymail.com,doctor
396,Yolane,Baudin,Yolane.Baudin@dummymail.com,Yolane.Baudin@dummymail.com,police officer
397,Kerrin,Fax,Kerrin.Fax@dummymail.com,Kerrin.Fax@dummymail.com,developer
398,Tani,Kaete,Tani.Kaete@dummymail.com,Tani.Kaete@dummymail.com,worker
399,Emelina,Delila,Emelina.Delila@dummymail.com,Emelina.Delila@dummymail.com,worker
400,Amalie,Voletta,Amalie.Voletta@dummymail.com,Amalie.Voletta@dummymail.com,doctor
401,Katleen,Matthew,Katleen.Matthew@dummymail.com,Katleen.Matthew@dummymail.com,developer
402,Brynna,Roxanna,Brynna.Roxanna@dummymail.com,Brynna.Roxanna@dummymail.com,police officer
403,Queenie,Ludewig,Queenie.Ludewig@dummymail.com,Queenie.Ludewig@dummymail.com,firefighter
404,Kamilah,Wallis,Kamilah.Wallis@dummymail.com,Kamilah.Wallis@dummymail.com,worker
405,Emilia,Jammal,Emilia.Jammal@dummymail.com,Emilia.Jammal@dummymail.com,worker
406,Sallie,Madelene,Sallie.Madelene@dummymail.com,Sallie.Madelene@dummymail.com,police officer
407,Dotty,Engdahl,Dotty.Engdahl@dummymail.com,Dotty.Engdahl@dummymail.com,worker
408,Leia,Jess,Leia.Jess@dummymail.com,Leia.Jess@dummymail.com,police officer
409,Danika,Delp,Danika.Delp@dummymail.com,Danika.Delp@dummymail.com,doctor
410,Cassondra,Katrine,Cassondra.Katrine@dummymail.com,Cassondra.Katrine@dummymail.com,firefighter
411,Sonni,Matthew,Sonni.Matthew@dummymail.com,Sonni.Matthew@dummymail.com,developer
412,Joceline,Brenn,Joceline.Brenn@dummymail.com,Joceline.Brenn@dummymail.com,doctor
413,Joeann,Sheedy,Joeann.Sheedy@dummymail.com,Joeann.Sheedy@dummymail.com,worker
414,Cassondra,Roumell,Cassondra.Roumell@dummymail.com,Cassondra.Roumell@dummymail.com,developer
415,Edyth,Dielu,Edyth.Dielu@dummymail.com,Edyth.Dielu@dummymail.com,worker
416,Myrtice,Podvin,Myrtice.Podvin@dummymail.com,Myrtice.Podvin@dummymail.com,police officer
417,Bobbi,Bebe,Bobbi.Bebe@dummymail.com,Bobbi.Bebe@dummymail.com,worker
418,Arlina,Deny,Arlina.Deny@dummymail.com,Arlina.Deny@dummymail.com,doctor
419,Annecorinne,Sancho,Annecorinne.Sancho@dummymail.com,Annecorinne.Sancho@dummymail.com,doctor
420,Maryellen,Bobbee,Maryellen.Bobbee@dummymail.com,Maryellen.Bobbee@dummymail.com,developer
421,Lanna,Sinegold,Lanna.Sinegold@dummymail.com,Lanna.Sinegold@dummymail.com,worker
422,Gabi,Yoko,Gabi.Yoko@dummymail.com,Gabi.Yoko@dummymail.com,police officer
423,Yetty,Ardeha,Yetty.Ardeha@dummymail.com,Yetty.Ardeha@dummymail.com,developer
424,Kathi,Mallon,Kathi.Mallon@dummymail.com,Kathi.Mallon@dummymail.com,developer
425,Raf,Parette,Raf.Parette@dummymail.com,Raf.Parette@dummymail.com,firefighter
426,Maurene,Eiser,Maurene.Eiser@dummymail.com,Maurene.Eiser@dummymail.com,doctor
427,Belva,Sidonius,Belva.Sidonius@dummymail.com,Belva.Sidonius@dummymail.com,doctor
428,Shandie,Friede,Shandie.Friede@dummymail.com,Shandie.Friede@dummymail.com,doctor
429,Monika,Cleavland,Monika.Cleavland@dummymail.com,Monika.Cleavland@dummymail.com,worker
430,Sabina,Lacombe,Sabina.Lacombe@dummymail.com,Sabina.Lacombe@dummymail.com,police officer
431,Ida,Toffic,Ida.Toffic@dummymail.com,Ida.Toffic@dummymail.com,police officer
432,Lulita,Gert,Lulita.Gert@dummymail.com,Lulita.Gert@dummymail.com,doctor
433,Mallory,Etom,Mallory.Etom@dummymail.com,Mallory.Etom@dummymail.com,worker
434,Madelle,Ashok,Madelle.Ashok@dummymail.com,Madelle.Ashok@dummymail.com,doctor
435,Pierette,Bevin,Pierette.Bevin@dummymail.com,Pierette.Bevin@dummymail.com,firefighter
436,Sonni,Gladstone,Sonni.Gladstone@dummymail.com,Sonni.Gladstone@dummymail.com,worker
437,Charlena,Sasnett,Charlena.Sasnett@dummymail.com,Charlena.Sasnett@dummymail.com,firefighter
438,Elie,Penelopa,Elie.Penelopa@dummymail.com,Elie.Penelopa@dummymail.com,doctor
439,Tani,Rillings,Tani.Rillings@dummymail.com,Tani.Rillings@dummymail.com,doctor
440,Judy,Jefferey,Judy.Jefferey@dummymail.com,Judy.Jefferey@dummymail.com,police officer
441,Karina,Virgin,Karina.Virgin@dummymail.com,Karina.Virgin@dummymail.com,firefighter
442,Janenna,Herrera,Janenna.Herrera@dummymail.com,Janenna.Herrera@dummymail.com,developer
443,Valli,Nunci,Valli.Nunci@dummymail.com,Valli.Nunci@dummymail.com,worker
444,Vanessa,Delp,Vanessa.Delp@dummymail.com,Vanessa.Delp@dummymail.com,developer
445,Gerianna,Jeanne,Gerianna.Jeanne@dummymail.com,Gerianna.Jeanne@dummymail.com,developer
446,Nessie,Shama,Nessie.Shama@dummymail.com,Nessie.Shama@dummymail.com,police officer
447,Alyda,Creamer,Alyda.Creamer@dummymail.com,Alyda.Creamer@dummymail.com,police officer
448,Xylina,Prouty,Xylina.Prouty@dummymail.com,Xylina.Prouty@dummymail.com,worker
449,Carolina,Marisa,Carolina.Marisa@dummymail.com,Carolina.Marisa@dummymail.com,developer
450,Corina,Colleen,Corina.Colleen@dummymail.com,Corina.Colleen@dummymail.com,developer
451,Sidoney,Prouty,Sidoney.Prouty@dummymail.com,Sidoney.Prouty@dummymail.com,police officer
452,Stephanie,Sothena,Stephanie.Sothena@dummymail.com,Stephanie.Sothena@dummymail.com,police officer
453,Briney,Seligman,Briney.Seligman@dummymail.com,Briney.Seligman@dummymail.com,police officer
454,Max,Amadas,Max.Amadas@dummymail.com,Max.Amadas@dummymail.com,worker
455,Fidelia,Keily,Fidelia.Keily@dummymail.com,Fidelia.Keily@dummymail.com,doctor
456,Gianina,Freddi,Gianina.Freddi@dummymail.com,Gianina.Freddi@dummymail.com,developer
457,Kate,Jena,Kate.Jena@dummymail.com,Kate.Jena@dummymail.com,police officer
458,Consuela,Sigfrid,Consuela.Sigfrid@dummymail.com,Consuela.Sigfrid@dummymail.com,developer
459,Veda,Vastah,Veda.Vastah@dummymail.com,Veda.Vastah@dummymail.com,police officer
460,Cherrita,Seagraves,Cherrita.Seagraves@dummymail.com,Cherrita.Seagraves@dummymail.com,developer
461,Frank,Lasley,Frank.Lasley@dummymail.com,Frank.Lasley@dummymail.com,worker
462,Lexine,Zeeba,Lexine.Zeeba@dummymail.com,Lexine.Zeeba@dummymail.com,developer
463,Dulcinea,Taam,Dulcinea.Taam@dummymail.com,Dulcinea.Taam@dummymail.com,doctor
464,Lisette,Mehalek,Lisette.Mehalek@dummymail.com,Lisette.Mehalek@dummymail.com,police officer
465,Hallie,O'Neill,Hallie.O'Neill@dummymail.com,Hallie.O'Neill@dummymail.com,worker
466,Cristabel,Clarissa,Cristabel.Clarissa@dummymail.com,Cristabel.Clarissa@dummymail.com,doctor
467,Daphne,Mathilde,Daphne.Mathilde@dummymail.com,Daphne.Mathilde@dummymail.com,firefighter
468,Renie,Anderea,Renie.Anderea@dummymail.com,Renie.Anderea@dummymail.com,developer
469,Frances,Ralfston,Frances.Ralfston@dummymail.com,Frances.Ralfston@dummymail.com,worker
470,Ardys,Prouty,Ardys.Prouty@dummymail.com,Ardys.Prouty@dummymail.com,firefighter
471,Trudie,Durware,Trudie.Durware@dummymail.com,Trudie.Durware@dummymail.com,doctor
472,Minne,Agle,Minne.Agle@dummymail.com,Minne.Agle@dummymail.com,police officer
473,Susan,Damarra,Susan.Damarra@dummymail.com,Susan.Damarra@dummymail.com,firefighter
474,Abbie,Thad,Abbie.Thad@dummymail.com,Abbie.Thad@dummymail.com,worker
475,Edith,Wandie,Edith.Wandie@dummymail.com,Edith.Wandie@dummymail.com,firefighter
476,Leona,Mata,Leona.Mata@dummymail.com,Leona.Mata@dummymail.com,doctor
477,Fredericka,Dex,Fredericka.Dex@dummymail.com,Fredericka.Dex@dummymail.com,police officer
478,Cherrita,Schroth,Cherrita.Schroth@dummymail.com,Cherrita.Schroth@dummymail.com,doctor
479,Johna,Idelia,Johna.Idelia@dummymail.com,Johna.Idelia@dummymail.com,worker
480,Annice,Dyche,Annice.Dyche@dummymail.com,Annice.Dyche@dummymail.com,police officer
481,Demetris,Afton,Demetris.Afton@dummymail.com,Demetris.Afton@dummymail.com,police officer
482,Bernardine,Sheng,Bernardine.Sheng@dummymail.com,Bernardine.Sheng@dummymail.com,firefighter
483,Concettina,Felecia,Concettina.Felecia@dummymail.com,Concettina.Felecia@dummymail.com,developer
484,Hope,Janene,Hope.Janene@dummymail.com,Hope.Janene@dummymail.com,firefighter
485,Ida,Briney,Ida.Briney@dummymail.com,Ida.Briney@dummymail.com,developer
486,Max,Jacqui,Max.Jacqui@dummymail.com,Max.Jacqui@dummymail.com,police officer
487,Berta,Justinn,Berta.Justinn@dummymail.com,Berta.Justinn@dummymail.com,doctor
488,Brana,Winnick,Brana.Winnick@dummymail.com,Brana.Winnick@dummymail.com,doctor
489,Aryn,Autrey,Aryn.Autrey@dummymail.com,Aryn.Autrey@dummymail.com,police officer
490,Deane,Miru,Deane.Miru@dummymail.com,Deane.Miru@dummymail.com,doctor
491,Magdalena,Borrell,Magdalena.Borrell@dummymail.com,Magdalena.Borrell@dummymail.com,doctor
492,Daryl,McAdams,Daryl.McAdams@dummymail.com,Daryl.McAdams@dummymail.com,doctor
493,Raina,Mauer,Raina.Mauer@dummymail.com,Raina.Mauer@dummymail.com,doctor
494,Andeee,Horan,Andeee.Horan@dummymail.com,Andeee.Horan@dummymail.com,firefighter
495,Lenna,Elsinore,Lenna.Elsinore@dummymail.com,Lenna.Elsinore@dummymail.com,developer
496,Cissiee,Hertzfeld,Cissiee.Hertzfeld@dummymail.com,Cissiee.Hertzfeld@dummymail.com,police officer
497,Addia,Screens,Addia.Screens@dummymail.com,Addia.Screens@dummymail.com,police officer
498,Jillayne,Fiann,Jillayne.Fiann@dummymail.com,Jillayne.Fiann@dummymail.com,police officer
499,Kathy,Ranjiv,Kathy.Ranjiv@dummymail.com,Kathy.Ranjiv@dummymail.com,worker
500,Adele,Alabaster,Adele.Alabaster@dummymail.com,Adele.Alabaster@dummymail.com,worker
501,Jean,Raseda,Jean.Raseda@dummymail.com,Jean.Raseda@dummymail.com,worker
502,Leontine,Grosz,Leontine.Grosz@dummymail.com,Leontine.Grosz@dummymail.com,doctor
503,Agnese,Nahum,Agnese.Nahum@dummymail.com,Agnese.Nahum@dummymail.com,police officer
504,Hollie,Medrek,Hollie.Medrek@dummymail.com,Hollie.Medrek@dummymail.com,firefighter
505,Inga,Rosette,Inga.Rosette@dummymail.com,Inga.Rosette@dummymail.com,police officer
506,Miquela,Zetta,Miquela.Zetta@dummymail.com,Miquela.Zetta@dummymail.com,firefighter
507,Elsie,Nerita,Elsie.Nerita@dummymail.com,Elsie.Nerita@dummymail.com,doctor
508,Romona,Berard,Romona.Berard@dummymail.com,Romona.Berard@dummymail.com,developer
509,Amara,Rossner,Amara.Rossner@dummymail.com,Amara.Rossner@dummymail.com,police officer
510,Brandise,Darian,Brandise.Darian@dummymail.com,Brandise.Darian@dummymail.com,police officer
511,Raina,Pearse,Raina.Pearse@dummymail.com,Raina.Pearse@dummymail.com,police officer
512,Drucie,Darian,Drucie.Darian@dummymail.com,Drucie.Darian@dummymail.com,firefighter
513,Audrie,Lenny,Audrie.Lenny@dummymail.com,Audrie.Lenny@dummymail.com,doctor
514,Frances,Wyn,Frances.Wyn@dummymail.com,Frances.Wyn@dummymail.com,worker
515,Ardeen,Genna,Ardeen.Genna@dummymail.com,Ardeen.Genna@dummymail.com,police officer
516,Constance,Fosque,Constance.Fosque@dummymail.com,Constance.Fosque@dummymail.com,developer
517,Rochette,Colbert,Rochette.Colbert@dummymail.com,Rochette.Colbert@dummymail.com,doctor
518,Shel,Eachern,Shel.Eachern@dummymail.com,Shel.Eachern@dummymail.com,firefighter
519,Mahalia,Dermott,Mahalia.Dermott@dummymail.com,Mahalia.Dermott@dummymail.com,police officer
520,Katleen,Narton,Katleen.Narton@dummymail.com,Katleen.Narton@dummymail.com,police officer
521,Renie,Dermott,Renie.Dermott@dummymail.com,Renie.Dermott@dummymail.com,worker
522,Harrietta,Melony,Harrietta.Melony@dummymail.com,Harrietta.Melony@dummymail.com,police officer
523,Jemie,Fosque,Jemie.Fosque@dummymail.com,Jemie.Fosque@dummymail.com,developer
524,Natka,Irmine,Natka.Irmine@dummymail.com,Natka.Irmine@dummymail.com,developer
525,Sara-Ann,Connelly,Sara-Ann.Connelly@dummymail.com,Sara-Ann.Connelly@dummymail.com,doctor
526,Gratia,Fink,Gratia.Fink@dummymail.com,Gratia.Fink@dummymail.com,doctor
527,Noelle,Ammann,Noelle.Ammann@dummymail.com,Noelle.Ammann@dummymail.com,doctor
528,Mady,Noelyn,Mady.Noelyn@dummymail.com,Mady.Noelyn@dummymail.com,developer
529,Kerrin,Stelle,Kerrin.Stelle@dummymail.com,Kerrin.Stelle@dummymail.com,police officer
530,Phedra,Wilona,Phedra.Wilona@dummymail.com,Phedra.Wilona@dummymail.com,doctor
531,Imojean,Lindemann,Imojean.Lindemann@dummymail.com,Imojean.Lindemann@dummymail.com,developer
532,Fernande,Elo,Fernande.Elo@dummymail.com,Fernande.Elo@dummymail.com,developer
533,Chloris,Kelula,Chloris.Kelula@dummymail.com,Chloris.Kelula@dummymail.com,doctor
534,Gaylene,Narton,Gaylene.Narton@dummymail.com,Gaylene.Narton@dummymail.com,doctor
535,Shaine,Holbrook,Shaine.Holbrook@dummymail.com,Shaine.Holbrook@dummymail.com,firefighter
536,Aeriela,Saree,Aeriela.Saree@dummymail.com,Aeriela.Saree@dummymail.com,developer
537,Daune,Jaylene,Daune.Jaylene@dummymail.com,Daune.Jaylene@dummymail.com,worker
538,Lanae,Afton,Lanae.Afton@dummymail.com,Lanae.Afton@dummymail.com,developer
539,Paulita,Papageno,Paulita.Papageno@dummymail.com,Paulita.Papageno@dummymail.com,doctor
540,Valeda,Bevin,Valeda.Bevin@dummymail.com,Valeda.Bevin@dummymail.com,doctor
541,Jorry,Redmond,Jorry.Redmond@dummymail.com,Jorry.Redmond@dummymail.com,doctor
542,Peri,Donell,Peri.Donell@dummymail.com,Peri.Donell@dummymail.com,firefighter
543,Roseline,Aurelio,Roseline.Aurelio@dummymail.com,Roseline.Aurelio@dummymail.com,police officer
544,Jordan,Parette,Jordan.Parette@dummymail.com,Jordan.Parette@dummymail.com,firefighter
545,Henriette,Karylin,Henriette.Karylin@dummymail.com,Henriette.Karylin@dummymail.com,doctor
546,Emelina,Chesna,Emelina.Chesna@dummymail.com,Emelina.Chesna@dummymail.com,developer
547,Verla,Alrich,Verla.Alrich@dummymail.com,Verla.Alrich@dummymail.com,police officer
548,Shirlee,Kirbee,Shirlee.Kirbee@dummymail.com,Shirlee.Kirbee@dummymail.com,doctor
549,Cathie,Nance,Cathie.Nance@dummymail.com,Cathie.Nance@dummymail.com,police officer
550,Tybie,Cornelia,Tybie.Cornelia@dummymail.com,Tybie.Cornelia@dummymail.com,police officer
551,Sissy,Kellby,Sissy.Kellby@dummymail.com,Sissy.Kellby@dummymail.com,developer
552,Alex,Vorster,Alex.Vorster@dummymail.com,Alex.Vorster@dummymail.com,firefighter
553,Elora,Hashim,Elora.Hashim@dummymail.com,Elora.Hashim@dummymail.com,developer
554,Gerrie,Bendick,Gerrie.Bendick@dummymail.com,Gerrie.Bendick@dummymail.com,worker
555,Dorene,Saree,Dorene.Saree@dummymail.com,Dorene.Saree@dummymail.com,worker
556,Yolane,Ashely,Yolane.Ashely@dummymail.com,Yolane.Ashely@dummymail.com,firefighter
557,Fredericka,Shanley,Fredericka.Shanley@dummymail.com,Fredericka.Shanley@dummymail.com,developer
558,Clary,Fax,Clary.Fax@dummymail.com,Clary.Fax@dummymail.com,worker
559,Catrina,Ioab,Catrina.Ioab@dummymail.com,Catrina.Ioab@dummymail.com,developer
560,Ilse,Markman,Ilse.Markman@dummymail.com,Ilse.Markman@dummymail.com,developer
561,Rayna,Neils,Rayna.Neils@dummymail.com,Rayna.Neils@dummymail.com,worker
562,Andree,Roxanna,Andree.Roxanna@dummymail.com,Andree.Roxanna@dummymail.com,worker
563,Lenna,Stelle,Lenna.Stelle@dummymail.com,Lenna.Stelle@dummymail.com,firefighter
564,Millie,Berl,Millie.Berl@dummymail.com,Millie.Berl@dummymail.com,firefighter
565,Raina,Merna,Raina.Merna@dummymail.com,Raina.Merna@dummymail.com,doctor
566,Babita,Erminia,Babita.Erminia@dummymail.com,Babita.Erminia@dummymail.com,worker
567,Jean,Buttaro,Jean.Buttaro@dummymail.com,Jean.Buttaro@dummymail.com,worker
568,Candy,Cleo,Candy.Cleo@dummymail.com,Candy.Cleo@dummymail.com,firefighter
569,Violet,Ledah,Violet.Ledah@dummymail.com,Violet.Ledah@dummymail.com,developer
570,Phedra,Reneta,Phedra.Reneta@dummymail.com,Phedra.Reneta@dummymail.com,doctor
571,Wilma,Sibyls,Wilma.Sibyls@dummymail.com,Wilma.Sibyls@dummymail.com,firefighter
572,Chloris,Anselmi,Chloris.Anselmi@dummymail.com,Chloris.Anselmi@dummymail.com,worker
573,Leontine,Adlare,Leontine.Adlare@dummymail.com,Leontine.Adlare@dummymail.com,doctor
574,Dode,Vharat,Dode.Vharat@dummymail.com,Dode.Vharat@dummymail.com,police officer
575,Kathi,Behre,Kathi.Behre@dummymail.com,Kathi.Behre@dummymail.com,worker
576,Valli,Ricarda,Valli.Ricarda@dummymail.com,Valli.Ricarda@dummymail.com,firefighter
577,Eolanda,Barrus,Eolanda.Barrus@dummymail.com,Eolanda.Barrus@dummymail.com,firefighter
578,Gloria,Zetta,Gloria.Zetta@dummymail.com,Gloria.Zetta@dummymail.com,doctor
579,Shel,Bohlin,Shel.Bohlin@dummymail.com,Shel.Bohlin@dummymail.com,doctor
580,Elena,Lane,Elena.Lane@dummymail.com,Elena.Lane@dummymail.com,firefighter
581,Lorie,Tamsky,Lorie.Tamsky@dummymail.com,Lorie.Tamsky@dummymail.com,doctor
582,Tilly,Douglass,Tilly.Douglass@dummymail.com,Tilly.Douglass@dummymail.com,developer
583,Loree,Gaulin,Loree.Gaulin@dummymail.com,Loree.Gaulin@dummymail.com,police officer
584,Taffy,Raama,Taffy.Raama@dummymail.com,Taffy.Raama@dummymail.com,firefighter
585,Cathyleen,Hailee,Cathyleen.Hailee@dummymail.com,Cathyleen.Hailee@dummymail.com,police officer
586,Fawne,Munn,Fawne.Munn@dummymail.com,Fawne.Munn@dummymail.com,doctor
587,Dyann,Dudley,Dyann.Dudley@dummymail.com,Dyann.Dudley@dummymail.com,worker
588,Lucille,Sikorski,Lucille.Sikorski@dummymail.com,Lucille.Sikorski@dummymail.com,developer
589,Nannie,Darrell,Nannie.Darrell@dummymail.com,Nannie.Darrell@dummymail.com,developer
590,Elena,Camden,Elena.Camden@dummymail.com,Elena.Camden@dummymail.com,firefighter
591,Tressa,Fiann,Tressa.Fiann@dummymail.com,Tressa.Fiann@dummymail.com,police officer
592,Dorthy,Earlie,Dorthy.Earlie@dummymail.com,Dorthy.Earlie@dummymail.com,firefighter
593,Blondelle,Phi,Blondelle.Phi@dummymail.com,Blondelle.Phi@dummymail.com,firefighter
594,Chere,Roarke,Chere.Roarke@dummymail.com,Chere.Roarke@dummymail.com,doctor
595,Nannie,Buttaro,Nannie.Buttaro@dummymail.com,Nannie.Buttaro@dummymail.com,police officer
596,Leontine,Zitvaa,Leontine.Zitvaa@dummymail.com,Leontine.Zitvaa@dummymail.com,worker
597,Layla,Firmin,Layla.Firmin@dummymail.com,Layla.Firmin@dummymail.com,firefighter
598,Nerta,Chaing,Nerta.Chaing@dummymail.com,Nerta.Chaing@dummymail.com,firefighter
599,Cyndie,Bibi,Cyndie.Bibi@dummymail.com,Cyndie.Bibi@dummymail.com,firefighter
600,Nonnah,Carey,Nonnah.Carey@dummymail.com,Nonnah.Carey@dummymail.com,developer
601,Jerry,Suanne,Jerry.Suanne@dummymail.com,Jerry.Suanne@dummymail.com,police officer
602,Valli,Hunfredo,Valli.Hunfredo@dummymail.com,Valli.Hunfredo@dummymail.com,firefighter
603,Carmela,Amasa,Carmela.Amasa@dummymail.com,Carmela.Amasa@dummymail.com,developer
604,Sybille,Wildermuth,Sybille.Wildermuth@dummymail.com,Sybille.Wildermuth@dummymail.com,firefighter
605,Jillayne,Jaylene,Jillayne.Jaylene@dummymail.com,Jillayne.Jaylene@dummymail.com,worker
606,Vere,Wenoa,Vere.Wenoa@dummymail.com,Vere.Wenoa@dummymail.com,worker
607,Emma,Chem,Emma.Chem@dummymail.com,Emma.Chem@dummymail.com,doctor
608,Olwen,Alrich,Olwen.Alrich@dummymail.com,Olwen.Alrich@dummymail.com,developer
609,Jordan,Kaja,Jordan.Kaja@dummymail.com,Jordan.Kaja@dummymail.com,developer
610,Chastity,Valoniah,Chastity.Valoniah@dummymail.com,Chastity.Valoniah@dummymail.com,worker
611,Viviene,Suanne,Viviene.Suanne@dummymail.com,Viviene.Suanne@dummymail.com,firefighter
612,Josephine,Anyah,Josephine.Anyah@dummymail.com,Josephine.Anyah@dummymail.com,worker
613,Roz,Rolf,Roz.Rolf@dummymail.com,Roz.Rolf@dummymail.com,police officer
614,Jordan,Eachern,Jordan.Eachern@dummymail.com,Jordan.Eachern@dummymail.com,developer
615,Clary,Belldas,Clary.Belldas@dummymail.com,Clary.Belldas@dummymail.com,firefighter
616,Gilda,Jammal,Gilda.Jammal@dummymail.com,Gilda.Jammal@dummymail.com,police officer
617,Jolyn,Ortrude,Jolyn.Ortrude@dummymail.com,Jolyn.Ortrude@dummymail.com,firefighter
618,Collen,Ruvolo,Collen.Ruvolo@dummymail.com,Collen.Ruvolo@dummymail.com,firefighter
619,Alejandra,Oscar,Alejandra.Oscar@dummymail.com,Alejandra.Oscar@dummymail.com,doctor
620,Vevay,Avi,Vevay.Avi@dummymail.com,Vevay.Avi@dummymail.com,police officer
621,Debee,Buffum,Debee.Buffum@dummymail.com,Debee.Buffum@dummymail.com,doctor
622,Merry,Jerold,Merry.Jerold@dummymail.com,Merry.Jerold@dummymail.com,police officer
623,Sherrie,Oneida,Sherrie.Oneida@dummymail.com,Sherrie.Oneida@dummymail.com,firefighter
624,Heida,Ummersen,Heida.Ummersen@dummymail.com,Heida.Ummersen@dummymail.com,doctor
625,Isa,Guildroy,Isa.Guildroy@dummymail.com,Isa.Guildroy@dummymail.com,doctor
626,Desirae,Bultman,Desirae.Bultman@dummymail.com,Desirae.Bultman@dummymail.com,worker
627,Alyssa,Grosz,Alyssa.Grosz@dummymail.com,Alyssa.Grosz@dummymail.com,worker
628,Nataline,Ambrosia,Nataline.Ambrosia@dummymail.com,Nataline.Ambrosia@dummymail.com,doctor
629,Caritta,Desai,Caritta.Desai@dummymail.com,Caritta.Desai@dummymail.com,worker
630,Mignon,Bronk,Mignon.Bronk@dummymail.com,Mignon.Bronk@dummymail.com,worker
631,Belinda,Pond,Belinda.Pond@dummymail.com,Belinda.Pond@dummymail.com,police officer
632,Linzy,Kat,Linzy.Kat@dummymail.com,Linzy.Kat@dummymail.com,worker
633,Sue,Yuille,Sue.Yuille@dummymail.com,Sue.Yuille@dummymail.com,firefighter
634,Rori,Bergman,Rori.Bergman@dummymail.com,Rori.Bergman@dummymail.com,developer
635,Leeanne,Cadmar,Leeanne.Cadmar@dummymail.com,Leeanne.Cadmar@dummymail.com,worker
636,Nelle,Zaslow,Nelle.Zaslow@dummymail.com,Nelle.Zaslow@dummymail.com,worker
637,Janey,Orpah,Janey.Orpah@dummymail.com,Janey.Orpah@dummymail.com,developer
638,Addia,Dash,Addia.Dash@dummymail.com,Addia.Dash@dummymail.com,developer
639,Meriel,Dannye,Meriel.Dannye@dummymail.com,Meriel.Dannye@dummymail.com,doctor
640,Devina,Adalbert,Devina.Adalbert@dummymail.com,Devina.Adalbert@dummymail.com,police officer
641,Dorene,Francene,Dorene.Francene@dummymail.com,Dorene.Francene@dummymail.com,police officer
642,Shauna,Linskey,Shauna.Linskey@dummymail.com,Shauna.Linskey@dummymail.com,developer
643,Brooks,Blake,Brooks.Blake@dummymail.com,Brooks.Blake@dummymail.com,doctor
644,Sibella,Wesle,Sibella.Wesle@dummymail.com,Sibella.Wesle@dummymail.com,worker
645,Jenda,Schwejda,Jenda.Schwejda@dummymail.com,Jenda.Schwejda@dummymail.com,worker
646,Sashenka,Zrike,Sashenka.Zrike@dummymail.com,Sashenka.Zrike@dummymail.com,developer
647,Carilyn,Tamar,Carilyn.Tamar@dummymail.com,Carilyn.Tamar@dummymail.com,police officer
648,Pollyanna,Sheng,Pollyanna.Sheng@dummymail.com,Pollyanna.Sheng@dummymail.com,doctor
649,Kaia,Moina,Kaia.Moina@dummymail.com,Kaia.Moina@dummymail.com,police officer
650,Silvana,Maroney,Silvana.Maroney@dummymail.com,Silvana.Maroney@dummymail.com,firefighter
651,Sindee,Shanley,Sindee.Shanley@dummymail.com,Sindee.Shanley@dummymail.com,firefighter
652,Rhoda,Tyson,Rhoda.Tyson@dummymail.com,Rhoda.Tyson@dummymail.com,doctor
653,Arlena,Arley,Arlena.Arley@dummymail.com,Arlena.Arley@dummymail.com,developer
654,Karly,Uird,Karly.Uird@dummymail.com,Karly.Uird@dummymail.com,police officer
655,Susan,Hailee,Susan.Hailee@dummymail.com,Susan.Hailee@dummymail.com,worker
656,Fidelia,Oriana,Fidelia.Oriana@dummymail.com,Fidelia.Oriana@dummymail.com,doctor
657,Shaylyn,Munn,Shaylyn.Munn@dummymail.com,Shaylyn.Munn@dummymail.com,police officer
658,Madelle,Alfons,Madelle.Alfons@dummymail.com,Madelle.Alfons@dummymail.com,police officer
659,Catrina,Fink,Catrina.Fink@dummymail.com,Catrina.Fink@dummymail.com,firefighter
660,Jolyn,Wilkinson,Jolyn.Wilkinson@dummymail.com,Jolyn.Wilkinson@dummymail.com,doctor
661,Verla,Erminia,Verla.Erminia@dummymail.com,Verla.Erminia@dummymail.com,worker
662,Cherrita,Jacobah,Cherrita.Jacobah@dummymail.com,Cherrita.Jacobah@dummymail.com,worker
663,Shaylyn,Uird,Shaylyn.Uird@dummymail.com,Shaylyn.Uird@dummymail.com,doctor
664,Deirdre,Lorenz,Deirdre.Lorenz@dummymail.com,Deirdre.Lorenz@dummymail.com,doctor
665,Grier,Lareena,Grier.Lareena@dummymail.com,Grier.Lareena@dummymail.com,doctor
666,Helena,Fosque,Helena.Fosque@dummymail.com,Helena.Fosque@dummymail.com,worker
667,Jordan,Blase,Jordan.Blase@dummymail.com,Jordan.Blase@dummymail.com,doctor
668,Addia,Dreda,Addia.Dreda@dummymail.com,Addia.Dreda@dummymail.com,police officer
669,Alia,Merna,Alia.Merna@dummymail.com,Alia.Merna@dummymail.com,police officer
670,Eugine,Freddi,Eugine.Freddi@dummymail.com,Eugine.Freddi@dummymail.com,firefighter
671,Louella,Gherardo,Louella.Gherardo@dummymail.com,Louella.Gherardo@dummymail.com,developer
672,Lily,Amadas,Lily.Amadas@dummymail.com,Lily.Amadas@dummymail.com,worker
673,Genevra,Phaidra,Genevra.Phaidra@dummymail.com,Genevra.Phaidra@dummymail.com,firefighter
674,Norine,Aaberg,Norine.Aaberg@dummymail.com,Norine.Aaberg@dummymail.com,doctor
675,Imojean,Rogerio,Imojean.Rogerio@dummymail.com,Imojean.Rogerio@dummymail.com,firefighter
676,Desirae,Pyle,Desirae.Pyle@dummymail.com,Desirae.Pyle@dummymail.com,developer
677,Bernie,Cynar,Bernie.Cynar@dummymail.com,Bernie.Cynar@dummymail.com,firefighter
678,Aigneis,Arne,Aigneis.Arne@dummymail.com,Aigneis.Arne@dummymail.com,worker
679,Christy,Sammons,Christy.Sammons@dummymail.com,Christy.Sammons@dummymail.com,developer
680,Andree,Gilbertson,Andree.Gilbertson@dummymail.com,Andree.Gilbertson@dummymail.com,police officer
681,Farrah,Pulsifer,Farrah.Pulsifer@dummymail.com,Farrah.Pulsifer@dummymail.com,police officer
682,Cristabel,Maurine,Cristabel.Maurine@dummymail.com,Cristabel.Maurine@dummymail.com,firefighter
683,Addia,Frodi,Addia.Frodi@dummymail.com,Addia.Frodi@dummymail.com,developer
684,Andeee,Hathaway,Andeee.Hathaway@dummymail.com,Andeee.Hathaway@dummymail.com,developer
685,Pollyanna,Tillford,Pollyanna.Tillford@dummymail.com,Pollyanna.Tillford@dummymail.com,firefighter
686,Sabina,Kirbee,Sabina.Kirbee@dummymail.com,Sabina.Kirbee@dummymail.com,firefighter
687,Johna,Torray,Johna.Torray@dummymail.com,Johna.Torray@dummymail.com,worker
688,Briney,Voletta,Briney.Voletta@dummymail.com,Briney.Voletta@dummymail.com,police officer
689,Yolane,Shelba,Yolane.Shelba@dummymail.com,Yolane.Shelba@dummymail.com,doctor
690,Britni,Ursulette,Britni.Ursulette@dummymail.com,Britni.Ursulette@dummymail.com,developer
691,Cherrita,Celestine,Cherrita.Celestine@dummymail.com,Cherrita.Celestine@dummymail.com,firefighter
692,Millie,Franza,Millie.Franza@dummymail.com,Millie.Franza@dummymail.com,developer
693,Nanete,Gherardo,Nanete.Gherardo@dummymail.com,Nanete.Gherardo@dummymail.com,worker
694,Linzy,Longfellow,Linzy.Longfellow@dummymail.com,Linzy.Longfellow@dummymail.com,developer
695,Andree,Lymann,Andree.Lymann@dummymail.com,Andree.Lymann@dummymail.com,developer
696,Jennica,MacIntosh,Jennica.MacIntosh@dummymail.com,Jennica.MacIntosh@dummymail.com,worker
697,Briney,Philoo,Briney.Philoo@dummymail.com,Briney.Philoo@dummymail.com,developer
698,Nikki,Bollay,Nikki.Bollay@dummymail.com,Nikki.Bollay@dummymail.com,worker
699,Luci,Shuler,Luci.Shuler@dummymail.com,Luci.Shuler@dummymail.com,firefighter
700,Leanna,Corabella,Leanna.Corabella@dummymail.com,Leanna.Corabella@dummymail.com,worker
701,Beatriz,Orlene,Beatriz.Orlene@dummymail.com,Beatriz.Orlene@dummymail.com,police officer
702,Evaleen,Audly,Evaleen.Audly@dummymail.com,Evaleen.Audly@dummymail.com,doctor
703,Candy,Anis,Candy.Anis@dummymail.com,Candy.Anis@dummymail.com,worker
704,Karina,Delacourt,Karina.Delacourt@dummymail.com,Karina.Delacourt@dummymail.com,firefighter
705,Jaclyn,Jenness,Jaclyn.Jenness@dummymail.com,Jaclyn.Jenness@dummymail.com,developer
706,Amii,Publia,Amii.Publia@dummymail.com,Amii.Publia@dummymail.com,firefighter
707,Lucy,Mullane,Lucy.Mullane@dummymail.com,Lucy.Mullane@dummymail.com,developer
708,Jorry,Uund,Jorry.Uund@dummymail.com,Jorry.Uund@dummymail.com,developer
709,Mignon,Gert,Mignon.Gert@dummymail.com,Mignon.Gert@dummymail.com,doctor
710,Christal,Katrine,Christal.Katrine@dummymail.com,Christal.Katrine@dummymail.com,developer
711,Elmira,Palocz,Elmira.Palocz@dummymail.com,Elmira.Palocz@dummymail.com,firefighter
712,Andeee,Dannye,Andeee.Dannye@dummymail.com,Andeee.Dannye@dummymail.com,doctor
713,Zondra,Teryn,Zondra.Teryn@dummymail.com,Zondra.Teryn@dummymail.com,doctor
714,Kimberley,Prober,Kimberley.Prober@dummymail.com,Kimberley.Prober@dummymail.com,doctor
715,Corry,Pattin,Corry.Pattin@dummymail.com,Corry.Pattin@dummymail.com,worker
716,Chickie,Goth,Chickie.Goth@dummymail.com,Chickie.Goth@dummymail.com,developer
717,Hayley,Odell,Hayley.Odell@dummymail.com,Hayley.Odell@dummymail.com,police officer
718,Harmonia,Beniamino,Harmonia.Beniamino@dummymail.com,Harmonia.Beniamino@dummymail.com,doctor
719,Annice,Bandeen,Annice.Bandeen@dummymail.com,Annice.Bandeen@dummymail.com,doctor
720,Hallie,Edee,Hallie.Edee@dummymail.com,Hallie.Edee@dummymail.com,doctor
721,Cecile,Blake,Cecile.Blake@dummymail.com,Cecile.Blake@dummymail.com,police officer
722,Marita,Felecia,Marita.Felecia@dummymail.com,Marita.Felecia@dummymail.com,firefighter
723,Berta,Therine,Berta.Therine@dummymail.com,Berta.Therine@dummymail.com,firefighter
724,Nicoli,Johnsson,Nicoli.Johnsson@dummymail.com,Nicoli.Johnsson@dummymail.com,police officer
725,Melanie,Guthrie,Melanie.Guthrie@dummymail.com,Melanie.Guthrie@dummymail.com,developer
726,Babita,Elvyn,Babita.Elvyn@dummymail.com,Babita.Elvyn@dummymail.com,doctor
727,Dorthy,Maxi,Dorthy.Maxi@dummymail.com,Dorthy.Maxi@dummymail.com,firefighter
728,Jillayne,Melleta,Jillayne.Melleta@dummymail.com,Jillayne.Melleta@dummymail.com,police officer
729,Emilia,Daniele,Emilia.Daniele@dummymail.com,Emilia.Daniele@dummymail.com,worker
730,Elora,Skell,Elora.Skell@dummymail.com,Elora.Skell@dummymail.com,firefighter
731,Karolina,Anyah,Karolina.Anyah@dummymail.com,Karolina.Anyah@dummymail.com,developer
732,Ursulina,Thomasina,Ursulina.Thomasina@dummymail.com,Ursulina.Thomasina@dummymail.com,police officer
733,Vere,Chesna,Vere.Chesna@dummymail.com,Vere.Chesna@dummymail.com,doctor
734,Leontine,Clywd,Leontine.Clywd@dummymail.com,Leontine.Clywd@dummymail.com,developer
735,Dede,Estella,Dede.Estella@dummymail.com,Dede.Estella@dummymail.com,worker
736,Nickie,Faria,Nickie.Faria@dummymail.com,Nickie.Faria@dummymail.com,firefighter
737,Christy,Toffic,Christy.Toffic@dummymail.com,Christy.Toffic@dummymail.com,worker
738,Sissy,Phi,Sissy.Phi@dummymail.com,Sissy.Phi@dummymail.com,doctor
739,Cordi,Gale,Cordi.Gale@dummymail.com,Cordi.Gale@dummymail.com,doctor
740,Roxane,Screens,Roxane.Screens@dummymail.com,Roxane.Screens@dummymail.com,firefighter
741,Deane,Ader,Deane.Ader@dummymail.com,Deane.Ader@dummymail.com,firefighter
742,Elyssa,Mitzi,Elyssa.Mitzi@dummymail.com,Elyssa.Mitzi@dummymail.com,doctor
743,Natka,Naashom,Natka.Naashom@dummymail.com,Natka.Naashom@dummymail.com,firefighter
744,Sidoney,Agle,Sidoney.Agle@dummymail.com,Sidoney.Agle@dummymail.com,firefighter
745,Binny,Halla,Binny.Halla@dummymail.com,Binny.Halla@dummymail.com,doctor
746,Isa,Douglass,Isa.Douglass@dummymail.com,Isa.Douglass@dummymail.com,doctor
747,Cherilyn,Yerkovich,Cherilyn.Yerkovich@dummymail.com,Cherilyn.Yerkovich@dummymail.com,worker
748,Chandra,Juan,Chandra.Juan@dummymail.com,Chandra.Juan@dummymail.com,worker
749,Alisha,Screens,Alisha.Screens@dummymail.com,Alisha.Screens@dummymail.com,developer
750,Adriana,Sigfrid,Adriana.Sigfrid@dummymail.com,Adriana.Sigfrid@dummymail.com,firefighter
751,June,Anastatius,June.Anastatius@dummymail.com,June.Anastatius@dummymail.com,firefighter
752,Minne,Voletta,Minne.Voletta@dummymail.com,Minne.Voletta@dummymail.com,police officer
753,Mathilda,Roumell,Mathilda.Roumell@dummymail.com,Mathilda.Roumell@dummymail.com,firefighter
754,Ethel,Ashely,Ethel.Ashely@dummymail.com,Ethel.Ashely@dummymail.com,developer
755,Hollie,Diogenes,Hollie.Diogenes@dummymail.com,Hollie.Diogenes@dummymail.com,worker
756,Theodora,Nisbet,Theodora.Nisbet@dummymail.com,Theodora.Nisbet@dummymail.com,police officer
757,Jackie,Helfand,Jackie.Helfand@dummymail.com,Jackie.Helfand@dummymail.com,doctor
758,Alex,Kiyoshi,Alex.Kiyoshi@dummymail.com,Alex.Kiyoshi@dummymail.com,firefighter
759,Ariela,Moseley,Ariela.Moseley@dummymail.com,Ariela.Moseley@dummymail.com,worker
760,Michaelina,Carleen,Michaelina.Carleen@dummymail.com,Michaelina.Carleen@dummymail.com,doctor
761,Cassondra,Karna,Cassondra.Karna@dummymail.com,Cassondra.Karna@dummymail.com,worker
762,Shandie,Diann,Shandie.Diann@dummymail.com,Shandie.Diann@dummymail.com,developer
763,Layla,Isacco,Layla.Isacco@dummymail.com,Layla.Isacco@dummymail.com,worker
764,Almeta,Mozelle,Almeta.Mozelle@dummymail.com,Almeta.Mozelle@dummymail.com,police officer
765,Wilma,Noam,Wilma.Noam@dummymail.com,Wilma.Noam@dummymail.com,developer
766,Hettie,Rogerio,Hettie.Rogerio@dummymail.com,Hettie.Rogerio@dummymail.com,doctor
767,Steffane,Kendrick,Steffane.Kendrick@dummymail.com,Steffane.Kendrick@dummymail.com,developer
768,Starla,Dulciana,Starla.Dulciana@dummymail.com,Starla.Dulciana@dummymail.com,police officer
769,Aaren,Kare,Aaren.Kare@dummymail.com,Aaren.Kare@dummymail.com,worker
770,Halette,Stoller,Halette.Stoller@dummymail.com,Halette.Stoller@dummymail.com,doctor
771,Teddie,Faso,Teddie.Faso@dummymail.com,Teddie.Faso@dummymail.com,doctor
772,Cecile,Therine,Cecile.Therine@dummymail.com,Cecile.Therine@dummymail.com,worker
773,Augustine,Greyson,Augustine.Greyson@dummymail.com,Augustine.Greyson@dummymail.com,developer
774,Dagmar,Hirsch,Dagmar.Hirsch@dummymail.com,Dagmar.Hirsch@dummymail.com,firefighter
775,Fina,Wiener,Fina.Wiener@dummymail.com,Fina.Wiener@dummymail.com,police officer
776,Fanchon,Auberbach,Fanchon.Auberbach@dummymail.com,Fanchon.Auberbach@dummymail.com,doctor
777,Chastity,Primalia,Chastity.Primalia@dummymail.com,Chastity.Primalia@dummymail.com,police officer
778,Corly,Crudden,Corly.Crudden@dummymail.com,Corly.Crudden@dummymail.com,doctor
779,Nita,Tryck,Nita.Tryck@dummymail.com,Nita.Tryck@dummymail.com,firefighter
780,Chandra,Constancy,Chandra.Constancy@dummymail.com,Chandra.Constancy@dummymail.com,doctor
781,Heddie,Ackerley,Heddie.Ackerley@dummymail.com,Heddie.Ackerley@dummymail.com,worker
782,Carlie,Gladstone,Carlie.Gladstone@dummymail.com,Carlie.Gladstone@dummymail.com,developer
783,Elsie,Allare,Elsie.Allare@dummymail.com,Elsie.Allare@dummymail.com,developer
784,Willetta,Ailyn,Willetta.Ailyn@dummymail.com,Willetta.Ailyn@dummymail.com,developer
785,Demetris,Curren,Demetris.Curren@dummymail.com,Demetris.Curren@dummymail.com,firefighter
786,Misha,Shelba,Misha.Shelba@dummymail.com,Misha.Shelba@dummymail.com,worker
787,Thalia,Jobi,Thalia.Jobi@dummymail.com,Thalia.Jobi@dummymail.com,developer
788,Sandie,Imelida,Sandie.Imelida@dummymail.com,Sandie.Imelida@dummymail.com,doctor
789,Shaylyn,Jess,Shaylyn.Jess@dummymail.com,Shaylyn.Jess@dummymail.com,police officer
790,Gilligan,Koziara,Gilligan.Koziara@dummymail.com,Gilligan.Koziara@dummymail.com,police officer
791,Liana,Ruvolo,Liana.Ruvolo@dummymail.com,Liana.Ruvolo@dummymail.com,firefighter
792,Claudina,Buttaro,Claudina.Buttaro@dummymail.com,Claudina.Buttaro@dummymail.com,police officer
793,Reeba,Urania,Reeba.Urania@dummymail.com,Reeba.Urania@dummymail.com,firefighter
794,Donetta,Stuart,Donetta.Stuart@dummymail.com,Donetta.Stuart@dummymail.com,worker
795,Mallory,Munn,Mallory.Munn@dummymail.com,Mallory.Munn@dummymail.com,firefighter
796,Karlee,Noam,Karlee.Noam@dummymail.com,Karlee.Noam@dummymail.com,doctor
797,Cyndie,Faria,Cyndie.Faria@dummymail.com,Cyndie.Faria@dummymail.com,firefighter
798,Kaia,Emmy,Kaia.Emmy@dummymail.com,Kaia.Emmy@dummymail.com,firefighter
799,Emmey,Warthman,Emmey.Warthman@dummymail.com,Emmey.Warthman@dummymail.com,doctor
800,Cordi,Bari,Cordi.Bari@dummymail.com,Cordi.Bari@dummymail.com,developer
801,Carree,Georas,Carree.Georas@dummymail.com,Carree.Georas@dummymail.com,developer
802,Sara-Ann,Goddard,Sara-Ann.Goddard@dummymail.com,Sara-Ann.Goddard@dummymail.com,doctor
803,Anthia,Sheedy,Anthia.Sheedy@dummymail.com,Anthia.Sheedy@dummymail.com,firefighter
804,Wendi,Jena,Wendi.Jena@dummymail.com,Wendi.Jena@dummymail.com,doctor
805,Wynne,Sundin,Wynne.Sundin@dummymail.com,Wynne.Sundin@dummymail.com,police officer
806,Lory,Yate,Lory.Yate@dummymail.com,Lory.Yate@dummymail.com,developer
807,Margarette,O'Neill,Margarette.O'Neill@dummymail.com,Margarette.O'Neill@dummymail.com,firefighter
808,Phylis,Shaddock,Phylis.Shaddock@dummymail.com,Phylis.Shaddock@dummymail.com,worker
809,Madelle,Dex,Madelle.Dex@dummymail.com,Madelle.Dex@dummymail.com,developer
810,Angela,Vastah,Angela.Vastah@dummymail.com,Angela.Vastah@dummymail.com,police officer
811,Chloris,Hillel,Chloris.Hillel@dummymail.com,Chloris.Hillel@dummymail.com,firefighter
812,Nikki,Ciro,Nikki.Ciro@dummymail.com,Nikki.Ciro@dummymail.com,doctor
813,Abbie,Diann,Abbie.Diann@dummymail.com,Abbie.Diann@dummymail.com,worker
814,Fanny,Scammon,Fanny.Scammon@dummymail.com,Fanny.Scammon@dummymail.com,developer
815,Eugine,Bohlin,Eugine.Bohlin@dummymail.com,Eugine.Bohlin@dummymail.com,police officer
816,Bernardine,Abernon,Bernardine.Abernon@dummymail.com,Bernardine.Abernon@dummymail.com,police officer
817,Gertrud,Charity,Gertrud.Charity@dummymail.com,Gertrud.Charity@dummymail.com,developer
818,Raina,Simmonds,Raina.Simmonds@dummymail.com,Raina.Simmonds@dummymail.com,doctor
819,Collen,Georgy,Collen.Georgy@dummymail.com,Collen.Georgy@dummymail.com,firefighter
820,Fidelia,Lucienne,Fidelia.Lucienne@dummymail.com,Fidelia.Lucienne@dummymail.com,developer
821,Merrie,Jethro,Merrie.Jethro@dummymail.com,Merrie.Jethro@dummymail.com,police officer
822,Chloris,Stefa,Chloris.Stefa@dummymail.com,Chloris.Stefa@dummymail.com,doctor
823,Cacilie,Henebry,Cacilie.Henebry@dummymail.com,Cacilie.Henebry@dummymail.com,worker
824,Olivette,Seagraves,Olivette.Seagraves@dummymail.com,Olivette.Seagraves@dummymail.com,developer
825,Ebonee,Eliathas,Ebonee.Eliathas@dummymail.com,Ebonee.Eliathas@dummymail.com,worker
826,Gertrud,Juan,Gertrud.Juan@dummymail.com,Gertrud.Juan@dummymail.com,developer
827,Gwyneth,Izaak,Gwyneth.Izaak@dummymail.com,Gwyneth.Izaak@dummymail.com,doctor
828,Ashlee,Susannah,Ashlee.Susannah@dummymail.com,Ashlee.Susannah@dummymail.com,police officer
829,Ofilia,Torray,Ofilia.Torray@dummymail.com,Ofilia.Torray@dummymail.com,doctor
830,Deirdre,Hebner,Deirdre.Hebner@dummymail.com,Deirdre.Hebner@dummymail.com,developer
831,Reeba,Kunin,Reeba.Kunin@dummymail.com,Reeba.Kunin@dummymail.com,worker
832,Odessa,Roxanna,Odessa.Roxanna@dummymail.com,Odessa.Roxanna@dummymail.com,doctor
833,Judy,Pond,Judy.Pond@dummymail.com,Judy.Pond@dummymail.com,doctor
834,Eadie,Ashely,Eadie.Ashely@dummymail.com,Eadie.Ashely@dummymail.com,worker
835,Evita,Blisse,Evita.Blisse@dummymail.com,Evita.Blisse@dummymail.com,firefighter
836,Pollyanna,Kellby,Pollyanna.Kellby@dummymail.com,Pollyanna.Kellby@dummymail.com,firefighter
837,Molli,Gahl,Molli.Gahl@dummymail.com,Molli.Gahl@dummymail.com,firefighter
838,Concettina,Zola,Concettina.Zola@dummymail.com,Concettina.Zola@dummymail.com,doctor
839,Debee,Rubie,Debee.Rubie@dummymail.com,Debee.Rubie@dummymail.com,worker
840,Clarice,Medrek,Clarice.Medrek@dummymail.com,Clarice.Medrek@dummymail.com,developer
841,Stevana,Elbertina,Stevana.Elbertina@dummymail.com,Stevana.Elbertina@dummymail.com,firefighter
842,Misha,Olin,Misha.Olin@dummymail.com,Misha.Olin@dummymail.com,developer
843,Jere,Toor,Jere.Toor@dummymail.com,Jere.Toor@dummymail.com,police officer
844,Gertrud,Brunell,Gertrud.Brunell@dummymail.com,Gertrud.Brunell@dummymail.com,worker
845,Kimmy,Quent,Kimmy.Quent@dummymail.com,Kimmy.Quent@dummymail.com,doctor
846,Robbi,Henebry,Robbi.Henebry@dummymail.com,Robbi.Henebry@dummymail.com,doctor
847,Lulita,Ummersen,Lulita.Ummersen@dummymail.com,Lulita.Ummersen@dummymail.com,developer
848,Janis,Turne,Janis.Turne@dummymail.com,Janis.Turne@dummymail.com,worker
849,Anallese,Merriott,Anallese.Merriott@dummymail.com,Anallese.Merriott@dummymail.com,developer
850,Tonia,Jeanne,Tonia.Jeanne@dummymail.com,Tonia.Jeanne@dummymail.com,firefighter
851,Fredericka,Tayib,Fredericka.Tayib@dummymail.com,Fredericka.Tayib@dummymail.com,developer
852,Margalo,Judye,Margalo.Judye@dummymail.com,Margalo.Judye@dummymail.com,developer
853,Alie,Ivens,Alie.Ivens@dummymail.com,Alie.Ivens@dummymail.com,doctor
854,Odessa,Kronfeld,Odessa.Kronfeld@dummymail.com,Odessa.Kronfeld@dummymail.com,developer
855,Lesly,Gibbeon,Lesly.Gibbeon@dummymail.com,Lesly.Gibbeon@dummymail.com,developer
856,Joane,Shaver,Joane.Shaver@dummymail.com,Joane.Shaver@dummymail.com,developer
857,Ursulina,Kaja,Ursulina.Kaja@dummymail.com,Ursulina.Kaja@dummymail.com,worker
858,Jacenta,Friede,Jacenta.Friede@dummymail.com,Jacenta.Friede@dummymail.com,police officer
859,Gusty,Swigart,Gusty.Swigart@dummymail.com,Gusty.Swigart@dummymail.com,doctor
860,Phedra,Pernick,Phedra.Pernick@dummymail.com,Phedra.Pernick@dummymail.com,doctor
861,Latisha,Briney,Latisha.Briney@dummymail.com,Latisha.Briney@dummymail.com,police officer
862,Cissiee,Zaslow,Cissiee.Zaslow@dummymail.com,Cissiee.Zaslow@dummymail.com,firefighter
863,Malina,Virgin,Malina.Virgin@dummymail.com,Malina.Virgin@dummymail.com,police officer
864,Sashenka,Bashemeth,Sashenka.Bashemeth@dummymail.com,Sashenka.Bashemeth@dummymail.com,doctor
865,Annabela,Septima,Annabela.Septima@dummymail.com,Annabela.Septima@dummymail.com,firefighter
866,Lorie,Morehouse,Lorie.Morehouse@dummymail.com,Lorie.Morehouse@dummymail.com,doctor
867,Gianina,Minetta,Gianina.Minetta@dummymail.com,Gianina.Minetta@dummymail.com,police officer
868,Atlanta,Maxi,Atlanta.Maxi@dummymail.com,Atlanta.Maxi@dummymail.com,doctor
869,Shell,Bivins,Shell.Bivins@dummymail.com,Shell.Bivins@dummymail.com,worker
870,Courtnay,Seagraves,Courtnay.Seagraves@dummymail.com,Courtnay.Seagraves@dummymail.com,firefighter
871,Desirae,Sheedy,Desirae.Sheedy@dummymail.com,Desirae.Sheedy@dummymail.com,firefighter
872,Moyna,O'Carroll,Moyna.O'Carroll@dummymail.com,Moyna.O'Carroll@dummymail.com,police officer
873,Paulita,Gualtiero,Paulita.Gualtiero@dummymail.com,Paulita.Gualtiero@dummymail.com,firefighter
874,Aimil,Rogerio,Aimil.Rogerio@dummymail.com,Aimil.Rogerio@dummymail.com,doctor
875,Belva,Stoller,Belva.Stoller@dummymail.com,Belva.Stoller@dummymail.com,police officer
876,Maud,Ummersen,Maud.Ummersen@dummymail.com,Maud.Ummersen@dummymail.com,developer
877,Lisette,Mitzi,Lisette.Mitzi@dummymail.com,Lisette.Mitzi@dummymail.com,developer
878,Jenilee,Longfellow,Jenilee.Longfellow@dummymail.com,Jenilee.Longfellow@dummymail.com,doctor
879,Nonnah,Tremayne,Nonnah.Tremayne@dummymail.com,Nonnah.Tremayne@dummymail.com,doctor
880,Steffane,Ietta,Steffane.Ietta@dummymail.com,Steffane.Ietta@dummymail.com,developer
881,Flory,Sundin,Flory.Sundin@dummymail.com,Flory.Sundin@dummymail.com,developer
882,Belva,Zamora,Belva.Zamora@dummymail.com,Belva.Zamora@dummymail.com,doctor
883,Jenda,Darian,Jenda.Darian@dummymail.com,Jenda.Darian@dummymail.com,doctor
884,Dania,Elsinore,Dania.Elsinore@dummymail.com,Dania.Elsinore@dummymail.com,worker
885,Leontine,Pelagias,Leontine.Pelagias@dummymail.com,Leontine.Pelagias@dummymail.com,firefighter
886,Karina,Narton,Karina.Narton@dummymail.com,Karina.Narton@dummymail.com,doctor
887,Lucille,Khorma,Lucille.Khorma@dummymail.com,Lucille.Khorma@dummymail.com,worker
888,Wilma,Faria,Wilma.Faria@dummymail.com,Wilma.Faria@dummymail.com,police officer
889,Rivalee,Septima,Rivalee.Septima@dummymail.com,Rivalee.Septima@dummymail.com,doctor
890,Brietta,Holbrook,Brietta.Holbrook@dummymail.com,Brietta.Holbrook@dummymail.com,worker
891,Eolanda,Latini,Eolanda.Latini@dummymail.com,Eolanda.Latini@dummymail.com,developer
892,Ardys,Valerio,Ardys.Valerio@dummymail.com,Ardys.Valerio@dummymail.com,developer
893,Alexine,Demitria,Alexine.Demitria@dummymail.com,Alexine.Demitria@dummymail.com,police officer
894,Abbie,Jena,Abbie.Jena@dummymail.com,Abbie.Jena@dummymail.com,worker
895,Jsandye,Lareena,Jsandye.Lareena@dummymail.com,Jsandye.Lareena@dummymail.com,developer
896,Monika,Carleen,Monika.Carleen@dummymail.com,Monika.Carleen@dummymail.com,developer
897,Candi,Suzetta,Candi.Suzetta@dummymail.com,Candi.Suzetta@dummymail.com,police officer
898,Dolli,Holtz,Dolli.Holtz@dummymail.com,Dolli.Holtz@dummymail.com,developer
899,Ricky,Cynar,Ricky.Cynar@dummymail.com,Ricky.Cynar@dummymail.com,police officer
900,Corina,Atonsah,Corina.Atonsah@dummymail.com,Corina.Atonsah@dummymail.com,doctor
901,Dacia,Carvey,Dacia.Carvey@dummymail.com,Dacia.Carvey@dummymail.com,police officer
902,Sabina,Valerio,Sabina.Valerio@dummymail.com,Sabina.Valerio@dummymail.com,police officer
903,Augustine,Hoban,Augustine.Hoban@dummymail.com,Augustine.Hoban@dummymail.com,worker
904,Lonnie,Bebe,Lonnie.Bebe@dummymail.com,Lonnie.Bebe@dummymail.com,firefighter
905,Adore,Georas,Adore.Georas@dummymail.com,Adore.Georas@dummymail.com,developer
906,Kathy,Grayce,Kathy.Grayce@dummymail.com,Kathy.Grayce@dummymail.com,doctor
907,Annaliese,Standing,Annaliese.Standing@dummymail.com,Annaliese.Standing@dummymail.com,doctor
908,Elise,Aloise,Elise.Aloise@dummymail.com,Elise.Aloise@dummymail.com,police officer
909,Lauryn,Uird,Lauryn.Uird@dummymail.com,Lauryn.Uird@dummymail.com,worker
910,Millie,Holtz,Millie.Holtz@dummymail.com,Millie.Holtz@dummymail.com,worker
911,Netty,Delacourt,Netty.Delacourt@dummymail.com,Netty.Delacourt@dummymail.com,firefighter
912,Theodora,Chick,Theodora.Chick@dummymail.com,Theodora.Chick@dummymail.com,developer
913,Neila,Reidar,Neila.Reidar@dummymail.com,Neila.Reidar@dummymail.com,firefighter
914,Caryl,Isidore,Caryl.Isidore@dummymail.com,Caryl.Isidore@dummymail.com,firefighter
915,Sheree,Chobot,Sheree.Chobot@dummymail.com,Sheree.Chobot@dummymail.com,firefighter
916,Nerta,Even,Nerta.Even@dummymail.com,Nerta.Even@dummymail.com,worker
917,Jaclyn,Bouchard,Jaclyn.Bouchard@dummymail.com,Jaclyn.Bouchard@dummymail.com,developer
918,Ardeen,Thema,Ardeen.Thema@dummymail.com,Ardeen.Thema@dummymail.com,firefighter
919,Stevana,Hieronymus,Stevana.Hieronymus@dummymail.com,Stevana.Hieronymus@dummymail.com,police officer
920,Oona,Desai,Oona.Desai@dummymail.com,Oona.Desai@dummymail.com,firefighter
921,Arlena,Jaylene,Arlena.Jaylene@dummymail.com,Arlena.Jaylene@dummymail.com,firefighter
922,Gale,Natalia,Gale.Natalia@dummymail.com,Gale.Natalia@dummymail.com,police officer
923,Kayla,Kaja,Kayla.Kaja@dummymail.com,Kayla.Kaja@dummymail.com,worker
924,Kelly,Eben,Kelly.Eben@dummymail.com,Kelly.Eben@dummymail.com,developer
925,Margarette,An,Margarette.An@dummymail.com,Margarette.An@dummymail.com,firefighter
926,Annice,Suzetta,Annice.Suzetta@dummymail.com,Annice.Suzetta@dummymail.com,doctor
927,Dale,Firmin,Dale.Firmin@dummymail.com,Dale.Firmin@dummymail.com,firefighter
928,Odessa,Thunell,Odessa.Thunell@dummymail.com,Odessa.Thunell@dummymail.com,doctor
929,Gabi,Presber,Gabi.Presber@dummymail.com,Gabi.Presber@dummymail.com,worker
930,Paulita,Lowry,Paulita.Lowry@dummymail.com,Paulita.Lowry@dummymail.com,developer
931,Carree,Lory,Carree.Lory@dummymail.com,Carree.Lory@dummymail.com,police officer
932,Addia,Annice,Addia.Annice@dummymail.com,Addia.Annice@dummymail.com,doctor
933,Edyth,Hanshaw,Edyth.Hanshaw@dummymail.com,Edyth.Hanshaw@dummymail.com,developer
934,Cathyleen,Nore,Cathyleen.Nore@dummymail.com,Cathyleen.Nore@dummymail.com,firefighter
935,Valeda,Noam,Valeda.Noam@dummymail.com,Valeda.Noam@dummymail.com,worker
936,Talya,Dominy,Talya.Dominy@dummymail.com,Talya.Dominy@dummymail.com,worker
937,Mignon,Vale,Mignon.Vale@dummymail.com,Mignon.Vale@dummymail.com,police officer
938,Jan,Old,Jan.Old@dummymail.com,Jan.Old@dummymail.com,worker
939,Reeba,Raychel,Reeba.Raychel@dummymail.com,Reeba.Raychel@dummymail.com,doctor
940,Karina,Hanshaw,Karina.Hanshaw@dummymail.com,Karina.Hanshaw@dummymail.com,doctor
941,Margarette,O'Carroll,Margarette.O'Carroll@dummymail.com,Margarette.O'Carroll@dummymail.com,firefighter
942,Barbara,Standing,Barbara.Standing@dummymail.com,Barbara.Standing@dummymail.com,doctor
943,Fredericka,Emerson,Fredericka.Emerson@dummymail.com,Fredericka.Emerson@dummymail.com,doctor
944,Marcy,Eldrid,Marcy.Eldrid@dummymail.com,Marcy.Eldrid@dummymail.com,developer
945,Tiffie,Frodi,Tiffie.Frodi@dummymail.com,Tiffie.Frodi@dummymail.com,developer
946,Basia,Virgin,Basia.Virgin@dummymail.com,Basia.Virgin@dummymail.com,worker
947,Silvana,Warthman,Silvana.Warthman@dummymail.com,Silvana.Warthman@dummymail.com,worker
948,Atlanta,Kirstin,Atlanta.Kirstin@dummymail.com,Atlanta.Kirstin@dummymail.com,developer
949,Ginnie,Rad,Ginnie.Rad@dummymail.com,Ginnie.Rad@dummymail.com,firefighter
950,Christian,Erminia,Christian.Erminia@dummymail.com,Christian.Erminia@dummymail.com,police officer
951,Roberta,Sheng,Roberta.Sheng@dummymail.com,Roberta.Sheng@dummymail.com,firefighter
952,Arabel,Torray,Arabel.Torray@dummymail.com,Arabel.Torray@dummymail.com,developer
953,Priscilla,Baudin,Priscilla.Baudin@dummymail.com,Priscilla.Baudin@dummymail.com,firefighter
954,Tamqrah,Bendick,Tamqrah.Bendick@dummymail.com,Tamqrah.Bendick@dummymail.com,police officer
955,Dorothy,Docilla,Dorothy.Docilla@dummymail.com,Dorothy.Docilla@dummymail.com,worker
956,Lindie,Serilda,Lindie.Serilda@dummymail.com,Lindie.Serilda@dummymail.com,developer
957,Tera,Cecile,Tera.Cecile@dummymail.com,Tera.Cecile@dummymail.com,firefighter
958,Anica,Ahab,Anica.Ahab@dummymail.com,Anica.Ahab@dummymail.com,firefighter
959,Yvonne,Hamil,Yvonne.Hamil@dummymail.com,Yvonne.Hamil@dummymail.com,police officer
960,Ayn,Allys,Ayn.Allys@dummymail.com,Ayn.Allys@dummymail.com,worker
961,Modestia,Belldas,Modestia.Belldas@dummymail.com,Modestia.Belldas@dummymail.com,police officer
962,Giustina,Lesley,Giustina.Lesley@dummymail.com,Giustina.Lesley@dummymail.com,doctor
963,Mellicent,Sandye,Mellicent.Sandye@dummymail.com,Mellicent.Sandye@dummymail.com,developer
964,Karlee,Tjon,Karlee.Tjon@dummymail.com,Karlee.Tjon@dummymail.com,developer
965,Caressa,Dowski,Caressa.Dowski@dummymail.com,Caressa.Dowski@dummymail.com,doctor
966,Tracey,Robertson,Tracey.Robertson@dummymail.com,Tracey.Robertson@dummymail.com,police officer
967,Nannie,Allys,Nannie.Allys@dummymail.com,Nannie.Allys@dummymail.com,developer
968,Nariko,Milde,Nariko.Milde@dummymail.com,Nariko.Milde@dummymail.com,police officer
969,Dede,Stevy,Dede.Stevy@dummymail.com,Dede.Stevy@dummymail.com,worker
970,Taffy,Mike,Taffy.Mike@dummymail.com,Taffy.Mike@dummymail.com,worker
971,Sharai,O'Carroll,Sharai.O'Carroll@dummymail.com,Sharai.O'Carroll@dummymail.com,developer
972,Linzy,Schwejda,Linzy.Schwejda@dummymail.com,Linzy.Schwejda@dummymail.com,developer
973,Gerianna,Aurelio,Gerianna.Aurelio@dummymail.com,Gerianna.Aurelio@dummymail.com,firefighter
974,Bobbi,Federica,Bobbi.Federica@dummymail.com,Bobbi.Federica@dummymail.com,worker
975,Brandise,Nickola,Brandise.Nickola@dummymail.com,Brandise.Nickola@dummymail.com,firefighter
976,Max,Gino,Max.Gino@dummymail.com,Max.Gino@dummymail.com,worker
977,Malina,Montgomery,Malina.Montgomery@dummymail.com,Malina.Montgomery@dummymail.com,doctor
978,Allyce,Pierette,Allyce.Pierette@dummymail.com,Allyce.Pierette@dummymail.com,firefighter
979,Clarice,Turne,Clarice.Turne@dummymail.com,Clarice.Turne@dummymail.com,doctor
980,Bee,Colleen,Bee.Colleen@dummymail.com,Bee.Colleen@dummymail.com,developer
981,Jerry,Arne,Jerry.Arne@dummymail.com,Jerry.Arne@dummymail.com,worker
982,Alameda,Holbrook,Alameda.Holbrook@dummymail.com,Alameda.Holbrook@dummymail.com,developer
983,Stephanie,Jalbert,Stephanie.Jalbert@dummymail.com,Stephanie.Jalbert@dummymail.com,developer
984,Chrystel,Pip,Chrystel.Pip@dummymail.com,Chrystel.Pip@dummymail.com,developer
985,Cacilie,Sidonius,Cacilie.Sidonius@dummymail.com,Cacilie.Sidonius@dummymail.com,doctor
986,Tomasina,Valerio,Tomasina.Valerio@dummymail.com,Tomasina.Valerio@dummymail.com,doctor
987,Selma,Aldric,Selma.Aldric@dummymail.com,Selma.Aldric@dummymail.com,doctor
988,Bertine,Diogenes,Bertine.Diogenes@dummymail.com,Bertine.Diogenes@dummymail.com,doctor
989,Aeriela,Neva,Aeriela.Neva@dummymail.com,Aeriela.Neva@dummymail.com,worker
990,Daryl,Destinee,Daryl.Destinee@dummymail.com,Daryl.Destinee@dummymail.com,police officer
991,Kirstin,Kamaria,Kirstin.Kamaria@dummymail.com,Kirstin.Kamaria@dummymail.com,developer
992,Taffy,Drus,Taffy.Drus@dummymail.com,Taffy.Drus@dummymail.com,worker
993,Sophia,Moseley,Sophia.Moseley@dummymail.com,Sophia.Moseley@dummymail.com,firefighter
994,Odessa,Iphlgenia,Odessa.Iphlgenia@dummymail.com,Odessa.Iphlgenia@dummymail.com,worker
995,Marcelline,Alisia,Marcelline.Alisia@dummymail.com,Marcelline.Alisia@dummymail.com,firefighter
996,Dorice,Kelula,Dorice.Kelula@dummymail.com,Dorice.Kelula@dummymail.com,doctor
997,Rozele,Phyllis,Rozele.Phyllis@dummymail.com,Rozele.Phyllis@dummymail.com,worker
998,Jessy,Burnside,Jessy.Burnside@dummymail.com,Jessy.Burnside@dummymail.com,developer
999,Dulcinea,Wenda,Dulcinea.Wenda@dummymail.com,Dulcinea.Wenda@dummymail.com,worker
1000,Lynde,Ammann,Lynde.Ammann@dummymail.com,Lynde.Ammann@dummymail.com,doctor
1001,Ekaterina,Abram,Ekaterina.Abram@dummymail.com,Ekaterina.Abram@dummymail.com,doctor
1002,Rani,Fax,Rani.Fax@dummymail.com,Rani.Fax@dummymail.com,worker
1003,Winifred,Trinetta,Winifred.Trinetta@dummymail.com,Winifred.Trinetta@dummymail.com,doctor
1004,Ethel,Baylor,Ethel.Baylor@dummymail.com,Ethel.Baylor@dummymail.com,worker
1005,Paulita,Martguerita,Paulita.Martguerita@dummymail.com,Paulita.Martguerita@dummymail.com,police officer
1006,Lexine,Fredi,Lexine.Fredi@dummymail.com,Lexine.Fredi@dummymail.com,doctor
1007,Brynna,Florina,Brynna.Florina@dummymail.com,Brynna.Florina@dummymail.com,doctor
1008,Calla,Clie,Calla.Clie@dummymail.com,Calla.Clie@dummymail.com,doctor
1009,Linet,Creamer,Linet.Creamer@dummymail.com,Linet.Creamer@dummymail.com,firefighter
1010,Aryn,Abram,Aryn.Abram@dummymail.com,Aryn.Abram@dummymail.com,worker
1011,Dulce,Irmine,Dulce.Irmine@dummymail.com,Dulce.Irmine@dummymail.com,doctor
1012,Carilyn,Ludewig,Carilyn.Ludewig@dummymail.com,Carilyn.Ludewig@dummymail.com,firefighter
1013,Frank,Neva,Frank.Neva@dummymail.com,Frank.Neva@dummymail.com,worker
1014,Angela,Teddman,Angela.Teddman@dummymail.com,Angela.Teddman@dummymail.com,police officer
1015,Corina,Santoro,Corina.Santoro@dummymail.com,Corina.Santoro@dummymail.com,police officer
1016,Alejandra,Calhoun,Alejandra.Calhoun@dummymail.com,Alejandra.Calhoun@dummymail.com,police officer
1017,Mara,Radu,Mara.Radu@dummymail.com,Mara.Radu@dummymail.com,doctor
1018,Debee,Pelagias,Debee.Pelagias@dummymail.com,Debee.Pelagias@dummymail.com,firefighter
1019,Henriette,Wadell,Henriette.Wadell@dummymail.com,Henriette.Wadell@dummymail.com,worker
1020,Lorie,Jary,Lorie.Jary@dummymail.com,Lorie.Jary@dummymail.com,doctor
1021,Vevay,Wallis,Vevay.Wallis@dummymail.com,Vevay.Wallis@dummymail.com,doctor
1022,Gertrud,Mike,Gertrud.Mike@dummymail.com,Gertrud.Mike@dummymail.com,police officer
1023,Marylou,Erminia,Marylou.Erminia@dummymail.com,Marylou.Erminia@dummymail.com,police officer
1024,Emelina,Jerald,Emelina.Jerald@dummymail.com,Emelina.Jerald@dummymail.com,police officer
1025,Myriam,Pip,Myriam.Pip@dummymail.com,Myriam.Pip@dummymail.com,police officer
1026,Lusa,Andrel,Lusa.Andrel@dummymail.com,Lusa.Andrel@dummymail.com,developer
1027,Pearline,Emerson,Pearline.Emerson@dummymail.com,Pearline.Emerson@dummymail.com,developer
1028,Emylee,Gualtiero,Emylee.Gualtiero@dummymail.com,Emylee.Gualtiero@dummymail.com,doctor
1029,Elka,Gunn,Elka.Gunn@dummymail.com,Elka.Gunn@dummymail.com,developer
1030,Brietta,Darbie,Brietta.Darbie@dummymail.com,Brietta.Darbie@dummymail.com,firefighter
1031,Kayla,Michella,Kayla.Michella@dummymail.com,Kayla.Michella@dummymail.com,firefighter
1032,Katharina,Durware,Katharina.Durware@dummymail.com,Katharina.Durware@dummymail.com,doctor
1033,Letizia,Goth,Letizia.Goth@dummymail.com,Letizia.Goth@dummymail.com,firefighter
1034,Selma,Kermit,Selma.Kermit@dummymail.com,Selma.Kermit@dummymail.com,doctor
1035,Etta,O'Carroll,Etta.O'Carroll@dummymail.com,Etta.O'Carroll@dummymail.com,police officer
1036,Nollie,Jagir,Nollie.Jagir@dummymail.com,Nollie.Jagir@dummymail.com,doctor
1037,Jackie,Bandeen,Jackie.Bandeen@dummymail.com,Jackie.Bandeen@dummymail.com,doctor
1038,Rozele,Macey,Rozele.Macey@dummymail.com,Rozele.Macey@dummymail.com,doctor
1039,Trixi,Lucienne,Trixi.Lucienne@dummymail.com,Trixi.Lucienne@dummymail.com,police officer
1040,Ebonee,Kronfeld,Ebonee.Kronfeld@dummymail.com,Ebonee.Kronfeld@dummymail.com,worker
1041,Margalo,Kamaria,Margalo.Kamaria@dummymail.com,Margalo.Kamaria@dummymail.com,police officer
1042,Melisent,Sharl,Melisent.Sharl@dummymail.com,Melisent.Sharl@dummymail.com,police officer
1043,Lucy,Ellord,Lucy.Ellord@dummymail.com,Lucy.Ellord@dummymail.com,police officer
1044,Jerry,Stilwell,Jerry.Stilwell@dummymail.com,Jerry.Stilwell@dummymail.com,firefighter
1045,Cherrita,Keelia,Cherrita.Keelia@dummymail.com,Cherrita.Keelia@dummymail.com,firefighter
1046,Clementine,Schonfeld,Clementine.Schonfeld@dummymail.com,Clementine.Schonfeld@dummymail.com,doctor
1047,Wynne,Peg,Wynne.Peg@dummymail.com,Wynne.Peg@dummymail.com,developer
1048,Blinni,Stelle,Blinni.Stelle@dummymail.com,Blinni.Stelle@dummymail.com,firefighter
1049,Ninnetta,Hessler,Ninnetta.Hessler@dummymail.com,Ninnetta.Hessler@dummymail.com,firefighter
1050,Elmira,Olympium,Elmira.Olympium@dummymail.com,Elmira.Olympium@dummymail.com,police officer
1051,Aryn,Suanne,Aryn.Suanne@dummymail.com,Aryn.Suanne@dummymail.com,police officer
1052,Evaleen,Armanda,Evaleen.Armanda@dummymail.com,Evaleen.Armanda@dummymail.com,developer
1053,Consuela,Lea,Consuela.Lea@dummymail.com,Consuela.Lea@dummymail.com,firefighter
1054,Jennica,Nerita,Jennica.Nerita@dummymail.com,Jennica.Nerita@dummymail.com,police officer
1055,Nannie,Leopold,Nannie.Leopold@dummymail.com,Nannie.Leopold@dummymail.com,developer
1056,Dolli,Salchunas,Dolli.Salchunas@dummymail.com,Dolli.Salchunas@dummymail.com,firefighter
1057,Helena,Presber,Helena.Presber@dummymail.com,Helena.Presber@dummymail.com,worker
1058,Karena,Christal,Karena.Christal@dummymail.com,Karena.Christal@dummymail.com,doctor
1059,Margette,Chick,Margette.Chick@dummymail.com,Margette.Chick@dummymail.com,firefighter
1060,Gloria,Rossner,Gloria.Rossner@dummymail.com,Gloria.Rossner@dummymail.com,firefighter
1061,Tori,Shirberg,Tori.Shirberg@dummymail.com,Tori.Shirberg@dummymail.com,police officer
1062,Shaine,Giule,Shaine.Giule@dummymail.com,Shaine.Giule@dummymail.com,firefighter
1063,Corry,Chaing,Corry.Chaing@dummymail.com,Corry.Chaing@dummymail.com,police officer
1064,Roxane,Linehan,Roxane.Linehan@dummymail.com,Roxane.Linehan@dummymail.com,police officer
1065,Babita,Cornelia,Babita.Cornelia@dummymail.com,Babita.Cornelia@dummymail.com,developer
1066,Jessy,Carri,Jessy.Carri@dummymail.com,Jessy.Carri@dummymail.com,police officer
1067,Ernesta,Decato,Ernesta.Decato@dummymail.com,Ernesta.Decato@dummymail.com,firefighter
1068,Cindelyn,Denis,Cindelyn.Denis@dummymail.com,Cindelyn.Denis@dummymail.com,worker
1069,Trudie,Avi,Trudie.Avi@dummymail.com,Trudie.Avi@dummymail.com,doctor
1070,Melina,Waldron,Melina.Waldron@dummymail.com,Melina.Waldron@dummymail.com,firefighter
1071,Tybie,Cimbura,Tybie.Cimbura@dummymail.com,Tybie.Cimbura@dummymail.com,worker
1072,Collen,Fink,Collen.Fink@dummymail.com,Collen.Fink@dummymail.com,developer
1073,Shauna,Blake,Shauna.Blake@dummymail.com,Shauna.Blake@dummymail.com,developer
1074,Flory,Wesle,Flory.Wesle@dummymail.com,Flory.Wesle@dummymail.com,doctor
1075,Maud,Leonard,Maud.Leonard@dummymail.com,Maud.Leonard@dummymail.com,developer
1076,Kathy,Magdalen,Kathy.Magdalen@dummymail.com,Kathy.Magdalen@dummymail.com,firefighter
1077,Myrtice,Drisko,Myrtice.Drisko@dummymail.com,Myrtice.Drisko@dummymail.com,developer
1078,Olwen,Alfons,Olwen.Alfons@dummymail.com,Olwen.Alfons@dummymail.com,developer
1079,Renae,Elephus,Renae.Elephus@dummymail.com,Renae.Elephus@dummymail.com,firefighter
1080,Steffane,Cleavland,Steffane.Cleavland@dummymail.com,Steffane.Cleavland@dummymail.com,firefighter
1081,Susette,Oriana,Susette.Oriana@dummymail.com,Susette.Oriana@dummymail.com,worker
1082,Leanna,Cassius,Leanna.Cassius@dummymail.com,Leanna.Cassius@dummymail.com,worker
1083,Alameda,Dom,Alameda.Dom@dummymail.com,Alameda.Dom@dummymail.com,worker
1084,Marline,Schalles,Marline.Schalles@dummymail.com,Marline.Schalles@dummymail.com,doctor
1085,Ada,Korey,Ada.Korey@dummymail.com,Ada.Korey@dummymail.com,doctor
1086,Bernie,Tatianas,Bernie.Tatianas@dummymail.com,Bernie.Tatianas@dummymail.com,worker
1087,Inga,Richers,Inga.Richers@dummymail.com,Inga.Richers@dummymail.com,doctor
1088,Tera,Fennessy,Tera.Fennessy@dummymail.com,Tera.Fennessy@dummymail.com,doctor
1089,Frieda,Adore,Frieda.Adore@dummymail.com,Frieda.Adore@dummymail.com,worker
1090,Kylynn,Tremayne,Kylynn.Tremayne@dummymail.com,Kylynn.Tremayne@dummymail.com,worker
1091,Kial,Isidore,Kial.Isidore@dummymail.com,Kial.Isidore@dummymail.com,firefighter
1092,Jasmina,Oster,Jasmina.Oster@dummymail.com,Jasmina.Oster@dummymail.com,police officer
1093,Cherrita,Schlosser,Cherrita.Schlosser@dummymail.com,Cherrita.Schlosser@dummymail.com,doctor
1094,Philis,Jess,Philis.Jess@dummymail.com,Philis.Jess@dummymail.com,doctor
1095,Etta,Joeann,Etta.Joeann@dummymail.com,Etta.Joeann@dummymail.com,firefighter
1096,Lelah,Yate,Lelah.Yate@dummymail.com,Lelah.Yate@dummymail.com,worker
1097,Sam,Brenn,Sam.Brenn@dummymail.com,Sam.Brenn@dummymail.com,developer
1098,Lucy,Deegan,Lucy.Deegan@dummymail.com,Lucy.Deegan@dummymail.com,developer
1099,Dorene,Stanwood,Dorene.Stanwood@dummymail.com,Dorene.Stanwood@dummymail.com,doctor